compound,MA,FA,Cs,EA,Pb,Sn,Cl,Br,I
FASn0.7Pb0.3I3,0,1,0,0,0.3,0.7,0,0,3
FASn0.6Pb0.4I3,0,1,0,0,0.4,0.6,0,0,3
FASn0.5Pb0.5I3,0,1,0,0,0.5,0.5,0,0,3
FA0.925EA0.075Sn0.5Pb0.5I3,0,0.925,0,0.075,0.5,0.5,0,0,3
MA0.1FA0.9Sn0.9Pb0.1Cl0.3Br2.7,0.1,0.9,0,0,0.1,0.9,0.3,2.7,0
MA0.1FA0.9Sn0.9Pb0.1Cl0.6Br2.4,0.1,0.9,0,0,0.1,0.9,0.6,2.4,0
MA0.1FA0.9Sn0.9Pb0.1Cl0.9Br2.1,0.1,0.9,0,0,0.1,0.9,0.9,2.1,0
MA0.1FA0.9Sn0.9Pb0.1Cl1.2Br1.8,0.1,0.9,0,0,0.1,0.9,1.2,1.8,0
MA0.1FA0.9Sn0.9Pb0.1Cl1.5Br1.5,0.1,0.9,0,0,0.1,0.9,1.5,1.5,0
MA0.1FA0.9Sn0.9Pb0.1Cl1.8Br1.2,0.1,0.9,0,0,0.1,0.9,1.8,1.2,0
MA0.1FA0.9Sn0.9Pb0.1Cl2.1Br0.9,0.1,0.9,0,0,0.1,0.9,2.1,0.9,0
MA0.1FA0.9Sn0.9Pb0.1Cl2.4Br0.6,0.1,0.9,0,0,0.1,0.9,2.4,0.6,0
MA0.1FA0.9Sn0.9Pb0.1Cl2.7Br0.3,0.1,0.9,0,0,0.1,0.9,2.7,0.3,0
MA0.1FA0.9Sn0.9Pb0.1Cl0.3I2.7,0.1,0.9,0,0,0.1,0.9,0.3,0,2.7
MA0.1FA0.9Sn0.9Pb0.1Cl0.6I2.4,0.1,0.9,0,0,0.1,0.9,0.6,0,2.4
MA0.1FA0.9Sn0.9Pb0.1Cl0.9I2.1,0.1,0.9,0,0,0.1,0.9,0.9,0,2.1
MA0.1FA0.9Sn0.9Pb0.1Cl1.2I1.8,0.1,0.9,0,0,0.1,0.9,1.2,0,1.8
MA0.1FA0.9Sn0.9Pb0.1Cl1.5I1.5,0.1,0.9,0,0,0.1,0.9,1.5,0,1.5
MA0.1FA0.9Sn0.9Pb0.1Cl1.8I1.2,0.1,0.9,0,0,0.1,0.9,1.8,0,1.2
MA0.1FA0.9Sn0.9Pb0.1Cl2.1I0.9,0.1,0.9,0,0,0.1,0.9,2.1,0,0.9
MA0.1FA0.9Sn0.9Pb0.1Cl2.4I0.6,0.1,0.9,0,0,0.1,0.9,2.4,0,0.6
MA0.1FA0.9Sn0.9Pb0.1Cl2.7I0.3,0.1,0.9,0,0,0.1,0.9,2.7,0,0.3
MA0.1FA0.9Sn0.9Pb0.1Br0.3I2.7,0.1,0.9,0,0,0.1,0.9,0,0.3,2.7
MA0.1FA0.9Sn0.9Pb0.1Br0.6I2.4,0.1,0.9,0,0,0.1,0.9,0,0.6,2.4
MA0.1FA0.9Sn0.9Pb0.1Br0.9I2.1,0.1,0.9,0,0,0.1,0.9,0,0.9,2.1
MA0.1FA0.9Sn0.9Pb0.1Br1.2I1.8,0.1,0.9,0,0,0.1,0.9,0,1.2,1.8
MA0.1FA0.9Sn0.9Pb0.1Br1.5I1.5,0.1,0.9,0,0,0.1,0.9,0,1.5,1.5
MA0.1FA0.9Sn0.9Pb0.1Br1.8I1.2,0.1,0.9,0,0,0.1,0.9,0,1.8,1.2
MA0.1FA0.9Sn0.9Pb0.1Br2.1I0.9,0.1,0.9,0,0,0.1,0.9,0,2.1,0.9
MA0.1FA0.9Sn0.9Pb0.1Br2.4I0.6,0.1,0.9,0,0,0.1,0.9,0,2.4,0.6
MA0.1FA0.9Sn0.9Pb0.1Br2.7I0.3,0.1,0.9,0,0,0.1,0.9,0,2.7,0.3
MA0.1FA0.9Sn0.8Pb0.2Cl0.3Br2.7,0.1,0.9,0,0,0.2,0.8,0.3,2.7,0
MA0.1FA0.9Sn0.8Pb0.2Cl0.6Br2.4,0.1,0.9,0,0,0.2,0.8,0.6,2.4,0
MA0.1FA0.9Sn0.8Pb0.2Cl0.9Br2.1,0.1,0.9,0,0,0.2,0.8,0.9,2.1,0
MA0.1FA0.9Sn0.8Pb0.2Cl1.2Br1.8,0.1,0.9,0,0,0.2,0.8,1.2,1.8,0
MA0.1FA0.9Sn0.8Pb0.2Cl1.5Br1.5,0.1,0.9,0,0,0.2,0.8,1.5,1.5,0
MA0.1FA0.9Sn0.8Pb0.2Cl1.8Br1.2,0.1,0.9,0,0,0.2,0.8,1.8,1.2,0
MA0.1FA0.9Sn0.8Pb0.2Cl2.1Br0.9,0.1,0.9,0,0,0.2,0.8,2.1,0.9,0
MA0.1FA0.9Sn0.8Pb0.2Cl2.4Br0.6,0.1,0.9,0,0,0.2,0.8,2.4,0.6,0
MA0.1FA0.9Sn0.8Pb0.2Cl2.7Br0.3,0.1,0.9,0,0,0.2,0.8,2.7,0.3,0
MA0.1FA0.9Sn0.8Pb0.2Cl0.3I2.7,0.1,0.9,0,0,0.2,0.8,0.3,0,2.7
MA0.1FA0.9Sn0.8Pb0.2Cl0.6I2.4,0.1,0.9,0,0,0.2,0.8,0.6,0,2.4
MA0.1FA0.9Sn0.8Pb0.2Cl0.9I2.1,0.1,0.9,0,0,0.2,0.8,0.9,0,2.1
MA0.1FA0.9Sn0.8Pb0.2Cl1.2I1.8,0.1,0.9,0,0,0.2,0.8,1.2,0,1.8
MA0.1FA0.9Sn0.8Pb0.2Cl1.5I1.5,0.1,0.9,0,0,0.2,0.8,1.5,0,1.5
MA0.1FA0.9Sn0.8Pb0.2Cl1.8I1.2,0.1,0.9,0,0,0.2,0.8,1.8,0,1.2
MA0.1FA0.9Sn0.8Pb0.2Cl2.1I0.9,0.1,0.9,0,0,0.2,0.8,2.1,0,0.9
MA0.1FA0.9Sn0.8Pb0.2Cl2.4I0.6,0.1,0.9,0,0,0.2,0.8,2.4,0,0.6
MA0.1FA0.9Sn0.8Pb0.2Cl2.7I0.3,0.1,0.9,0,0,0.2,0.8,2.7,0,0.3
MA0.1FA0.9Sn0.8Pb0.2Br0.3I2.7,0.1,0.9,0,0,0.2,0.8,0,0.3,2.7
MA0.1FA0.9Sn0.8Pb0.2Br0.6I2.4,0.1,0.9,0,0,0.2,0.8,0,0.6,2.4
MA0.1FA0.9Sn0.8Pb0.2Br0.9I2.1,0.1,0.9,0,0,0.2,0.8,0,0.9,2.1
MA0.1FA0.9Sn0.8Pb0.2Br1.2I1.8,0.1,0.9,0,0,0.2,0.8,0,1.2,1.8
MA0.1FA0.9Sn0.8Pb0.2Br1.5I1.5,0.1,0.9,0,0,0.2,0.8,0,1.5,1.5
MA0.1FA0.9Sn0.8Pb0.2Br1.8I1.2,0.1,0.9,0,0,0.2,0.8,0,1.8,1.2
MA0.1FA0.9Sn0.8Pb0.2Br2.1I0.9,0.1,0.9,0,0,0.2,0.8,0,2.1,0.9
MA0.1FA0.9Sn0.8Pb0.2Br2.4I0.6,0.1,0.9,0,0,0.2,0.8,0,2.4,0.6
MA0.1FA0.9Sn0.8Pb0.2Br2.7I0.3,0.1,0.9,0,0,0.2,0.8,0,2.7,0.3
MA0.1FA0.9Sn0.7Pb0.3Cl0.3Br2.7,0.1,0.9,0,0,0.3,0.7,0.3,2.7,0
MA0.1FA0.9Sn0.7Pb0.3Cl0.6Br2.4,0.1,0.9,0,0,0.3,0.7,0.6,2.4,0
MA0.1FA0.9Sn0.7Pb0.3Cl0.9Br2.1,0.1,0.9,0,0,0.3,0.7,0.9,2.1,0
MA0.1FA0.9Sn0.7Pb0.3Cl1.2Br1.8,0.1,0.9,0,0,0.3,0.7,1.2,1.8,0
MA0.1FA0.9Sn0.7Pb0.3Cl1.5Br1.5,0.1,0.9,0,0,0.3,0.7,1.5,1.5,0
MA0.1FA0.9Sn0.7Pb0.3Cl1.8Br1.2,0.1,0.9,0,0,0.3,0.7,1.8,1.2,0
MA0.1FA0.9Sn0.7Pb0.3Cl2.1Br0.9,0.1,0.9,0,0,0.3,0.7,2.1,0.9,0
MA0.1FA0.9Sn0.7Pb0.3Cl2.4Br0.6,0.1,0.9,0,0,0.3,0.7,2.4,0.6,0
MA0.1FA0.9Sn0.7Pb0.3Cl2.7Br0.3,0.1,0.9,0,0,0.3,0.7,2.7,0.3,0
MA0.1FA0.9Sn0.7Pb0.3Cl0.3I2.7,0.1,0.9,0,0,0.3,0.7,0.3,0,2.7
MA0.1FA0.9Sn0.7Pb0.3Cl0.6I2.4,0.1,0.9,0,0,0.3,0.7,0.6,0,2.4
MA0.1FA0.9Sn0.7Pb0.3Cl0.9I2.1,0.1,0.9,0,0,0.3,0.7,0.9,0,2.1
MA0.1FA0.9Sn0.7Pb0.3Cl1.2I1.8,0.1,0.9,0,0,0.3,0.7,1.2,0,1.8
MA0.1FA0.9Sn0.7Pb0.3Cl1.5I1.5,0.1,0.9,0,0,0.3,0.7,1.5,0,1.5
MA0.1FA0.9Sn0.7Pb0.3Cl1.8I1.2,0.1,0.9,0,0,0.3,0.7,1.8,0,1.2
MA0.1FA0.9Sn0.7Pb0.3Cl2.1I0.9,0.1,0.9,0,0,0.3,0.7,2.1,0,0.9
MA0.1FA0.9Sn0.7Pb0.3Cl2.4I0.6,0.1,0.9,0,0,0.3,0.7,2.4,0,0.6
MA0.1FA0.9Sn0.7Pb0.3Cl2.7I0.3,0.1,0.9,0,0,0.3,0.7,2.7,0,0.3
MA0.1FA0.9Sn0.7Pb0.3Br0.3I2.7,0.1,0.9,0,0,0.3,0.7,0,0.3,2.7
MA0.1FA0.9Sn0.7Pb0.3Br0.6I2.4,0.1,0.9,0,0,0.3,0.7,0,0.6,2.4
MA0.1FA0.9Sn0.7Pb0.3Br0.9I2.1,0.1,0.9,0,0,0.3,0.7,0,0.9,2.1
MA0.1FA0.9Sn0.7Pb0.3Br1.2I1.8,0.1,0.9,0,0,0.3,0.7,0,1.2,1.8
MA0.1FA0.9Sn0.7Pb0.3Br1.5I1.5,0.1,0.9,0,0,0.3,0.7,0,1.5,1.5
MA0.1FA0.9Sn0.7Pb0.3Br1.8I1.2,0.1,0.9,0,0,0.3,0.7,0,1.8,1.2
MA0.1FA0.9Sn0.7Pb0.3Br2.1I0.9,0.1,0.9,0,0,0.3,0.7,0,2.1,0.9
MA0.1FA0.9Sn0.7Pb0.3Br2.4I0.6,0.1,0.9,0,0,0.3,0.7,0,2.4,0.6
MA0.1FA0.9Sn0.7Pb0.3Br2.7I0.3,0.1,0.9,0,0,0.3,0.7,0,2.7,0.3
MA0.1FA0.9Sn0.6Pb0.4Cl0.3Br2.7,0.1,0.9,0,0,0.4,0.6,0.3,2.7,0
MA0.1FA0.9Sn0.6Pb0.4Cl0.6Br2.4,0.1,0.9,0,0,0.4,0.6,0.6,2.4,0
MA0.1FA0.9Sn0.6Pb0.4Cl0.9Br2.1,0.1,0.9,0,0,0.4,0.6,0.9,2.1,0
MA0.1FA0.9Sn0.6Pb0.4Cl1.2Br1.8,0.1,0.9,0,0,0.4,0.6,1.2,1.8,0
MA0.1FA0.9Sn0.6Pb0.4Cl1.5Br1.5,0.1,0.9,0,0,0.4,0.6,1.5,1.5,0
MA0.1FA0.9Sn0.6Pb0.4Cl1.8Br1.2,0.1,0.9,0,0,0.4,0.6,1.8,1.2,0
MA0.1FA0.9Sn0.6Pb0.4Cl2.1Br0.9,0.1,0.9,0,0,0.4,0.6,2.1,0.9,0
MA0.1FA0.9Sn0.6Pb0.4Cl2.4Br0.6,0.1,0.9,0,0,0.4,0.6,2.4,0.6,0
MA0.1FA0.9Sn0.6Pb0.4Cl2.7Br0.3,0.1,0.9,0,0,0.4,0.6,2.7,0.3,0
MA0.1FA0.9Sn0.6Pb0.4Cl0.3I2.7,0.1,0.9,0,0,0.4,0.6,0.3,0,2.7
MA0.1FA0.9Sn0.6Pb0.4Cl0.6I2.4,0.1,0.9,0,0,0.4,0.6,0.6,0,2.4
MA0.1FA0.9Sn0.6Pb0.4Cl0.9I2.1,0.1,0.9,0,0,0.4,0.6,0.9,0,2.1
MA0.1FA0.9Sn0.6Pb0.4Cl1.2I1.8,0.1,0.9,0,0,0.4,0.6,1.2,0,1.8
MA0.1FA0.9Sn0.6Pb0.4Cl1.5I1.5,0.1,0.9,0,0,0.4,0.6,1.5,0,1.5
MA0.1FA0.9Sn0.6Pb0.4Cl1.8I1.2,0.1,0.9,0,0,0.4,0.6,1.8,0,1.2
MA0.1FA0.9Sn0.6Pb0.4Cl2.1I0.9,0.1,0.9,0,0,0.4,0.6,2.1,0,0.9
MA0.1FA0.9Sn0.6Pb0.4Cl2.4I0.6,0.1,0.9,0,0,0.4,0.6,2.4,0,0.6
MA0.1FA0.9Sn0.6Pb0.4Cl2.7I0.3,0.1,0.9,0,0,0.4,0.6,2.7,0,0.3
MA0.1FA0.9Sn0.6Pb0.4Br0.3I2.7,0.1,0.9,0,0,0.4,0.6,0,0.3,2.7
MA0.1FA0.9Sn0.6Pb0.4Br0.6I2.4,0.1,0.9,0,0,0.4,0.6,0,0.6,2.4
MA0.1FA0.9Sn0.6Pb0.4Br0.9I2.1,0.1,0.9,0,0,0.4,0.6,0,0.9,2.1
MA0.1FA0.9Sn0.6Pb0.4Br1.2I1.8,0.1,0.9,0,0,0.4,0.6,0,1.2,1.8
MA0.1FA0.9Sn0.6Pb0.4Br1.5I1.5,0.1,0.9,0,0,0.4,0.6,0,1.5,1.5
MA0.1FA0.9Sn0.6Pb0.4Br1.8I1.2,0.1,0.9,0,0,0.4,0.6,0,1.8,1.2
MA0.1FA0.9Sn0.6Pb0.4Br2.1I0.9,0.1,0.9,0,0,0.4,0.6,0,2.1,0.9
MA0.1FA0.9Sn0.6Pb0.4Br2.4I0.6,0.1,0.9,0,0,0.4,0.6,0,2.4,0.6
MA0.1FA0.9Sn0.6Pb0.4Br2.7I0.3,0.1,0.9,0,0,0.4,0.6,0,2.7,0.3
MA0.1FA0.9Sn0.5Pb0.5Cl0.3Br2.7,0.1,0.9,0,0,0.5,0.5,0.3,2.7,0
MA0.1FA0.9Sn0.5Pb0.5Cl0.6Br2.4,0.1,0.9,0,0,0.5,0.5,0.6,2.4,0
MA0.1FA0.9Sn0.5Pb0.5Cl0.9Br2.1,0.1,0.9,0,0,0.5,0.5,0.9,2.1,0
MA0.1FA0.9Sn0.5Pb0.5Cl1.2Br1.8,0.1,0.9,0,0,0.5,0.5,1.2,1.8,0
MA0.1FA0.9Sn0.5Pb0.5Cl1.5Br1.5,0.1,0.9,0,0,0.5,0.5,1.5,1.5,0
MA0.1FA0.9Sn0.5Pb0.5Cl1.8Br1.2,0.1,0.9,0,0,0.5,0.5,1.8,1.2,0
MA0.1FA0.9Sn0.5Pb0.5Cl2.1Br0.9,0.1,0.9,0,0,0.5,0.5,2.1,0.9,0
MA0.1FA0.9Sn0.5Pb0.5Cl2.4Br0.6,0.1,0.9,0,0,0.5,0.5,2.4,0.6,0
MA0.1FA0.9Sn0.5Pb0.5Cl2.7Br0.3,0.1,0.9,0,0,0.5,0.5,2.7,0.3,0
MA0.1FA0.9Sn0.5Pb0.5Cl0.3I2.7,0.1,0.9,0,0,0.5,0.5,0.3,0,2.7
MA0.1FA0.9Sn0.5Pb0.5Cl0.6I2.4,0.1,0.9,0,0,0.5,0.5,0.6,0,2.4
MA0.1FA0.9Sn0.5Pb0.5Cl0.9I2.1,0.1,0.9,0,0,0.5,0.5,0.9,0,2.1
MA0.1FA0.9Sn0.5Pb0.5Cl1.2I1.8,0.1,0.9,0,0,0.5,0.5,1.2,0,1.8
MA0.1FA0.9Sn0.5Pb0.5Cl1.5I1.5,0.1,0.9,0,0,0.5,0.5,1.5,0,1.5
MA0.1FA0.9Sn0.5Pb0.5Cl1.8I1.2,0.1,0.9,0,0,0.5,0.5,1.8,0,1.2
MA0.1FA0.9Sn0.5Pb0.5Cl2.1I0.9,0.1,0.9,0,0,0.5,0.5,2.1,0,0.9
MA0.1FA0.9Sn0.5Pb0.5Cl2.4I0.6,0.1,0.9,0,0,0.5,0.5,2.4,0,0.6
MA0.1FA0.9Sn0.5Pb0.5Cl2.7I0.3,0.1,0.9,0,0,0.5,0.5,2.7,0,0.3
MA0.1FA0.9Sn0.5Pb0.5Br0.3I2.7,0.1,0.9,0,0,0.5,0.5,0,0.3,2.7
MA0.1FA0.9Sn0.5Pb0.5Br0.6I2.4,0.1,0.9,0,0,0.5,0.5,0,0.6,2.4
MA0.1FA0.9Sn0.5Pb0.5Br0.9I2.1,0.1,0.9,0,0,0.5,0.5,0,0.9,2.1
MA0.1FA0.9Sn0.5Pb0.5Br1.2I1.8,0.1,0.9,0,0,0.5,0.5,0,1.2,1.8
MA0.1FA0.9Sn0.5Pb0.5Br1.5I1.5,0.1,0.9,0,0,0.5,0.5,0,1.5,1.5
MA0.1FA0.9Sn0.5Pb0.5Br1.8I1.2,0.1,0.9,0,0,0.5,0.5,0,1.8,1.2
MA0.1FA0.9Sn0.5Pb0.5Br2.1I0.9,0.1,0.9,0,0,0.5,0.5,0,2.1,0.9
MA0.1FA0.9Sn0.5Pb0.5Br2.4I0.6,0.1,0.9,0,0,0.5,0.5,0,2.4,0.6
MA0.1FA0.9Sn0.5Pb0.5Br2.7I0.3,0.1,0.9,0,0,0.5,0.5,0,2.7,0.3
MA0.1FA0.9Sn0.4Pb0.6Cl0.3Br2.7,0.1,0.9,0,0,0.6,0.4,0.3,2.7,0
MA0.1FA0.9Sn0.4Pb0.6Cl0.6Br2.4,0.1,0.9,0,0,0.6,0.4,0.6,2.4,0
MA0.1FA0.9Sn0.4Pb0.6Cl0.9Br2.1,0.1,0.9,0,0,0.6,0.4,0.9,2.1,0
MA0.1FA0.9Sn0.4Pb0.6Cl1.2Br1.8,0.1,0.9,0,0,0.6,0.4,1.2,1.8,0
MA0.1FA0.9Sn0.4Pb0.6Cl1.5Br1.5,0.1,0.9,0,0,0.6,0.4,1.5,1.5,0
MA0.1FA0.9Sn0.4Pb0.6Cl1.8Br1.2,0.1,0.9,0,0,0.6,0.4,1.8,1.2,0
MA0.1FA0.9Sn0.4Pb0.6Cl2.1Br0.9,0.1,0.9,0,0,0.6,0.4,2.1,0.9,0
MA0.1FA0.9Sn0.4Pb0.6Cl2.4Br0.6,0.1,0.9,0,0,0.6,0.4,2.4,0.6,0
MA0.1FA0.9Sn0.4Pb0.6Cl2.7Br0.3,0.1,0.9,0,0,0.6,0.4,2.7,0.3,0
MA0.1FA0.9Sn0.4Pb0.6Cl0.3I2.7,0.1,0.9,0,0,0.6,0.4,0.3,0,2.7
MA0.1FA0.9Sn0.4Pb0.6Cl0.6I2.4,0.1,0.9,0,0,0.6,0.4,0.6,0,2.4
MA0.1FA0.9Sn0.4Pb0.6Cl0.9I2.1,0.1,0.9,0,0,0.6,0.4,0.9,0,2.1
MA0.1FA0.9Sn0.4Pb0.6Cl1.2I1.8,0.1,0.9,0,0,0.6,0.4,1.2,0,1.8
MA0.1FA0.9Sn0.4Pb0.6Cl1.5I1.5,0.1,0.9,0,0,0.6,0.4,1.5,0,1.5
MA0.1FA0.9Sn0.4Pb0.6Cl1.8I1.2,0.1,0.9,0,0,0.6,0.4,1.8,0,1.2
MA0.1FA0.9Sn0.4Pb0.6Cl2.1I0.9,0.1,0.9,0,0,0.6,0.4,2.1,0,0.9
MA0.1FA0.9Sn0.4Pb0.6Cl2.4I0.6,0.1,0.9,0,0,0.6,0.4,2.4,0,0.6
MA0.1FA0.9Sn0.4Pb0.6Cl2.7I0.3,0.1,0.9,0,0,0.6,0.4,2.7,0,0.3
MA0.1FA0.9Sn0.4Pb0.6Br0.3I2.7,0.1,0.9,0,0,0.6,0.4,0,0.3,2.7
MA0.1FA0.9Sn0.4Pb0.6Br0.6I2.4,0.1,0.9,0,0,0.6,0.4,0,0.6,2.4
MA0.1FA0.9Sn0.4Pb0.6Br0.9I2.1,0.1,0.9,0,0,0.6,0.4,0,0.9,2.1
MA0.1FA0.9Sn0.4Pb0.6Br1.2I1.8,0.1,0.9,0,0,0.6,0.4,0,1.2,1.8
MA0.1FA0.9Sn0.4Pb0.6Br1.5I1.5,0.1,0.9,0,0,0.6,0.4,0,1.5,1.5
MA0.1FA0.9Sn0.4Pb0.6Br1.8I1.2,0.1,0.9,0,0,0.6,0.4,0,1.8,1.2
MA0.1FA0.9Sn0.4Pb0.6Br2.1I0.9,0.1,0.9,0,0,0.6,0.4,0,2.1,0.9
MA0.1FA0.9Sn0.4Pb0.6Br2.4I0.6,0.1,0.9,0,0,0.6,0.4,0,2.4,0.6
MA0.1FA0.9Sn0.4Pb0.6Br2.7I0.3,0.1,0.9,0,0,0.6,0.4,0,2.7,0.3
MA0.1FA0.9Sn0.3Pb0.7Cl0.3Br2.7,0.1,0.9,0,0,0.7,0.3,0.3,2.7,0
MA0.1FA0.9Sn0.3Pb0.7Cl0.6Br2.4,0.1,0.9,0,0,0.7,0.3,0.6,2.4,0
MA0.1FA0.9Sn0.3Pb0.7Cl0.9Br2.1,0.1,0.9,0,0,0.7,0.3,0.9,2.1,0
MA0.1FA0.9Sn0.3Pb0.7Cl1.2Br1.8,0.1,0.9,0,0,0.7,0.3,1.2,1.8,0
MA0.1FA0.9Sn0.3Pb0.7Cl1.5Br1.5,0.1,0.9,0,0,0.7,0.3,1.5,1.5,0
MA0.1FA0.9Sn0.3Pb0.7Cl1.8Br1.2,0.1,0.9,0,0,0.7,0.3,1.8,1.2,0
MA0.1FA0.9Sn0.3Pb0.7Cl2.1Br0.9,0.1,0.9,0,0,0.7,0.3,2.1,0.9,0
MA0.1FA0.9Sn0.3Pb0.7Cl2.4Br0.6,0.1,0.9,0,0,0.7,0.3,2.4,0.6,0
MA0.1FA0.9Sn0.3Pb0.7Cl2.7Br0.3,0.1,0.9,0,0,0.7,0.3,2.7,0.3,0
MA0.1FA0.9Sn0.3Pb0.7Cl0.3I2.7,0.1,0.9,0,0,0.7,0.3,0.3,0,2.7
MA0.1FA0.9Sn0.3Pb0.7Cl0.6I2.4,0.1,0.9,0,0,0.7,0.3,0.6,0,2.4
MA0.1FA0.9Sn0.3Pb0.7Cl0.9I2.1,0.1,0.9,0,0,0.7,0.3,0.9,0,2.1
MA0.1FA0.9Sn0.3Pb0.7Cl1.2I1.8,0.1,0.9,0,0,0.7,0.3,1.2,0,1.8
MA0.1FA0.9Sn0.3Pb0.7Cl1.5I1.5,0.1,0.9,0,0,0.7,0.3,1.5,0,1.5
MA0.1FA0.9Sn0.3Pb0.7Cl1.8I1.2,0.1,0.9,0,0,0.7,0.3,1.8,0,1.2
MA0.1FA0.9Sn0.3Pb0.7Cl2.1I0.9,0.1,0.9,0,0,0.7,0.3,2.1,0,0.9
MA0.1FA0.9Sn0.3Pb0.7Cl2.4I0.6,0.1,0.9,0,0,0.7,0.3,2.4,0,0.6
MA0.1FA0.9Sn0.3Pb0.7Cl2.7I0.3,0.1,0.9,0,0,0.7,0.3,2.7,0,0.3
MA0.1FA0.9Sn0.3Pb0.7Br0.3I2.7,0.1,0.9,0,0,0.7,0.3,0,0.3,2.7
MA0.1FA0.9Sn0.3Pb0.7Br0.6I2.4,0.1,0.9,0,0,0.7,0.3,0,0.6,2.4
MA0.1FA0.9Sn0.3Pb0.7Br0.9I2.1,0.1,0.9,0,0,0.7,0.3,0,0.9,2.1
MA0.1FA0.9Sn0.3Pb0.7Br1.2I1.8,0.1,0.9,0,0,0.7,0.3,0,1.2,1.8
MA0.1FA0.9Sn0.3Pb0.7Br1.5I1.5,0.1,0.9,0,0,0.7,0.3,0,1.5,1.5
MA0.1FA0.9Sn0.3Pb0.7Br1.8I1.2,0.1,0.9,0,0,0.7,0.3,0,1.8,1.2
MA0.1FA0.9Sn0.3Pb0.7Br2.1I0.9,0.1,0.9,0,0,0.7,0.3,0,2.1,0.9
MA0.1FA0.9Sn0.3Pb0.7Br2.4I0.6,0.1,0.9,0,0,0.7,0.3,0,2.4,0.6
MA0.1FA0.9Sn0.3Pb0.7Br2.7I0.3,0.1,0.9,0,0,0.7,0.3,0,2.7,0.3
MA0.1FA0.9Sn0.2Pb0.8Cl0.3Br2.7,0.1,0.9,0,0,0.8,0.2,0.3,2.7,0
MA0.1FA0.9Sn0.2Pb0.8Cl0.6Br2.4,0.1,0.9,0,0,0.8,0.2,0.6,2.4,0
MA0.1FA0.9Sn0.2Pb0.8Cl0.9Br2.1,0.1,0.9,0,0,0.8,0.2,0.9,2.1,0
MA0.1FA0.9Sn0.2Pb0.8Cl1.2Br1.8,0.1,0.9,0,0,0.8,0.2,1.2,1.8,0
MA0.1FA0.9Sn0.2Pb0.8Cl1.5Br1.5,0.1,0.9,0,0,0.8,0.2,1.5,1.5,0
MA0.1FA0.9Sn0.2Pb0.8Cl1.8Br1.2,0.1,0.9,0,0,0.8,0.2,1.8,1.2,0
MA0.1FA0.9Sn0.2Pb0.8Cl2.1Br0.9,0.1,0.9,0,0,0.8,0.2,2.1,0.9,0
MA0.1FA0.9Sn0.2Pb0.8Cl2.4Br0.6,0.1,0.9,0,0,0.8,0.2,2.4,0.6,0
MA0.1FA0.9Sn0.2Pb0.8Cl2.7Br0.3,0.1,0.9,0,0,0.8,0.2,2.7,0.3,0
MA0.1FA0.9Sn0.2Pb0.8Cl0.3I2.7,0.1,0.9,0,0,0.8,0.2,0.3,0,2.7
MA0.1FA0.9Sn0.2Pb0.8Cl0.6I2.4,0.1,0.9,0,0,0.8,0.2,0.6,0,2.4
MA0.1FA0.9Sn0.2Pb0.8Cl0.9I2.1,0.1,0.9,0,0,0.8,0.2,0.9,0,2.1
MA0.1FA0.9Sn0.2Pb0.8Cl1.2I1.8,0.1,0.9,0,0,0.8,0.2,1.2,0,1.8
MA0.1FA0.9Sn0.2Pb0.8Cl1.5I1.5,0.1,0.9,0,0,0.8,0.2,1.5,0,1.5
MA0.1FA0.9Sn0.2Pb0.8Cl1.8I1.2,0.1,0.9,0,0,0.8,0.2,1.8,0,1.2
MA0.1FA0.9Sn0.2Pb0.8Cl2.1I0.9,0.1,0.9,0,0,0.8,0.2,2.1,0,0.9
MA0.1FA0.9Sn0.2Pb0.8Cl2.4I0.6,0.1,0.9,0,0,0.8,0.2,2.4,0,0.6
MA0.1FA0.9Sn0.2Pb0.8Cl2.7I0.3,0.1,0.9,0,0,0.8,0.2,2.7,0,0.3
MA0.1FA0.9Sn0.2Pb0.8Br0.3I2.7,0.1,0.9,0,0,0.8,0.2,0,0.3,2.7
MA0.1FA0.9Sn0.2Pb0.8Br0.6I2.4,0.1,0.9,0,0,0.8,0.2,0,0.6,2.4
MA0.1FA0.9Sn0.2Pb0.8Br0.9I2.1,0.1,0.9,0,0,0.8,0.2,0,0.9,2.1
MA0.1FA0.9Sn0.2Pb0.8Br1.2I1.8,0.1,0.9,0,0,0.8,0.2,0,1.2,1.8
MA0.1FA0.9Sn0.2Pb0.8Br1.5I1.5,0.1,0.9,0,0,0.8,0.2,0,1.5,1.5
MA0.1FA0.9Sn0.2Pb0.8Br1.8I1.2,0.1,0.9,0,0,0.8,0.2,0,1.8,1.2
MA0.1FA0.9Sn0.2Pb0.8Br2.1I0.9,0.1,0.9,0,0,0.8,0.2,0,2.1,0.9
MA0.1FA0.9Sn0.2Pb0.8Br2.4I0.6,0.1,0.9,0,0,0.8,0.2,0,2.4,0.6
MA0.1FA0.9Sn0.2Pb0.8Br2.7I0.3,0.1,0.9,0,0,0.8,0.2,0,2.7,0.3
MA0.1FA0.9Sn0.1Pb0.9Cl0.3Br2.7,0.1,0.9,0,0,0.9,0.1,0.3,2.7,0
MA0.1FA0.9Sn0.1Pb0.9Cl0.6Br2.4,0.1,0.9,0,0,0.9,0.1,0.6,2.4,0
MA0.1FA0.9Sn0.1Pb0.9Cl0.9Br2.1,0.1,0.9,0,0,0.9,0.1,0.9,2.1,0
MA0.1FA0.9Sn0.1Pb0.9Cl1.2Br1.8,0.1,0.9,0,0,0.9,0.1,1.2,1.8,0
MA0.1FA0.9Sn0.1Pb0.9Cl1.5Br1.5,0.1,0.9,0,0,0.9,0.1,1.5,1.5,0
MA0.1FA0.9Sn0.1Pb0.9Cl1.8Br1.2,0.1,0.9,0,0,0.9,0.1,1.8,1.2,0
MA0.1FA0.9Sn0.1Pb0.9Cl2.1Br0.9,0.1,0.9,0,0,0.9,0.1,2.1,0.9,0
MA0.1FA0.9Sn0.1Pb0.9Cl2.4Br0.6,0.1,0.9,0,0,0.9,0.1,2.4,0.6,0
MA0.1FA0.9Sn0.1Pb0.9Cl2.7Br0.3,0.1,0.9,0,0,0.9,0.1,2.7,0.3,0
MA0.1FA0.9Sn0.1Pb0.9Cl0.3I2.7,0.1,0.9,0,0,0.9,0.1,0.3,0,2.7
MA0.1FA0.9Sn0.1Pb0.9Cl0.6I2.4,0.1,0.9,0,0,0.9,0.1,0.6,0,2.4
MA0.1FA0.9Sn0.1Pb0.9Cl0.9I2.1,0.1,0.9,0,0,0.9,0.1,0.9,0,2.1
MA0.1FA0.9Sn0.1Pb0.9Cl1.2I1.8,0.1,0.9,0,0,0.9,0.1,1.2,0,1.8
MA0.1FA0.9Sn0.1Pb0.9Cl1.5I1.5,0.1,0.9,0,0,0.9,0.1,1.5,0,1.5
MA0.1FA0.9Sn0.1Pb0.9Cl1.8I1.2,0.1,0.9,0,0,0.9,0.1,1.8,0,1.2
MA0.1FA0.9Sn0.1Pb0.9Cl2.1I0.9,0.1,0.9,0,0,0.9,0.1,2.1,0,0.9
MA0.1FA0.9Sn0.1Pb0.9Cl2.4I0.6,0.1,0.9,0,0,0.9,0.1,2.4,0,0.6
MA0.1FA0.9Sn0.1Pb0.9Cl2.7I0.3,0.1,0.9,0,0,0.9,0.1,2.7,0,0.3
MA0.1FA0.9Sn0.1Pb0.9Br0.3I2.7,0.1,0.9,0,0,0.9,0.1,0,0.3,2.7
MA0.1FA0.9Sn0.1Pb0.9Br0.6I2.4,0.1,0.9,0,0,0.9,0.1,0,0.6,2.4
MA0.1FA0.9Sn0.1Pb0.9Br0.9I2.1,0.1,0.9,0,0,0.9,0.1,0,0.9,2.1
MA0.1FA0.9Sn0.1Pb0.9Br1.2I1.8,0.1,0.9,0,0,0.9,0.1,0,1.2,1.8
MA0.1FA0.9Sn0.1Pb0.9Br1.5I1.5,0.1,0.9,0,0,0.9,0.1,0,1.5,1.5
MA0.1FA0.9Sn0.1Pb0.9Br1.8I1.2,0.1,0.9,0,0,0.9,0.1,0,1.8,1.2
MA0.1FA0.9Sn0.1Pb0.9Br2.1I0.9,0.1,0.9,0,0,0.9,0.1,0,2.1,0.9
MA0.1FA0.9Sn0.1Pb0.9Br2.4I0.6,0.1,0.9,0,0,0.9,0.1,0,2.4,0.6
MA0.1FA0.9Sn0.1Pb0.9Br2.7I0.3,0.1,0.9,0,0,0.9,0.1,0,2.7,0.3
MA0.2FA0.8Sn0.9Pb0.1Cl0.3Br2.7,0.2,0.8,0,0,0.1,0.9,0.3,2.7,0
MA0.2FA0.8Sn0.9Pb0.1Cl0.6Br2.4,0.2,0.8,0,0,0.1,0.9,0.6,2.4,0
MA0.2FA0.8Sn0.9Pb0.1Cl0.9Br2.1,0.2,0.8,0,0,0.1,0.9,0.9,2.1,0
MA0.2FA0.8Sn0.9Pb0.1Cl1.2Br1.8,0.2,0.8,0,0,0.1,0.9,1.2,1.8,0
MA0.2FA0.8Sn0.9Pb0.1Cl1.5Br1.5,0.2,0.8,0,0,0.1,0.9,1.5,1.5,0
MA0.2FA0.8Sn0.9Pb0.1Cl1.8Br1.2,0.2,0.8,0,0,0.1,0.9,1.8,1.2,0
MA0.2FA0.8Sn0.9Pb0.1Cl2.1Br0.9,0.2,0.8,0,0,0.1,0.9,2.1,0.9,0
MA0.2FA0.8Sn0.9Pb0.1Cl2.4Br0.6,0.2,0.8,0,0,0.1,0.9,2.4,0.6,0
MA0.2FA0.8Sn0.9Pb0.1Cl2.7Br0.3,0.2,0.8,0,0,0.1,0.9,2.7,0.3,0
MA0.2FA0.8Sn0.9Pb0.1Cl0.3I2.7,0.2,0.8,0,0,0.1,0.9,0.3,0,2.7
MA0.2FA0.8Sn0.9Pb0.1Cl0.6I2.4,0.2,0.8,0,0,0.1,0.9,0.6,0,2.4
MA0.2FA0.8Sn0.9Pb0.1Cl0.9I2.1,0.2,0.8,0,0,0.1,0.9,0.9,0,2.1
MA0.2FA0.8Sn0.9Pb0.1Cl1.2I1.8,0.2,0.8,0,0,0.1,0.9,1.2,0,1.8
MA0.2FA0.8Sn0.9Pb0.1Cl1.5I1.5,0.2,0.8,0,0,0.1,0.9,1.5,0,1.5
MA0.2FA0.8Sn0.9Pb0.1Cl1.8I1.2,0.2,0.8,0,0,0.1,0.9,1.8,0,1.2
MA0.2FA0.8Sn0.9Pb0.1Cl2.1I0.9,0.2,0.8,0,0,0.1,0.9,2.1,0,0.9
MA0.2FA0.8Sn0.9Pb0.1Cl2.4I0.6,0.2,0.8,0,0,0.1,0.9,2.4,0,0.6
MA0.2FA0.8Sn0.9Pb0.1Cl2.7I0.3,0.2,0.8,0,0,0.1,0.9,2.7,0,0.3
MA0.2FA0.8Sn0.9Pb0.1Br0.3I2.7,0.2,0.8,0,0,0.1,0.9,0,0.3,2.7
MA0.2FA0.8Sn0.9Pb0.1Br0.6I2.4,0.2,0.8,0,0,0.1,0.9,0,0.6,2.4
MA0.2FA0.8Sn0.9Pb0.1Br0.9I2.1,0.2,0.8,0,0,0.1,0.9,0,0.9,2.1
MA0.2FA0.8Sn0.9Pb0.1Br1.2I1.8,0.2,0.8,0,0,0.1,0.9,0,1.2,1.8
MA0.2FA0.8Sn0.9Pb0.1Br1.5I1.5,0.2,0.8,0,0,0.1,0.9,0,1.5,1.5
MA0.2FA0.8Sn0.9Pb0.1Br1.8I1.2,0.2,0.8,0,0,0.1,0.9,0,1.8,1.2
MA0.2FA0.8Sn0.9Pb0.1Br2.1I0.9,0.2,0.8,0,0,0.1,0.9,0,2.1,0.9
MA0.2FA0.8Sn0.9Pb0.1Br2.4I0.6,0.2,0.8,0,0,0.1,0.9,0,2.4,0.6
MA0.2FA0.8Sn0.9Pb0.1Br2.7I0.3,0.2,0.8,0,0,0.1,0.9,0,2.7,0.3
MA0.2FA0.8Sn0.8Pb0.2Cl0.3Br2.7,0.2,0.8,0,0,0.2,0.8,0.3,2.7,0
MA0.2FA0.8Sn0.8Pb0.2Cl0.6Br2.4,0.2,0.8,0,0,0.2,0.8,0.6,2.4,0
MA0.2FA0.8Sn0.8Pb0.2Cl0.9Br2.1,0.2,0.8,0,0,0.2,0.8,0.9,2.1,0
MA0.2FA0.8Sn0.8Pb0.2Cl1.2Br1.8,0.2,0.8,0,0,0.2,0.8,1.2,1.8,0
MA0.2FA0.8Sn0.8Pb0.2Cl1.5Br1.5,0.2,0.8,0,0,0.2,0.8,1.5,1.5,0
MA0.2FA0.8Sn0.8Pb0.2Cl1.8Br1.2,0.2,0.8,0,0,0.2,0.8,1.8,1.2,0
MA0.2FA0.8Sn0.8Pb0.2Cl2.1Br0.9,0.2,0.8,0,0,0.2,0.8,2.1,0.9,0
MA0.2FA0.8Sn0.8Pb0.2Cl2.4Br0.6,0.2,0.8,0,0,0.2,0.8,2.4,0.6,0
MA0.2FA0.8Sn0.8Pb0.2Cl2.7Br0.3,0.2,0.8,0,0,0.2,0.8,2.7,0.3,0
MA0.2FA0.8Sn0.8Pb0.2Cl0.3I2.7,0.2,0.8,0,0,0.2,0.8,0.3,0,2.7
MA0.2FA0.8Sn0.8Pb0.2Cl0.6I2.4,0.2,0.8,0,0,0.2,0.8,0.6,0,2.4
MA0.2FA0.8Sn0.8Pb0.2Cl0.9I2.1,0.2,0.8,0,0,0.2,0.8,0.9,0,2.1
MA0.2FA0.8Sn0.8Pb0.2Cl1.2I1.8,0.2,0.8,0,0,0.2,0.8,1.2,0,1.8
MA0.2FA0.8Sn0.8Pb0.2Cl1.5I1.5,0.2,0.8,0,0,0.2,0.8,1.5,0,1.5
MA0.2FA0.8Sn0.8Pb0.2Cl1.8I1.2,0.2,0.8,0,0,0.2,0.8,1.8,0,1.2
MA0.2FA0.8Sn0.8Pb0.2Cl2.1I0.9,0.2,0.8,0,0,0.2,0.8,2.1,0,0.9
MA0.2FA0.8Sn0.8Pb0.2Cl2.4I0.6,0.2,0.8,0,0,0.2,0.8,2.4,0,0.6
MA0.2FA0.8Sn0.8Pb0.2Cl2.7I0.3,0.2,0.8,0,0,0.2,0.8,2.7,0,0.3
MA0.2FA0.8Sn0.8Pb0.2Br0.3I2.7,0.2,0.8,0,0,0.2,0.8,0,0.3,2.7
MA0.2FA0.8Sn0.8Pb0.2Br0.6I2.4,0.2,0.8,0,0,0.2,0.8,0,0.6,2.4
MA0.2FA0.8Sn0.8Pb0.2Br0.9I2.1,0.2,0.8,0,0,0.2,0.8,0,0.9,2.1
MA0.2FA0.8Sn0.8Pb0.2Br1.2I1.8,0.2,0.8,0,0,0.2,0.8,0,1.2,1.8
MA0.2FA0.8Sn0.8Pb0.2Br1.5I1.5,0.2,0.8,0,0,0.2,0.8,0,1.5,1.5
MA0.2FA0.8Sn0.8Pb0.2Br1.8I1.2,0.2,0.8,0,0,0.2,0.8,0,1.8,1.2
MA0.2FA0.8Sn0.8Pb0.2Br2.1I0.9,0.2,0.8,0,0,0.2,0.8,0,2.1,0.9
MA0.2FA0.8Sn0.8Pb0.2Br2.4I0.6,0.2,0.8,0,0,0.2,0.8,0,2.4,0.6
MA0.2FA0.8Sn0.8Pb0.2Br2.7I0.3,0.2,0.8,0,0,0.2,0.8,0,2.7,0.3
MA0.2FA0.8Sn0.7Pb0.3Cl0.3Br2.7,0.2,0.8,0,0,0.3,0.7,0.3,2.7,0
MA0.2FA0.8Sn0.7Pb0.3Cl0.6Br2.4,0.2,0.8,0,0,0.3,0.7,0.6,2.4,0
MA0.2FA0.8Sn0.7Pb0.3Cl0.9Br2.1,0.2,0.8,0,0,0.3,0.7,0.9,2.1,0
MA0.2FA0.8Sn0.7Pb0.3Cl1.2Br1.8,0.2,0.8,0,0,0.3,0.7,1.2,1.8,0
MA0.2FA0.8Sn0.7Pb0.3Cl1.5Br1.5,0.2,0.8,0,0,0.3,0.7,1.5,1.5,0
MA0.2FA0.8Sn0.7Pb0.3Cl1.8Br1.2,0.2,0.8,0,0,0.3,0.7,1.8,1.2,0
MA0.2FA0.8Sn0.7Pb0.3Cl2.1Br0.9,0.2,0.8,0,0,0.3,0.7,2.1,0.9,0
MA0.2FA0.8Sn0.7Pb0.3Cl2.4Br0.6,0.2,0.8,0,0,0.3,0.7,2.4,0.6,0
MA0.2FA0.8Sn0.7Pb0.3Cl2.7Br0.3,0.2,0.8,0,0,0.3,0.7,2.7,0.3,0
MA0.2FA0.8Sn0.7Pb0.3Cl0.3I2.7,0.2,0.8,0,0,0.3,0.7,0.3,0,2.7
MA0.2FA0.8Sn0.7Pb0.3Cl0.6I2.4,0.2,0.8,0,0,0.3,0.7,0.6,0,2.4
MA0.2FA0.8Sn0.7Pb0.3Cl0.9I2.1,0.2,0.8,0,0,0.3,0.7,0.9,0,2.1
MA0.2FA0.8Sn0.7Pb0.3Cl1.2I1.8,0.2,0.8,0,0,0.3,0.7,1.2,0,1.8
MA0.2FA0.8Sn0.7Pb0.3Cl1.5I1.5,0.2,0.8,0,0,0.3,0.7,1.5,0,1.5
MA0.2FA0.8Sn0.7Pb0.3Cl1.8I1.2,0.2,0.8,0,0,0.3,0.7,1.8,0,1.2
MA0.2FA0.8Sn0.7Pb0.3Cl2.1I0.9,0.2,0.8,0,0,0.3,0.7,2.1,0,0.9
MA0.2FA0.8Sn0.7Pb0.3Cl2.4I0.6,0.2,0.8,0,0,0.3,0.7,2.4,0,0.6
MA0.2FA0.8Sn0.7Pb0.3Cl2.7I0.3,0.2,0.8,0,0,0.3,0.7,2.7,0,0.3
MA0.2FA0.8Sn0.7Pb0.3Br0.3I2.7,0.2,0.8,0,0,0.3,0.7,0,0.3,2.7
MA0.2FA0.8Sn0.7Pb0.3Br0.6I2.4,0.2,0.8,0,0,0.3,0.7,0,0.6,2.4
MA0.2FA0.8Sn0.7Pb0.3Br0.9I2.1,0.2,0.8,0,0,0.3,0.7,0,0.9,2.1
MA0.2FA0.8Sn0.7Pb0.3Br1.2I1.8,0.2,0.8,0,0,0.3,0.7,0,1.2,1.8
MA0.2FA0.8Sn0.7Pb0.3Br1.5I1.5,0.2,0.8,0,0,0.3,0.7,0,1.5,1.5
MA0.2FA0.8Sn0.7Pb0.3Br1.8I1.2,0.2,0.8,0,0,0.3,0.7,0,1.8,1.2
MA0.2FA0.8Sn0.7Pb0.3Br2.1I0.9,0.2,0.8,0,0,0.3,0.7,0,2.1,0.9
MA0.2FA0.8Sn0.7Pb0.3Br2.4I0.6,0.2,0.8,0,0,0.3,0.7,0,2.4,0.6
MA0.2FA0.8Sn0.7Pb0.3Br2.7I0.3,0.2,0.8,0,0,0.3,0.7,0,2.7,0.3
MA0.2FA0.8Sn0.6Pb0.4Cl0.3Br2.7,0.2,0.8,0,0,0.4,0.6,0.3,2.7,0
MA0.2FA0.8Sn0.6Pb0.4Cl0.6Br2.4,0.2,0.8,0,0,0.4,0.6,0.6,2.4,0
MA0.2FA0.8Sn0.6Pb0.4Cl0.9Br2.1,0.2,0.8,0,0,0.4,0.6,0.9,2.1,0
MA0.2FA0.8Sn0.6Pb0.4Cl1.2Br1.8,0.2,0.8,0,0,0.4,0.6,1.2,1.8,0
MA0.2FA0.8Sn0.6Pb0.4Cl1.5Br1.5,0.2,0.8,0,0,0.4,0.6,1.5,1.5,0
MA0.2FA0.8Sn0.6Pb0.4Cl1.8Br1.2,0.2,0.8,0,0,0.4,0.6,1.8,1.2,0
MA0.2FA0.8Sn0.6Pb0.4Cl2.1Br0.9,0.2,0.8,0,0,0.4,0.6,2.1,0.9,0
MA0.2FA0.8Sn0.6Pb0.4Cl2.4Br0.6,0.2,0.8,0,0,0.4,0.6,2.4,0.6,0
MA0.2FA0.8Sn0.6Pb0.4Cl2.7Br0.3,0.2,0.8,0,0,0.4,0.6,2.7,0.3,0
MA0.2FA0.8Sn0.6Pb0.4Cl0.3I2.7,0.2,0.8,0,0,0.4,0.6,0.3,0,2.7
MA0.2FA0.8Sn0.6Pb0.4Cl0.6I2.4,0.2,0.8,0,0,0.4,0.6,0.6,0,2.4
MA0.2FA0.8Sn0.6Pb0.4Cl0.9I2.1,0.2,0.8,0,0,0.4,0.6,0.9,0,2.1
MA0.2FA0.8Sn0.6Pb0.4Cl1.2I1.8,0.2,0.8,0,0,0.4,0.6,1.2,0,1.8
MA0.2FA0.8Sn0.6Pb0.4Cl1.5I1.5,0.2,0.8,0,0,0.4,0.6,1.5,0,1.5
MA0.2FA0.8Sn0.6Pb0.4Cl1.8I1.2,0.2,0.8,0,0,0.4,0.6,1.8,0,1.2
MA0.2FA0.8Sn0.6Pb0.4Cl2.1I0.9,0.2,0.8,0,0,0.4,0.6,2.1,0,0.9
MA0.2FA0.8Sn0.6Pb0.4Cl2.4I0.6,0.2,0.8,0,0,0.4,0.6,2.4,0,0.6
MA0.2FA0.8Sn0.6Pb0.4Cl2.7I0.3,0.2,0.8,0,0,0.4,0.6,2.7,0,0.3
MA0.2FA0.8Sn0.6Pb0.4Br0.3I2.7,0.2,0.8,0,0,0.4,0.6,0,0.3,2.7
MA0.2FA0.8Sn0.6Pb0.4Br0.6I2.4,0.2,0.8,0,0,0.4,0.6,0,0.6,2.4
MA0.2FA0.8Sn0.6Pb0.4Br0.9I2.1,0.2,0.8,0,0,0.4,0.6,0,0.9,2.1
MA0.2FA0.8Sn0.6Pb0.4Br1.2I1.8,0.2,0.8,0,0,0.4,0.6,0,1.2,1.8
MA0.2FA0.8Sn0.6Pb0.4Br1.5I1.5,0.2,0.8,0,0,0.4,0.6,0,1.5,1.5
MA0.2FA0.8Sn0.6Pb0.4Br1.8I1.2,0.2,0.8,0,0,0.4,0.6,0,1.8,1.2
MA0.2FA0.8Sn0.6Pb0.4Br2.1I0.9,0.2,0.8,0,0,0.4,0.6,0,2.1,0.9
MA0.2FA0.8Sn0.6Pb0.4Br2.4I0.6,0.2,0.8,0,0,0.4,0.6,0,2.4,0.6
MA0.2FA0.8Sn0.6Pb0.4Br2.7I0.3,0.2,0.8,0,0,0.4,0.6,0,2.7,0.3
MA0.2FA0.8Sn0.5Pb0.5Cl0.3Br2.7,0.2,0.8,0,0,0.5,0.5,0.3,2.7,0
MA0.2FA0.8Sn0.5Pb0.5Cl0.6Br2.4,0.2,0.8,0,0,0.5,0.5,0.6,2.4,0
MA0.2FA0.8Sn0.5Pb0.5Cl0.9Br2.1,0.2,0.8,0,0,0.5,0.5,0.9,2.1,0
MA0.2FA0.8Sn0.5Pb0.5Cl1.2Br1.8,0.2,0.8,0,0,0.5,0.5,1.2,1.8,0
MA0.2FA0.8Sn0.5Pb0.5Cl1.5Br1.5,0.2,0.8,0,0,0.5,0.5,1.5,1.5,0
MA0.2FA0.8Sn0.5Pb0.5Cl1.8Br1.2,0.2,0.8,0,0,0.5,0.5,1.8,1.2,0
MA0.2FA0.8Sn0.5Pb0.5Cl2.1Br0.9,0.2,0.8,0,0,0.5,0.5,2.1,0.9,0
MA0.2FA0.8Sn0.5Pb0.5Cl2.4Br0.6,0.2,0.8,0,0,0.5,0.5,2.4,0.6,0
MA0.2FA0.8Sn0.5Pb0.5Cl2.7Br0.3,0.2,0.8,0,0,0.5,0.5,2.7,0.3,0
MA0.2FA0.8Sn0.5Pb0.5Cl0.3I2.7,0.2,0.8,0,0,0.5,0.5,0.3,0,2.7
MA0.2FA0.8Sn0.5Pb0.5Cl0.6I2.4,0.2,0.8,0,0,0.5,0.5,0.6,0,2.4
MA0.2FA0.8Sn0.5Pb0.5Cl0.9I2.1,0.2,0.8,0,0,0.5,0.5,0.9,0,2.1
MA0.2FA0.8Sn0.5Pb0.5Cl1.2I1.8,0.2,0.8,0,0,0.5,0.5,1.2,0,1.8
MA0.2FA0.8Sn0.5Pb0.5Cl1.5I1.5,0.2,0.8,0,0,0.5,0.5,1.5,0,1.5
MA0.2FA0.8Sn0.5Pb0.5Cl1.8I1.2,0.2,0.8,0,0,0.5,0.5,1.8,0,1.2
MA0.2FA0.8Sn0.5Pb0.5Cl2.1I0.9,0.2,0.8,0,0,0.5,0.5,2.1,0,0.9
MA0.2FA0.8Sn0.5Pb0.5Cl2.4I0.6,0.2,0.8,0,0,0.5,0.5,2.4,0,0.6
MA0.2FA0.8Sn0.5Pb0.5Cl2.7I0.3,0.2,0.8,0,0,0.5,0.5,2.7,0,0.3
MA0.2FA0.8Sn0.5Pb0.5Br0.3I2.7,0.2,0.8,0,0,0.5,0.5,0,0.3,2.7
MA0.2FA0.8Sn0.5Pb0.5Br0.6I2.4,0.2,0.8,0,0,0.5,0.5,0,0.6,2.4
MA0.2FA0.8Sn0.5Pb0.5Br0.9I2.1,0.2,0.8,0,0,0.5,0.5,0,0.9,2.1
MA0.2FA0.8Sn0.5Pb0.5Br1.2I1.8,0.2,0.8,0,0,0.5,0.5,0,1.2,1.8
MA0.2FA0.8Sn0.5Pb0.5Br1.5I1.5,0.2,0.8,0,0,0.5,0.5,0,1.5,1.5
MA0.2FA0.8Sn0.5Pb0.5Br1.8I1.2,0.2,0.8,0,0,0.5,0.5,0,1.8,1.2
MA0.2FA0.8Sn0.5Pb0.5Br2.1I0.9,0.2,0.8,0,0,0.5,0.5,0,2.1,0.9
MA0.2FA0.8Sn0.5Pb0.5Br2.4I0.6,0.2,0.8,0,0,0.5,0.5,0,2.4,0.6
MA0.2FA0.8Sn0.5Pb0.5Br2.7I0.3,0.2,0.8,0,0,0.5,0.5,0,2.7,0.3
MA0.2FA0.8Sn0.4Pb0.6Cl0.3Br2.7,0.2,0.8,0,0,0.6,0.4,0.3,2.7,0
MA0.2FA0.8Sn0.4Pb0.6Cl0.6Br2.4,0.2,0.8,0,0,0.6,0.4,0.6,2.4,0
MA0.2FA0.8Sn0.4Pb0.6Cl0.9Br2.1,0.2,0.8,0,0,0.6,0.4,0.9,2.1,0
MA0.2FA0.8Sn0.4Pb0.6Cl1.2Br1.8,0.2,0.8,0,0,0.6,0.4,1.2,1.8,0
MA0.2FA0.8Sn0.4Pb0.6Cl1.5Br1.5,0.2,0.8,0,0,0.6,0.4,1.5,1.5,0
MA0.2FA0.8Sn0.4Pb0.6Cl1.8Br1.2,0.2,0.8,0,0,0.6,0.4,1.8,1.2,0
MA0.2FA0.8Sn0.4Pb0.6Cl2.1Br0.9,0.2,0.8,0,0,0.6,0.4,2.1,0.9,0
MA0.2FA0.8Sn0.4Pb0.6Cl2.4Br0.6,0.2,0.8,0,0,0.6,0.4,2.4,0.6,0
MA0.2FA0.8Sn0.4Pb0.6Cl2.7Br0.3,0.2,0.8,0,0,0.6,0.4,2.7,0.3,0
MA0.2FA0.8Sn0.4Pb0.6Cl0.3I2.7,0.2,0.8,0,0,0.6,0.4,0.3,0,2.7
MA0.2FA0.8Sn0.4Pb0.6Cl0.6I2.4,0.2,0.8,0,0,0.6,0.4,0.6,0,2.4
MA0.2FA0.8Sn0.4Pb0.6Cl0.9I2.1,0.2,0.8,0,0,0.6,0.4,0.9,0,2.1
MA0.2FA0.8Sn0.4Pb0.6Cl1.2I1.8,0.2,0.8,0,0,0.6,0.4,1.2,0,1.8
MA0.2FA0.8Sn0.4Pb0.6Cl1.5I1.5,0.2,0.8,0,0,0.6,0.4,1.5,0,1.5
MA0.2FA0.8Sn0.4Pb0.6Cl1.8I1.2,0.2,0.8,0,0,0.6,0.4,1.8,0,1.2
MA0.2FA0.8Sn0.4Pb0.6Cl2.1I0.9,0.2,0.8,0,0,0.6,0.4,2.1,0,0.9
MA0.2FA0.8Sn0.4Pb0.6Cl2.4I0.6,0.2,0.8,0,0,0.6,0.4,2.4,0,0.6
MA0.2FA0.8Sn0.4Pb0.6Cl2.7I0.3,0.2,0.8,0,0,0.6,0.4,2.7,0,0.3
MA0.2FA0.8Sn0.4Pb0.6Br0.3I2.7,0.2,0.8,0,0,0.6,0.4,0,0.3,2.7
MA0.2FA0.8Sn0.4Pb0.6Br0.6I2.4,0.2,0.8,0,0,0.6,0.4,0,0.6,2.4
MA0.2FA0.8Sn0.4Pb0.6Br0.9I2.1,0.2,0.8,0,0,0.6,0.4,0,0.9,2.1
MA0.2FA0.8Sn0.4Pb0.6Br1.2I1.8,0.2,0.8,0,0,0.6,0.4,0,1.2,1.8
MA0.2FA0.8Sn0.4Pb0.6Br1.5I1.5,0.2,0.8,0,0,0.6,0.4,0,1.5,1.5
MA0.2FA0.8Sn0.4Pb0.6Br1.8I1.2,0.2,0.8,0,0,0.6,0.4,0,1.8,1.2
MA0.2FA0.8Sn0.4Pb0.6Br2.1I0.9,0.2,0.8,0,0,0.6,0.4,0,2.1,0.9
MA0.2FA0.8Sn0.4Pb0.6Br2.4I0.6,0.2,0.8,0,0,0.6,0.4,0,2.4,0.6
MA0.2FA0.8Sn0.4Pb0.6Br2.7I0.3,0.2,0.8,0,0,0.6,0.4,0,2.7,0.3
MA0.2FA0.8Sn0.3Pb0.7Cl0.3Br2.7,0.2,0.8,0,0,0.7,0.3,0.3,2.7,0
MA0.2FA0.8Sn0.3Pb0.7Cl0.6Br2.4,0.2,0.8,0,0,0.7,0.3,0.6,2.4,0
MA0.2FA0.8Sn0.3Pb0.7Cl0.9Br2.1,0.2,0.8,0,0,0.7,0.3,0.9,2.1,0
MA0.2FA0.8Sn0.3Pb0.7Cl1.2Br1.8,0.2,0.8,0,0,0.7,0.3,1.2,1.8,0
MA0.2FA0.8Sn0.3Pb0.7Cl1.5Br1.5,0.2,0.8,0,0,0.7,0.3,1.5,1.5,0
MA0.2FA0.8Sn0.3Pb0.7Cl1.8Br1.2,0.2,0.8,0,0,0.7,0.3,1.8,1.2,0
MA0.2FA0.8Sn0.3Pb0.7Cl2.1Br0.9,0.2,0.8,0,0,0.7,0.3,2.1,0.9,0
MA0.2FA0.8Sn0.3Pb0.7Cl2.4Br0.6,0.2,0.8,0,0,0.7,0.3,2.4,0.6,0
MA0.2FA0.8Sn0.3Pb0.7Cl2.7Br0.3,0.2,0.8,0,0,0.7,0.3,2.7,0.3,0
MA0.2FA0.8Sn0.3Pb0.7Cl0.3I2.7,0.2,0.8,0,0,0.7,0.3,0.3,0,2.7
MA0.2FA0.8Sn0.3Pb0.7Cl0.6I2.4,0.2,0.8,0,0,0.7,0.3,0.6,0,2.4
MA0.2FA0.8Sn0.3Pb0.7Cl0.9I2.1,0.2,0.8,0,0,0.7,0.3,0.9,0,2.1
MA0.2FA0.8Sn0.3Pb0.7Cl1.2I1.8,0.2,0.8,0,0,0.7,0.3,1.2,0,1.8
MA0.2FA0.8Sn0.3Pb0.7Cl1.5I1.5,0.2,0.8,0,0,0.7,0.3,1.5,0,1.5
MA0.2FA0.8Sn0.3Pb0.7Cl1.8I1.2,0.2,0.8,0,0,0.7,0.3,1.8,0,1.2
MA0.2FA0.8Sn0.3Pb0.7Cl2.1I0.9,0.2,0.8,0,0,0.7,0.3,2.1,0,0.9
MA0.2FA0.8Sn0.3Pb0.7Cl2.4I0.6,0.2,0.8,0,0,0.7,0.3,2.4,0,0.6
MA0.2FA0.8Sn0.3Pb0.7Cl2.7I0.3,0.2,0.8,0,0,0.7,0.3,2.7,0,0.3
MA0.2FA0.8Sn0.3Pb0.7Br0.3I2.7,0.2,0.8,0,0,0.7,0.3,0,0.3,2.7
MA0.2FA0.8Sn0.3Pb0.7Br0.6I2.4,0.2,0.8,0,0,0.7,0.3,0,0.6,2.4
MA0.2FA0.8Sn0.3Pb0.7Br0.9I2.1,0.2,0.8,0,0,0.7,0.3,0,0.9,2.1
MA0.2FA0.8Sn0.3Pb0.7Br1.2I1.8,0.2,0.8,0,0,0.7,0.3,0,1.2,1.8
MA0.2FA0.8Sn0.3Pb0.7Br1.5I1.5,0.2,0.8,0,0,0.7,0.3,0,1.5,1.5
MA0.2FA0.8Sn0.3Pb0.7Br1.8I1.2,0.2,0.8,0,0,0.7,0.3,0,1.8,1.2
MA0.2FA0.8Sn0.3Pb0.7Br2.1I0.9,0.2,0.8,0,0,0.7,0.3,0,2.1,0.9
MA0.2FA0.8Sn0.3Pb0.7Br2.4I0.6,0.2,0.8,0,0,0.7,0.3,0,2.4,0.6
MA0.2FA0.8Sn0.3Pb0.7Br2.7I0.3,0.2,0.8,0,0,0.7,0.3,0,2.7,0.3
MA0.2FA0.8Sn0.2Pb0.8Cl0.3Br2.7,0.2,0.8,0,0,0.8,0.2,0.3,2.7,0
MA0.2FA0.8Sn0.2Pb0.8Cl0.6Br2.4,0.2,0.8,0,0,0.8,0.2,0.6,2.4,0
MA0.2FA0.8Sn0.2Pb0.8Cl0.9Br2.1,0.2,0.8,0,0,0.8,0.2,0.9,2.1,0
MA0.2FA0.8Sn0.2Pb0.8Cl1.2Br1.8,0.2,0.8,0,0,0.8,0.2,1.2,1.8,0
MA0.2FA0.8Sn0.2Pb0.8Cl1.5Br1.5,0.2,0.8,0,0,0.8,0.2,1.5,1.5,0
MA0.2FA0.8Sn0.2Pb0.8Cl1.8Br1.2,0.2,0.8,0,0,0.8,0.2,1.8,1.2,0
MA0.2FA0.8Sn0.2Pb0.8Cl2.1Br0.9,0.2,0.8,0,0,0.8,0.2,2.1,0.9,0
MA0.2FA0.8Sn0.2Pb0.8Cl2.4Br0.6,0.2,0.8,0,0,0.8,0.2,2.4,0.6,0
MA0.2FA0.8Sn0.2Pb0.8Cl2.7Br0.3,0.2,0.8,0,0,0.8,0.2,2.7,0.3,0
MA0.2FA0.8Sn0.2Pb0.8Cl0.3I2.7,0.2,0.8,0,0,0.8,0.2,0.3,0,2.7
MA0.2FA0.8Sn0.2Pb0.8Cl0.6I2.4,0.2,0.8,0,0,0.8,0.2,0.6,0,2.4
MA0.2FA0.8Sn0.2Pb0.8Cl0.9I2.1,0.2,0.8,0,0,0.8,0.2,0.9,0,2.1
MA0.2FA0.8Sn0.2Pb0.8Cl1.2I1.8,0.2,0.8,0,0,0.8,0.2,1.2,0,1.8
MA0.2FA0.8Sn0.2Pb0.8Cl1.5I1.5,0.2,0.8,0,0,0.8,0.2,1.5,0,1.5
MA0.2FA0.8Sn0.2Pb0.8Cl1.8I1.2,0.2,0.8,0,0,0.8,0.2,1.8,0,1.2
MA0.2FA0.8Sn0.2Pb0.8Cl2.1I0.9,0.2,0.8,0,0,0.8,0.2,2.1,0,0.9
MA0.2FA0.8Sn0.2Pb0.8Cl2.4I0.6,0.2,0.8,0,0,0.8,0.2,2.4,0,0.6
MA0.2FA0.8Sn0.2Pb0.8Cl2.7I0.3,0.2,0.8,0,0,0.8,0.2,2.7,0,0.3
MA0.2FA0.8Sn0.2Pb0.8Br0.3I2.7,0.2,0.8,0,0,0.8,0.2,0,0.3,2.7
MA0.2FA0.8Sn0.2Pb0.8Br0.6I2.4,0.2,0.8,0,0,0.8,0.2,0,0.6,2.4
MA0.2FA0.8Sn0.2Pb0.8Br0.9I2.1,0.2,0.8,0,0,0.8,0.2,0,0.9,2.1
MA0.2FA0.8Sn0.2Pb0.8Br1.2I1.8,0.2,0.8,0,0,0.8,0.2,0,1.2,1.8
MA0.2FA0.8Sn0.2Pb0.8Br1.5I1.5,0.2,0.8,0,0,0.8,0.2,0,1.5,1.5
MA0.2FA0.8Sn0.2Pb0.8Br1.8I1.2,0.2,0.8,0,0,0.8,0.2,0,1.8,1.2
MA0.2FA0.8Sn0.2Pb0.8Br2.1I0.9,0.2,0.8,0,0,0.8,0.2,0,2.1,0.9
MA0.2FA0.8Sn0.2Pb0.8Br2.4I0.6,0.2,0.8,0,0,0.8,0.2,0,2.4,0.6
MA0.2FA0.8Sn0.2Pb0.8Br2.7I0.3,0.2,0.8,0,0,0.8,0.2,0,2.7,0.3
MA0.2FA0.8Sn0.1Pb0.9Cl0.3Br2.7,0.2,0.8,0,0,0.9,0.1,0.3,2.7,0
MA0.2FA0.8Sn0.1Pb0.9Cl0.6Br2.4,0.2,0.8,0,0,0.9,0.1,0.6,2.4,0
MA0.2FA0.8Sn0.1Pb0.9Cl0.9Br2.1,0.2,0.8,0,0,0.9,0.1,0.9,2.1,0
MA0.2FA0.8Sn0.1Pb0.9Cl1.2Br1.8,0.2,0.8,0,0,0.9,0.1,1.2,1.8,0
MA0.2FA0.8Sn0.1Pb0.9Cl1.5Br1.5,0.2,0.8,0,0,0.9,0.1,1.5,1.5,0
MA0.2FA0.8Sn0.1Pb0.9Cl1.8Br1.2,0.2,0.8,0,0,0.9,0.1,1.8,1.2,0
MA0.2FA0.8Sn0.1Pb0.9Cl2.1Br0.9,0.2,0.8,0,0,0.9,0.1,2.1,0.9,0
MA0.2FA0.8Sn0.1Pb0.9Cl2.4Br0.6,0.2,0.8,0,0,0.9,0.1,2.4,0.6,0
MA0.2FA0.8Sn0.1Pb0.9Cl2.7Br0.3,0.2,0.8,0,0,0.9,0.1,2.7,0.3,0
MA0.2FA0.8Sn0.1Pb0.9Cl0.3I2.7,0.2,0.8,0,0,0.9,0.1,0.3,0,2.7
MA0.2FA0.8Sn0.1Pb0.9Cl0.6I2.4,0.2,0.8,0,0,0.9,0.1,0.6,0,2.4
MA0.2FA0.8Sn0.1Pb0.9Cl0.9I2.1,0.2,0.8,0,0,0.9,0.1,0.9,0,2.1
MA0.2FA0.8Sn0.1Pb0.9Cl1.2I1.8,0.2,0.8,0,0,0.9,0.1,1.2,0,1.8
MA0.2FA0.8Sn0.1Pb0.9Cl1.5I1.5,0.2,0.8,0,0,0.9,0.1,1.5,0,1.5
MA0.2FA0.8Sn0.1Pb0.9Cl1.8I1.2,0.2,0.8,0,0,0.9,0.1,1.8,0,1.2
MA0.2FA0.8Sn0.1Pb0.9Cl2.1I0.9,0.2,0.8,0,0,0.9,0.1,2.1,0,0.9
MA0.2FA0.8Sn0.1Pb0.9Cl2.4I0.6,0.2,0.8,0,0,0.9,0.1,2.4,0,0.6
MA0.2FA0.8Sn0.1Pb0.9Cl2.7I0.3,0.2,0.8,0,0,0.9,0.1,2.7,0,0.3
MA0.2FA0.8Sn0.1Pb0.9Br0.3I2.7,0.2,0.8,0,0,0.9,0.1,0,0.3,2.7
MA0.2FA0.8Sn0.1Pb0.9Br0.6I2.4,0.2,0.8,0,0,0.9,0.1,0,0.6,2.4
MA0.2FA0.8Sn0.1Pb0.9Br0.9I2.1,0.2,0.8,0,0,0.9,0.1,0,0.9,2.1
MA0.2FA0.8Sn0.1Pb0.9Br1.2I1.8,0.2,0.8,0,0,0.9,0.1,0,1.2,1.8
MA0.2FA0.8Sn0.1Pb0.9Br1.5I1.5,0.2,0.8,0,0,0.9,0.1,0,1.5,1.5
MA0.2FA0.8Sn0.1Pb0.9Br1.8I1.2,0.2,0.8,0,0,0.9,0.1,0,1.8,1.2
MA0.2FA0.8Sn0.1Pb0.9Br2.1I0.9,0.2,0.8,0,0,0.9,0.1,0,2.1,0.9
MA0.2FA0.8Sn0.1Pb0.9Br2.4I0.6,0.2,0.8,0,0,0.9,0.1,0,2.4,0.6
MA0.2FA0.8Sn0.1Pb0.9Br2.7I0.3,0.2,0.8,0,0,0.9,0.1,0,2.7,0.3
MA0.3FA0.7Sn0.9Pb0.1Cl0.3Br2.7,0.3,0.7,0,0,0.1,0.9,0.3,2.7,0
MA0.3FA0.7Sn0.9Pb0.1Cl0.6Br2.4,0.3,0.7,0,0,0.1,0.9,0.6,2.4,0
MA0.3FA0.7Sn0.9Pb0.1Cl0.9Br2.1,0.3,0.7,0,0,0.1,0.9,0.9,2.1,0
MA0.3FA0.7Sn0.9Pb0.1Cl1.2Br1.8,0.3,0.7,0,0,0.1,0.9,1.2,1.8,0
MA0.3FA0.7Sn0.9Pb0.1Cl1.5Br1.5,0.3,0.7,0,0,0.1,0.9,1.5,1.5,0
MA0.3FA0.7Sn0.9Pb0.1Cl1.8Br1.2,0.3,0.7,0,0,0.1,0.9,1.8,1.2,0
MA0.3FA0.7Sn0.9Pb0.1Cl2.1Br0.9,0.3,0.7,0,0,0.1,0.9,2.1,0.9,0
MA0.3FA0.7Sn0.9Pb0.1Cl2.4Br0.6,0.3,0.7,0,0,0.1,0.9,2.4,0.6,0
MA0.3FA0.7Sn0.9Pb0.1Cl2.7Br0.3,0.3,0.7,0,0,0.1,0.9,2.7,0.3,0
MA0.3FA0.7Sn0.9Pb0.1Cl0.3I2.7,0.3,0.7,0,0,0.1,0.9,0.3,0,2.7
MA0.3FA0.7Sn0.9Pb0.1Cl0.6I2.4,0.3,0.7,0,0,0.1,0.9,0.6,0,2.4
MA0.3FA0.7Sn0.9Pb0.1Cl0.9I2.1,0.3,0.7,0,0,0.1,0.9,0.9,0,2.1
MA0.3FA0.7Sn0.9Pb0.1Cl1.2I1.8,0.3,0.7,0,0,0.1,0.9,1.2,0,1.8
MA0.3FA0.7Sn0.9Pb0.1Cl1.5I1.5,0.3,0.7,0,0,0.1,0.9,1.5,0,1.5
MA0.3FA0.7Sn0.9Pb0.1Cl1.8I1.2,0.3,0.7,0,0,0.1,0.9,1.8,0,1.2
MA0.3FA0.7Sn0.9Pb0.1Cl2.1I0.9,0.3,0.7,0,0,0.1,0.9,2.1,0,0.9
MA0.3FA0.7Sn0.9Pb0.1Cl2.4I0.6,0.3,0.7,0,0,0.1,0.9,2.4,0,0.6
MA0.3FA0.7Sn0.9Pb0.1Cl2.7I0.3,0.3,0.7,0,0,0.1,0.9,2.7,0,0.3
MA0.3FA0.7Sn0.9Pb0.1Br0.3I2.7,0.3,0.7,0,0,0.1,0.9,0,0.3,2.7
MA0.3FA0.7Sn0.9Pb0.1Br0.6I2.4,0.3,0.7,0,0,0.1,0.9,0,0.6,2.4
MA0.3FA0.7Sn0.9Pb0.1Br0.9I2.1,0.3,0.7,0,0,0.1,0.9,0,0.9,2.1
MA0.3FA0.7Sn0.9Pb0.1Br1.2I1.8,0.3,0.7,0,0,0.1,0.9,0,1.2,1.8
MA0.3FA0.7Sn0.9Pb0.1Br1.5I1.5,0.3,0.7,0,0,0.1,0.9,0,1.5,1.5
MA0.3FA0.7Sn0.9Pb0.1Br1.8I1.2,0.3,0.7,0,0,0.1,0.9,0,1.8,1.2
MA0.3FA0.7Sn0.9Pb0.1Br2.1I0.9,0.3,0.7,0,0,0.1,0.9,0,2.1,0.9
MA0.3FA0.7Sn0.9Pb0.1Br2.4I0.6,0.3,0.7,0,0,0.1,0.9,0,2.4,0.6
MA0.3FA0.7Sn0.9Pb0.1Br2.7I0.3,0.3,0.7,0,0,0.1,0.9,0,2.7,0.3
MA0.3FA0.7Sn0.8Pb0.2Cl0.3Br2.7,0.3,0.7,0,0,0.2,0.8,0.3,2.7,0
MA0.3FA0.7Sn0.8Pb0.2Cl0.6Br2.4,0.3,0.7,0,0,0.2,0.8,0.6,2.4,0
MA0.3FA0.7Sn0.8Pb0.2Cl0.9Br2.1,0.3,0.7,0,0,0.2,0.8,0.9,2.1,0
MA0.3FA0.7Sn0.8Pb0.2Cl1.2Br1.8,0.3,0.7,0,0,0.2,0.8,1.2,1.8,0
MA0.3FA0.7Sn0.8Pb0.2Cl1.5Br1.5,0.3,0.7,0,0,0.2,0.8,1.5,1.5,0
MA0.3FA0.7Sn0.8Pb0.2Cl1.8Br1.2,0.3,0.7,0,0,0.2,0.8,1.8,1.2,0
MA0.3FA0.7Sn0.8Pb0.2Cl2.1Br0.9,0.3,0.7,0,0,0.2,0.8,2.1,0.9,0
MA0.3FA0.7Sn0.8Pb0.2Cl2.4Br0.6,0.3,0.7,0,0,0.2,0.8,2.4,0.6,0
MA0.3FA0.7Sn0.8Pb0.2Cl2.7Br0.3,0.3,0.7,0,0,0.2,0.8,2.7,0.3,0
MA0.3FA0.7Sn0.8Pb0.2Cl0.3I2.7,0.3,0.7,0,0,0.2,0.8,0.3,0,2.7
MA0.3FA0.7Sn0.8Pb0.2Cl0.6I2.4,0.3,0.7,0,0,0.2,0.8,0.6,0,2.4
MA0.3FA0.7Sn0.8Pb0.2Cl0.9I2.1,0.3,0.7,0,0,0.2,0.8,0.9,0,2.1
MA0.3FA0.7Sn0.8Pb0.2Cl1.2I1.8,0.3,0.7,0,0,0.2,0.8,1.2,0,1.8
MA0.3FA0.7Sn0.8Pb0.2Cl1.5I1.5,0.3,0.7,0,0,0.2,0.8,1.5,0,1.5
MA0.3FA0.7Sn0.8Pb0.2Cl1.8I1.2,0.3,0.7,0,0,0.2,0.8,1.8,0,1.2
MA0.3FA0.7Sn0.8Pb0.2Cl2.1I0.9,0.3,0.7,0,0,0.2,0.8,2.1,0,0.9
MA0.3FA0.7Sn0.8Pb0.2Cl2.4I0.6,0.3,0.7,0,0,0.2,0.8,2.4,0,0.6
MA0.3FA0.7Sn0.8Pb0.2Cl2.7I0.3,0.3,0.7,0,0,0.2,0.8,2.7,0,0.3
MA0.3FA0.7Sn0.8Pb0.2Br0.3I2.7,0.3,0.7,0,0,0.2,0.8,0,0.3,2.7
MA0.3FA0.7Sn0.8Pb0.2Br0.6I2.4,0.3,0.7,0,0,0.2,0.8,0,0.6,2.4
MA0.3FA0.7Sn0.8Pb0.2Br0.9I2.1,0.3,0.7,0,0,0.2,0.8,0,0.9,2.1
MA0.3FA0.7Sn0.8Pb0.2Br1.2I1.8,0.3,0.7,0,0,0.2,0.8,0,1.2,1.8
MA0.3FA0.7Sn0.8Pb0.2Br1.5I1.5,0.3,0.7,0,0,0.2,0.8,0,1.5,1.5
MA0.3FA0.7Sn0.8Pb0.2Br1.8I1.2,0.3,0.7,0,0,0.2,0.8,0,1.8,1.2
MA0.3FA0.7Sn0.8Pb0.2Br2.1I0.9,0.3,0.7,0,0,0.2,0.8,0,2.1,0.9
MA0.3FA0.7Sn0.8Pb0.2Br2.4I0.6,0.3,0.7,0,0,0.2,0.8,0,2.4,0.6
MA0.3FA0.7Sn0.8Pb0.2Br2.7I0.3,0.3,0.7,0,0,0.2,0.8,0,2.7,0.3
MA0.3FA0.7Sn0.7Pb0.3Cl0.3Br2.7,0.3,0.7,0,0,0.3,0.7,0.3,2.7,0
MA0.3FA0.7Sn0.7Pb0.3Cl0.6Br2.4,0.3,0.7,0,0,0.3,0.7,0.6,2.4,0
MA0.3FA0.7Sn0.7Pb0.3Cl0.9Br2.1,0.3,0.7,0,0,0.3,0.7,0.9,2.1,0
MA0.3FA0.7Sn0.7Pb0.3Cl1.2Br1.8,0.3,0.7,0,0,0.3,0.7,1.2,1.8,0
MA0.3FA0.7Sn0.7Pb0.3Cl1.5Br1.5,0.3,0.7,0,0,0.3,0.7,1.5,1.5,0
MA0.3FA0.7Sn0.7Pb0.3Cl1.8Br1.2,0.3,0.7,0,0,0.3,0.7,1.8,1.2,0
MA0.3FA0.7Sn0.7Pb0.3Cl2.1Br0.9,0.3,0.7,0,0,0.3,0.7,2.1,0.9,0
MA0.3FA0.7Sn0.7Pb0.3Cl2.4Br0.6,0.3,0.7,0,0,0.3,0.7,2.4,0.6,0
MA0.3FA0.7Sn0.7Pb0.3Cl2.7Br0.3,0.3,0.7,0,0,0.3,0.7,2.7,0.3,0
MA0.3FA0.7Sn0.7Pb0.3Cl0.3I2.7,0.3,0.7,0,0,0.3,0.7,0.3,0,2.7
MA0.3FA0.7Sn0.7Pb0.3Cl0.6I2.4,0.3,0.7,0,0,0.3,0.7,0.6,0,2.4
MA0.3FA0.7Sn0.7Pb0.3Cl0.9I2.1,0.3,0.7,0,0,0.3,0.7,0.9,0,2.1
MA0.3FA0.7Sn0.7Pb0.3Cl1.2I1.8,0.3,0.7,0,0,0.3,0.7,1.2,0,1.8
MA0.3FA0.7Sn0.7Pb0.3Cl1.5I1.5,0.3,0.7,0,0,0.3,0.7,1.5,0,1.5
MA0.3FA0.7Sn0.7Pb0.3Cl1.8I1.2,0.3,0.7,0,0,0.3,0.7,1.8,0,1.2
MA0.3FA0.7Sn0.7Pb0.3Cl2.1I0.9,0.3,0.7,0,0,0.3,0.7,2.1,0,0.9
MA0.3FA0.7Sn0.7Pb0.3Cl2.4I0.6,0.3,0.7,0,0,0.3,0.7,2.4,0,0.6
MA0.3FA0.7Sn0.7Pb0.3Cl2.7I0.3,0.3,0.7,0,0,0.3,0.7,2.7,0,0.3
MA0.3FA0.7Sn0.7Pb0.3Br0.3I2.7,0.3,0.7,0,0,0.3,0.7,0,0.3,2.7
MA0.3FA0.7Sn0.7Pb0.3Br0.6I2.4,0.3,0.7,0,0,0.3,0.7,0,0.6,2.4
MA0.3FA0.7Sn0.7Pb0.3Br0.9I2.1,0.3,0.7,0,0,0.3,0.7,0,0.9,2.1
MA0.3FA0.7Sn0.7Pb0.3Br1.2I1.8,0.3,0.7,0,0,0.3,0.7,0,1.2,1.8
MA0.3FA0.7Sn0.7Pb0.3Br1.5I1.5,0.3,0.7,0,0,0.3,0.7,0,1.5,1.5
MA0.3FA0.7Sn0.7Pb0.3Br1.8I1.2,0.3,0.7,0,0,0.3,0.7,0,1.8,1.2
MA0.3FA0.7Sn0.7Pb0.3Br2.1I0.9,0.3,0.7,0,0,0.3,0.7,0,2.1,0.9
MA0.3FA0.7Sn0.7Pb0.3Br2.4I0.6,0.3,0.7,0,0,0.3,0.7,0,2.4,0.6
MA0.3FA0.7Sn0.7Pb0.3Br2.7I0.3,0.3,0.7,0,0,0.3,0.7,0,2.7,0.3
MA0.3FA0.7Sn0.6Pb0.4Cl0.3Br2.7,0.3,0.7,0,0,0.4,0.6,0.3,2.7,0
MA0.3FA0.7Sn0.6Pb0.4Cl0.6Br2.4,0.3,0.7,0,0,0.4,0.6,0.6,2.4,0
MA0.3FA0.7Sn0.6Pb0.4Cl0.9Br2.1,0.3,0.7,0,0,0.4,0.6,0.9,2.1,0
MA0.3FA0.7Sn0.6Pb0.4Cl1.2Br1.8,0.3,0.7,0,0,0.4,0.6,1.2,1.8,0
MA0.3FA0.7Sn0.6Pb0.4Cl1.5Br1.5,0.3,0.7,0,0,0.4,0.6,1.5,1.5,0
MA0.3FA0.7Sn0.6Pb0.4Cl1.8Br1.2,0.3,0.7,0,0,0.4,0.6,1.8,1.2,0
MA0.3FA0.7Sn0.6Pb0.4Cl2.1Br0.9,0.3,0.7,0,0,0.4,0.6,2.1,0.9,0
MA0.3FA0.7Sn0.6Pb0.4Cl2.4Br0.6,0.3,0.7,0,0,0.4,0.6,2.4,0.6,0
MA0.3FA0.7Sn0.6Pb0.4Cl2.7Br0.3,0.3,0.7,0,0,0.4,0.6,2.7,0.3,0
MA0.3FA0.7Sn0.6Pb0.4Cl0.3I2.7,0.3,0.7,0,0,0.4,0.6,0.3,0,2.7
MA0.3FA0.7Sn0.6Pb0.4Cl0.6I2.4,0.3,0.7,0,0,0.4,0.6,0.6,0,2.4
MA0.3FA0.7Sn0.6Pb0.4Cl0.9I2.1,0.3,0.7,0,0,0.4,0.6,0.9,0,2.1
MA0.3FA0.7Sn0.6Pb0.4Cl1.2I1.8,0.3,0.7,0,0,0.4,0.6,1.2,0,1.8
MA0.3FA0.7Sn0.6Pb0.4Cl1.5I1.5,0.3,0.7,0,0,0.4,0.6,1.5,0,1.5
MA0.3FA0.7Sn0.6Pb0.4Cl1.8I1.2,0.3,0.7,0,0,0.4,0.6,1.8,0,1.2
MA0.3FA0.7Sn0.6Pb0.4Cl2.1I0.9,0.3,0.7,0,0,0.4,0.6,2.1,0,0.9
MA0.3FA0.7Sn0.6Pb0.4Cl2.4I0.6,0.3,0.7,0,0,0.4,0.6,2.4,0,0.6
MA0.3FA0.7Sn0.6Pb0.4Cl2.7I0.3,0.3,0.7,0,0,0.4,0.6,2.7,0,0.3
MA0.3FA0.7Sn0.6Pb0.4Br0.3I2.7,0.3,0.7,0,0,0.4,0.6,0,0.3,2.7
MA0.3FA0.7Sn0.6Pb0.4Br0.6I2.4,0.3,0.7,0,0,0.4,0.6,0,0.6,2.4
MA0.3FA0.7Sn0.6Pb0.4Br0.9I2.1,0.3,0.7,0,0,0.4,0.6,0,0.9,2.1
MA0.3FA0.7Sn0.6Pb0.4Br1.2I1.8,0.3,0.7,0,0,0.4,0.6,0,1.2,1.8
MA0.3FA0.7Sn0.6Pb0.4Br1.5I1.5,0.3,0.7,0,0,0.4,0.6,0,1.5,1.5
MA0.3FA0.7Sn0.6Pb0.4Br1.8I1.2,0.3,0.7,0,0,0.4,0.6,0,1.8,1.2
MA0.3FA0.7Sn0.6Pb0.4Br2.1I0.9,0.3,0.7,0,0,0.4,0.6,0,2.1,0.9
MA0.3FA0.7Sn0.6Pb0.4Br2.4I0.6,0.3,0.7,0,0,0.4,0.6,0,2.4,0.6
MA0.3FA0.7Sn0.6Pb0.4Br2.7I0.3,0.3,0.7,0,0,0.4,0.6,0,2.7,0.3
MA0.3FA0.7Sn0.5Pb0.5Cl0.3Br2.7,0.3,0.7,0,0,0.5,0.5,0.3,2.7,0
MA0.3FA0.7Sn0.5Pb0.5Cl0.6Br2.4,0.3,0.7,0,0,0.5,0.5,0.6,2.4,0
MA0.3FA0.7Sn0.5Pb0.5Cl0.9Br2.1,0.3,0.7,0,0,0.5,0.5,0.9,2.1,0
MA0.3FA0.7Sn0.5Pb0.5Cl1.2Br1.8,0.3,0.7,0,0,0.5,0.5,1.2,1.8,0
MA0.3FA0.7Sn0.5Pb0.5Cl1.5Br1.5,0.3,0.7,0,0,0.5,0.5,1.5,1.5,0
MA0.3FA0.7Sn0.5Pb0.5Cl1.8Br1.2,0.3,0.7,0,0,0.5,0.5,1.8,1.2,0
MA0.3FA0.7Sn0.5Pb0.5Cl2.1Br0.9,0.3,0.7,0,0,0.5,0.5,2.1,0.9,0
MA0.3FA0.7Sn0.5Pb0.5Cl2.4Br0.6,0.3,0.7,0,0,0.5,0.5,2.4,0.6,0
MA0.3FA0.7Sn0.5Pb0.5Cl2.7Br0.3,0.3,0.7,0,0,0.5,0.5,2.7,0.3,0
MA0.3FA0.7Sn0.5Pb0.5Cl0.3I2.7,0.3,0.7,0,0,0.5,0.5,0.3,0,2.7
MA0.3FA0.7Sn0.5Pb0.5Cl0.6I2.4,0.3,0.7,0,0,0.5,0.5,0.6,0,2.4
MA0.3FA0.7Sn0.5Pb0.5Cl0.9I2.1,0.3,0.7,0,0,0.5,0.5,0.9,0,2.1
MA0.3FA0.7Sn0.5Pb0.5Cl1.2I1.8,0.3,0.7,0,0,0.5,0.5,1.2,0,1.8
MA0.3FA0.7Sn0.5Pb0.5Cl1.5I1.5,0.3,0.7,0,0,0.5,0.5,1.5,0,1.5
MA0.3FA0.7Sn0.5Pb0.5Cl1.8I1.2,0.3,0.7,0,0,0.5,0.5,1.8,0,1.2
MA0.3FA0.7Sn0.5Pb0.5Cl2.1I0.9,0.3,0.7,0,0,0.5,0.5,2.1,0,0.9
MA0.3FA0.7Sn0.5Pb0.5Cl2.4I0.6,0.3,0.7,0,0,0.5,0.5,2.4,0,0.6
MA0.3FA0.7Sn0.5Pb0.5Cl2.7I0.3,0.3,0.7,0,0,0.5,0.5,2.7,0,0.3
MA0.3FA0.7Sn0.5Pb0.5Br0.3I2.7,0.3,0.7,0,0,0.5,0.5,0,0.3,2.7
MA0.3FA0.7Sn0.5Pb0.5Br0.6I2.4,0.3,0.7,0,0,0.5,0.5,0,0.6,2.4
MA0.3FA0.7Sn0.5Pb0.5Br0.9I2.1,0.3,0.7,0,0,0.5,0.5,0,0.9,2.1
MA0.3FA0.7Sn0.5Pb0.5Br1.2I1.8,0.3,0.7,0,0,0.5,0.5,0,1.2,1.8
MA0.3FA0.7Sn0.5Pb0.5Br1.5I1.5,0.3,0.7,0,0,0.5,0.5,0,1.5,1.5
MA0.3FA0.7Sn0.5Pb0.5Br1.8I1.2,0.3,0.7,0,0,0.5,0.5,0,1.8,1.2
MA0.3FA0.7Sn0.5Pb0.5Br2.1I0.9,0.3,0.7,0,0,0.5,0.5,0,2.1,0.9
MA0.3FA0.7Sn0.5Pb0.5Br2.4I0.6,0.3,0.7,0,0,0.5,0.5,0,2.4,0.6
MA0.3FA0.7Sn0.5Pb0.5Br2.7I0.3,0.3,0.7,0,0,0.5,0.5,0,2.7,0.3
MA0.3FA0.7Sn0.4Pb0.6Cl0.3Br2.7,0.3,0.7,0,0,0.6,0.4,0.3,2.7,0
MA0.3FA0.7Sn0.4Pb0.6Cl0.6Br2.4,0.3,0.7,0,0,0.6,0.4,0.6,2.4,0
MA0.3FA0.7Sn0.4Pb0.6Cl0.9Br2.1,0.3,0.7,0,0,0.6,0.4,0.9,2.1,0
MA0.3FA0.7Sn0.4Pb0.6Cl1.2Br1.8,0.3,0.7,0,0,0.6,0.4,1.2,1.8,0
MA0.3FA0.7Sn0.4Pb0.6Cl1.5Br1.5,0.3,0.7,0,0,0.6,0.4,1.5,1.5,0
MA0.3FA0.7Sn0.4Pb0.6Cl1.8Br1.2,0.3,0.7,0,0,0.6,0.4,1.8,1.2,0
MA0.3FA0.7Sn0.4Pb0.6Cl2.1Br0.9,0.3,0.7,0,0,0.6,0.4,2.1,0.9,0
MA0.3FA0.7Sn0.4Pb0.6Cl2.4Br0.6,0.3,0.7,0,0,0.6,0.4,2.4,0.6,0
MA0.3FA0.7Sn0.4Pb0.6Cl2.7Br0.3,0.3,0.7,0,0,0.6,0.4,2.7,0.3,0
MA0.3FA0.7Sn0.4Pb0.6Cl0.3I2.7,0.3,0.7,0,0,0.6,0.4,0.3,0,2.7
MA0.3FA0.7Sn0.4Pb0.6Cl0.6I2.4,0.3,0.7,0,0,0.6,0.4,0.6,0,2.4
MA0.3FA0.7Sn0.4Pb0.6Cl0.9I2.1,0.3,0.7,0,0,0.6,0.4,0.9,0,2.1
MA0.3FA0.7Sn0.4Pb0.6Cl1.2I1.8,0.3,0.7,0,0,0.6,0.4,1.2,0,1.8
MA0.3FA0.7Sn0.4Pb0.6Cl1.5I1.5,0.3,0.7,0,0,0.6,0.4,1.5,0,1.5
MA0.3FA0.7Sn0.4Pb0.6Cl1.8I1.2,0.3,0.7,0,0,0.6,0.4,1.8,0,1.2
MA0.3FA0.7Sn0.4Pb0.6Cl2.1I0.9,0.3,0.7,0,0,0.6,0.4,2.1,0,0.9
MA0.3FA0.7Sn0.4Pb0.6Cl2.4I0.6,0.3,0.7,0,0,0.6,0.4,2.4,0,0.6
MA0.3FA0.7Sn0.4Pb0.6Cl2.7I0.3,0.3,0.7,0,0,0.6,0.4,2.7,0,0.3
MA0.3FA0.7Sn0.4Pb0.6Br0.3I2.7,0.3,0.7,0,0,0.6,0.4,0,0.3,2.7
MA0.3FA0.7Sn0.4Pb0.6Br0.6I2.4,0.3,0.7,0,0,0.6,0.4,0,0.6,2.4
MA0.3FA0.7Sn0.4Pb0.6Br0.9I2.1,0.3,0.7,0,0,0.6,0.4,0,0.9,2.1
MA0.3FA0.7Sn0.4Pb0.6Br1.2I1.8,0.3,0.7,0,0,0.6,0.4,0,1.2,1.8
MA0.3FA0.7Sn0.4Pb0.6Br1.5I1.5,0.3,0.7,0,0,0.6,0.4,0,1.5,1.5
MA0.3FA0.7Sn0.4Pb0.6Br1.8I1.2,0.3,0.7,0,0,0.6,0.4,0,1.8,1.2
MA0.3FA0.7Sn0.4Pb0.6Br2.1I0.9,0.3,0.7,0,0,0.6,0.4,0,2.1,0.9
MA0.3FA0.7Sn0.4Pb0.6Br2.4I0.6,0.3,0.7,0,0,0.6,0.4,0,2.4,0.6
MA0.3FA0.7Sn0.4Pb0.6Br2.7I0.3,0.3,0.7,0,0,0.6,0.4,0,2.7,0.3
MA0.3FA0.7Sn0.3Pb0.7Cl0.3Br2.7,0.3,0.7,0,0,0.7,0.3,0.3,2.7,0
MA0.3FA0.7Sn0.3Pb0.7Cl0.6Br2.4,0.3,0.7,0,0,0.7,0.3,0.6,2.4,0
MA0.3FA0.7Sn0.3Pb0.7Cl0.9Br2.1,0.3,0.7,0,0,0.7,0.3,0.9,2.1,0
MA0.3FA0.7Sn0.3Pb0.7Cl1.2Br1.8,0.3,0.7,0,0,0.7,0.3,1.2,1.8,0
MA0.3FA0.7Sn0.3Pb0.7Cl1.5Br1.5,0.3,0.7,0,0,0.7,0.3,1.5,1.5,0
MA0.3FA0.7Sn0.3Pb0.7Cl1.8Br1.2,0.3,0.7,0,0,0.7,0.3,1.8,1.2,0
MA0.3FA0.7Sn0.3Pb0.7Cl2.1Br0.9,0.3,0.7,0,0,0.7,0.3,2.1,0.9,0
MA0.3FA0.7Sn0.3Pb0.7Cl2.4Br0.6,0.3,0.7,0,0,0.7,0.3,2.4,0.6,0
MA0.3FA0.7Sn0.3Pb0.7Cl2.7Br0.3,0.3,0.7,0,0,0.7,0.3,2.7,0.3,0
MA0.3FA0.7Sn0.3Pb0.7Cl0.3I2.7,0.3,0.7,0,0,0.7,0.3,0.3,0,2.7
MA0.3FA0.7Sn0.3Pb0.7Cl0.6I2.4,0.3,0.7,0,0,0.7,0.3,0.6,0,2.4
MA0.3FA0.7Sn0.3Pb0.7Cl0.9I2.1,0.3,0.7,0,0,0.7,0.3,0.9,0,2.1
MA0.3FA0.7Sn0.3Pb0.7Cl1.2I1.8,0.3,0.7,0,0,0.7,0.3,1.2,0,1.8
MA0.3FA0.7Sn0.3Pb0.7Cl1.5I1.5,0.3,0.7,0,0,0.7,0.3,1.5,0,1.5
MA0.3FA0.7Sn0.3Pb0.7Cl1.8I1.2,0.3,0.7,0,0,0.7,0.3,1.8,0,1.2
MA0.3FA0.7Sn0.3Pb0.7Cl2.1I0.9,0.3,0.7,0,0,0.7,0.3,2.1,0,0.9
MA0.3FA0.7Sn0.3Pb0.7Cl2.4I0.6,0.3,0.7,0,0,0.7,0.3,2.4,0,0.6
MA0.3FA0.7Sn0.3Pb0.7Cl2.7I0.3,0.3,0.7,0,0,0.7,0.3,2.7,0,0.3
MA0.3FA0.7Sn0.3Pb0.7Br0.3I2.7,0.3,0.7,0,0,0.7,0.3,0,0.3,2.7
MA0.3FA0.7Sn0.3Pb0.7Br0.6I2.4,0.3,0.7,0,0,0.7,0.3,0,0.6,2.4
MA0.3FA0.7Sn0.3Pb0.7Br0.9I2.1,0.3,0.7,0,0,0.7,0.3,0,0.9,2.1
MA0.3FA0.7Sn0.3Pb0.7Br1.2I1.8,0.3,0.7,0,0,0.7,0.3,0,1.2,1.8
MA0.3FA0.7Sn0.3Pb0.7Br1.5I1.5,0.3,0.7,0,0,0.7,0.3,0,1.5,1.5
MA0.3FA0.7Sn0.3Pb0.7Br1.8I1.2,0.3,0.7,0,0,0.7,0.3,0,1.8,1.2
MA0.3FA0.7Sn0.3Pb0.7Br2.1I0.9,0.3,0.7,0,0,0.7,0.3,0,2.1,0.9
MA0.3FA0.7Sn0.3Pb0.7Br2.4I0.6,0.3,0.7,0,0,0.7,0.3,0,2.4,0.6
MA0.3FA0.7Sn0.3Pb0.7Br2.7I0.3,0.3,0.7,0,0,0.7,0.3,0,2.7,0.3
MA0.3FA0.7Sn0.2Pb0.8Cl0.3Br2.7,0.3,0.7,0,0,0.8,0.2,0.3,2.7,0
MA0.3FA0.7Sn0.2Pb0.8Cl0.6Br2.4,0.3,0.7,0,0,0.8,0.2,0.6,2.4,0
MA0.3FA0.7Sn0.2Pb0.8Cl0.9Br2.1,0.3,0.7,0,0,0.8,0.2,0.9,2.1,0
MA0.3FA0.7Sn0.2Pb0.8Cl1.2Br1.8,0.3,0.7,0,0,0.8,0.2,1.2,1.8,0
MA0.3FA0.7Sn0.2Pb0.8Cl1.5Br1.5,0.3,0.7,0,0,0.8,0.2,1.5,1.5,0
MA0.3FA0.7Sn0.2Pb0.8Cl1.8Br1.2,0.3,0.7,0,0,0.8,0.2,1.8,1.2,0
MA0.3FA0.7Sn0.2Pb0.8Cl2.1Br0.9,0.3,0.7,0,0,0.8,0.2,2.1,0.9,0
MA0.3FA0.7Sn0.2Pb0.8Cl2.4Br0.6,0.3,0.7,0,0,0.8,0.2,2.4,0.6,0
MA0.3FA0.7Sn0.2Pb0.8Cl2.7Br0.3,0.3,0.7,0,0,0.8,0.2,2.7,0.3,0
MA0.3FA0.7Sn0.2Pb0.8Cl0.3I2.7,0.3,0.7,0,0,0.8,0.2,0.3,0,2.7
MA0.3FA0.7Sn0.2Pb0.8Cl0.6I2.4,0.3,0.7,0,0,0.8,0.2,0.6,0,2.4
MA0.3FA0.7Sn0.2Pb0.8Cl0.9I2.1,0.3,0.7,0,0,0.8,0.2,0.9,0,2.1
MA0.3FA0.7Sn0.2Pb0.8Cl1.2I1.8,0.3,0.7,0,0,0.8,0.2,1.2,0,1.8
MA0.3FA0.7Sn0.2Pb0.8Cl1.5I1.5,0.3,0.7,0,0,0.8,0.2,1.5,0,1.5
MA0.3FA0.7Sn0.2Pb0.8Cl1.8I1.2,0.3,0.7,0,0,0.8,0.2,1.8,0,1.2
MA0.3FA0.7Sn0.2Pb0.8Cl2.1I0.9,0.3,0.7,0,0,0.8,0.2,2.1,0,0.9
MA0.3FA0.7Sn0.2Pb0.8Cl2.4I0.6,0.3,0.7,0,0,0.8,0.2,2.4,0,0.6
MA0.3FA0.7Sn0.2Pb0.8Cl2.7I0.3,0.3,0.7,0,0,0.8,0.2,2.7,0,0.3
MA0.3FA0.7Sn0.2Pb0.8Br0.3I2.7,0.3,0.7,0,0,0.8,0.2,0,0.3,2.7
MA0.3FA0.7Sn0.2Pb0.8Br0.6I2.4,0.3,0.7,0,0,0.8,0.2,0,0.6,2.4
MA0.3FA0.7Sn0.2Pb0.8Br0.9I2.1,0.3,0.7,0,0,0.8,0.2,0,0.9,2.1
MA0.3FA0.7Sn0.2Pb0.8Br1.2I1.8,0.3,0.7,0,0,0.8,0.2,0,1.2,1.8
MA0.3FA0.7Sn0.2Pb0.8Br1.5I1.5,0.3,0.7,0,0,0.8,0.2,0,1.5,1.5
MA0.3FA0.7Sn0.2Pb0.8Br1.8I1.2,0.3,0.7,0,0,0.8,0.2,0,1.8,1.2
MA0.3FA0.7Sn0.2Pb0.8Br2.1I0.9,0.3,0.7,0,0,0.8,0.2,0,2.1,0.9
MA0.3FA0.7Sn0.2Pb0.8Br2.4I0.6,0.3,0.7,0,0,0.8,0.2,0,2.4,0.6
MA0.3FA0.7Sn0.2Pb0.8Br2.7I0.3,0.3,0.7,0,0,0.8,0.2,0,2.7,0.3
MA0.3FA0.7Sn0.1Pb0.9Cl0.3Br2.7,0.3,0.7,0,0,0.9,0.1,0.3,2.7,0
MA0.3FA0.7Sn0.1Pb0.9Cl0.6Br2.4,0.3,0.7,0,0,0.9,0.1,0.6,2.4,0
MA0.3FA0.7Sn0.1Pb0.9Cl0.9Br2.1,0.3,0.7,0,0,0.9,0.1,0.9,2.1,0
MA0.3FA0.7Sn0.1Pb0.9Cl1.2Br1.8,0.3,0.7,0,0,0.9,0.1,1.2,1.8,0
MA0.3FA0.7Sn0.1Pb0.9Cl1.5Br1.5,0.3,0.7,0,0,0.9,0.1,1.5,1.5,0
MA0.3FA0.7Sn0.1Pb0.9Cl1.8Br1.2,0.3,0.7,0,0,0.9,0.1,1.8,1.2,0
MA0.3FA0.7Sn0.1Pb0.9Cl2.1Br0.9,0.3,0.7,0,0,0.9,0.1,2.1,0.9,0
MA0.3FA0.7Sn0.1Pb0.9Cl2.4Br0.6,0.3,0.7,0,0,0.9,0.1,2.4,0.6,0
MA0.3FA0.7Sn0.1Pb0.9Cl2.7Br0.3,0.3,0.7,0,0,0.9,0.1,2.7,0.3,0
MA0.3FA0.7Sn0.1Pb0.9Cl0.3I2.7,0.3,0.7,0,0,0.9,0.1,0.3,0,2.7
MA0.3FA0.7Sn0.1Pb0.9Cl0.6I2.4,0.3,0.7,0,0,0.9,0.1,0.6,0,2.4
MA0.3FA0.7Sn0.1Pb0.9Cl0.9I2.1,0.3,0.7,0,0,0.9,0.1,0.9,0,2.1
MA0.3FA0.7Sn0.1Pb0.9Cl1.2I1.8,0.3,0.7,0,0,0.9,0.1,1.2,0,1.8
MA0.3FA0.7Sn0.1Pb0.9Cl1.5I1.5,0.3,0.7,0,0,0.9,0.1,1.5,0,1.5
MA0.3FA0.7Sn0.1Pb0.9Cl1.8I1.2,0.3,0.7,0,0,0.9,0.1,1.8,0,1.2
MA0.3FA0.7Sn0.1Pb0.9Cl2.1I0.9,0.3,0.7,0,0,0.9,0.1,2.1,0,0.9
MA0.3FA0.7Sn0.1Pb0.9Cl2.4I0.6,0.3,0.7,0,0,0.9,0.1,2.4,0,0.6
MA0.3FA0.7Sn0.1Pb0.9Cl2.7I0.3,0.3,0.7,0,0,0.9,0.1,2.7,0,0.3
MA0.3FA0.7Sn0.1Pb0.9Br0.3I2.7,0.3,0.7,0,0,0.9,0.1,0,0.3,2.7
MA0.3FA0.7Sn0.1Pb0.9Br0.6I2.4,0.3,0.7,0,0,0.9,0.1,0,0.6,2.4
MA0.3FA0.7Sn0.1Pb0.9Br0.9I2.1,0.3,0.7,0,0,0.9,0.1,0,0.9,2.1
MA0.3FA0.7Sn0.1Pb0.9Br1.2I1.8,0.3,0.7,0,0,0.9,0.1,0,1.2,1.8
MA0.3FA0.7Sn0.1Pb0.9Br1.5I1.5,0.3,0.7,0,0,0.9,0.1,0,1.5,1.5
MA0.3FA0.7Sn0.1Pb0.9Br1.8I1.2,0.3,0.7,0,0,0.9,0.1,0,1.8,1.2
MA0.3FA0.7Sn0.1Pb0.9Br2.1I0.9,0.3,0.7,0,0,0.9,0.1,0,2.1,0.9
MA0.3FA0.7Sn0.1Pb0.9Br2.4I0.6,0.3,0.7,0,0,0.9,0.1,0,2.4,0.6
MA0.3FA0.7Sn0.1Pb0.9Br2.7I0.3,0.3,0.7,0,0,0.9,0.1,0,2.7,0.3
MA0.4FA0.6Sn0.9Pb0.1Cl0.3Br2.7,0.4,0.6,0,0,0.1,0.9,0.3,2.7,0
MA0.4FA0.6Sn0.9Pb0.1Cl0.6Br2.4,0.4,0.6,0,0,0.1,0.9,0.6,2.4,0
MA0.4FA0.6Sn0.9Pb0.1Cl0.9Br2.1,0.4,0.6,0,0,0.1,0.9,0.9,2.1,0
MA0.4FA0.6Sn0.9Pb0.1Cl1.2Br1.8,0.4,0.6,0,0,0.1,0.9,1.2,1.8,0
MA0.4FA0.6Sn0.9Pb0.1Cl1.5Br1.5,0.4,0.6,0,0,0.1,0.9,1.5,1.5,0
MA0.4FA0.6Sn0.9Pb0.1Cl1.8Br1.2,0.4,0.6,0,0,0.1,0.9,1.8,1.2,0
MA0.4FA0.6Sn0.9Pb0.1Cl2.1Br0.9,0.4,0.6,0,0,0.1,0.9,2.1,0.9,0
MA0.4FA0.6Sn0.9Pb0.1Cl2.4Br0.6,0.4,0.6,0,0,0.1,0.9,2.4,0.6,0
MA0.4FA0.6Sn0.9Pb0.1Cl2.7Br0.3,0.4,0.6,0,0,0.1,0.9,2.7,0.3,0
MA0.4FA0.6Sn0.9Pb0.1Cl0.3I2.7,0.4,0.6,0,0,0.1,0.9,0.3,0,2.7
MA0.4FA0.6Sn0.9Pb0.1Cl0.6I2.4,0.4,0.6,0,0,0.1,0.9,0.6,0,2.4
MA0.4FA0.6Sn0.9Pb0.1Cl0.9I2.1,0.4,0.6,0,0,0.1,0.9,0.9,0,2.1
MA0.4FA0.6Sn0.9Pb0.1Cl1.2I1.8,0.4,0.6,0,0,0.1,0.9,1.2,0,1.8
MA0.4FA0.6Sn0.9Pb0.1Cl1.5I1.5,0.4,0.6,0,0,0.1,0.9,1.5,0,1.5
MA0.4FA0.6Sn0.9Pb0.1Cl1.8I1.2,0.4,0.6,0,0,0.1,0.9,1.8,0,1.2
MA0.4FA0.6Sn0.9Pb0.1Cl2.1I0.9,0.4,0.6,0,0,0.1,0.9,2.1,0,0.9
MA0.4FA0.6Sn0.9Pb0.1Cl2.4I0.6,0.4,0.6,0,0,0.1,0.9,2.4,0,0.6
MA0.4FA0.6Sn0.9Pb0.1Cl2.7I0.3,0.4,0.6,0,0,0.1,0.9,2.7,0,0.3
MA0.4FA0.6Sn0.9Pb0.1Br0.3I2.7,0.4,0.6,0,0,0.1,0.9,0,0.3,2.7
MA0.4FA0.6Sn0.9Pb0.1Br0.6I2.4,0.4,0.6,0,0,0.1,0.9,0,0.6,2.4
MA0.4FA0.6Sn0.9Pb0.1Br0.9I2.1,0.4,0.6,0,0,0.1,0.9,0,0.9,2.1
MA0.4FA0.6Sn0.9Pb0.1Br1.2I1.8,0.4,0.6,0,0,0.1,0.9,0,1.2,1.8
MA0.4FA0.6Sn0.9Pb0.1Br1.5I1.5,0.4,0.6,0,0,0.1,0.9,0,1.5,1.5
MA0.4FA0.6Sn0.9Pb0.1Br1.8I1.2,0.4,0.6,0,0,0.1,0.9,0,1.8,1.2
MA0.4FA0.6Sn0.9Pb0.1Br2.1I0.9,0.4,0.6,0,0,0.1,0.9,0,2.1,0.9
MA0.4FA0.6Sn0.9Pb0.1Br2.4I0.6,0.4,0.6,0,0,0.1,0.9,0,2.4,0.6
MA0.4FA0.6Sn0.9Pb0.1Br2.7I0.3,0.4,0.6,0,0,0.1,0.9,0,2.7,0.3
MA0.4FA0.6Sn0.8Pb0.2Cl0.3Br2.7,0.4,0.6,0,0,0.2,0.8,0.3,2.7,0
MA0.4FA0.6Sn0.8Pb0.2Cl0.6Br2.4,0.4,0.6,0,0,0.2,0.8,0.6,2.4,0
MA0.4FA0.6Sn0.8Pb0.2Cl0.9Br2.1,0.4,0.6,0,0,0.2,0.8,0.9,2.1,0
MA0.4FA0.6Sn0.8Pb0.2Cl1.2Br1.8,0.4,0.6,0,0,0.2,0.8,1.2,1.8,0
MA0.4FA0.6Sn0.8Pb0.2Cl1.5Br1.5,0.4,0.6,0,0,0.2,0.8,1.5,1.5,0
MA0.4FA0.6Sn0.8Pb0.2Cl1.8Br1.2,0.4,0.6,0,0,0.2,0.8,1.8,1.2,0
MA0.4FA0.6Sn0.8Pb0.2Cl2.1Br0.9,0.4,0.6,0,0,0.2,0.8,2.1,0.9,0
MA0.4FA0.6Sn0.8Pb0.2Cl2.4Br0.6,0.4,0.6,0,0,0.2,0.8,2.4,0.6,0
MA0.4FA0.6Sn0.8Pb0.2Cl2.7Br0.3,0.4,0.6,0,0,0.2,0.8,2.7,0.3,0
MA0.4FA0.6Sn0.8Pb0.2Cl0.3I2.7,0.4,0.6,0,0,0.2,0.8,0.3,0,2.7
MA0.4FA0.6Sn0.8Pb0.2Cl0.6I2.4,0.4,0.6,0,0,0.2,0.8,0.6,0,2.4
MA0.4FA0.6Sn0.8Pb0.2Cl0.9I2.1,0.4,0.6,0,0,0.2,0.8,0.9,0,2.1
MA0.4FA0.6Sn0.8Pb0.2Cl1.2I1.8,0.4,0.6,0,0,0.2,0.8,1.2,0,1.8
MA0.4FA0.6Sn0.8Pb0.2Cl1.5I1.5,0.4,0.6,0,0,0.2,0.8,1.5,0,1.5
MA0.4FA0.6Sn0.8Pb0.2Cl1.8I1.2,0.4,0.6,0,0,0.2,0.8,1.8,0,1.2
MA0.4FA0.6Sn0.8Pb0.2Cl2.1I0.9,0.4,0.6,0,0,0.2,0.8,2.1,0,0.9
MA0.4FA0.6Sn0.8Pb0.2Cl2.4I0.6,0.4,0.6,0,0,0.2,0.8,2.4,0,0.6
MA0.4FA0.6Sn0.8Pb0.2Cl2.7I0.3,0.4,0.6,0,0,0.2,0.8,2.7,0,0.3
MA0.4FA0.6Sn0.8Pb0.2Br0.3I2.7,0.4,0.6,0,0,0.2,0.8,0,0.3,2.7
MA0.4FA0.6Sn0.8Pb0.2Br0.6I2.4,0.4,0.6,0,0,0.2,0.8,0,0.6,2.4
MA0.4FA0.6Sn0.8Pb0.2Br0.9I2.1,0.4,0.6,0,0,0.2,0.8,0,0.9,2.1
MA0.4FA0.6Sn0.8Pb0.2Br1.2I1.8,0.4,0.6,0,0,0.2,0.8,0,1.2,1.8
MA0.4FA0.6Sn0.8Pb0.2Br1.5I1.5,0.4,0.6,0,0,0.2,0.8,0,1.5,1.5
MA0.4FA0.6Sn0.8Pb0.2Br1.8I1.2,0.4,0.6,0,0,0.2,0.8,0,1.8,1.2
MA0.4FA0.6Sn0.8Pb0.2Br2.1I0.9,0.4,0.6,0,0,0.2,0.8,0,2.1,0.9
MA0.4FA0.6Sn0.8Pb0.2Br2.4I0.6,0.4,0.6,0,0,0.2,0.8,0,2.4,0.6
MA0.4FA0.6Sn0.8Pb0.2Br2.7I0.3,0.4,0.6,0,0,0.2,0.8,0,2.7,0.3
MA0.4FA0.6Sn0.7Pb0.3Cl0.3Br2.7,0.4,0.6,0,0,0.3,0.7,0.3,2.7,0
MA0.4FA0.6Sn0.7Pb0.3Cl0.6Br2.4,0.4,0.6,0,0,0.3,0.7,0.6,2.4,0
MA0.4FA0.6Sn0.7Pb0.3Cl0.9Br2.1,0.4,0.6,0,0,0.3,0.7,0.9,2.1,0
MA0.4FA0.6Sn0.7Pb0.3Cl1.2Br1.8,0.4,0.6,0,0,0.3,0.7,1.2,1.8,0
MA0.4FA0.6Sn0.7Pb0.3Cl1.5Br1.5,0.4,0.6,0,0,0.3,0.7,1.5,1.5,0
MA0.4FA0.6Sn0.7Pb0.3Cl1.8Br1.2,0.4,0.6,0,0,0.3,0.7,1.8,1.2,0
MA0.4FA0.6Sn0.7Pb0.3Cl2.1Br0.9,0.4,0.6,0,0,0.3,0.7,2.1,0.9,0
MA0.4FA0.6Sn0.7Pb0.3Cl2.4Br0.6,0.4,0.6,0,0,0.3,0.7,2.4,0.6,0
MA0.4FA0.6Sn0.7Pb0.3Cl2.7Br0.3,0.4,0.6,0,0,0.3,0.7,2.7,0.3,0
MA0.4FA0.6Sn0.7Pb0.3Cl0.3I2.7,0.4,0.6,0,0,0.3,0.7,0.3,0,2.7
MA0.4FA0.6Sn0.7Pb0.3Cl0.6I2.4,0.4,0.6,0,0,0.3,0.7,0.6,0,2.4
MA0.4FA0.6Sn0.7Pb0.3Cl0.9I2.1,0.4,0.6,0,0,0.3,0.7,0.9,0,2.1
MA0.4FA0.6Sn0.7Pb0.3Cl1.2I1.8,0.4,0.6,0,0,0.3,0.7,1.2,0,1.8
MA0.4FA0.6Sn0.7Pb0.3Cl1.5I1.5,0.4,0.6,0,0,0.3,0.7,1.5,0,1.5
MA0.4FA0.6Sn0.7Pb0.3Cl1.8I1.2,0.4,0.6,0,0,0.3,0.7,1.8,0,1.2
MA0.4FA0.6Sn0.7Pb0.3Cl2.1I0.9,0.4,0.6,0,0,0.3,0.7,2.1,0,0.9
MA0.4FA0.6Sn0.7Pb0.3Cl2.4I0.6,0.4,0.6,0,0,0.3,0.7,2.4,0,0.6
MA0.4FA0.6Sn0.7Pb0.3Cl2.7I0.3,0.4,0.6,0,0,0.3,0.7,2.7,0,0.3
MA0.4FA0.6Sn0.7Pb0.3Br0.3I2.7,0.4,0.6,0,0,0.3,0.7,0,0.3,2.7
MA0.4FA0.6Sn0.7Pb0.3Br0.6I2.4,0.4,0.6,0,0,0.3,0.7,0,0.6,2.4
MA0.4FA0.6Sn0.7Pb0.3Br0.9I2.1,0.4,0.6,0,0,0.3,0.7,0,0.9,2.1
MA0.4FA0.6Sn0.7Pb0.3Br1.2I1.8,0.4,0.6,0,0,0.3,0.7,0,1.2,1.8
MA0.4FA0.6Sn0.7Pb0.3Br1.5I1.5,0.4,0.6,0,0,0.3,0.7,0,1.5,1.5
MA0.4FA0.6Sn0.7Pb0.3Br1.8I1.2,0.4,0.6,0,0,0.3,0.7,0,1.8,1.2
MA0.4FA0.6Sn0.7Pb0.3Br2.1I0.9,0.4,0.6,0,0,0.3,0.7,0,2.1,0.9
MA0.4FA0.6Sn0.7Pb0.3Br2.4I0.6,0.4,0.6,0,0,0.3,0.7,0,2.4,0.6
MA0.4FA0.6Sn0.7Pb0.3Br2.7I0.3,0.4,0.6,0,0,0.3,0.7,0,2.7,0.3
MA0.4FA0.6Sn0.6Pb0.4Cl0.3Br2.7,0.4,0.6,0,0,0.4,0.6,0.3,2.7,0
MA0.4FA0.6Sn0.6Pb0.4Cl0.6Br2.4,0.4,0.6,0,0,0.4,0.6,0.6,2.4,0
MA0.4FA0.6Sn0.6Pb0.4Cl0.9Br2.1,0.4,0.6,0,0,0.4,0.6,0.9,2.1,0
MA0.4FA0.6Sn0.6Pb0.4Cl1.2Br1.8,0.4,0.6,0,0,0.4,0.6,1.2,1.8,0
MA0.4FA0.6Sn0.6Pb0.4Cl1.5Br1.5,0.4,0.6,0,0,0.4,0.6,1.5,1.5,0
MA0.4FA0.6Sn0.6Pb0.4Cl1.8Br1.2,0.4,0.6,0,0,0.4,0.6,1.8,1.2,0
MA0.4FA0.6Sn0.6Pb0.4Cl2.1Br0.9,0.4,0.6,0,0,0.4,0.6,2.1,0.9,0
MA0.4FA0.6Sn0.6Pb0.4Cl2.4Br0.6,0.4,0.6,0,0,0.4,0.6,2.4,0.6,0
MA0.4FA0.6Sn0.6Pb0.4Cl2.7Br0.3,0.4,0.6,0,0,0.4,0.6,2.7,0.3,0
MA0.4FA0.6Sn0.6Pb0.4Cl0.3I2.7,0.4,0.6,0,0,0.4,0.6,0.3,0,2.7
MA0.4FA0.6Sn0.6Pb0.4Cl0.6I2.4,0.4,0.6,0,0,0.4,0.6,0.6,0,2.4
MA0.4FA0.6Sn0.6Pb0.4Cl0.9I2.1,0.4,0.6,0,0,0.4,0.6,0.9,0,2.1
MA0.4FA0.6Sn0.6Pb0.4Cl1.2I1.8,0.4,0.6,0,0,0.4,0.6,1.2,0,1.8
MA0.4FA0.6Sn0.6Pb0.4Cl1.5I1.5,0.4,0.6,0,0,0.4,0.6,1.5,0,1.5
MA0.4FA0.6Sn0.6Pb0.4Cl1.8I1.2,0.4,0.6,0,0,0.4,0.6,1.8,0,1.2
MA0.4FA0.6Sn0.6Pb0.4Cl2.1I0.9,0.4,0.6,0,0,0.4,0.6,2.1,0,0.9
MA0.4FA0.6Sn0.6Pb0.4Cl2.4I0.6,0.4,0.6,0,0,0.4,0.6,2.4,0,0.6
MA0.4FA0.6Sn0.6Pb0.4Cl2.7I0.3,0.4,0.6,0,0,0.4,0.6,2.7,0,0.3
MA0.4FA0.6Sn0.6Pb0.4Br0.6I2.4,0.4,0.6,0,0,0.4,0.6,0,0.6,2.4
MA0.4FA0.6Sn0.6Pb0.4Br0.9I2.1,0.4,0.6,0,0,0.4,0.6,0,0.9,2.1
MA0.4FA0.6Sn0.6Pb0.4Br1.2I1.8,0.4,0.6,0,0,0.4,0.6,0,1.2,1.8
MA0.4FA0.6Sn0.6Pb0.4Br1.5I1.5,0.4,0.6,0,0,0.4,0.6,0,1.5,1.5
MA0.4FA0.6Sn0.6Pb0.4Br1.8I1.2,0.4,0.6,0,0,0.4,0.6,0,1.8,1.2
MA0.4FA0.6Sn0.6Pb0.4Br2.1I0.9,0.4,0.6,0,0,0.4,0.6,0,2.1,0.9
MA0.4FA0.6Sn0.6Pb0.4Br2.4I0.6,0.4,0.6,0,0,0.4,0.6,0,2.4,0.6
MA0.4FA0.6Sn0.6Pb0.4Br2.7I0.3,0.4,0.6,0,0,0.4,0.6,0,2.7,0.3
MA0.4FA0.6Sn0.5Pb0.5Cl0.3Br2.7,0.4,0.6,0,0,0.5,0.5,0.3,2.7,0
MA0.4FA0.6Sn0.5Pb0.5Cl0.6Br2.4,0.4,0.6,0,0,0.5,0.5,0.6,2.4,0
MA0.4FA0.6Sn0.5Pb0.5Cl0.9Br2.1,0.4,0.6,0,0,0.5,0.5,0.9,2.1,0
MA0.4FA0.6Sn0.5Pb0.5Cl1.2Br1.8,0.4,0.6,0,0,0.5,0.5,1.2,1.8,0
MA0.4FA0.6Sn0.5Pb0.5Cl1.5Br1.5,0.4,0.6,0,0,0.5,0.5,1.5,1.5,0
MA0.4FA0.6Sn0.5Pb0.5Cl1.8Br1.2,0.4,0.6,0,0,0.5,0.5,1.8,1.2,0
MA0.4FA0.6Sn0.5Pb0.5Cl2.1Br0.9,0.4,0.6,0,0,0.5,0.5,2.1,0.9,0
MA0.4FA0.6Sn0.5Pb0.5Cl2.4Br0.6,0.4,0.6,0,0,0.5,0.5,2.4,0.6,0
MA0.4FA0.6Sn0.5Pb0.5Cl2.7Br0.3,0.4,0.6,0,0,0.5,0.5,2.7,0.3,0
MA0.4FA0.6Sn0.5Pb0.5Cl0.3I2.7,0.4,0.6,0,0,0.5,0.5,0.3,0,2.7
MA0.4FA0.6Sn0.5Pb0.5Cl0.6I2.4,0.4,0.6,0,0,0.5,0.5,0.6,0,2.4
MA0.4FA0.6Sn0.5Pb0.5Cl0.9I2.1,0.4,0.6,0,0,0.5,0.5,0.9,0,2.1
MA0.4FA0.6Sn0.5Pb0.5Cl1.2I1.8,0.4,0.6,0,0,0.5,0.5,1.2,0,1.8
MA0.4FA0.6Sn0.5Pb0.5Cl1.5I1.5,0.4,0.6,0,0,0.5,0.5,1.5,0,1.5
MA0.4FA0.6Sn0.5Pb0.5Cl1.8I1.2,0.4,0.6,0,0,0.5,0.5,1.8,0,1.2
MA0.4FA0.6Sn0.5Pb0.5Cl2.1I0.9,0.4,0.6,0,0,0.5,0.5,2.1,0,0.9
MA0.4FA0.6Sn0.5Pb0.5Cl2.4I0.6,0.4,0.6,0,0,0.5,0.5,2.4,0,0.6
MA0.4FA0.6Sn0.5Pb0.5Cl2.7I0.3,0.4,0.6,0,0,0.5,0.5,2.7,0,0.3
MA0.4FA0.6Sn0.5Pb0.5Br0.3I2.7,0.4,0.6,0,0,0.5,0.5,0,0.3,2.7
MA0.4FA0.6Sn0.5Pb0.5Br0.6I2.4,0.4,0.6,0,0,0.5,0.5,0,0.6,2.4
MA0.4FA0.6Sn0.5Pb0.5Br0.9I2.1,0.4,0.6,0,0,0.5,0.5,0,0.9,2.1
MA0.4FA0.6Sn0.5Pb0.5Br1.2I1.8,0.4,0.6,0,0,0.5,0.5,0,1.2,1.8
MA0.4FA0.6Sn0.5Pb0.5Br1.5I1.5,0.4,0.6,0,0,0.5,0.5,0,1.5,1.5
MA0.4FA0.6Sn0.5Pb0.5Br1.8I1.2,0.4,0.6,0,0,0.5,0.5,0,1.8,1.2
MA0.4FA0.6Sn0.5Pb0.5Br2.1I0.9,0.4,0.6,0,0,0.5,0.5,0,2.1,0.9
MA0.4FA0.6Sn0.5Pb0.5Br2.4I0.6,0.4,0.6,0,0,0.5,0.5,0,2.4,0.6
MA0.4FA0.6Sn0.5Pb0.5Br2.7I0.3,0.4,0.6,0,0,0.5,0.5,0,2.7,0.3
MA0.4FA0.6Sn0.4Pb0.6Cl0.3Br2.7,0.4,0.6,0,0,0.6,0.4,0.3,2.7,0
MA0.4FA0.6Sn0.4Pb0.6Cl0.6Br2.4,0.4,0.6,0,0,0.6,0.4,0.6,2.4,0
MA0.4FA0.6Sn0.4Pb0.6Cl0.9Br2.1,0.4,0.6,0,0,0.6,0.4,0.9,2.1,0
MA0.4FA0.6Sn0.4Pb0.6Cl1.2Br1.8,0.4,0.6,0,0,0.6,0.4,1.2,1.8,0
MA0.4FA0.6Sn0.4Pb0.6Cl1.5Br1.5,0.4,0.6,0,0,0.6,0.4,1.5,1.5,0
MA0.4FA0.6Sn0.4Pb0.6Cl1.8Br1.2,0.4,0.6,0,0,0.6,0.4,1.8,1.2,0
MA0.4FA0.6Sn0.4Pb0.6Cl2.1Br0.9,0.4,0.6,0,0,0.6,0.4,2.1,0.9,0
MA0.4FA0.6Sn0.4Pb0.6Cl2.4Br0.6,0.4,0.6,0,0,0.6,0.4,2.4,0.6,0
MA0.4FA0.6Sn0.4Pb0.6Cl2.7Br0.3,0.4,0.6,0,0,0.6,0.4,2.7,0.3,0
MA0.4FA0.6Sn0.4Pb0.6Cl0.3I2.7,0.4,0.6,0,0,0.6,0.4,0.3,0,2.7
MA0.4FA0.6Sn0.4Pb0.6Cl0.6I2.4,0.4,0.6,0,0,0.6,0.4,0.6,0,2.4
MA0.4FA0.6Sn0.4Pb0.6Cl0.9I2.1,0.4,0.6,0,0,0.6,0.4,0.9,0,2.1
MA0.4FA0.6Sn0.4Pb0.6Cl1.2I1.8,0.4,0.6,0,0,0.6,0.4,1.2,0,1.8
MA0.4FA0.6Sn0.4Pb0.6Cl1.5I1.5,0.4,0.6,0,0,0.6,0.4,1.5,0,1.5
MA0.4FA0.6Sn0.4Pb0.6Cl1.8I1.2,0.4,0.6,0,0,0.6,0.4,1.8,0,1.2
MA0.4FA0.6Sn0.4Pb0.6Cl2.1I0.9,0.4,0.6,0,0,0.6,0.4,2.1,0,0.9
MA0.4FA0.6Sn0.4Pb0.6Cl2.4I0.6,0.4,0.6,0,0,0.6,0.4,2.4,0,0.6
MA0.4FA0.6Sn0.4Pb0.6Cl2.7I0.3,0.4,0.6,0,0,0.6,0.4,2.7,0,0.3
MA0.4FA0.6Sn0.4Pb0.6Br0.3I2.7,0.4,0.6,0,0,0.6,0.4,0,0.3,2.7
MA0.4FA0.6Sn0.4Pb0.6Br0.6I2.4,0.4,0.6,0,0,0.6,0.4,0,0.6,2.4
MA0.4FA0.6Sn0.4Pb0.6Br0.9I2.1,0.4,0.6,0,0,0.6,0.4,0,0.9,2.1
MA0.4FA0.6Sn0.4Pb0.6Br1.2I1.8,0.4,0.6,0,0,0.6,0.4,0,1.2,1.8
MA0.4FA0.6Sn0.4Pb0.6Br1.5I1.5,0.4,0.6,0,0,0.6,0.4,0,1.5,1.5
MA0.4FA0.6Sn0.4Pb0.6Br1.8I1.2,0.4,0.6,0,0,0.6,0.4,0,1.8,1.2
MA0.4FA0.6Sn0.4Pb0.6Br2.1I0.9,0.4,0.6,0,0,0.6,0.4,0,2.1,0.9
MA0.4FA0.6Sn0.4Pb0.6Br2.4I0.6,0.4,0.6,0,0,0.6,0.4,0,2.4,0.6
MA0.4FA0.6Sn0.4Pb0.6Br2.7I0.3,0.4,0.6,0,0,0.6,0.4,0,2.7,0.3
MA0.4FA0.6Sn0.3Pb0.7Cl0.3Br2.7,0.4,0.6,0,0,0.7,0.3,0.3,2.7,0
MA0.4FA0.6Sn0.3Pb0.7Cl0.6Br2.4,0.4,0.6,0,0,0.7,0.3,0.6,2.4,0
MA0.4FA0.6Sn0.3Pb0.7Cl0.9Br2.1,0.4,0.6,0,0,0.7,0.3,0.9,2.1,0
MA0.4FA0.6Sn0.3Pb0.7Cl1.2Br1.8,0.4,0.6,0,0,0.7,0.3,1.2,1.8,0
MA0.4FA0.6Sn0.3Pb0.7Cl1.5Br1.5,0.4,0.6,0,0,0.7,0.3,1.5,1.5,0
MA0.4FA0.6Sn0.3Pb0.7Cl1.8Br1.2,0.4,0.6,0,0,0.7,0.3,1.8,1.2,0
MA0.4FA0.6Sn0.3Pb0.7Cl2.1Br0.9,0.4,0.6,0,0,0.7,0.3,2.1,0.9,0
MA0.4FA0.6Sn0.3Pb0.7Cl2.4Br0.6,0.4,0.6,0,0,0.7,0.3,2.4,0.6,0
MA0.4FA0.6Sn0.3Pb0.7Cl2.7Br0.3,0.4,0.6,0,0,0.7,0.3,2.7,0.3,0
MA0.4FA0.6Sn0.3Pb0.7Cl0.3I2.7,0.4,0.6,0,0,0.7,0.3,0.3,0,2.7
MA0.4FA0.6Sn0.3Pb0.7Cl0.6I2.4,0.4,0.6,0,0,0.7,0.3,0.6,0,2.4
MA0.4FA0.6Sn0.3Pb0.7Cl0.9I2.1,0.4,0.6,0,0,0.7,0.3,0.9,0,2.1
MA0.4FA0.6Sn0.3Pb0.7Cl1.2I1.8,0.4,0.6,0,0,0.7,0.3,1.2,0,1.8
MA0.4FA0.6Sn0.3Pb0.7Cl1.5I1.5,0.4,0.6,0,0,0.7,0.3,1.5,0,1.5
MA0.4FA0.6Sn0.3Pb0.7Cl1.8I1.2,0.4,0.6,0,0,0.7,0.3,1.8,0,1.2
MA0.4FA0.6Sn0.3Pb0.7Cl2.1I0.9,0.4,0.6,0,0,0.7,0.3,2.1,0,0.9
MA0.4FA0.6Sn0.3Pb0.7Cl2.4I0.6,0.4,0.6,0,0,0.7,0.3,2.4,0,0.6
MA0.4FA0.6Sn0.3Pb0.7Cl2.7I0.3,0.4,0.6,0,0,0.7,0.3,2.7,0,0.3
MA0.4FA0.6Sn0.3Pb0.7Br0.3I2.7,0.4,0.6,0,0,0.7,0.3,0,0.3,2.7
MA0.4FA0.6Sn0.3Pb0.7Br0.6I2.4,0.4,0.6,0,0,0.7,0.3,0,0.6,2.4
MA0.4FA0.6Sn0.3Pb0.7Br0.9I2.1,0.4,0.6,0,0,0.7,0.3,0,0.9,2.1
MA0.4FA0.6Sn0.3Pb0.7Br1.2I1.8,0.4,0.6,0,0,0.7,0.3,0,1.2,1.8
MA0.4FA0.6Sn0.3Pb0.7Br1.5I1.5,0.4,0.6,0,0,0.7,0.3,0,1.5,1.5
MA0.4FA0.6Sn0.3Pb0.7Br1.8I1.2,0.4,0.6,0,0,0.7,0.3,0,1.8,1.2
MA0.4FA0.6Sn0.3Pb0.7Br2.1I0.9,0.4,0.6,0,0,0.7,0.3,0,2.1,0.9
MA0.4FA0.6Sn0.3Pb0.7Br2.4I0.6,0.4,0.6,0,0,0.7,0.3,0,2.4,0.6
MA0.4FA0.6Sn0.3Pb0.7Br2.7I0.3,0.4,0.6,0,0,0.7,0.3,0,2.7,0.3
MA0.4FA0.6Sn0.2Pb0.8Cl0.3Br2.7,0.4,0.6,0,0,0.8,0.2,0.3,2.7,0
MA0.4FA0.6Sn0.2Pb0.8Cl0.6Br2.4,0.4,0.6,0,0,0.8,0.2,0.6,2.4,0
MA0.4FA0.6Sn0.2Pb0.8Cl0.9Br2.1,0.4,0.6,0,0,0.8,0.2,0.9,2.1,0
MA0.4FA0.6Sn0.2Pb0.8Cl1.2Br1.8,0.4,0.6,0,0,0.8,0.2,1.2,1.8,0
MA0.4FA0.6Sn0.2Pb0.8Cl1.5Br1.5,0.4,0.6,0,0,0.8,0.2,1.5,1.5,0
MA0.4FA0.6Sn0.2Pb0.8Cl1.8Br1.2,0.4,0.6,0,0,0.8,0.2,1.8,1.2,0
MA0.4FA0.6Sn0.2Pb0.8Cl2.1Br0.9,0.4,0.6,0,0,0.8,0.2,2.1,0.9,0
MA0.4FA0.6Sn0.2Pb0.8Cl2.4Br0.6,0.4,0.6,0,0,0.8,0.2,2.4,0.6,0
MA0.4FA0.6Sn0.2Pb0.8Cl2.7Br0.3,0.4,0.6,0,0,0.8,0.2,2.7,0.3,0
MA0.4FA0.6Sn0.2Pb0.8Cl0.3I2.7,0.4,0.6,0,0,0.8,0.2,0.3,0,2.7
MA0.4FA0.6Sn0.2Pb0.8Cl0.6I2.4,0.4,0.6,0,0,0.8,0.2,0.6,0,2.4
MA0.4FA0.6Sn0.2Pb0.8Cl0.9I2.1,0.4,0.6,0,0,0.8,0.2,0.9,0,2.1
MA0.4FA0.6Sn0.2Pb0.8Cl1.2I1.8,0.4,0.6,0,0,0.8,0.2,1.2,0,1.8
MA0.4FA0.6Sn0.2Pb0.8Cl1.5I1.5,0.4,0.6,0,0,0.8,0.2,1.5,0,1.5
MA0.4FA0.6Sn0.2Pb0.8Cl1.8I1.2,0.4,0.6,0,0,0.8,0.2,1.8,0,1.2
MA0.4FA0.6Sn0.2Pb0.8Cl2.1I0.9,0.4,0.6,0,0,0.8,0.2,2.1,0,0.9
MA0.4FA0.6Sn0.2Pb0.8Cl2.4I0.6,0.4,0.6,0,0,0.8,0.2,2.4,0,0.6
MA0.4FA0.6Sn0.2Pb0.8Cl2.7I0.3,0.4,0.6,0,0,0.8,0.2,2.7,0,0.3
MA0.4FA0.6Sn0.2Pb0.8Br0.3I2.7,0.4,0.6,0,0,0.8,0.2,0,0.3,2.7
MA0.4FA0.6Sn0.2Pb0.8Br0.6I2.4,0.4,0.6,0,0,0.8,0.2,0,0.6,2.4
MA0.4FA0.6Sn0.2Pb0.8Br0.9I2.1,0.4,0.6,0,0,0.8,0.2,0,0.9,2.1
MA0.4FA0.6Sn0.2Pb0.8Br1.2I1.8,0.4,0.6,0,0,0.8,0.2,0,1.2,1.8
MA0.4FA0.6Sn0.2Pb0.8Br1.5I1.5,0.4,0.6,0,0,0.8,0.2,0,1.5,1.5
MA0.4FA0.6Sn0.2Pb0.8Br1.8I1.2,0.4,0.6,0,0,0.8,0.2,0,1.8,1.2
MA0.4FA0.6Sn0.2Pb0.8Br2.1I0.9,0.4,0.6,0,0,0.8,0.2,0,2.1,0.9
MA0.4FA0.6Sn0.2Pb0.8Br2.4I0.6,0.4,0.6,0,0,0.8,0.2,0,2.4,0.6
MA0.4FA0.6Sn0.2Pb0.8Br2.7I0.3,0.4,0.6,0,0,0.8,0.2,0,2.7,0.3
MA0.4FA0.6Sn0.1Pb0.9Cl0.3Br2.7,0.4,0.6,0,0,0.9,0.1,0.3,2.7,0
MA0.4FA0.6Sn0.1Pb0.9Cl0.6Br2.4,0.4,0.6,0,0,0.9,0.1,0.6,2.4,0
MA0.4FA0.6Sn0.1Pb0.9Cl0.9Br2.1,0.4,0.6,0,0,0.9,0.1,0.9,2.1,0
MA0.4FA0.6Sn0.1Pb0.9Cl1.2Br1.8,0.4,0.6,0,0,0.9,0.1,1.2,1.8,0
MA0.4FA0.6Sn0.1Pb0.9Cl1.5Br1.5,0.4,0.6,0,0,0.9,0.1,1.5,1.5,0
MA0.4FA0.6Sn0.1Pb0.9Cl1.8Br1.2,0.4,0.6,0,0,0.9,0.1,1.8,1.2,0
MA0.4FA0.6Sn0.1Pb0.9Cl2.1Br0.9,0.4,0.6,0,0,0.9,0.1,2.1,0.9,0
MA0.4FA0.6Sn0.1Pb0.9Cl2.4Br0.6,0.4,0.6,0,0,0.9,0.1,2.4,0.6,0
MA0.4FA0.6Sn0.1Pb0.9Cl2.7Br0.3,0.4,0.6,0,0,0.9,0.1,2.7,0.3,0
MA0.4FA0.6Sn0.1Pb0.9Cl0.3I2.7,0.4,0.6,0,0,0.9,0.1,0.3,0,2.7
MA0.4FA0.6Sn0.1Pb0.9Cl0.6I2.4,0.4,0.6,0,0,0.9,0.1,0.6,0,2.4
MA0.4FA0.6Sn0.1Pb0.9Cl0.9I2.1,0.4,0.6,0,0,0.9,0.1,0.9,0,2.1
MA0.4FA0.6Sn0.1Pb0.9Cl1.2I1.8,0.4,0.6,0,0,0.9,0.1,1.2,0,1.8
MA0.4FA0.6Sn0.1Pb0.9Cl1.5I1.5,0.4,0.6,0,0,0.9,0.1,1.5,0,1.5
MA0.4FA0.6Sn0.1Pb0.9Cl1.8I1.2,0.4,0.6,0,0,0.9,0.1,1.8,0,1.2
MA0.4FA0.6Sn0.1Pb0.9Cl2.1I0.9,0.4,0.6,0,0,0.9,0.1,2.1,0,0.9
MA0.4FA0.6Sn0.1Pb0.9Cl2.4I0.6,0.4,0.6,0,0,0.9,0.1,2.4,0,0.6
MA0.4FA0.6Sn0.1Pb0.9Cl2.7I0.3,0.4,0.6,0,0,0.9,0.1,2.7,0,0.3
MA0.4FA0.6Sn0.1Pb0.9Br0.3I2.7,0.4,0.6,0,0,0.9,0.1,0,0.3,2.7
MA0.4FA0.6Sn0.1Pb0.9Br0.6I2.4,0.4,0.6,0,0,0.9,0.1,0,0.6,2.4
MA0.4FA0.6Sn0.1Pb0.9Br0.9I2.1,0.4,0.6,0,0,0.9,0.1,0,0.9,2.1
MA0.4FA0.6Sn0.1Pb0.9Br1.2I1.8,0.4,0.6,0,0,0.9,0.1,0,1.2,1.8
MA0.4FA0.6Sn0.1Pb0.9Br1.5I1.5,0.4,0.6,0,0,0.9,0.1,0,1.5,1.5
MA0.4FA0.6Sn0.1Pb0.9Br1.8I1.2,0.4,0.6,0,0,0.9,0.1,0,1.8,1.2
MA0.4FA0.6Sn0.1Pb0.9Br2.1I0.9,0.4,0.6,0,0,0.9,0.1,0,2.1,0.9
MA0.4FA0.6Sn0.1Pb0.9Br2.4I0.6,0.4,0.6,0,0,0.9,0.1,0,2.4,0.6
MA0.4FA0.6Sn0.1Pb0.9Br2.7I0.3,0.4,0.6,0,0,0.9,0.1,0,2.7,0.3
MA0.5FA0.5Sn0.9Pb0.1Cl0.3Br2.7,0.5,0.5,0,0,0.1,0.9,0.3,2.7,0
MA0.5FA0.5Sn0.9Pb0.1Cl0.6Br2.4,0.5,0.5,0,0,0.1,0.9,0.6,2.4,0
MA0.5FA0.5Sn0.9Pb0.1Cl0.9Br2.1,0.5,0.5,0,0,0.1,0.9,0.9,2.1,0
MA0.5FA0.5Sn0.9Pb0.1Cl1.2Br1.8,0.5,0.5,0,0,0.1,0.9,1.2,1.8,0
MA0.5FA0.5Sn0.9Pb0.1Cl1.5Br1.5,0.5,0.5,0,0,0.1,0.9,1.5,1.5,0
MA0.5FA0.5Sn0.9Pb0.1Cl1.8Br1.2,0.5,0.5,0,0,0.1,0.9,1.8,1.2,0
MA0.5FA0.5Sn0.9Pb0.1Cl2.1Br0.9,0.5,0.5,0,0,0.1,0.9,2.1,0.9,0
MA0.5FA0.5Sn0.9Pb0.1Cl2.4Br0.6,0.5,0.5,0,0,0.1,0.9,2.4,0.6,0
MA0.5FA0.5Sn0.9Pb0.1Cl2.7Br0.3,0.5,0.5,0,0,0.1,0.9,2.7,0.3,0
MA0.5FA0.5Sn0.9Pb0.1Cl0.3I2.7,0.5,0.5,0,0,0.1,0.9,0.3,0,2.7
MA0.5FA0.5Sn0.9Pb0.1Cl0.6I2.4,0.5,0.5,0,0,0.1,0.9,0.6,0,2.4
MA0.5FA0.5Sn0.9Pb0.1Cl0.9I2.1,0.5,0.5,0,0,0.1,0.9,0.9,0,2.1
MA0.5FA0.5Sn0.9Pb0.1Cl1.2I1.8,0.5,0.5,0,0,0.1,0.9,1.2,0,1.8
MA0.5FA0.5Sn0.9Pb0.1Cl1.5I1.5,0.5,0.5,0,0,0.1,0.9,1.5,0,1.5
MA0.5FA0.5Sn0.9Pb0.1Cl1.8I1.2,0.5,0.5,0,0,0.1,0.9,1.8,0,1.2
MA0.5FA0.5Sn0.9Pb0.1Cl2.1I0.9,0.5,0.5,0,0,0.1,0.9,2.1,0,0.9
MA0.5FA0.5Sn0.9Pb0.1Cl2.4I0.6,0.5,0.5,0,0,0.1,0.9,2.4,0,0.6
MA0.5FA0.5Sn0.9Pb0.1Cl2.7I0.3,0.5,0.5,0,0,0.1,0.9,2.7,0,0.3
MA0.5FA0.5Sn0.9Pb0.1Br0.3I2.7,0.5,0.5,0,0,0.1,0.9,0,0.3,2.7
MA0.5FA0.5Sn0.9Pb0.1Br0.6I2.4,0.5,0.5,0,0,0.1,0.9,0,0.6,2.4
MA0.5FA0.5Sn0.9Pb0.1Br0.9I2.1,0.5,0.5,0,0,0.1,0.9,0,0.9,2.1
MA0.5FA0.5Sn0.9Pb0.1Br1.2I1.8,0.5,0.5,0,0,0.1,0.9,0,1.2,1.8
MA0.5FA0.5Sn0.9Pb0.1Br1.5I1.5,0.5,0.5,0,0,0.1,0.9,0,1.5,1.5
MA0.5FA0.5Sn0.9Pb0.1Br1.8I1.2,0.5,0.5,0,0,0.1,0.9,0,1.8,1.2
MA0.5FA0.5Sn0.9Pb0.1Br2.1I0.9,0.5,0.5,0,0,0.1,0.9,0,2.1,0.9
MA0.5FA0.5Sn0.9Pb0.1Br2.4I0.6,0.5,0.5,0,0,0.1,0.9,0,2.4,0.6
MA0.5FA0.5Sn0.9Pb0.1Br2.7I0.3,0.5,0.5,0,0,0.1,0.9,0,2.7,0.3
MA0.5FA0.5Sn0.8Pb0.2Cl0.3Br2.7,0.5,0.5,0,0,0.2,0.8,0.3,2.7,0
MA0.5FA0.5Sn0.8Pb0.2Cl0.6Br2.4,0.5,0.5,0,0,0.2,0.8,0.6,2.4,0
MA0.5FA0.5Sn0.8Pb0.2Cl0.9Br2.1,0.5,0.5,0,0,0.2,0.8,0.9,2.1,0
MA0.5FA0.5Sn0.8Pb0.2Cl1.2Br1.8,0.5,0.5,0,0,0.2,0.8,1.2,1.8,0
MA0.5FA0.5Sn0.8Pb0.2Cl1.5Br1.5,0.5,0.5,0,0,0.2,0.8,1.5,1.5,0
MA0.5FA0.5Sn0.8Pb0.2Cl1.8Br1.2,0.5,0.5,0,0,0.2,0.8,1.8,1.2,0
MA0.5FA0.5Sn0.8Pb0.2Cl2.1Br0.9,0.5,0.5,0,0,0.2,0.8,2.1,0.9,0
MA0.5FA0.5Sn0.8Pb0.2Cl2.4Br0.6,0.5,0.5,0,0,0.2,0.8,2.4,0.6,0
MA0.5FA0.5Sn0.8Pb0.2Cl2.7Br0.3,0.5,0.5,0,0,0.2,0.8,2.7,0.3,0
MA0.5FA0.5Sn0.8Pb0.2Cl0.3I2.7,0.5,0.5,0,0,0.2,0.8,0.3,0,2.7
MA0.5FA0.5Sn0.8Pb0.2Cl0.6I2.4,0.5,0.5,0,0,0.2,0.8,0.6,0,2.4
MA0.5FA0.5Sn0.8Pb0.2Cl0.9I2.1,0.5,0.5,0,0,0.2,0.8,0.9,0,2.1
MA0.5FA0.5Sn0.8Pb0.2Cl1.2I1.8,0.5,0.5,0,0,0.2,0.8,1.2,0,1.8
MA0.5FA0.5Sn0.8Pb0.2Cl1.5I1.5,0.5,0.5,0,0,0.2,0.8,1.5,0,1.5
MA0.5FA0.5Sn0.8Pb0.2Cl1.8I1.2,0.5,0.5,0,0,0.2,0.8,1.8,0,1.2
MA0.5FA0.5Sn0.8Pb0.2Cl2.1I0.9,0.5,0.5,0,0,0.2,0.8,2.1,0,0.9
MA0.5FA0.5Sn0.8Pb0.2Cl2.4I0.6,0.5,0.5,0,0,0.2,0.8,2.4,0,0.6
MA0.5FA0.5Sn0.8Pb0.2Cl2.7I0.3,0.5,0.5,0,0,0.2,0.8,2.7,0,0.3
MA0.5FA0.5Sn0.8Pb0.2Br0.3I2.7,0.5,0.5,0,0,0.2,0.8,0,0.3,2.7
MA0.5FA0.5Sn0.8Pb0.2Br0.6I2.4,0.5,0.5,0,0,0.2,0.8,0,0.6,2.4
MA0.5FA0.5Sn0.8Pb0.2Br0.9I2.1,0.5,0.5,0,0,0.2,0.8,0,0.9,2.1
MA0.5FA0.5Sn0.8Pb0.2Br1.2I1.8,0.5,0.5,0,0,0.2,0.8,0,1.2,1.8
MA0.5FA0.5Sn0.8Pb0.2Br1.5I1.5,0.5,0.5,0,0,0.2,0.8,0,1.5,1.5
MA0.5FA0.5Sn0.8Pb0.2Br1.8I1.2,0.5,0.5,0,0,0.2,0.8,0,1.8,1.2
MA0.5FA0.5Sn0.8Pb0.2Br2.1I0.9,0.5,0.5,0,0,0.2,0.8,0,2.1,0.9
MA0.5FA0.5Sn0.8Pb0.2Br2.4I0.6,0.5,0.5,0,0,0.2,0.8,0,2.4,0.6
MA0.5FA0.5Sn0.8Pb0.2Br2.7I0.3,0.5,0.5,0,0,0.2,0.8,0,2.7,0.3
MA0.5FA0.5Sn0.7Pb0.3Cl0.3Br2.7,0.5,0.5,0,0,0.3,0.7,0.3,2.7,0
MA0.5FA0.5Sn0.7Pb0.3Cl0.6Br2.4,0.5,0.5,0,0,0.3,0.7,0.6,2.4,0
MA0.5FA0.5Sn0.7Pb0.3Cl0.9Br2.1,0.5,0.5,0,0,0.3,0.7,0.9,2.1,0
MA0.5FA0.5Sn0.7Pb0.3Cl1.2Br1.8,0.5,0.5,0,0,0.3,0.7,1.2,1.8,0
MA0.5FA0.5Sn0.7Pb0.3Cl1.5Br1.5,0.5,0.5,0,0,0.3,0.7,1.5,1.5,0
MA0.5FA0.5Sn0.7Pb0.3Cl1.8Br1.2,0.5,0.5,0,0,0.3,0.7,1.8,1.2,0
MA0.5FA0.5Sn0.7Pb0.3Cl2.1Br0.9,0.5,0.5,0,0,0.3,0.7,2.1,0.9,0
MA0.5FA0.5Sn0.7Pb0.3Cl2.4Br0.6,0.5,0.5,0,0,0.3,0.7,2.4,0.6,0
MA0.5FA0.5Sn0.7Pb0.3Cl2.7Br0.3,0.5,0.5,0,0,0.3,0.7,2.7,0.3,0
MA0.5FA0.5Sn0.7Pb0.3Cl0.3I2.7,0.5,0.5,0,0,0.3,0.7,0.3,0,2.7
MA0.5FA0.5Sn0.7Pb0.3Cl0.6I2.4,0.5,0.5,0,0,0.3,0.7,0.6,0,2.4
MA0.5FA0.5Sn0.7Pb0.3Cl0.9I2.1,0.5,0.5,0,0,0.3,0.7,0.9,0,2.1
MA0.5FA0.5Sn0.7Pb0.3Cl1.2I1.8,0.5,0.5,0,0,0.3,0.7,1.2,0,1.8
MA0.5FA0.5Sn0.7Pb0.3Cl1.5I1.5,0.5,0.5,0,0,0.3,0.7,1.5,0,1.5
MA0.5FA0.5Sn0.7Pb0.3Cl1.8I1.2,0.5,0.5,0,0,0.3,0.7,1.8,0,1.2
MA0.5FA0.5Sn0.7Pb0.3Cl2.1I0.9,0.5,0.5,0,0,0.3,0.7,2.1,0,0.9
MA0.5FA0.5Sn0.7Pb0.3Cl2.4I0.6,0.5,0.5,0,0,0.3,0.7,2.4,0,0.6
MA0.5FA0.5Sn0.7Pb0.3Cl2.7I0.3,0.5,0.5,0,0,0.3,0.7,2.7,0,0.3
MA0.5FA0.5Sn0.7Pb0.3Br0.3I2.7,0.5,0.5,0,0,0.3,0.7,0,0.3,2.7
MA0.5FA0.5Sn0.7Pb0.3Br0.6I2.4,0.5,0.5,0,0,0.3,0.7,0,0.6,2.4
MA0.5FA0.5Sn0.7Pb0.3Br0.9I2.1,0.5,0.5,0,0,0.3,0.7,0,0.9,2.1
MA0.5FA0.5Sn0.7Pb0.3Br1.2I1.8,0.5,0.5,0,0,0.3,0.7,0,1.2,1.8
MA0.5FA0.5Sn0.7Pb0.3Br1.5I1.5,0.5,0.5,0,0,0.3,0.7,0,1.5,1.5
MA0.5FA0.5Sn0.7Pb0.3Br1.8I1.2,0.5,0.5,0,0,0.3,0.7,0,1.8,1.2
MA0.5FA0.5Sn0.7Pb0.3Br2.1I0.9,0.5,0.5,0,0,0.3,0.7,0,2.1,0.9
MA0.5FA0.5Sn0.7Pb0.3Br2.4I0.6,0.5,0.5,0,0,0.3,0.7,0,2.4,0.6
MA0.5FA0.5Sn0.7Pb0.3Br2.7I0.3,0.5,0.5,0,0,0.3,0.7,0,2.7,0.3
MA0.5FA0.5Sn0.6Pb0.4Cl0.3Br2.7,0.5,0.5,0,0,0.4,0.6,0.3,2.7,0
MA0.5FA0.5Sn0.6Pb0.4Cl0.6Br2.4,0.5,0.5,0,0,0.4,0.6,0.6,2.4,0
MA0.5FA0.5Sn0.6Pb0.4Cl0.9Br2.1,0.5,0.5,0,0,0.4,0.6,0.9,2.1,0
MA0.5FA0.5Sn0.6Pb0.4Cl1.2Br1.8,0.5,0.5,0,0,0.4,0.6,1.2,1.8,0
MA0.5FA0.5Sn0.6Pb0.4Cl1.5Br1.5,0.5,0.5,0,0,0.4,0.6,1.5,1.5,0
MA0.5FA0.5Sn0.6Pb0.4Cl1.8Br1.2,0.5,0.5,0,0,0.4,0.6,1.8,1.2,0
MA0.5FA0.5Sn0.6Pb0.4Cl2.1Br0.9,0.5,0.5,0,0,0.4,0.6,2.1,0.9,0
MA0.5FA0.5Sn0.6Pb0.4Cl2.4Br0.6,0.5,0.5,0,0,0.4,0.6,2.4,0.6,0
MA0.5FA0.5Sn0.6Pb0.4Cl2.7Br0.3,0.5,0.5,0,0,0.4,0.6,2.7,0.3,0
MA0.5FA0.5Sn0.6Pb0.4Cl0.3I2.7,0.5,0.5,0,0,0.4,0.6,0.3,0,2.7
MA0.5FA0.5Sn0.6Pb0.4Cl0.6I2.4,0.5,0.5,0,0,0.4,0.6,0.6,0,2.4
MA0.5FA0.5Sn0.6Pb0.4Cl0.9I2.1,0.5,0.5,0,0,0.4,0.6,0.9,0,2.1
MA0.5FA0.5Sn0.6Pb0.4Cl1.2I1.8,0.5,0.5,0,0,0.4,0.6,1.2,0,1.8
MA0.5FA0.5Sn0.6Pb0.4Cl1.5I1.5,0.5,0.5,0,0,0.4,0.6,1.5,0,1.5
MA0.5FA0.5Sn0.6Pb0.4Cl1.8I1.2,0.5,0.5,0,0,0.4,0.6,1.8,0,1.2
MA0.5FA0.5Sn0.6Pb0.4Cl2.1I0.9,0.5,0.5,0,0,0.4,0.6,2.1,0,0.9
MA0.5FA0.5Sn0.6Pb0.4Cl2.4I0.6,0.5,0.5,0,0,0.4,0.6,2.4,0,0.6
MA0.5FA0.5Sn0.6Pb0.4Cl2.7I0.3,0.5,0.5,0,0,0.4,0.6,2.7,0,0.3
MA0.5FA0.5Sn0.6Pb0.4Br0.3I2.7,0.5,0.5,0,0,0.4,0.6,0,0.3,2.7
MA0.5FA0.5Sn0.6Pb0.4Br0.6I2.4,0.5,0.5,0,0,0.4,0.6,0,0.6,2.4
MA0.5FA0.5Sn0.6Pb0.4Br0.9I2.1,0.5,0.5,0,0,0.4,0.6,0,0.9,2.1
MA0.5FA0.5Sn0.6Pb0.4Br1.2I1.8,0.5,0.5,0,0,0.4,0.6,0,1.2,1.8
MA0.5FA0.5Sn0.6Pb0.4Br1.5I1.5,0.5,0.5,0,0,0.4,0.6,0,1.5,1.5
MA0.5FA0.5Sn0.6Pb0.4Br1.8I1.2,0.5,0.5,0,0,0.4,0.6,0,1.8,1.2
MA0.5FA0.5Sn0.6Pb0.4Br2.1I0.9,0.5,0.5,0,0,0.4,0.6,0,2.1,0.9
MA0.5FA0.5Sn0.6Pb0.4Br2.4I0.6,0.5,0.5,0,0,0.4,0.6,0,2.4,0.6
MA0.5FA0.5Sn0.6Pb0.4Br2.7I0.3,0.5,0.5,0,0,0.4,0.6,0,2.7,0.3
MA0.5FA0.5Sn0.5Pb0.5Cl0.3Br2.7,0.5,0.5,0,0,0.5,0.5,0.3,2.7,0
MA0.5FA0.5Sn0.5Pb0.5Cl0.6Br2.4,0.5,0.5,0,0,0.5,0.5,0.6,2.4,0
MA0.5FA0.5Sn0.5Pb0.5Cl0.9Br2.1,0.5,0.5,0,0,0.5,0.5,0.9,2.1,0
MA0.5FA0.5Sn0.5Pb0.5Cl1.2Br1.8,0.5,0.5,0,0,0.5,0.5,1.2,1.8,0
MA0.5FA0.5Sn0.5Pb0.5Cl1.5Br1.5,0.5,0.5,0,0,0.5,0.5,1.5,1.5,0
MA0.5FA0.5Sn0.5Pb0.5Cl1.8Br1.2,0.5,0.5,0,0,0.5,0.5,1.8,1.2,0
MA0.5FA0.5Sn0.5Pb0.5Cl2.1Br0.9,0.5,0.5,0,0,0.5,0.5,2.1,0.9,0
MA0.5FA0.5Sn0.5Pb0.5Cl2.4Br0.6,0.5,0.5,0,0,0.5,0.5,2.4,0.6,0
MA0.5FA0.5Sn0.5Pb0.5Cl2.7Br0.3,0.5,0.5,0,0,0.5,0.5,2.7,0.3,0
MA0.5FA0.5Sn0.5Pb0.5Cl0.3I2.7,0.5,0.5,0,0,0.5,0.5,0.3,0,2.7
MA0.5FA0.5Sn0.5Pb0.5Cl0.6I2.4,0.5,0.5,0,0,0.5,0.5,0.6,0,2.4
MA0.5FA0.5Sn0.5Pb0.5Cl0.9I2.1,0.5,0.5,0,0,0.5,0.5,0.9,0,2.1
MA0.5FA0.5Sn0.5Pb0.5Cl1.2I1.8,0.5,0.5,0,0,0.5,0.5,1.2,0,1.8
MA0.5FA0.5Sn0.5Pb0.5Cl1.5I1.5,0.5,0.5,0,0,0.5,0.5,1.5,0,1.5
MA0.5FA0.5Sn0.5Pb0.5Cl1.8I1.2,0.5,0.5,0,0,0.5,0.5,1.8,0,1.2
MA0.5FA0.5Sn0.5Pb0.5Cl2.1I0.9,0.5,0.5,0,0,0.5,0.5,2.1,0,0.9
MA0.5FA0.5Sn0.5Pb0.5Cl2.4I0.6,0.5,0.5,0,0,0.5,0.5,2.4,0,0.6
MA0.5FA0.5Sn0.5Pb0.5Cl2.7I0.3,0.5,0.5,0,0,0.5,0.5,2.7,0,0.3
MA0.5FA0.5Sn0.5Pb0.5Br0.3I2.7,0.5,0.5,0,0,0.5,0.5,0,0.3,2.7
MA0.5FA0.5Sn0.5Pb0.5Br0.6I2.4,0.5,0.5,0,0,0.5,0.5,0,0.6,2.4
MA0.5FA0.5Sn0.5Pb0.5Br0.9I2.1,0.5,0.5,0,0,0.5,0.5,0,0.9,2.1
MA0.5FA0.5Sn0.5Pb0.5Br1.2I1.8,0.5,0.5,0,0,0.5,0.5,0,1.2,1.8
MA0.5FA0.5Sn0.5Pb0.5Br1.5I1.5,0.5,0.5,0,0,0.5,0.5,0,1.5,1.5
MA0.5FA0.5Sn0.5Pb0.5Br1.8I1.2,0.5,0.5,0,0,0.5,0.5,0,1.8,1.2
MA0.5FA0.5Sn0.5Pb0.5Br2.1I0.9,0.5,0.5,0,0,0.5,0.5,0,2.1,0.9
MA0.5FA0.5Sn0.5Pb0.5Br2.4I0.6,0.5,0.5,0,0,0.5,0.5,0,2.4,0.6
MA0.5FA0.5Sn0.5Pb0.5Br2.7I0.3,0.5,0.5,0,0,0.5,0.5,0,2.7,0.3
MA0.5FA0.5Sn0.4Pb0.6Cl0.3Br2.7,0.5,0.5,0,0,0.6,0.4,0.3,2.7,0
MA0.5FA0.5Sn0.4Pb0.6Cl0.6Br2.4,0.5,0.5,0,0,0.6,0.4,0.6,2.4,0
MA0.5FA0.5Sn0.4Pb0.6Cl0.9Br2.1,0.5,0.5,0,0,0.6,0.4,0.9,2.1,0
MA0.5FA0.5Sn0.4Pb0.6Cl1.2Br1.8,0.5,0.5,0,0,0.6,0.4,1.2,1.8,0
MA0.5FA0.5Sn0.4Pb0.6Cl1.5Br1.5,0.5,0.5,0,0,0.6,0.4,1.5,1.5,0
MA0.5FA0.5Sn0.4Pb0.6Cl1.8Br1.2,0.5,0.5,0,0,0.6,0.4,1.8,1.2,0
MA0.5FA0.5Sn0.4Pb0.6Cl2.1Br0.9,0.5,0.5,0,0,0.6,0.4,2.1,0.9,0
MA0.5FA0.5Sn0.4Pb0.6Cl2.4Br0.6,0.5,0.5,0,0,0.6,0.4,2.4,0.6,0
MA0.5FA0.5Sn0.4Pb0.6Cl2.7Br0.3,0.5,0.5,0,0,0.6,0.4,2.7,0.3,0
MA0.5FA0.5Sn0.4Pb0.6Cl0.3I2.7,0.5,0.5,0,0,0.6,0.4,0.3,0,2.7
MA0.5FA0.5Sn0.4Pb0.6Cl0.6I2.4,0.5,0.5,0,0,0.6,0.4,0.6,0,2.4
MA0.5FA0.5Sn0.4Pb0.6Cl0.9I2.1,0.5,0.5,0,0,0.6,0.4,0.9,0,2.1
MA0.5FA0.5Sn0.4Pb0.6Cl1.2I1.8,0.5,0.5,0,0,0.6,0.4,1.2,0,1.8
MA0.5FA0.5Sn0.4Pb0.6Cl1.5I1.5,0.5,0.5,0,0,0.6,0.4,1.5,0,1.5
MA0.5FA0.5Sn0.4Pb0.6Cl1.8I1.2,0.5,0.5,0,0,0.6,0.4,1.8,0,1.2
MA0.5FA0.5Sn0.4Pb0.6Cl2.1I0.9,0.5,0.5,0,0,0.6,0.4,2.1,0,0.9
MA0.5FA0.5Sn0.4Pb0.6Cl2.4I0.6,0.5,0.5,0,0,0.6,0.4,2.4,0,0.6
MA0.5FA0.5Sn0.4Pb0.6Cl2.7I0.3,0.5,0.5,0,0,0.6,0.4,2.7,0,0.3
MA0.5FA0.5Sn0.4Pb0.6Br0.3I2.7,0.5,0.5,0,0,0.6,0.4,0,0.3,2.7
MA0.5FA0.5Sn0.4Pb0.6Br0.6I2.4,0.5,0.5,0,0,0.6,0.4,0,0.6,2.4
MA0.5FA0.5Sn0.4Pb0.6Br0.9I2.1,0.5,0.5,0,0,0.6,0.4,0,0.9,2.1
MA0.5FA0.5Sn0.4Pb0.6Br1.2I1.8,0.5,0.5,0,0,0.6,0.4,0,1.2,1.8
MA0.5FA0.5Sn0.4Pb0.6Br1.5I1.5,0.5,0.5,0,0,0.6,0.4,0,1.5,1.5
MA0.5FA0.5Sn0.4Pb0.6Br1.8I1.2,0.5,0.5,0,0,0.6,0.4,0,1.8,1.2
MA0.5FA0.5Sn0.4Pb0.6Br2.1I0.9,0.5,0.5,0,0,0.6,0.4,0,2.1,0.9
MA0.5FA0.5Sn0.4Pb0.6Br2.4I0.6,0.5,0.5,0,0,0.6,0.4,0,2.4,0.6
MA0.5FA0.5Sn0.4Pb0.6Br2.7I0.3,0.5,0.5,0,0,0.6,0.4,0,2.7,0.3
MA0.5FA0.5Sn0.3Pb0.7Cl0.3Br2.7,0.5,0.5,0,0,0.7,0.3,0.3,2.7,0
MA0.5FA0.5Sn0.3Pb0.7Cl0.6Br2.4,0.5,0.5,0,0,0.7,0.3,0.6,2.4,0
MA0.5FA0.5Sn0.3Pb0.7Cl0.9Br2.1,0.5,0.5,0,0,0.7,0.3,0.9,2.1,0
MA0.5FA0.5Sn0.3Pb0.7Cl1.2Br1.8,0.5,0.5,0,0,0.7,0.3,1.2,1.8,0
MA0.5FA0.5Sn0.3Pb0.7Cl1.5Br1.5,0.5,0.5,0,0,0.7,0.3,1.5,1.5,0
MA0.5FA0.5Sn0.3Pb0.7Cl1.8Br1.2,0.5,0.5,0,0,0.7,0.3,1.8,1.2,0
MA0.5FA0.5Sn0.3Pb0.7Cl2.1Br0.9,0.5,0.5,0,0,0.7,0.3,2.1,0.9,0
MA0.5FA0.5Sn0.3Pb0.7Cl2.4Br0.6,0.5,0.5,0,0,0.7,0.3,2.4,0.6,0
MA0.5FA0.5Sn0.3Pb0.7Cl2.7Br0.3,0.5,0.5,0,0,0.7,0.3,2.7,0.3,0
MA0.5FA0.5Sn0.3Pb0.7Cl0.3I2.7,0.5,0.5,0,0,0.7,0.3,0.3,0,2.7
MA0.5FA0.5Sn0.3Pb0.7Cl0.6I2.4,0.5,0.5,0,0,0.7,0.3,0.6,0,2.4
MA0.5FA0.5Sn0.3Pb0.7Cl0.9I2.1,0.5,0.5,0,0,0.7,0.3,0.9,0,2.1
MA0.5FA0.5Sn0.3Pb0.7Cl1.2I1.8,0.5,0.5,0,0,0.7,0.3,1.2,0,1.8
MA0.5FA0.5Sn0.3Pb0.7Cl1.5I1.5,0.5,0.5,0,0,0.7,0.3,1.5,0,1.5
MA0.5FA0.5Sn0.3Pb0.7Cl1.8I1.2,0.5,0.5,0,0,0.7,0.3,1.8,0,1.2
MA0.5FA0.5Sn0.3Pb0.7Cl2.1I0.9,0.5,0.5,0,0,0.7,0.3,2.1,0,0.9
MA0.5FA0.5Sn0.3Pb0.7Cl2.4I0.6,0.5,0.5,0,0,0.7,0.3,2.4,0,0.6
MA0.5FA0.5Sn0.3Pb0.7Cl2.7I0.3,0.5,0.5,0,0,0.7,0.3,2.7,0,0.3
MA0.5FA0.5Sn0.3Pb0.7Br0.3I2.7,0.5,0.5,0,0,0.7,0.3,0,0.3,2.7
MA0.5FA0.5Sn0.3Pb0.7Br0.6I2.4,0.5,0.5,0,0,0.7,0.3,0,0.6,2.4
MA0.5FA0.5Sn0.3Pb0.7Br0.9I2.1,0.5,0.5,0,0,0.7,0.3,0,0.9,2.1
MA0.5FA0.5Sn0.3Pb0.7Br1.2I1.8,0.5,0.5,0,0,0.7,0.3,0,1.2,1.8
MA0.5FA0.5Sn0.3Pb0.7Br1.5I1.5,0.5,0.5,0,0,0.7,0.3,0,1.5,1.5
MA0.5FA0.5Sn0.3Pb0.7Br1.8I1.2,0.5,0.5,0,0,0.7,0.3,0,1.8,1.2
MA0.5FA0.5Sn0.3Pb0.7Br2.1I0.9,0.5,0.5,0,0,0.7,0.3,0,2.1,0.9
MA0.5FA0.5Sn0.3Pb0.7Br2.4I0.6,0.5,0.5,0,0,0.7,0.3,0,2.4,0.6
MA0.5FA0.5Sn0.3Pb0.7Br2.7I0.3,0.5,0.5,0,0,0.7,0.3,0,2.7,0.3
MA0.5FA0.5Sn0.2Pb0.8Cl0.3Br2.7,0.5,0.5,0,0,0.8,0.2,0.3,2.7,0
MA0.5FA0.5Sn0.2Pb0.8Cl0.6Br2.4,0.5,0.5,0,0,0.8,0.2,0.6,2.4,0
MA0.5FA0.5Sn0.2Pb0.8Cl0.9Br2.1,0.5,0.5,0,0,0.8,0.2,0.9,2.1,0
MA0.5FA0.5Sn0.2Pb0.8Cl1.2Br1.8,0.5,0.5,0,0,0.8,0.2,1.2,1.8,0
MA0.5FA0.5Sn0.2Pb0.8Cl1.5Br1.5,0.5,0.5,0,0,0.8,0.2,1.5,1.5,0
MA0.5FA0.5Sn0.2Pb0.8Cl1.8Br1.2,0.5,0.5,0,0,0.8,0.2,1.8,1.2,0
MA0.5FA0.5Sn0.2Pb0.8Cl2.1Br0.9,0.5,0.5,0,0,0.8,0.2,2.1,0.9,0
MA0.5FA0.5Sn0.2Pb0.8Cl2.4Br0.6,0.5,0.5,0,0,0.8,0.2,2.4,0.6,0
MA0.5FA0.5Sn0.2Pb0.8Cl2.7Br0.3,0.5,0.5,0,0,0.8,0.2,2.7,0.3,0
MA0.5FA0.5Sn0.2Pb0.8Cl0.3I2.7,0.5,0.5,0,0,0.8,0.2,0.3,0,2.7
MA0.5FA0.5Sn0.2Pb0.8Cl0.6I2.4,0.5,0.5,0,0,0.8,0.2,0.6,0,2.4
MA0.5FA0.5Sn0.2Pb0.8Cl0.9I2.1,0.5,0.5,0,0,0.8,0.2,0.9,0,2.1
MA0.5FA0.5Sn0.2Pb0.8Cl1.2I1.8,0.5,0.5,0,0,0.8,0.2,1.2,0,1.8
MA0.5FA0.5Sn0.2Pb0.8Cl1.5I1.5,0.5,0.5,0,0,0.8,0.2,1.5,0,1.5
MA0.5FA0.5Sn0.2Pb0.8Cl1.8I1.2,0.5,0.5,0,0,0.8,0.2,1.8,0,1.2
MA0.5FA0.5Sn0.2Pb0.8Cl2.1I0.9,0.5,0.5,0,0,0.8,0.2,2.1,0,0.9
MA0.5FA0.5Sn0.2Pb0.8Cl2.4I0.6,0.5,0.5,0,0,0.8,0.2,2.4,0,0.6
MA0.5FA0.5Sn0.2Pb0.8Cl2.7I0.3,0.5,0.5,0,0,0.8,0.2,2.7,0,0.3
MA0.5FA0.5Sn0.2Pb0.8Br0.3I2.7,0.5,0.5,0,0,0.8,0.2,0,0.3,2.7
MA0.5FA0.5Sn0.2Pb0.8Br0.6I2.4,0.5,0.5,0,0,0.8,0.2,0,0.6,2.4
MA0.5FA0.5Sn0.2Pb0.8Br0.9I2.1,0.5,0.5,0,0,0.8,0.2,0,0.9,2.1
MA0.5FA0.5Sn0.2Pb0.8Br1.2I1.8,0.5,0.5,0,0,0.8,0.2,0,1.2,1.8
MA0.5FA0.5Sn0.2Pb0.8Br1.5I1.5,0.5,0.5,0,0,0.8,0.2,0,1.5,1.5
MA0.5FA0.5Sn0.2Pb0.8Br1.8I1.2,0.5,0.5,0,0,0.8,0.2,0,1.8,1.2
MA0.5FA0.5Sn0.2Pb0.8Br2.1I0.9,0.5,0.5,0,0,0.8,0.2,0,2.1,0.9
MA0.5FA0.5Sn0.2Pb0.8Br2.4I0.6,0.5,0.5,0,0,0.8,0.2,0,2.4,0.6
MA0.5FA0.5Sn0.2Pb0.8Br2.7I0.3,0.5,0.5,0,0,0.8,0.2,0,2.7,0.3
MA0.5FA0.5Sn0.1Pb0.9Cl0.3Br2.7,0.5,0.5,0,0,0.9,0.1,0.3,2.7,0
MA0.5FA0.5Sn0.1Pb0.9Cl0.6Br2.4,0.5,0.5,0,0,0.9,0.1,0.6,2.4,0
MA0.5FA0.5Sn0.1Pb0.9Cl0.9Br2.1,0.5,0.5,0,0,0.9,0.1,0.9,2.1,0
MA0.5FA0.5Sn0.1Pb0.9Cl1.2Br1.8,0.5,0.5,0,0,0.9,0.1,1.2,1.8,0
MA0.5FA0.5Sn0.1Pb0.9Cl1.5Br1.5,0.5,0.5,0,0,0.9,0.1,1.5,1.5,0
MA0.5FA0.5Sn0.1Pb0.9Cl1.8Br1.2,0.5,0.5,0,0,0.9,0.1,1.8,1.2,0
MA0.5FA0.5Sn0.1Pb0.9Cl2.1Br0.9,0.5,0.5,0,0,0.9,0.1,2.1,0.9,0
MA0.5FA0.5Sn0.1Pb0.9Cl2.4Br0.6,0.5,0.5,0,0,0.9,0.1,2.4,0.6,0
MA0.5FA0.5Sn0.1Pb0.9Cl2.7Br0.3,0.5,0.5,0,0,0.9,0.1,2.7,0.3,0
MA0.5FA0.5Sn0.1Pb0.9Cl0.3I2.7,0.5,0.5,0,0,0.9,0.1,0.3,0,2.7
MA0.5FA0.5Sn0.1Pb0.9Cl0.6I2.4,0.5,0.5,0,0,0.9,0.1,0.6,0,2.4
MA0.5FA0.5Sn0.1Pb0.9Cl0.9I2.1,0.5,0.5,0,0,0.9,0.1,0.9,0,2.1
MA0.5FA0.5Sn0.1Pb0.9Cl1.2I1.8,0.5,0.5,0,0,0.9,0.1,1.2,0,1.8
MA0.5FA0.5Sn0.1Pb0.9Cl1.5I1.5,0.5,0.5,0,0,0.9,0.1,1.5,0,1.5
MA0.5FA0.5Sn0.1Pb0.9Cl1.8I1.2,0.5,0.5,0,0,0.9,0.1,1.8,0,1.2
MA0.5FA0.5Sn0.1Pb0.9Cl2.1I0.9,0.5,0.5,0,0,0.9,0.1,2.1,0,0.9
MA0.5FA0.5Sn0.1Pb0.9Cl2.4I0.6,0.5,0.5,0,0,0.9,0.1,2.4,0,0.6
MA0.5FA0.5Sn0.1Pb0.9Cl2.7I0.3,0.5,0.5,0,0,0.9,0.1,2.7,0,0.3
MA0.5FA0.5Sn0.1Pb0.9Br0.3I2.7,0.5,0.5,0,0,0.9,0.1,0,0.3,2.7
MA0.5FA0.5Sn0.1Pb0.9Br0.6I2.4,0.5,0.5,0,0,0.9,0.1,0,0.6,2.4
MA0.5FA0.5Sn0.1Pb0.9Br0.9I2.1,0.5,0.5,0,0,0.9,0.1,0,0.9,2.1
MA0.5FA0.5Sn0.1Pb0.9Br1.2I1.8,0.5,0.5,0,0,0.9,0.1,0,1.2,1.8
MA0.5FA0.5Sn0.1Pb0.9Br1.5I1.5,0.5,0.5,0,0,0.9,0.1,0,1.5,1.5
MA0.5FA0.5Sn0.1Pb0.9Br1.8I1.2,0.5,0.5,0,0,0.9,0.1,0,1.8,1.2
MA0.5FA0.5Sn0.1Pb0.9Br2.1I0.9,0.5,0.5,0,0,0.9,0.1,0,2.1,0.9
MA0.5FA0.5Sn0.1Pb0.9Br2.4I0.6,0.5,0.5,0,0,0.9,0.1,0,2.4,0.6
MA0.5FA0.5Sn0.1Pb0.9Br2.7I0.3,0.5,0.5,0,0,0.9,0.1,0,2.7,0.3
MA0.6FA0.4Sn0.9Pb0.1Cl0.3Br2.7,0.6,0.4,0,0,0.1,0.9,0.3,2.7,0
MA0.6FA0.4Sn0.9Pb0.1Cl0.6Br2.4,0.6,0.4,0,0,0.1,0.9,0.6,2.4,0
MA0.6FA0.4Sn0.9Pb0.1Cl0.9Br2.1,0.6,0.4,0,0,0.1,0.9,0.9,2.1,0
MA0.6FA0.4Sn0.9Pb0.1Cl1.2Br1.8,0.6,0.4,0,0,0.1,0.9,1.2,1.8,0
MA0.6FA0.4Sn0.9Pb0.1Cl1.5Br1.5,0.6,0.4,0,0,0.1,0.9,1.5,1.5,0
MA0.6FA0.4Sn0.9Pb0.1Cl1.8Br1.2,0.6,0.4,0,0,0.1,0.9,1.8,1.2,0
MA0.6FA0.4Sn0.9Pb0.1Cl2.1Br0.9,0.6,0.4,0,0,0.1,0.9,2.1,0.9,0
MA0.6FA0.4Sn0.9Pb0.1Cl2.4Br0.6,0.6,0.4,0,0,0.1,0.9,2.4,0.6,0
MA0.6FA0.4Sn0.9Pb0.1Cl2.7Br0.3,0.6,0.4,0,0,0.1,0.9,2.7,0.3,0
MA0.6FA0.4Sn0.9Pb0.1Cl0.3I2.7,0.6,0.4,0,0,0.1,0.9,0.3,0,2.7
MA0.6FA0.4Sn0.9Pb0.1Cl0.6I2.4,0.6,0.4,0,0,0.1,0.9,0.6,0,2.4
MA0.6FA0.4Sn0.9Pb0.1Cl0.9I2.1,0.6,0.4,0,0,0.1,0.9,0.9,0,2.1
MA0.6FA0.4Sn0.9Pb0.1Cl1.2I1.8,0.6,0.4,0,0,0.1,0.9,1.2,0,1.8
MA0.6FA0.4Sn0.9Pb0.1Cl1.5I1.5,0.6,0.4,0,0,0.1,0.9,1.5,0,1.5
MA0.6FA0.4Sn0.9Pb0.1Cl1.8I1.2,0.6,0.4,0,0,0.1,0.9,1.8,0,1.2
MA0.6FA0.4Sn0.9Pb0.1Cl2.1I0.9,0.6,0.4,0,0,0.1,0.9,2.1,0,0.9
MA0.6FA0.4Sn0.9Pb0.1Cl2.4I0.6,0.6,0.4,0,0,0.1,0.9,2.4,0,0.6
MA0.6FA0.4Sn0.9Pb0.1Cl2.7I0.3,0.6,0.4,0,0,0.1,0.9,2.7,0,0.3
MA0.6FA0.4Sn0.9Pb0.1Br0.3I2.7,0.6,0.4,0,0,0.1,0.9,0,0.3,2.7
MA0.6FA0.4Sn0.9Pb0.1Br0.6I2.4,0.6,0.4,0,0,0.1,0.9,0,0.6,2.4
MA0.6FA0.4Sn0.9Pb0.1Br0.9I2.1,0.6,0.4,0,0,0.1,0.9,0,0.9,2.1
MA0.6FA0.4Sn0.9Pb0.1Br1.2I1.8,0.6,0.4,0,0,0.1,0.9,0,1.2,1.8
MA0.6FA0.4Sn0.9Pb0.1Br1.5I1.5,0.6,0.4,0,0,0.1,0.9,0,1.5,1.5
MA0.6FA0.4Sn0.9Pb0.1Br1.8I1.2,0.6,0.4,0,0,0.1,0.9,0,1.8,1.2
MA0.6FA0.4Sn0.9Pb0.1Br2.1I0.9,0.6,0.4,0,0,0.1,0.9,0,2.1,0.9
MA0.6FA0.4Sn0.9Pb0.1Br2.4I0.6,0.6,0.4,0,0,0.1,0.9,0,2.4,0.6
MA0.6FA0.4Sn0.9Pb0.1Br2.7I0.3,0.6,0.4,0,0,0.1,0.9,0,2.7,0.3
MA0.6FA0.4Sn0.8Pb0.2Cl0.3Br2.7,0.6,0.4,0,0,0.2,0.8,0.3,2.7,0
MA0.6FA0.4Sn0.8Pb0.2Cl0.6Br2.4,0.6,0.4,0,0,0.2,0.8,0.6,2.4,0
MA0.6FA0.4Sn0.8Pb0.2Cl0.9Br2.1,0.6,0.4,0,0,0.2,0.8,0.9,2.1,0
MA0.6FA0.4Sn0.8Pb0.2Cl1.2Br1.8,0.6,0.4,0,0,0.2,0.8,1.2,1.8,0
MA0.6FA0.4Sn0.8Pb0.2Cl1.5Br1.5,0.6,0.4,0,0,0.2,0.8,1.5,1.5,0
MA0.6FA0.4Sn0.8Pb0.2Cl1.8Br1.2,0.6,0.4,0,0,0.2,0.8,1.8,1.2,0
MA0.6FA0.4Sn0.8Pb0.2Cl2.1Br0.9,0.6,0.4,0,0,0.2,0.8,2.1,0.9,0
MA0.6FA0.4Sn0.8Pb0.2Cl2.4Br0.6,0.6,0.4,0,0,0.2,0.8,2.4,0.6,0
MA0.6FA0.4Sn0.8Pb0.2Cl2.7Br0.3,0.6,0.4,0,0,0.2,0.8,2.7,0.3,0
MA0.6FA0.4Sn0.8Pb0.2Cl0.3I2.7,0.6,0.4,0,0,0.2,0.8,0.3,0,2.7
MA0.6FA0.4Sn0.8Pb0.2Cl0.6I2.4,0.6,0.4,0,0,0.2,0.8,0.6,0,2.4
MA0.6FA0.4Sn0.8Pb0.2Cl0.9I2.1,0.6,0.4,0,0,0.2,0.8,0.9,0,2.1
MA0.6FA0.4Sn0.8Pb0.2Cl1.2I1.8,0.6,0.4,0,0,0.2,0.8,1.2,0,1.8
MA0.6FA0.4Sn0.8Pb0.2Cl1.5I1.5,0.6,0.4,0,0,0.2,0.8,1.5,0,1.5
MA0.6FA0.4Sn0.8Pb0.2Cl1.8I1.2,0.6,0.4,0,0,0.2,0.8,1.8,0,1.2
MA0.6FA0.4Sn0.8Pb0.2Cl2.1I0.9,0.6,0.4,0,0,0.2,0.8,2.1,0,0.9
MA0.6FA0.4Sn0.8Pb0.2Cl2.4I0.6,0.6,0.4,0,0,0.2,0.8,2.4,0,0.6
MA0.6FA0.4Sn0.8Pb0.2Cl2.7I0.3,0.6,0.4,0,0,0.2,0.8,2.7,0,0.3
MA0.6FA0.4Sn0.8Pb0.2Br0.3I2.7,0.6,0.4,0,0,0.2,0.8,0,0.3,2.7
MA0.6FA0.4Sn0.8Pb0.2Br0.6I2.4,0.6,0.4,0,0,0.2,0.8,0,0.6,2.4
MA0.6FA0.4Sn0.8Pb0.2Br0.9I2.1,0.6,0.4,0,0,0.2,0.8,0,0.9,2.1
MA0.6FA0.4Sn0.8Pb0.2Br1.2I1.8,0.6,0.4,0,0,0.2,0.8,0,1.2,1.8
MA0.6FA0.4Sn0.8Pb0.2Br1.5I1.5,0.6,0.4,0,0,0.2,0.8,0,1.5,1.5
MA0.6FA0.4Sn0.8Pb0.2Br1.8I1.2,0.6,0.4,0,0,0.2,0.8,0,1.8,1.2
MA0.6FA0.4Sn0.8Pb0.2Br2.1I0.9,0.6,0.4,0,0,0.2,0.8,0,2.1,0.9
MA0.6FA0.4Sn0.8Pb0.2Br2.4I0.6,0.6,0.4,0,0,0.2,0.8,0,2.4,0.6
MA0.6FA0.4Sn0.8Pb0.2Br2.7I0.3,0.6,0.4,0,0,0.2,0.8,0,2.7,0.3
MA0.6FA0.4Sn0.7Pb0.3Cl0.3Br2.7,0.6,0.4,0,0,0.3,0.7,0.3,2.7,0
MA0.6FA0.4Sn0.7Pb0.3Cl0.6Br2.4,0.6,0.4,0,0,0.3,0.7,0.6,2.4,0
MA0.6FA0.4Sn0.7Pb0.3Cl0.9Br2.1,0.6,0.4,0,0,0.3,0.7,0.9,2.1,0
MA0.6FA0.4Sn0.7Pb0.3Cl1.2Br1.8,0.6,0.4,0,0,0.3,0.7,1.2,1.8,0
MA0.6FA0.4Sn0.7Pb0.3Cl1.5Br1.5,0.6,0.4,0,0,0.3,0.7,1.5,1.5,0
MA0.6FA0.4Sn0.7Pb0.3Cl1.8Br1.2,0.6,0.4,0,0,0.3,0.7,1.8,1.2,0
MA0.6FA0.4Sn0.7Pb0.3Cl2.1Br0.9,0.6,0.4,0,0,0.3,0.7,2.1,0.9,0
MA0.6FA0.4Sn0.7Pb0.3Cl2.4Br0.6,0.6,0.4,0,0,0.3,0.7,2.4,0.6,0
MA0.6FA0.4Sn0.7Pb0.3Cl2.7Br0.3,0.6,0.4,0,0,0.3,0.7,2.7,0.3,0
MA0.6FA0.4Sn0.7Pb0.3Cl0.3I2.7,0.6,0.4,0,0,0.3,0.7,0.3,0,2.7
MA0.6FA0.4Sn0.7Pb0.3Cl0.6I2.4,0.6,0.4,0,0,0.3,0.7,0.6,0,2.4
MA0.6FA0.4Sn0.7Pb0.3Cl0.9I2.1,0.6,0.4,0,0,0.3,0.7,0.9,0,2.1
MA0.6FA0.4Sn0.7Pb0.3Cl1.2I1.8,0.6,0.4,0,0,0.3,0.7,1.2,0,1.8
MA0.6FA0.4Sn0.7Pb0.3Cl1.5I1.5,0.6,0.4,0,0,0.3,0.7,1.5,0,1.5
MA0.6FA0.4Sn0.7Pb0.3Cl1.8I1.2,0.6,0.4,0,0,0.3,0.7,1.8,0,1.2
MA0.6FA0.4Sn0.7Pb0.3Cl2.1I0.9,0.6,0.4,0,0,0.3,0.7,2.1,0,0.9
MA0.6FA0.4Sn0.7Pb0.3Cl2.4I0.6,0.6,0.4,0,0,0.3,0.7,2.4,0,0.6
MA0.6FA0.4Sn0.7Pb0.3Cl2.7I0.3,0.6,0.4,0,0,0.3,0.7,2.7,0,0.3
MA0.6FA0.4Sn0.7Pb0.3Br0.3I2.7,0.6,0.4,0,0,0.3,0.7,0,0.3,2.7
MA0.6FA0.4Sn0.7Pb0.3Br0.6I2.4,0.6,0.4,0,0,0.3,0.7,0,0.6,2.4
MA0.6FA0.4Sn0.7Pb0.3Br0.9I2.1,0.6,0.4,0,0,0.3,0.7,0,0.9,2.1
MA0.6FA0.4Sn0.7Pb0.3Br1.2I1.8,0.6,0.4,0,0,0.3,0.7,0,1.2,1.8
MA0.6FA0.4Sn0.7Pb0.3Br1.5I1.5,0.6,0.4,0,0,0.3,0.7,0,1.5,1.5
MA0.6FA0.4Sn0.7Pb0.3Br1.8I1.2,0.6,0.4,0,0,0.3,0.7,0,1.8,1.2
MA0.6FA0.4Sn0.7Pb0.3Br2.1I0.9,0.6,0.4,0,0,0.3,0.7,0,2.1,0.9
MA0.6FA0.4Sn0.7Pb0.3Br2.4I0.6,0.6,0.4,0,0,0.3,0.7,0,2.4,0.6
MA0.6FA0.4Sn0.7Pb0.3Br2.7I0.3,0.6,0.4,0,0,0.3,0.7,0,2.7,0.3
MA0.6FA0.4Sn0.6Pb0.4Cl0.3Br2.7,0.6,0.4,0,0,0.4,0.6,0.3,2.7,0
MA0.6FA0.4Sn0.6Pb0.4Cl0.6Br2.4,0.6,0.4,0,0,0.4,0.6,0.6,2.4,0
MA0.6FA0.4Sn0.6Pb0.4Cl0.9Br2.1,0.6,0.4,0,0,0.4,0.6,0.9,2.1,0
MA0.6FA0.4Sn0.6Pb0.4Cl1.2Br1.8,0.6,0.4,0,0,0.4,0.6,1.2,1.8,0
MA0.6FA0.4Sn0.6Pb0.4Cl1.5Br1.5,0.6,0.4,0,0,0.4,0.6,1.5,1.5,0
MA0.6FA0.4Sn0.6Pb0.4Cl1.8Br1.2,0.6,0.4,0,0,0.4,0.6,1.8,1.2,0
MA0.6FA0.4Sn0.6Pb0.4Cl2.1Br0.9,0.6,0.4,0,0,0.4,0.6,2.1,0.9,0
MA0.6FA0.4Sn0.6Pb0.4Cl2.4Br0.6,0.6,0.4,0,0,0.4,0.6,2.4,0.6,0
MA0.6FA0.4Sn0.6Pb0.4Cl2.7Br0.3,0.6,0.4,0,0,0.4,0.6,2.7,0.3,0
MA0.6FA0.4Sn0.6Pb0.4Cl0.3I2.7,0.6,0.4,0,0,0.4,0.6,0.3,0,2.7
MA0.6FA0.4Sn0.6Pb0.4Cl0.6I2.4,0.6,0.4,0,0,0.4,0.6,0.6,0,2.4
MA0.6FA0.4Sn0.6Pb0.4Cl0.9I2.1,0.6,0.4,0,0,0.4,0.6,0.9,0,2.1
MA0.6FA0.4Sn0.6Pb0.4Cl1.2I1.8,0.6,0.4,0,0,0.4,0.6,1.2,0,1.8
MA0.6FA0.4Sn0.6Pb0.4Cl1.5I1.5,0.6,0.4,0,0,0.4,0.6,1.5,0,1.5
MA0.6FA0.4Sn0.6Pb0.4Cl1.8I1.2,0.6,0.4,0,0,0.4,0.6,1.8,0,1.2
MA0.6FA0.4Sn0.6Pb0.4Cl2.1I0.9,0.6,0.4,0,0,0.4,0.6,2.1,0,0.9
MA0.6FA0.4Sn0.6Pb0.4Cl2.4I0.6,0.6,0.4,0,0,0.4,0.6,2.4,0,0.6
MA0.6FA0.4Sn0.6Pb0.4Cl2.7I0.3,0.6,0.4,0,0,0.4,0.6,2.7,0,0.3
MA0.6FA0.4Sn0.6Pb0.4Br0.3I2.7,0.6,0.4,0,0,0.4,0.6,0,0.3,2.7
MA0.6FA0.4Sn0.6Pb0.4Br0.6I2.4,0.6,0.4,0,0,0.4,0.6,0,0.6,2.4
MA0.6FA0.4Sn0.6Pb0.4Br0.9I2.1,0.6,0.4,0,0,0.4,0.6,0,0.9,2.1
MA0.6FA0.4Sn0.6Pb0.4Br1.2I1.8,0.6,0.4,0,0,0.4,0.6,0,1.2,1.8
MA0.6FA0.4Sn0.6Pb0.4Br1.5I1.5,0.6,0.4,0,0,0.4,0.6,0,1.5,1.5
MA0.6FA0.4Sn0.6Pb0.4Br1.8I1.2,0.6,0.4,0,0,0.4,0.6,0,1.8,1.2
MA0.6FA0.4Sn0.6Pb0.4Br2.1I0.9,0.6,0.4,0,0,0.4,0.6,0,2.1,0.9
MA0.6FA0.4Sn0.6Pb0.4Br2.4I0.6,0.6,0.4,0,0,0.4,0.6,0,2.4,0.6
MA0.6FA0.4Sn0.6Pb0.4Br2.7I0.3,0.6,0.4,0,0,0.4,0.6,0,2.7,0.3
MA0.6FA0.4Sn0.5Pb0.5Cl0.3Br2.7,0.6,0.4,0,0,0.5,0.5,0.3,2.7,0
MA0.6FA0.4Sn0.5Pb0.5Cl0.6Br2.4,0.6,0.4,0,0,0.5,0.5,0.6,2.4,0
MA0.6FA0.4Sn0.5Pb0.5Cl0.9Br2.1,0.6,0.4,0,0,0.5,0.5,0.9,2.1,0
MA0.6FA0.4Sn0.5Pb0.5Cl1.2Br1.8,0.6,0.4,0,0,0.5,0.5,1.2,1.8,0
MA0.6FA0.4Sn0.5Pb0.5Cl1.5Br1.5,0.6,0.4,0,0,0.5,0.5,1.5,1.5,0
MA0.6FA0.4Sn0.5Pb0.5Cl1.8Br1.2,0.6,0.4,0,0,0.5,0.5,1.8,1.2,0
MA0.6FA0.4Sn0.5Pb0.5Cl2.1Br0.9,0.6,0.4,0,0,0.5,0.5,2.1,0.9,0
MA0.6FA0.4Sn0.5Pb0.5Cl2.4Br0.6,0.6,0.4,0,0,0.5,0.5,2.4,0.6,0
MA0.6FA0.4Sn0.5Pb0.5Cl2.7Br0.3,0.6,0.4,0,0,0.5,0.5,2.7,0.3,0
MA0.6FA0.4Sn0.5Pb0.5Cl0.3I2.7,0.6,0.4,0,0,0.5,0.5,0.3,0,2.7
MA0.6FA0.4Sn0.5Pb0.5Cl0.6I2.4,0.6,0.4,0,0,0.5,0.5,0.6,0,2.4
MA0.6FA0.4Sn0.5Pb0.5Cl0.9I2.1,0.6,0.4,0,0,0.5,0.5,0.9,0,2.1
MA0.6FA0.4Sn0.5Pb0.5Cl1.2I1.8,0.6,0.4,0,0,0.5,0.5,1.2,0,1.8
MA0.6FA0.4Sn0.5Pb0.5Cl1.5I1.5,0.6,0.4,0,0,0.5,0.5,1.5,0,1.5
MA0.6FA0.4Sn0.5Pb0.5Cl1.8I1.2,0.6,0.4,0,0,0.5,0.5,1.8,0,1.2
MA0.6FA0.4Sn0.5Pb0.5Cl2.1I0.9,0.6,0.4,0,0,0.5,0.5,2.1,0,0.9
MA0.6FA0.4Sn0.5Pb0.5Cl2.4I0.6,0.6,0.4,0,0,0.5,0.5,2.4,0,0.6
MA0.6FA0.4Sn0.5Pb0.5Cl2.7I0.3,0.6,0.4,0,0,0.5,0.5,2.7,0,0.3
MA0.6FA0.4Sn0.5Pb0.5Br0.3I2.7,0.6,0.4,0,0,0.5,0.5,0,0.3,2.7
MA0.6FA0.4Sn0.5Pb0.5Br0.6I2.4,0.6,0.4,0,0,0.5,0.5,0,0.6,2.4
MA0.6FA0.4Sn0.5Pb0.5Br0.9I2.1,0.6,0.4,0,0,0.5,0.5,0,0.9,2.1
MA0.6FA0.4Sn0.5Pb0.5Br1.2I1.8,0.6,0.4,0,0,0.5,0.5,0,1.2,1.8
MA0.6FA0.4Sn0.5Pb0.5Br1.5I1.5,0.6,0.4,0,0,0.5,0.5,0,1.5,1.5
MA0.6FA0.4Sn0.5Pb0.5Br1.8I1.2,0.6,0.4,0,0,0.5,0.5,0,1.8,1.2
MA0.6FA0.4Sn0.5Pb0.5Br2.1I0.9,0.6,0.4,0,0,0.5,0.5,0,2.1,0.9
MA0.6FA0.4Sn0.5Pb0.5Br2.4I0.6,0.6,0.4,0,0,0.5,0.5,0,2.4,0.6
MA0.6FA0.4Sn0.5Pb0.5Br2.7I0.3,0.6,0.4,0,0,0.5,0.5,0,2.7,0.3
MA0.6FA0.4Sn0.4Pb0.6Cl0.3Br2.7,0.6,0.4,0,0,0.6,0.4,0.3,2.7,0
MA0.6FA0.4Sn0.4Pb0.6Cl0.6Br2.4,0.6,0.4,0,0,0.6,0.4,0.6,2.4,0
MA0.6FA0.4Sn0.4Pb0.6Cl0.9Br2.1,0.6,0.4,0,0,0.6,0.4,0.9,2.1,0
MA0.6FA0.4Sn0.4Pb0.6Cl1.2Br1.8,0.6,0.4,0,0,0.6,0.4,1.2,1.8,0
MA0.6FA0.4Sn0.4Pb0.6Cl1.5Br1.5,0.6,0.4,0,0,0.6,0.4,1.5,1.5,0
MA0.6FA0.4Sn0.4Pb0.6Cl1.8Br1.2,0.6,0.4,0,0,0.6,0.4,1.8,1.2,0
MA0.6FA0.4Sn0.4Pb0.6Cl2.1Br0.9,0.6,0.4,0,0,0.6,0.4,2.1,0.9,0
MA0.6FA0.4Sn0.4Pb0.6Cl2.4Br0.6,0.6,0.4,0,0,0.6,0.4,2.4,0.6,0
MA0.6FA0.4Sn0.4Pb0.6Cl2.7Br0.3,0.6,0.4,0,0,0.6,0.4,2.7,0.3,0
MA0.6FA0.4Sn0.4Pb0.6Cl0.3I2.7,0.6,0.4,0,0,0.6,0.4,0.3,0,2.7
MA0.6FA0.4Sn0.4Pb0.6Cl0.6I2.4,0.6,0.4,0,0,0.6,0.4,0.6,0,2.4
MA0.6FA0.4Sn0.4Pb0.6Cl0.9I2.1,0.6,0.4,0,0,0.6,0.4,0.9,0,2.1
MA0.6FA0.4Sn0.4Pb0.6Cl1.2I1.8,0.6,0.4,0,0,0.6,0.4,1.2,0,1.8
MA0.6FA0.4Sn0.4Pb0.6Cl1.5I1.5,0.6,0.4,0,0,0.6,0.4,1.5,0,1.5
MA0.6FA0.4Sn0.4Pb0.6Cl1.8I1.2,0.6,0.4,0,0,0.6,0.4,1.8,0,1.2
MA0.6FA0.4Sn0.4Pb0.6Cl2.1I0.9,0.6,0.4,0,0,0.6,0.4,2.1,0,0.9
MA0.6FA0.4Sn0.4Pb0.6Cl2.4I0.6,0.6,0.4,0,0,0.6,0.4,2.4,0,0.6
MA0.6FA0.4Sn0.4Pb0.6Cl2.7I0.3,0.6,0.4,0,0,0.6,0.4,2.7,0,0.3
MA0.6FA0.4Sn0.4Pb0.6Br0.3I2.7,0.6,0.4,0,0,0.6,0.4,0,0.3,2.7
MA0.6FA0.4Sn0.4Pb0.6Br0.6I2.4,0.6,0.4,0,0,0.6,0.4,0,0.6,2.4
MA0.6FA0.4Sn0.4Pb0.6Br0.9I2.1,0.6,0.4,0,0,0.6,0.4,0,0.9,2.1
MA0.6FA0.4Sn0.4Pb0.6Br1.2I1.8,0.6,0.4,0,0,0.6,0.4,0,1.2,1.8
MA0.6FA0.4Sn0.4Pb0.6Br1.5I1.5,0.6,0.4,0,0,0.6,0.4,0,1.5,1.5
MA0.6FA0.4Sn0.4Pb0.6Br1.8I1.2,0.6,0.4,0,0,0.6,0.4,0,1.8,1.2
MA0.6FA0.4Sn0.4Pb0.6Br2.1I0.9,0.6,0.4,0,0,0.6,0.4,0,2.1,0.9
MA0.6FA0.4Sn0.4Pb0.6Br2.4I0.6,0.6,0.4,0,0,0.6,0.4,0,2.4,0.6
MA0.6FA0.4Sn0.4Pb0.6Br2.7I0.3,0.6,0.4,0,0,0.6,0.4,0,2.7,0.3
MA0.6FA0.4Sn0.3Pb0.7Cl0.3Br2.7,0.6,0.4,0,0,0.7,0.3,0.3,2.7,0
MA0.6FA0.4Sn0.3Pb0.7Cl0.6Br2.4,0.6,0.4,0,0,0.7,0.3,0.6,2.4,0
MA0.6FA0.4Sn0.3Pb0.7Cl0.9Br2.1,0.6,0.4,0,0,0.7,0.3,0.9,2.1,0
MA0.6FA0.4Sn0.3Pb0.7Cl1.2Br1.8,0.6,0.4,0,0,0.7,0.3,1.2,1.8,0
MA0.6FA0.4Sn0.3Pb0.7Cl1.5Br1.5,0.6,0.4,0,0,0.7,0.3,1.5,1.5,0
MA0.6FA0.4Sn0.3Pb0.7Cl1.8Br1.2,0.6,0.4,0,0,0.7,0.3,1.8,1.2,0
MA0.6FA0.4Sn0.3Pb0.7Cl2.1Br0.9,0.6,0.4,0,0,0.7,0.3,2.1,0.9,0
MA0.6FA0.4Sn0.3Pb0.7Cl2.4Br0.6,0.6,0.4,0,0,0.7,0.3,2.4,0.6,0
MA0.6FA0.4Sn0.3Pb0.7Cl2.7Br0.3,0.6,0.4,0,0,0.7,0.3,2.7,0.3,0
MA0.6FA0.4Sn0.3Pb0.7Cl0.3I2.7,0.6,0.4,0,0,0.7,0.3,0.3,0,2.7
MA0.6FA0.4Sn0.3Pb0.7Cl0.6I2.4,0.6,0.4,0,0,0.7,0.3,0.6,0,2.4
MA0.6FA0.4Sn0.3Pb0.7Cl0.9I2.1,0.6,0.4,0,0,0.7,0.3,0.9,0,2.1
MA0.6FA0.4Sn0.3Pb0.7Cl1.2I1.8,0.6,0.4,0,0,0.7,0.3,1.2,0,1.8
MA0.6FA0.4Sn0.3Pb0.7Cl1.5I1.5,0.6,0.4,0,0,0.7,0.3,1.5,0,1.5
MA0.6FA0.4Sn0.3Pb0.7Cl1.8I1.2,0.6,0.4,0,0,0.7,0.3,1.8,0,1.2
MA0.6FA0.4Sn0.3Pb0.7Cl2.1I0.9,0.6,0.4,0,0,0.7,0.3,2.1,0,0.9
MA0.6FA0.4Sn0.3Pb0.7Cl2.4I0.6,0.6,0.4,0,0,0.7,0.3,2.4,0,0.6
MA0.6FA0.4Sn0.3Pb0.7Cl2.7I0.3,0.6,0.4,0,0,0.7,0.3,2.7,0,0.3
MA0.6FA0.4Sn0.3Pb0.7Br0.3I2.7,0.6,0.4,0,0,0.7,0.3,0,0.3,2.7
MA0.6FA0.4Sn0.3Pb0.7Br0.6I2.4,0.6,0.4,0,0,0.7,0.3,0,0.6,2.4
MA0.6FA0.4Sn0.3Pb0.7Br0.9I2.1,0.6,0.4,0,0,0.7,0.3,0,0.9,2.1
MA0.6FA0.4Sn0.3Pb0.7Br1.2I1.8,0.6,0.4,0,0,0.7,0.3,0,1.2,1.8
MA0.6FA0.4Sn0.3Pb0.7Br1.5I1.5,0.6,0.4,0,0,0.7,0.3,0,1.5,1.5
MA0.6FA0.4Sn0.3Pb0.7Br1.8I1.2,0.6,0.4,0,0,0.7,0.3,0,1.8,1.2
MA0.6FA0.4Sn0.3Pb0.7Br2.1I0.9,0.6,0.4,0,0,0.7,0.3,0,2.1,0.9
MA0.6FA0.4Sn0.3Pb0.7Br2.4I0.6,0.6,0.4,0,0,0.7,0.3,0,2.4,0.6
MA0.6FA0.4Sn0.3Pb0.7Br2.7I0.3,0.6,0.4,0,0,0.7,0.3,0,2.7,0.3
MA0.6FA0.4Sn0.2Pb0.8Cl0.3Br2.7,0.6,0.4,0,0,0.8,0.2,0.3,2.7,0
MA0.6FA0.4Sn0.2Pb0.8Cl0.6Br2.4,0.6,0.4,0,0,0.8,0.2,0.6,2.4,0
MA0.6FA0.4Sn0.2Pb0.8Cl0.9Br2.1,0.6,0.4,0,0,0.8,0.2,0.9,2.1,0
MA0.6FA0.4Sn0.2Pb0.8Cl1.2Br1.8,0.6,0.4,0,0,0.8,0.2,1.2,1.8,0
MA0.6FA0.4Sn0.2Pb0.8Cl1.5Br1.5,0.6,0.4,0,0,0.8,0.2,1.5,1.5,0
MA0.6FA0.4Sn0.2Pb0.8Cl1.8Br1.2,0.6,0.4,0,0,0.8,0.2,1.8,1.2,0
MA0.6FA0.4Sn0.2Pb0.8Cl2.1Br0.9,0.6,0.4,0,0,0.8,0.2,2.1,0.9,0
MA0.6FA0.4Sn0.2Pb0.8Cl2.4Br0.6,0.6,0.4,0,0,0.8,0.2,2.4,0.6,0
MA0.6FA0.4Sn0.2Pb0.8Cl2.7Br0.3,0.6,0.4,0,0,0.8,0.2,2.7,0.3,0
MA0.6FA0.4Sn0.2Pb0.8Cl0.3I2.7,0.6,0.4,0,0,0.8,0.2,0.3,0,2.7
MA0.6FA0.4Sn0.2Pb0.8Cl0.6I2.4,0.6,0.4,0,0,0.8,0.2,0.6,0,2.4
MA0.6FA0.4Sn0.2Pb0.8Cl0.9I2.1,0.6,0.4,0,0,0.8,0.2,0.9,0,2.1
MA0.6FA0.4Sn0.2Pb0.8Cl1.2I1.8,0.6,0.4,0,0,0.8,0.2,1.2,0,1.8
MA0.6FA0.4Sn0.2Pb0.8Cl1.5I1.5,0.6,0.4,0,0,0.8,0.2,1.5,0,1.5
MA0.6FA0.4Sn0.2Pb0.8Cl1.8I1.2,0.6,0.4,0,0,0.8,0.2,1.8,0,1.2
MA0.6FA0.4Sn0.2Pb0.8Cl2.1I0.9,0.6,0.4,0,0,0.8,0.2,2.1,0,0.9
MA0.6FA0.4Sn0.2Pb0.8Cl2.4I0.6,0.6,0.4,0,0,0.8,0.2,2.4,0,0.6
MA0.6FA0.4Sn0.2Pb0.8Cl2.7I0.3,0.6,0.4,0,0,0.8,0.2,2.7,0,0.3
MA0.6FA0.4Sn0.2Pb0.8Br0.3I2.7,0.6,0.4,0,0,0.8,0.2,0,0.3,2.7
MA0.6FA0.4Sn0.2Pb0.8Br0.6I2.4,0.6,0.4,0,0,0.8,0.2,0,0.6,2.4
MA0.6FA0.4Sn0.2Pb0.8Br0.9I2.1,0.6,0.4,0,0,0.8,0.2,0,0.9,2.1
MA0.6FA0.4Sn0.2Pb0.8Br1.2I1.8,0.6,0.4,0,0,0.8,0.2,0,1.2,1.8
MA0.6FA0.4Sn0.2Pb0.8Br1.5I1.5,0.6,0.4,0,0,0.8,0.2,0,1.5,1.5
MA0.6FA0.4Sn0.2Pb0.8Br1.8I1.2,0.6,0.4,0,0,0.8,0.2,0,1.8,1.2
MA0.6FA0.4Sn0.2Pb0.8Br2.1I0.9,0.6,0.4,0,0,0.8,0.2,0,2.1,0.9
MA0.6FA0.4Sn0.2Pb0.8Br2.4I0.6,0.6,0.4,0,0,0.8,0.2,0,2.4,0.6
MA0.6FA0.4Sn0.2Pb0.8Br2.7I0.3,0.6,0.4,0,0,0.8,0.2,0,2.7,0.3
MA0.6FA0.4Sn0.1Pb0.9Cl0.3Br2.7,0.6,0.4,0,0,0.9,0.1,0.3,2.7,0
MA0.6FA0.4Sn0.1Pb0.9Cl0.6Br2.4,0.6,0.4,0,0,0.9,0.1,0.6,2.4,0
MA0.6FA0.4Sn0.1Pb0.9Cl0.9Br2.1,0.6,0.4,0,0,0.9,0.1,0.9,2.1,0
MA0.6FA0.4Sn0.1Pb0.9Cl1.2Br1.8,0.6,0.4,0,0,0.9,0.1,1.2,1.8,0
MA0.6FA0.4Sn0.1Pb0.9Cl1.5Br1.5,0.6,0.4,0,0,0.9,0.1,1.5,1.5,0
MA0.6FA0.4Sn0.1Pb0.9Cl1.8Br1.2,0.6,0.4,0,0,0.9,0.1,1.8,1.2,0
MA0.6FA0.4Sn0.1Pb0.9Cl2.1Br0.9,0.6,0.4,0,0,0.9,0.1,2.1,0.9,0
MA0.6FA0.4Sn0.1Pb0.9Cl2.4Br0.6,0.6,0.4,0,0,0.9,0.1,2.4,0.6,0
MA0.6FA0.4Sn0.1Pb0.9Cl2.7Br0.3,0.6,0.4,0,0,0.9,0.1,2.7,0.3,0
MA0.6FA0.4Sn0.1Pb0.9Cl0.3I2.7,0.6,0.4,0,0,0.9,0.1,0.3,0,2.7
MA0.6FA0.4Sn0.1Pb0.9Cl0.6I2.4,0.6,0.4,0,0,0.9,0.1,0.6,0,2.4
MA0.6FA0.4Sn0.1Pb0.9Cl0.9I2.1,0.6,0.4,0,0,0.9,0.1,0.9,0,2.1
MA0.6FA0.4Sn0.1Pb0.9Cl1.2I1.8,0.6,0.4,0,0,0.9,0.1,1.2,0,1.8
MA0.6FA0.4Sn0.1Pb0.9Cl1.5I1.5,0.6,0.4,0,0,0.9,0.1,1.5,0,1.5
MA0.6FA0.4Sn0.1Pb0.9Cl1.8I1.2,0.6,0.4,0,0,0.9,0.1,1.8,0,1.2
MA0.6FA0.4Sn0.1Pb0.9Cl2.1I0.9,0.6,0.4,0,0,0.9,0.1,2.1,0,0.9
MA0.6FA0.4Sn0.1Pb0.9Cl2.4I0.6,0.6,0.4,0,0,0.9,0.1,2.4,0,0.6
MA0.6FA0.4Sn0.1Pb0.9Cl2.7I0.3,0.6,0.4,0,0,0.9,0.1,2.7,0,0.3
MA0.6FA0.4Sn0.1Pb0.9Br0.3I2.7,0.6,0.4,0,0,0.9,0.1,0,0.3,2.7
MA0.6FA0.4Sn0.1Pb0.9Br0.6I2.4,0.6,0.4,0,0,0.9,0.1,0,0.6,2.4
MA0.6FA0.4Sn0.1Pb0.9Br0.9I2.1,0.6,0.4,0,0,0.9,0.1,0,0.9,2.1
MA0.6FA0.4Sn0.1Pb0.9Br1.2I1.8,0.6,0.4,0,0,0.9,0.1,0,1.2,1.8
MA0.6FA0.4Sn0.1Pb0.9Br1.5I1.5,0.6,0.4,0,0,0.9,0.1,0,1.5,1.5
MA0.6FA0.4Sn0.1Pb0.9Br1.8I1.2,0.6,0.4,0,0,0.9,0.1,0,1.8,1.2
MA0.6FA0.4Sn0.1Pb0.9Br2.1I0.9,0.6,0.4,0,0,0.9,0.1,0,2.1,0.9
MA0.6FA0.4Sn0.1Pb0.9Br2.4I0.6,0.6,0.4,0,0,0.9,0.1,0,2.4,0.6
MA0.6FA0.4Sn0.1Pb0.9Br2.7I0.3,0.6,0.4,0,0,0.9,0.1,0,2.7,0.3
MA0.7FA0.3Sn0.9Pb0.1Cl0.3Br2.7,0.7,0.3,0,0,0.1,0.9,0.3,2.7,0
MA0.7FA0.3Sn0.9Pb0.1Cl0.6Br2.4,0.7,0.3,0,0,0.1,0.9,0.6,2.4,0
MA0.7FA0.3Sn0.9Pb0.1Cl0.9Br2.1,0.7,0.3,0,0,0.1,0.9,0.9,2.1,0
MA0.7FA0.3Sn0.9Pb0.1Cl1.2Br1.8,0.7,0.3,0,0,0.1,0.9,1.2,1.8,0
MA0.7FA0.3Sn0.9Pb0.1Cl1.5Br1.5,0.7,0.3,0,0,0.1,0.9,1.5,1.5,0
MA0.7FA0.3Sn0.9Pb0.1Cl1.8Br1.2,0.7,0.3,0,0,0.1,0.9,1.8,1.2,0
MA0.7FA0.3Sn0.9Pb0.1Cl2.1Br0.9,0.7,0.3,0,0,0.1,0.9,2.1,0.9,0
MA0.7FA0.3Sn0.9Pb0.1Cl2.4Br0.6,0.7,0.3,0,0,0.1,0.9,2.4,0.6,0
MA0.7FA0.3Sn0.9Pb0.1Cl2.7Br0.3,0.7,0.3,0,0,0.1,0.9,2.7,0.3,0
MA0.7FA0.3Sn0.9Pb0.1Cl0.3I2.7,0.7,0.3,0,0,0.1,0.9,0.3,0,2.7
MA0.7FA0.3Sn0.9Pb0.1Cl0.6I2.4,0.7,0.3,0,0,0.1,0.9,0.6,0,2.4
MA0.7FA0.3Sn0.9Pb0.1Cl0.9I2.1,0.7,0.3,0,0,0.1,0.9,0.9,0,2.1
MA0.7FA0.3Sn0.9Pb0.1Cl1.2I1.8,0.7,0.3,0,0,0.1,0.9,1.2,0,1.8
MA0.7FA0.3Sn0.9Pb0.1Cl1.5I1.5,0.7,0.3,0,0,0.1,0.9,1.5,0,1.5
MA0.7FA0.3Sn0.9Pb0.1Cl1.8I1.2,0.7,0.3,0,0,0.1,0.9,1.8,0,1.2
MA0.7FA0.3Sn0.9Pb0.1Cl2.1I0.9,0.7,0.3,0,0,0.1,0.9,2.1,0,0.9
MA0.7FA0.3Sn0.9Pb0.1Cl2.4I0.6,0.7,0.3,0,0,0.1,0.9,2.4,0,0.6
MA0.7FA0.3Sn0.9Pb0.1Cl2.7I0.3,0.7,0.3,0,0,0.1,0.9,2.7,0,0.3
MA0.7FA0.3Sn0.9Pb0.1Br0.3I2.7,0.7,0.3,0,0,0.1,0.9,0,0.3,2.7
MA0.7FA0.3Sn0.9Pb0.1Br0.6I2.4,0.7,0.3,0,0,0.1,0.9,0,0.6,2.4
MA0.7FA0.3Sn0.9Pb0.1Br0.9I2.1,0.7,0.3,0,0,0.1,0.9,0,0.9,2.1
MA0.7FA0.3Sn0.9Pb0.1Br1.2I1.8,0.7,0.3,0,0,0.1,0.9,0,1.2,1.8
MA0.7FA0.3Sn0.9Pb0.1Br1.5I1.5,0.7,0.3,0,0,0.1,0.9,0,1.5,1.5
MA0.7FA0.3Sn0.9Pb0.1Br1.8I1.2,0.7,0.3,0,0,0.1,0.9,0,1.8,1.2
MA0.7FA0.3Sn0.9Pb0.1Br2.1I0.9,0.7,0.3,0,0,0.1,0.9,0,2.1,0.9
MA0.7FA0.3Sn0.9Pb0.1Br2.4I0.6,0.7,0.3,0,0,0.1,0.9,0,2.4,0.6
MA0.7FA0.3Sn0.9Pb0.1Br2.7I0.3,0.7,0.3,0,0,0.1,0.9,0,2.7,0.3
MA0.7FA0.3Sn0.8Pb0.2Cl0.3Br2.7,0.7,0.3,0,0,0.2,0.8,0.3,2.7,0
MA0.7FA0.3Sn0.8Pb0.2Cl0.6Br2.4,0.7,0.3,0,0,0.2,0.8,0.6,2.4,0
MA0.7FA0.3Sn0.8Pb0.2Cl0.9Br2.1,0.7,0.3,0,0,0.2,0.8,0.9,2.1,0
MA0.7FA0.3Sn0.8Pb0.2Cl1.2Br1.8,0.7,0.3,0,0,0.2,0.8,1.2,1.8,0
MA0.7FA0.3Sn0.8Pb0.2Cl1.5Br1.5,0.7,0.3,0,0,0.2,0.8,1.5,1.5,0
MA0.7FA0.3Sn0.8Pb0.2Cl1.8Br1.2,0.7,0.3,0,0,0.2,0.8,1.8,1.2,0
MA0.7FA0.3Sn0.8Pb0.2Cl2.1Br0.9,0.7,0.3,0,0,0.2,0.8,2.1,0.9,0
MA0.7FA0.3Sn0.8Pb0.2Cl2.4Br0.6,0.7,0.3,0,0,0.2,0.8,2.4,0.6,0
MA0.7FA0.3Sn0.8Pb0.2Cl2.7Br0.3,0.7,0.3,0,0,0.2,0.8,2.7,0.3,0
MA0.7FA0.3Sn0.8Pb0.2Cl0.3I2.7,0.7,0.3,0,0,0.2,0.8,0.3,0,2.7
MA0.7FA0.3Sn0.8Pb0.2Cl0.6I2.4,0.7,0.3,0,0,0.2,0.8,0.6,0,2.4
MA0.7FA0.3Sn0.8Pb0.2Cl0.9I2.1,0.7,0.3,0,0,0.2,0.8,0.9,0,2.1
MA0.7FA0.3Sn0.8Pb0.2Cl1.2I1.8,0.7,0.3,0,0,0.2,0.8,1.2,0,1.8
MA0.7FA0.3Sn0.8Pb0.2Cl1.5I1.5,0.7,0.3,0,0,0.2,0.8,1.5,0,1.5
MA0.7FA0.3Sn0.8Pb0.2Cl1.8I1.2,0.7,0.3,0,0,0.2,0.8,1.8,0,1.2
MA0.7FA0.3Sn0.8Pb0.2Cl2.1I0.9,0.7,0.3,0,0,0.2,0.8,2.1,0,0.9
MA0.7FA0.3Sn0.8Pb0.2Cl2.4I0.6,0.7,0.3,0,0,0.2,0.8,2.4,0,0.6
MA0.7FA0.3Sn0.8Pb0.2Cl2.7I0.3,0.7,0.3,0,0,0.2,0.8,2.7,0,0.3
MA0.7FA0.3Sn0.8Pb0.2Br0.3I2.7,0.7,0.3,0,0,0.2,0.8,0,0.3,2.7
MA0.7FA0.3Sn0.8Pb0.2Br0.6I2.4,0.7,0.3,0,0,0.2,0.8,0,0.6,2.4
MA0.7FA0.3Sn0.8Pb0.2Br0.9I2.1,0.7,0.3,0,0,0.2,0.8,0,0.9,2.1
MA0.7FA0.3Sn0.8Pb0.2Br1.2I1.8,0.7,0.3,0,0,0.2,0.8,0,1.2,1.8
MA0.7FA0.3Sn0.8Pb0.2Br1.5I1.5,0.7,0.3,0,0,0.2,0.8,0,1.5,1.5
MA0.7FA0.3Sn0.8Pb0.2Br1.8I1.2,0.7,0.3,0,0,0.2,0.8,0,1.8,1.2
MA0.7FA0.3Sn0.8Pb0.2Br2.1I0.9,0.7,0.3,0,0,0.2,0.8,0,2.1,0.9
MA0.7FA0.3Sn0.8Pb0.2Br2.4I0.6,0.7,0.3,0,0,0.2,0.8,0,2.4,0.6
MA0.7FA0.3Sn0.8Pb0.2Br2.7I0.3,0.7,0.3,0,0,0.2,0.8,0,2.7,0.3
MA0.7FA0.3Sn0.7Pb0.3Cl0.3Br2.7,0.7,0.3,0,0,0.3,0.7,0.3,2.7,0
MA0.7FA0.3Sn0.7Pb0.3Cl0.6Br2.4,0.7,0.3,0,0,0.3,0.7,0.6,2.4,0
MA0.7FA0.3Sn0.7Pb0.3Cl0.9Br2.1,0.7,0.3,0,0,0.3,0.7,0.9,2.1,0
MA0.7FA0.3Sn0.7Pb0.3Cl1.2Br1.8,0.7,0.3,0,0,0.3,0.7,1.2,1.8,0
MA0.7FA0.3Sn0.7Pb0.3Cl1.5Br1.5,0.7,0.3,0,0,0.3,0.7,1.5,1.5,0
MA0.7FA0.3Sn0.7Pb0.3Cl1.8Br1.2,0.7,0.3,0,0,0.3,0.7,1.8,1.2,0
MA0.7FA0.3Sn0.7Pb0.3Cl2.1Br0.9,0.7,0.3,0,0,0.3,0.7,2.1,0.9,0
MA0.7FA0.3Sn0.7Pb0.3Cl2.4Br0.6,0.7,0.3,0,0,0.3,0.7,2.4,0.6,0
MA0.7FA0.3Sn0.7Pb0.3Cl2.7Br0.3,0.7,0.3,0,0,0.3,0.7,2.7,0.3,0
MA0.7FA0.3Sn0.7Pb0.3Cl0.3I2.7,0.7,0.3,0,0,0.3,0.7,0.3,0,2.7
MA0.7FA0.3Sn0.7Pb0.3Cl0.6I2.4,0.7,0.3,0,0,0.3,0.7,0.6,0,2.4
MA0.7FA0.3Sn0.7Pb0.3Cl0.9I2.1,0.7,0.3,0,0,0.3,0.7,0.9,0,2.1
MA0.7FA0.3Sn0.7Pb0.3Cl1.2I1.8,0.7,0.3,0,0,0.3,0.7,1.2,0,1.8
MA0.7FA0.3Sn0.7Pb0.3Cl1.5I1.5,0.7,0.3,0,0,0.3,0.7,1.5,0,1.5
MA0.7FA0.3Sn0.7Pb0.3Cl1.8I1.2,0.7,0.3,0,0,0.3,0.7,1.8,0,1.2
MA0.7FA0.3Sn0.7Pb0.3Cl2.1I0.9,0.7,0.3,0,0,0.3,0.7,2.1,0,0.9
MA0.7FA0.3Sn0.7Pb0.3Cl2.4I0.6,0.7,0.3,0,0,0.3,0.7,2.4,0,0.6
MA0.7FA0.3Sn0.7Pb0.3Cl2.7I0.3,0.7,0.3,0,0,0.3,0.7,2.7,0,0.3
MA0.7FA0.3Sn0.7Pb0.3Br0.3I2.7,0.7,0.3,0,0,0.3,0.7,0,0.3,2.7
MA0.7FA0.3Sn0.7Pb0.3Br0.6I2.4,0.7,0.3,0,0,0.3,0.7,0,0.6,2.4
MA0.7FA0.3Sn0.7Pb0.3Br0.9I2.1,0.7,0.3,0,0,0.3,0.7,0,0.9,2.1
MA0.7FA0.3Sn0.7Pb0.3Br1.2I1.8,0.7,0.3,0,0,0.3,0.7,0,1.2,1.8
MA0.7FA0.3Sn0.7Pb0.3Br1.5I1.5,0.7,0.3,0,0,0.3,0.7,0,1.5,1.5
MA0.7FA0.3Sn0.7Pb0.3Br1.8I1.2,0.7,0.3,0,0,0.3,0.7,0,1.8,1.2
MA0.7FA0.3Sn0.7Pb0.3Br2.1I0.9,0.7,0.3,0,0,0.3,0.7,0,2.1,0.9
MA0.7FA0.3Sn0.7Pb0.3Br2.4I0.6,0.7,0.3,0,0,0.3,0.7,0,2.4,0.6
MA0.7FA0.3Sn0.7Pb0.3Br2.7I0.3,0.7,0.3,0,0,0.3,0.7,0,2.7,0.3
MA0.7FA0.3Sn0.6Pb0.4Cl0.3Br2.7,0.7,0.3,0,0,0.4,0.6,0.3,2.7,0
MA0.7FA0.3Sn0.6Pb0.4Cl0.6Br2.4,0.7,0.3,0,0,0.4,0.6,0.6,2.4,0
MA0.7FA0.3Sn0.6Pb0.4Cl0.9Br2.1,0.7,0.3,0,0,0.4,0.6,0.9,2.1,0
MA0.7FA0.3Sn0.6Pb0.4Cl1.2Br1.8,0.7,0.3,0,0,0.4,0.6,1.2,1.8,0
MA0.7FA0.3Sn0.6Pb0.4Cl1.5Br1.5,0.7,0.3,0,0,0.4,0.6,1.5,1.5,0
MA0.7FA0.3Sn0.6Pb0.4Cl1.8Br1.2,0.7,0.3,0,0,0.4,0.6,1.8,1.2,0
MA0.7FA0.3Sn0.6Pb0.4Cl2.1Br0.9,0.7,0.3,0,0,0.4,0.6,2.1,0.9,0
MA0.7FA0.3Sn0.6Pb0.4Cl2.4Br0.6,0.7,0.3,0,0,0.4,0.6,2.4,0.6,0
MA0.7FA0.3Sn0.6Pb0.4Cl2.7Br0.3,0.7,0.3,0,0,0.4,0.6,2.7,0.3,0
MA0.7FA0.3Sn0.6Pb0.4Cl0.3I2.7,0.7,0.3,0,0,0.4,0.6,0.3,0,2.7
MA0.7FA0.3Sn0.6Pb0.4Cl0.6I2.4,0.7,0.3,0,0,0.4,0.6,0.6,0,2.4
MA0.7FA0.3Sn0.6Pb0.4Cl0.9I2.1,0.7,0.3,0,0,0.4,0.6,0.9,0,2.1
MA0.7FA0.3Sn0.6Pb0.4Cl1.2I1.8,0.7,0.3,0,0,0.4,0.6,1.2,0,1.8
MA0.7FA0.3Sn0.6Pb0.4Cl1.5I1.5,0.7,0.3,0,0,0.4,0.6,1.5,0,1.5
MA0.7FA0.3Sn0.6Pb0.4Cl1.8I1.2,0.7,0.3,0,0,0.4,0.6,1.8,0,1.2
MA0.7FA0.3Sn0.6Pb0.4Cl2.1I0.9,0.7,0.3,0,0,0.4,0.6,2.1,0,0.9
MA0.7FA0.3Sn0.6Pb0.4Cl2.4I0.6,0.7,0.3,0,0,0.4,0.6,2.4,0,0.6
MA0.7FA0.3Sn0.6Pb0.4Cl2.7I0.3,0.7,0.3,0,0,0.4,0.6,2.7,0,0.3
MA0.7FA0.3Sn0.6Pb0.4Br0.3I2.7,0.7,0.3,0,0,0.4,0.6,0,0.3,2.7
MA0.7FA0.3Sn0.6Pb0.4Br0.6I2.4,0.7,0.3,0,0,0.4,0.6,0,0.6,2.4
MA0.7FA0.3Sn0.6Pb0.4Br0.9I2.1,0.7,0.3,0,0,0.4,0.6,0,0.9,2.1
MA0.7FA0.3Sn0.6Pb0.4Br1.2I1.8,0.7,0.3,0,0,0.4,0.6,0,1.2,1.8
MA0.7FA0.3Sn0.6Pb0.4Br1.5I1.5,0.7,0.3,0,0,0.4,0.6,0,1.5,1.5
MA0.7FA0.3Sn0.6Pb0.4Br1.8I1.2,0.7,0.3,0,0,0.4,0.6,0,1.8,1.2
MA0.7FA0.3Sn0.6Pb0.4Br2.1I0.9,0.7,0.3,0,0,0.4,0.6,0,2.1,0.9
MA0.7FA0.3Sn0.6Pb0.4Br2.4I0.6,0.7,0.3,0,0,0.4,0.6,0,2.4,0.6
MA0.7FA0.3Sn0.6Pb0.4Br2.7I0.3,0.7,0.3,0,0,0.4,0.6,0,2.7,0.3
MA0.7FA0.3Sn0.5Pb0.5Cl0.3Br2.7,0.7,0.3,0,0,0.5,0.5,0.3,2.7,0
MA0.7FA0.3Sn0.5Pb0.5Cl0.6Br2.4,0.7,0.3,0,0,0.5,0.5,0.6,2.4,0
MA0.7FA0.3Sn0.5Pb0.5Cl0.9Br2.1,0.7,0.3,0,0,0.5,0.5,0.9,2.1,0
MA0.7FA0.3Sn0.5Pb0.5Cl1.2Br1.8,0.7,0.3,0,0,0.5,0.5,1.2,1.8,0
MA0.7FA0.3Sn0.5Pb0.5Cl1.5Br1.5,0.7,0.3,0,0,0.5,0.5,1.5,1.5,0
MA0.7FA0.3Sn0.5Pb0.5Cl1.8Br1.2,0.7,0.3,0,0,0.5,0.5,1.8,1.2,0
MA0.7FA0.3Sn0.5Pb0.5Cl2.1Br0.9,0.7,0.3,0,0,0.5,0.5,2.1,0.9,0
MA0.7FA0.3Sn0.5Pb0.5Cl2.4Br0.6,0.7,0.3,0,0,0.5,0.5,2.4,0.6,0
MA0.7FA0.3Sn0.5Pb0.5Cl2.7Br0.3,0.7,0.3,0,0,0.5,0.5,2.7,0.3,0
MA0.7FA0.3Sn0.5Pb0.5Cl0.3I2.7,0.7,0.3,0,0,0.5,0.5,0.3,0,2.7
MA0.7FA0.3Sn0.5Pb0.5Cl0.6I2.4,0.7,0.3,0,0,0.5,0.5,0.6,0,2.4
MA0.7FA0.3Sn0.5Pb0.5Cl0.9I2.1,0.7,0.3,0,0,0.5,0.5,0.9,0,2.1
MA0.7FA0.3Sn0.5Pb0.5Cl1.2I1.8,0.7,0.3,0,0,0.5,0.5,1.2,0,1.8
MA0.7FA0.3Sn0.5Pb0.5Cl1.5I1.5,0.7,0.3,0,0,0.5,0.5,1.5,0,1.5
MA0.7FA0.3Sn0.5Pb0.5Cl1.8I1.2,0.7,0.3,0,0,0.5,0.5,1.8,0,1.2
MA0.7FA0.3Sn0.5Pb0.5Cl2.1I0.9,0.7,0.3,0,0,0.5,0.5,2.1,0,0.9
MA0.7FA0.3Sn0.5Pb0.5Cl2.4I0.6,0.7,0.3,0,0,0.5,0.5,2.4,0,0.6
MA0.7FA0.3Sn0.5Pb0.5Cl2.7I0.3,0.7,0.3,0,0,0.5,0.5,2.7,0,0.3
MA0.7FA0.3Sn0.5Pb0.5Br0.3I2.7,0.7,0.3,0,0,0.5,0.5,0,0.3,2.7
MA0.7FA0.3Sn0.5Pb0.5Br0.6I2.4,0.7,0.3,0,0,0.5,0.5,0,0.6,2.4
MA0.7FA0.3Sn0.5Pb0.5Br0.9I2.1,0.7,0.3,0,0,0.5,0.5,0,0.9,2.1
MA0.7FA0.3Sn0.5Pb0.5Br1.2I1.8,0.7,0.3,0,0,0.5,0.5,0,1.2,1.8
MA0.7FA0.3Sn0.5Pb0.5Br1.5I1.5,0.7,0.3,0,0,0.5,0.5,0,1.5,1.5
MA0.7FA0.3Sn0.5Pb0.5Br1.8I1.2,0.7,0.3,0,0,0.5,0.5,0,1.8,1.2
MA0.7FA0.3Sn0.5Pb0.5Br2.1I0.9,0.7,0.3,0,0,0.5,0.5,0,2.1,0.9
MA0.7FA0.3Sn0.5Pb0.5Br2.4I0.6,0.7,0.3,0,0,0.5,0.5,0,2.4,0.6
MA0.7FA0.3Sn0.5Pb0.5Br2.7I0.3,0.7,0.3,0,0,0.5,0.5,0,2.7,0.3
MA0.7FA0.3Sn0.4Pb0.6Cl0.3Br2.7,0.7,0.3,0,0,0.6,0.4,0.3,2.7,0
MA0.7FA0.3Sn0.4Pb0.6Cl0.6Br2.4,0.7,0.3,0,0,0.6,0.4,0.6,2.4,0
MA0.7FA0.3Sn0.4Pb0.6Cl0.9Br2.1,0.7,0.3,0,0,0.6,0.4,0.9,2.1,0
MA0.7FA0.3Sn0.4Pb0.6Cl1.2Br1.8,0.7,0.3,0,0,0.6,0.4,1.2,1.8,0
MA0.7FA0.3Sn0.4Pb0.6Cl1.5Br1.5,0.7,0.3,0,0,0.6,0.4,1.5,1.5,0
MA0.7FA0.3Sn0.4Pb0.6Cl1.8Br1.2,0.7,0.3,0,0,0.6,0.4,1.8,1.2,0
MA0.7FA0.3Sn0.4Pb0.6Cl2.1Br0.9,0.7,0.3,0,0,0.6,0.4,2.1,0.9,0
MA0.7FA0.3Sn0.4Pb0.6Cl2.4Br0.6,0.7,0.3,0,0,0.6,0.4,2.4,0.6,0
MA0.7FA0.3Sn0.4Pb0.6Cl2.7Br0.3,0.7,0.3,0,0,0.6,0.4,2.7,0.3,0
MA0.7FA0.3Sn0.4Pb0.6Cl0.3I2.7,0.7,0.3,0,0,0.6,0.4,0.3,0,2.7
MA0.7FA0.3Sn0.4Pb0.6Cl0.6I2.4,0.7,0.3,0,0,0.6,0.4,0.6,0,2.4
MA0.7FA0.3Sn0.4Pb0.6Cl0.9I2.1,0.7,0.3,0,0,0.6,0.4,0.9,0,2.1
MA0.7FA0.3Sn0.4Pb0.6Cl1.2I1.8,0.7,0.3,0,0,0.6,0.4,1.2,0,1.8
MA0.7FA0.3Sn0.4Pb0.6Cl1.5I1.5,0.7,0.3,0,0,0.6,0.4,1.5,0,1.5
MA0.7FA0.3Sn0.4Pb0.6Cl1.8I1.2,0.7,0.3,0,0,0.6,0.4,1.8,0,1.2
MA0.7FA0.3Sn0.4Pb0.6Cl2.1I0.9,0.7,0.3,0,0,0.6,0.4,2.1,0,0.9
MA0.7FA0.3Sn0.4Pb0.6Cl2.4I0.6,0.7,0.3,0,0,0.6,0.4,2.4,0,0.6
MA0.7FA0.3Sn0.4Pb0.6Cl2.7I0.3,0.7,0.3,0,0,0.6,0.4,2.7,0,0.3
MA0.7FA0.3Sn0.4Pb0.6Br0.3I2.7,0.7,0.3,0,0,0.6,0.4,0,0.3,2.7
MA0.7FA0.3Sn0.4Pb0.6Br0.6I2.4,0.7,0.3,0,0,0.6,0.4,0,0.6,2.4
MA0.7FA0.3Sn0.4Pb0.6Br0.9I2.1,0.7,0.3,0,0,0.6,0.4,0,0.9,2.1
MA0.7FA0.3Sn0.4Pb0.6Br1.2I1.8,0.7,0.3,0,0,0.6,0.4,0,1.2,1.8
MA0.7FA0.3Sn0.4Pb0.6Br1.5I1.5,0.7,0.3,0,0,0.6,0.4,0,1.5,1.5
MA0.7FA0.3Sn0.4Pb0.6Br1.8I1.2,0.7,0.3,0,0,0.6,0.4,0,1.8,1.2
MA0.7FA0.3Sn0.4Pb0.6Br2.1I0.9,0.7,0.3,0,0,0.6,0.4,0,2.1,0.9
MA0.7FA0.3Sn0.4Pb0.6Br2.4I0.6,0.7,0.3,0,0,0.6,0.4,0,2.4,0.6
MA0.7FA0.3Sn0.4Pb0.6Br2.7I0.3,0.7,0.3,0,0,0.6,0.4,0,2.7,0.3
MA0.7FA0.3Sn0.3Pb0.7Cl0.3Br2.7,0.7,0.3,0,0,0.7,0.3,0.3,2.7,0
MA0.7FA0.3Sn0.3Pb0.7Cl0.6Br2.4,0.7,0.3,0,0,0.7,0.3,0.6,2.4,0
MA0.7FA0.3Sn0.3Pb0.7Cl0.9Br2.1,0.7,0.3,0,0,0.7,0.3,0.9,2.1,0
MA0.7FA0.3Sn0.3Pb0.7Cl1.2Br1.8,0.7,0.3,0,0,0.7,0.3,1.2,1.8,0
MA0.7FA0.3Sn0.3Pb0.7Cl1.5Br1.5,0.7,0.3,0,0,0.7,0.3,1.5,1.5,0
MA0.7FA0.3Sn0.3Pb0.7Cl1.8Br1.2,0.7,0.3,0,0,0.7,0.3,1.8,1.2,0
MA0.7FA0.3Sn0.3Pb0.7Cl2.1Br0.9,0.7,0.3,0,0,0.7,0.3,2.1,0.9,0
MA0.7FA0.3Sn0.3Pb0.7Cl2.4Br0.6,0.7,0.3,0,0,0.7,0.3,2.4,0.6,0
MA0.7FA0.3Sn0.3Pb0.7Cl2.7Br0.3,0.7,0.3,0,0,0.7,0.3,2.7,0.3,0
MA0.7FA0.3Sn0.3Pb0.7Cl0.3I2.7,0.7,0.3,0,0,0.7,0.3,0.3,0,2.7
MA0.7FA0.3Sn0.3Pb0.7Cl0.6I2.4,0.7,0.3,0,0,0.7,0.3,0.6,0,2.4
MA0.7FA0.3Sn0.3Pb0.7Cl0.9I2.1,0.7,0.3,0,0,0.7,0.3,0.9,0,2.1
MA0.7FA0.3Sn0.3Pb0.7Cl1.2I1.8,0.7,0.3,0,0,0.7,0.3,1.2,0,1.8
MA0.7FA0.3Sn0.3Pb0.7Cl1.5I1.5,0.7,0.3,0,0,0.7,0.3,1.5,0,1.5
MA0.7FA0.3Sn0.3Pb0.7Cl1.8I1.2,0.7,0.3,0,0,0.7,0.3,1.8,0,1.2
MA0.7FA0.3Sn0.3Pb0.7Cl2.1I0.9,0.7,0.3,0,0,0.7,0.3,2.1,0,0.9
MA0.7FA0.3Sn0.3Pb0.7Cl2.4I0.6,0.7,0.3,0,0,0.7,0.3,2.4,0,0.6
MA0.7FA0.3Sn0.3Pb0.7Cl2.7I0.3,0.7,0.3,0,0,0.7,0.3,2.7,0,0.3
MA0.7FA0.3Sn0.3Pb0.7Br0.3I2.7,0.7,0.3,0,0,0.7,0.3,0,0.3,2.7
MA0.7FA0.3Sn0.3Pb0.7Br0.6I2.4,0.7,0.3,0,0,0.7,0.3,0,0.6,2.4
MA0.7FA0.3Sn0.3Pb0.7Br0.9I2.1,0.7,0.3,0,0,0.7,0.3,0,0.9,2.1
MA0.7FA0.3Sn0.3Pb0.7Br1.2I1.8,0.7,0.3,0,0,0.7,0.3,0,1.2,1.8
MA0.7FA0.3Sn0.3Pb0.7Br1.5I1.5,0.7,0.3,0,0,0.7,0.3,0,1.5,1.5
MA0.7FA0.3Sn0.3Pb0.7Br1.8I1.2,0.7,0.3,0,0,0.7,0.3,0,1.8,1.2
MA0.7FA0.3Sn0.3Pb0.7Br2.1I0.9,0.7,0.3,0,0,0.7,0.3,0,2.1,0.9
MA0.7FA0.3Sn0.3Pb0.7Br2.4I0.6,0.7,0.3,0,0,0.7,0.3,0,2.4,0.6
MA0.7FA0.3Sn0.3Pb0.7Br2.7I0.3,0.7,0.3,0,0,0.7,0.3,0,2.7,0.3
MA0.7FA0.3Sn0.2Pb0.8Cl0.3Br2.7,0.7,0.3,0,0,0.8,0.2,0.3,2.7,0
MA0.7FA0.3Sn0.2Pb0.8Cl0.6Br2.4,0.7,0.3,0,0,0.8,0.2,0.6,2.4,0
MA0.7FA0.3Sn0.2Pb0.8Cl0.9Br2.1,0.7,0.3,0,0,0.8,0.2,0.9,2.1,0
MA0.7FA0.3Sn0.2Pb0.8Cl1.2Br1.8,0.7,0.3,0,0,0.8,0.2,1.2,1.8,0
MA0.7FA0.3Sn0.2Pb0.8Cl1.5Br1.5,0.7,0.3,0,0,0.8,0.2,1.5,1.5,0
MA0.7FA0.3Sn0.2Pb0.8Cl1.8Br1.2,0.7,0.3,0,0,0.8,0.2,1.8,1.2,0
MA0.7FA0.3Sn0.2Pb0.8Cl2.1Br0.9,0.7,0.3,0,0,0.8,0.2,2.1,0.9,0
MA0.7FA0.3Sn0.2Pb0.8Cl2.4Br0.6,0.7,0.3,0,0,0.8,0.2,2.4,0.6,0
MA0.7FA0.3Sn0.2Pb0.8Cl2.7Br0.3,0.7,0.3,0,0,0.8,0.2,2.7,0.3,0
MA0.7FA0.3Sn0.2Pb0.8Cl0.3I2.7,0.7,0.3,0,0,0.8,0.2,0.3,0,2.7
MA0.7FA0.3Sn0.2Pb0.8Cl0.6I2.4,0.7,0.3,0,0,0.8,0.2,0.6,0,2.4
MA0.7FA0.3Sn0.2Pb0.8Cl0.9I2.1,0.7,0.3,0,0,0.8,0.2,0.9,0,2.1
MA0.7FA0.3Sn0.2Pb0.8Cl1.2I1.8,0.7,0.3,0,0,0.8,0.2,1.2,0,1.8
MA0.7FA0.3Sn0.2Pb0.8Cl1.5I1.5,0.7,0.3,0,0,0.8,0.2,1.5,0,1.5
MA0.7FA0.3Sn0.2Pb0.8Cl1.8I1.2,0.7,0.3,0,0,0.8,0.2,1.8,0,1.2
MA0.7FA0.3Sn0.2Pb0.8Cl2.1I0.9,0.7,0.3,0,0,0.8,0.2,2.1,0,0.9
MA0.7FA0.3Sn0.2Pb0.8Cl2.4I0.6,0.7,0.3,0,0,0.8,0.2,2.4,0,0.6
MA0.7FA0.3Sn0.2Pb0.8Cl2.7I0.3,0.7,0.3,0,0,0.8,0.2,2.7,0,0.3
MA0.7FA0.3Sn0.2Pb0.8Br0.3I2.7,0.7,0.3,0,0,0.8,0.2,0,0.3,2.7
MA0.7FA0.3Sn0.2Pb0.8Br0.6I2.4,0.7,0.3,0,0,0.8,0.2,0,0.6,2.4
MA0.7FA0.3Sn0.2Pb0.8Br0.9I2.1,0.7,0.3,0,0,0.8,0.2,0,0.9,2.1
MA0.7FA0.3Sn0.2Pb0.8Br1.2I1.8,0.7,0.3,0,0,0.8,0.2,0,1.2,1.8
MA0.7FA0.3Sn0.2Pb0.8Br1.5I1.5,0.7,0.3,0,0,0.8,0.2,0,1.5,1.5
MA0.7FA0.3Sn0.2Pb0.8Br1.8I1.2,0.7,0.3,0,0,0.8,0.2,0,1.8,1.2
MA0.7FA0.3Sn0.2Pb0.8Br2.1I0.9,0.7,0.3,0,0,0.8,0.2,0,2.1,0.9
MA0.7FA0.3Sn0.2Pb0.8Br2.4I0.6,0.7,0.3,0,0,0.8,0.2,0,2.4,0.6
MA0.7FA0.3Sn0.2Pb0.8Br2.7I0.3,0.7,0.3,0,0,0.8,0.2,0,2.7,0.3
MA0.7FA0.3Sn0.1Pb0.9Cl0.3Br2.7,0.7,0.3,0,0,0.9,0.1,0.3,2.7,0
MA0.7FA0.3Sn0.1Pb0.9Cl0.6Br2.4,0.7,0.3,0,0,0.9,0.1,0.6,2.4,0
MA0.7FA0.3Sn0.1Pb0.9Cl0.9Br2.1,0.7,0.3,0,0,0.9,0.1,0.9,2.1,0
MA0.7FA0.3Sn0.1Pb0.9Cl1.2Br1.8,0.7,0.3,0,0,0.9,0.1,1.2,1.8,0
MA0.7FA0.3Sn0.1Pb0.9Cl1.5Br1.5,0.7,0.3,0,0,0.9,0.1,1.5,1.5,0
MA0.7FA0.3Sn0.1Pb0.9Cl1.8Br1.2,0.7,0.3,0,0,0.9,0.1,1.8,1.2,0
MA0.7FA0.3Sn0.1Pb0.9Cl2.1Br0.9,0.7,0.3,0,0,0.9,0.1,2.1,0.9,0
MA0.7FA0.3Sn0.1Pb0.9Cl2.4Br0.6,0.7,0.3,0,0,0.9,0.1,2.4,0.6,0
MA0.7FA0.3Sn0.1Pb0.9Cl2.7Br0.3,0.7,0.3,0,0,0.9,0.1,2.7,0.3,0
MA0.7FA0.3Sn0.1Pb0.9Cl0.3I2.7,0.7,0.3,0,0,0.9,0.1,0.3,0,2.7
MA0.7FA0.3Sn0.1Pb0.9Cl0.6I2.4,0.7,0.3,0,0,0.9,0.1,0.6,0,2.4
MA0.7FA0.3Sn0.1Pb0.9Cl0.9I2.1,0.7,0.3,0,0,0.9,0.1,0.9,0,2.1
MA0.7FA0.3Sn0.1Pb0.9Cl1.2I1.8,0.7,0.3,0,0,0.9,0.1,1.2,0,1.8
MA0.7FA0.3Sn0.1Pb0.9Cl1.5I1.5,0.7,0.3,0,0,0.9,0.1,1.5,0,1.5
MA0.7FA0.3Sn0.1Pb0.9Cl1.8I1.2,0.7,0.3,0,0,0.9,0.1,1.8,0,1.2
MA0.7FA0.3Sn0.1Pb0.9Cl2.1I0.9,0.7,0.3,0,0,0.9,0.1,2.1,0,0.9
MA0.7FA0.3Sn0.1Pb0.9Cl2.4I0.6,0.7,0.3,0,0,0.9,0.1,2.4,0,0.6
MA0.7FA0.3Sn0.1Pb0.9Cl2.7I0.3,0.7,0.3,0,0,0.9,0.1,2.7,0,0.3
MA0.7FA0.3Sn0.1Pb0.9Br0.3I2.7,0.7,0.3,0,0,0.9,0.1,0,0.3,2.7
MA0.7FA0.3Sn0.1Pb0.9Br0.6I2.4,0.7,0.3,0,0,0.9,0.1,0,0.6,2.4
MA0.7FA0.3Sn0.1Pb0.9Br0.9I2.1,0.7,0.3,0,0,0.9,0.1,0,0.9,2.1
MA0.7FA0.3Sn0.1Pb0.9Br1.2I1.8,0.7,0.3,0,0,0.9,0.1,0,1.2,1.8
MA0.7FA0.3Sn0.1Pb0.9Br1.5I1.5,0.7,0.3,0,0,0.9,0.1,0,1.5,1.5
MA0.7FA0.3Sn0.1Pb0.9Br1.8I1.2,0.7,0.3,0,0,0.9,0.1,0,1.8,1.2
MA0.7FA0.3Sn0.1Pb0.9Br2.1I0.9,0.7,0.3,0,0,0.9,0.1,0,2.1,0.9
MA0.7FA0.3Sn0.1Pb0.9Br2.4I0.6,0.7,0.3,0,0,0.9,0.1,0,2.4,0.6
MA0.7FA0.3Sn0.1Pb0.9Br2.7I0.3,0.7,0.3,0,0,0.9,0.1,0,2.7,0.3
MA0.8FA0.2Sn0.9Pb0.1Cl0.3Br2.7,0.8,0.2,0,0,0.1,0.9,0.3,2.7,0
MA0.8FA0.2Sn0.9Pb0.1Cl0.6Br2.4,0.8,0.2,0,0,0.1,0.9,0.6,2.4,0
MA0.8FA0.2Sn0.9Pb0.1Cl0.9Br2.1,0.8,0.2,0,0,0.1,0.9,0.9,2.1,0
MA0.8FA0.2Sn0.9Pb0.1Cl1.2Br1.8,0.8,0.2,0,0,0.1,0.9,1.2,1.8,0
MA0.8FA0.2Sn0.9Pb0.1Cl1.5Br1.5,0.8,0.2,0,0,0.1,0.9,1.5,1.5,0
MA0.8FA0.2Sn0.9Pb0.1Cl1.8Br1.2,0.8,0.2,0,0,0.1,0.9,1.8,1.2,0
MA0.8FA0.2Sn0.9Pb0.1Cl2.1Br0.9,0.8,0.2,0,0,0.1,0.9,2.1,0.9,0
MA0.8FA0.2Sn0.9Pb0.1Cl2.4Br0.6,0.8,0.2,0,0,0.1,0.9,2.4,0.6,0
MA0.8FA0.2Sn0.9Pb0.1Cl2.7Br0.3,0.8,0.2,0,0,0.1,0.9,2.7,0.3,0
MA0.8FA0.2Sn0.9Pb0.1Cl0.3I2.7,0.8,0.2,0,0,0.1,0.9,0.3,0,2.7
MA0.8FA0.2Sn0.9Pb0.1Cl0.6I2.4,0.8,0.2,0,0,0.1,0.9,0.6,0,2.4
MA0.8FA0.2Sn0.9Pb0.1Cl0.9I2.1,0.8,0.2,0,0,0.1,0.9,0.9,0,2.1
MA0.8FA0.2Sn0.9Pb0.1Cl1.2I1.8,0.8,0.2,0,0,0.1,0.9,1.2,0,1.8
MA0.8FA0.2Sn0.9Pb0.1Cl1.5I1.5,0.8,0.2,0,0,0.1,0.9,1.5,0,1.5
MA0.8FA0.2Sn0.9Pb0.1Cl1.8I1.2,0.8,0.2,0,0,0.1,0.9,1.8,0,1.2
MA0.8FA0.2Sn0.9Pb0.1Cl2.1I0.9,0.8,0.2,0,0,0.1,0.9,2.1,0,0.9
MA0.8FA0.2Sn0.9Pb0.1Cl2.4I0.6,0.8,0.2,0,0,0.1,0.9,2.4,0,0.6
MA0.8FA0.2Sn0.9Pb0.1Cl2.7I0.3,0.8,0.2,0,0,0.1,0.9,2.7,0,0.3
MA0.8FA0.2Sn0.9Pb0.1Br0.3I2.7,0.8,0.2,0,0,0.1,0.9,0,0.3,2.7
MA0.8FA0.2Sn0.9Pb0.1Br0.6I2.4,0.8,0.2,0,0,0.1,0.9,0,0.6,2.4
MA0.8FA0.2Sn0.9Pb0.1Br0.9I2.1,0.8,0.2,0,0,0.1,0.9,0,0.9,2.1
MA0.8FA0.2Sn0.9Pb0.1Br1.2I1.8,0.8,0.2,0,0,0.1,0.9,0,1.2,1.8
MA0.8FA0.2Sn0.9Pb0.1Br1.5I1.5,0.8,0.2,0,0,0.1,0.9,0,1.5,1.5
MA0.8FA0.2Sn0.9Pb0.1Br1.8I1.2,0.8,0.2,0,0,0.1,0.9,0,1.8,1.2
MA0.8FA0.2Sn0.9Pb0.1Br2.1I0.9,0.8,0.2,0,0,0.1,0.9,0,2.1,0.9
MA0.8FA0.2Sn0.9Pb0.1Br2.4I0.6,0.8,0.2,0,0,0.1,0.9,0,2.4,0.6
MA0.8FA0.2Sn0.9Pb0.1Br2.7I0.3,0.8,0.2,0,0,0.1,0.9,0,2.7,0.3
MA0.8FA0.2Sn0.8Pb0.2Cl0.3Br2.7,0.8,0.2,0,0,0.2,0.8,0.3,2.7,0
MA0.8FA0.2Sn0.8Pb0.2Cl0.6Br2.4,0.8,0.2,0,0,0.2,0.8,0.6,2.4,0
MA0.8FA0.2Sn0.8Pb0.2Cl0.9Br2.1,0.8,0.2,0,0,0.2,0.8,0.9,2.1,0
MA0.8FA0.2Sn0.8Pb0.2Cl1.2Br1.8,0.8,0.2,0,0,0.2,0.8,1.2,1.8,0
MA0.8FA0.2Sn0.8Pb0.2Cl1.5Br1.5,0.8,0.2,0,0,0.2,0.8,1.5,1.5,0
MA0.8FA0.2Sn0.8Pb0.2Cl1.8Br1.2,0.8,0.2,0,0,0.2,0.8,1.8,1.2,0
MA0.8FA0.2Sn0.8Pb0.2Cl2.1Br0.9,0.8,0.2,0,0,0.2,0.8,2.1,0.9,0
MA0.8FA0.2Sn0.8Pb0.2Cl2.4Br0.6,0.8,0.2,0,0,0.2,0.8,2.4,0.6,0
MA0.8FA0.2Sn0.8Pb0.2Cl2.7Br0.3,0.8,0.2,0,0,0.2,0.8,2.7,0.3,0
MA0.8FA0.2Sn0.8Pb0.2Cl0.3I2.7,0.8,0.2,0,0,0.2,0.8,0.3,0,2.7
MA0.8FA0.2Sn0.8Pb0.2Cl0.6I2.4,0.8,0.2,0,0,0.2,0.8,0.6,0,2.4
MA0.8FA0.2Sn0.8Pb0.2Cl0.9I2.1,0.8,0.2,0,0,0.2,0.8,0.9,0,2.1
MA0.8FA0.2Sn0.8Pb0.2Cl1.2I1.8,0.8,0.2,0,0,0.2,0.8,1.2,0,1.8
MA0.8FA0.2Sn0.8Pb0.2Cl1.5I1.5,0.8,0.2,0,0,0.2,0.8,1.5,0,1.5
MA0.8FA0.2Sn0.8Pb0.2Cl1.8I1.2,0.8,0.2,0,0,0.2,0.8,1.8,0,1.2
MA0.8FA0.2Sn0.8Pb0.2Cl2.1I0.9,0.8,0.2,0,0,0.2,0.8,2.1,0,0.9
MA0.8FA0.2Sn0.8Pb0.2Cl2.4I0.6,0.8,0.2,0,0,0.2,0.8,2.4,0,0.6
MA0.8FA0.2Sn0.8Pb0.2Cl2.7I0.3,0.8,0.2,0,0,0.2,0.8,2.7,0,0.3
MA0.8FA0.2Sn0.8Pb0.2Br0.3I2.7,0.8,0.2,0,0,0.2,0.8,0,0.3,2.7
MA0.8FA0.2Sn0.8Pb0.2Br0.6I2.4,0.8,0.2,0,0,0.2,0.8,0,0.6,2.4
MA0.8FA0.2Sn0.8Pb0.2Br0.9I2.1,0.8,0.2,0,0,0.2,0.8,0,0.9,2.1
MA0.8FA0.2Sn0.8Pb0.2Br1.2I1.8,0.8,0.2,0,0,0.2,0.8,0,1.2,1.8
MA0.8FA0.2Sn0.8Pb0.2Br1.5I1.5,0.8,0.2,0,0,0.2,0.8,0,1.5,1.5
MA0.8FA0.2Sn0.8Pb0.2Br1.8I1.2,0.8,0.2,0,0,0.2,0.8,0,1.8,1.2
MA0.8FA0.2Sn0.8Pb0.2Br2.1I0.9,0.8,0.2,0,0,0.2,0.8,0,2.1,0.9
MA0.8FA0.2Sn0.8Pb0.2Br2.4I0.6,0.8,0.2,0,0,0.2,0.8,0,2.4,0.6
MA0.8FA0.2Sn0.8Pb0.2Br2.7I0.3,0.8,0.2,0,0,0.2,0.8,0,2.7,0.3
MA0.8FA0.2Sn0.7Pb0.3Cl0.3Br2.7,0.8,0.2,0,0,0.3,0.7,0.3,2.7,0
MA0.8FA0.2Sn0.7Pb0.3Cl0.6Br2.4,0.8,0.2,0,0,0.3,0.7,0.6,2.4,0
MA0.8FA0.2Sn0.7Pb0.3Cl0.9Br2.1,0.8,0.2,0,0,0.3,0.7,0.9,2.1,0
MA0.8FA0.2Sn0.7Pb0.3Cl1.2Br1.8,0.8,0.2,0,0,0.3,0.7,1.2,1.8,0
MA0.8FA0.2Sn0.7Pb0.3Cl1.5Br1.5,0.8,0.2,0,0,0.3,0.7,1.5,1.5,0
MA0.8FA0.2Sn0.7Pb0.3Cl1.8Br1.2,0.8,0.2,0,0,0.3,0.7,1.8,1.2,0
MA0.8FA0.2Sn0.7Pb0.3Cl2.1Br0.9,0.8,0.2,0,0,0.3,0.7,2.1,0.9,0
MA0.8FA0.2Sn0.7Pb0.3Cl2.4Br0.6,0.8,0.2,0,0,0.3,0.7,2.4,0.6,0
MA0.8FA0.2Sn0.7Pb0.3Cl2.7Br0.3,0.8,0.2,0,0,0.3,0.7,2.7,0.3,0
MA0.8FA0.2Sn0.7Pb0.3Cl0.3I2.7,0.8,0.2,0,0,0.3,0.7,0.3,0,2.7
MA0.8FA0.2Sn0.7Pb0.3Cl0.6I2.4,0.8,0.2,0,0,0.3,0.7,0.6,0,2.4
MA0.8FA0.2Sn0.7Pb0.3Cl0.9I2.1,0.8,0.2,0,0,0.3,0.7,0.9,0,2.1
MA0.8FA0.2Sn0.7Pb0.3Cl1.2I1.8,0.8,0.2,0,0,0.3,0.7,1.2,0,1.8
MA0.8FA0.2Sn0.7Pb0.3Cl1.5I1.5,0.8,0.2,0,0,0.3,0.7,1.5,0,1.5
MA0.8FA0.2Sn0.7Pb0.3Cl1.8I1.2,0.8,0.2,0,0,0.3,0.7,1.8,0,1.2
MA0.8FA0.2Sn0.7Pb0.3Cl2.1I0.9,0.8,0.2,0,0,0.3,0.7,2.1,0,0.9
MA0.8FA0.2Sn0.7Pb0.3Cl2.4I0.6,0.8,0.2,0,0,0.3,0.7,2.4,0,0.6
MA0.8FA0.2Sn0.7Pb0.3Cl2.7I0.3,0.8,0.2,0,0,0.3,0.7,2.7,0,0.3
MA0.8FA0.2Sn0.7Pb0.3Br0.3I2.7,0.8,0.2,0,0,0.3,0.7,0,0.3,2.7
MA0.8FA0.2Sn0.7Pb0.3Br0.6I2.4,0.8,0.2,0,0,0.3,0.7,0,0.6,2.4
MA0.8FA0.2Sn0.7Pb0.3Br0.9I2.1,0.8,0.2,0,0,0.3,0.7,0,0.9,2.1
MA0.8FA0.2Sn0.7Pb0.3Br1.2I1.8,0.8,0.2,0,0,0.3,0.7,0,1.2,1.8
MA0.8FA0.2Sn0.7Pb0.3Br1.5I1.5,0.8,0.2,0,0,0.3,0.7,0,1.5,1.5
MA0.8FA0.2Sn0.7Pb0.3Br1.8I1.2,0.8,0.2,0,0,0.3,0.7,0,1.8,1.2
MA0.8FA0.2Sn0.7Pb0.3Br2.1I0.9,0.8,0.2,0,0,0.3,0.7,0,2.1,0.9
MA0.8FA0.2Sn0.7Pb0.3Br2.4I0.6,0.8,0.2,0,0,0.3,0.7,0,2.4,0.6
MA0.8FA0.2Sn0.7Pb0.3Br2.7I0.3,0.8,0.2,0,0,0.3,0.7,0,2.7,0.3
MA0.8FA0.2Sn0.6Pb0.4Cl0.3Br2.7,0.8,0.2,0,0,0.4,0.6,0.3,2.7,0
MA0.8FA0.2Sn0.6Pb0.4Cl0.6Br2.4,0.8,0.2,0,0,0.4,0.6,0.6,2.4,0
MA0.8FA0.2Sn0.6Pb0.4Cl0.9Br2.1,0.8,0.2,0,0,0.4,0.6,0.9,2.1,0
MA0.8FA0.2Sn0.6Pb0.4Cl1.2Br1.8,0.8,0.2,0,0,0.4,0.6,1.2,1.8,0
MA0.8FA0.2Sn0.6Pb0.4Cl1.5Br1.5,0.8,0.2,0,0,0.4,0.6,1.5,1.5,0
MA0.8FA0.2Sn0.6Pb0.4Cl1.8Br1.2,0.8,0.2,0,0,0.4,0.6,1.8,1.2,0
MA0.8FA0.2Sn0.6Pb0.4Cl2.1Br0.9,0.8,0.2,0,0,0.4,0.6,2.1,0.9,0
MA0.8FA0.2Sn0.6Pb0.4Cl2.4Br0.6,0.8,0.2,0,0,0.4,0.6,2.4,0.6,0
MA0.8FA0.2Sn0.6Pb0.4Cl2.7Br0.3,0.8,0.2,0,0,0.4,0.6,2.7,0.3,0
MA0.8FA0.2Sn0.6Pb0.4Cl0.3I2.7,0.8,0.2,0,0,0.4,0.6,0.3,0,2.7
MA0.8FA0.2Sn0.6Pb0.4Cl0.6I2.4,0.8,0.2,0,0,0.4,0.6,0.6,0,2.4
MA0.8FA0.2Sn0.6Pb0.4Cl0.9I2.1,0.8,0.2,0,0,0.4,0.6,0.9,0,2.1
MA0.8FA0.2Sn0.6Pb0.4Cl1.2I1.8,0.8,0.2,0,0,0.4,0.6,1.2,0,1.8
MA0.8FA0.2Sn0.6Pb0.4Cl1.5I1.5,0.8,0.2,0,0,0.4,0.6,1.5,0,1.5
MA0.8FA0.2Sn0.6Pb0.4Cl1.8I1.2,0.8,0.2,0,0,0.4,0.6,1.8,0,1.2
MA0.8FA0.2Sn0.6Pb0.4Cl2.1I0.9,0.8,0.2,0,0,0.4,0.6,2.1,0,0.9
MA0.8FA0.2Sn0.6Pb0.4Cl2.4I0.6,0.8,0.2,0,0,0.4,0.6,2.4,0,0.6
MA0.8FA0.2Sn0.6Pb0.4Cl2.7I0.3,0.8,0.2,0,0,0.4,0.6,2.7,0,0.3
MA0.8FA0.2Sn0.6Pb0.4Br0.3I2.7,0.8,0.2,0,0,0.4,0.6,0,0.3,2.7
MA0.8FA0.2Sn0.6Pb0.4Br0.6I2.4,0.8,0.2,0,0,0.4,0.6,0,0.6,2.4
MA0.8FA0.2Sn0.6Pb0.4Br0.9I2.1,0.8,0.2,0,0,0.4,0.6,0,0.9,2.1
MA0.8FA0.2Sn0.6Pb0.4Br1.2I1.8,0.8,0.2,0,0,0.4,0.6,0,1.2,1.8
MA0.8FA0.2Sn0.6Pb0.4Br1.5I1.5,0.8,0.2,0,0,0.4,0.6,0,1.5,1.5
MA0.8FA0.2Sn0.6Pb0.4Br1.8I1.2,0.8,0.2,0,0,0.4,0.6,0,1.8,1.2
MA0.8FA0.2Sn0.6Pb0.4Br2.1I0.9,0.8,0.2,0,0,0.4,0.6,0,2.1,0.9
MA0.8FA0.2Sn0.6Pb0.4Br2.4I0.6,0.8,0.2,0,0,0.4,0.6,0,2.4,0.6
MA0.8FA0.2Sn0.6Pb0.4Br2.7I0.3,0.8,0.2,0,0,0.4,0.6,0,2.7,0.3
MA0.8FA0.2Sn0.5Pb0.5Cl0.3Br2.7,0.8,0.2,0,0,0.5,0.5,0.3,2.7,0
MA0.8FA0.2Sn0.5Pb0.5Cl0.6Br2.4,0.8,0.2,0,0,0.5,0.5,0.6,2.4,0
MA0.8FA0.2Sn0.5Pb0.5Cl0.9Br2.1,0.8,0.2,0,0,0.5,0.5,0.9,2.1,0
MA0.8FA0.2Sn0.5Pb0.5Cl1.2Br1.8,0.8,0.2,0,0,0.5,0.5,1.2,1.8,0
MA0.8FA0.2Sn0.5Pb0.5Cl1.5Br1.5,0.8,0.2,0,0,0.5,0.5,1.5,1.5,0
MA0.8FA0.2Sn0.5Pb0.5Cl1.8Br1.2,0.8,0.2,0,0,0.5,0.5,1.8,1.2,0
MA0.8FA0.2Sn0.5Pb0.5Cl2.1Br0.9,0.8,0.2,0,0,0.5,0.5,2.1,0.9,0
MA0.8FA0.2Sn0.5Pb0.5Cl2.4Br0.6,0.8,0.2,0,0,0.5,0.5,2.4,0.6,0
MA0.8FA0.2Sn0.5Pb0.5Cl2.7Br0.3,0.8,0.2,0,0,0.5,0.5,2.7,0.3,0
MA0.8FA0.2Sn0.5Pb0.5Cl0.3I2.7,0.8,0.2,0,0,0.5,0.5,0.3,0,2.7
MA0.8FA0.2Sn0.5Pb0.5Cl0.6I2.4,0.8,0.2,0,0,0.5,0.5,0.6,0,2.4
MA0.8FA0.2Sn0.5Pb0.5Cl0.9I2.1,0.8,0.2,0,0,0.5,0.5,0.9,0,2.1
MA0.8FA0.2Sn0.5Pb0.5Cl1.2I1.8,0.8,0.2,0,0,0.5,0.5,1.2,0,1.8
MA0.8FA0.2Sn0.5Pb0.5Cl1.5I1.5,0.8,0.2,0,0,0.5,0.5,1.5,0,1.5
MA0.8FA0.2Sn0.5Pb0.5Cl1.8I1.2,0.8,0.2,0,0,0.5,0.5,1.8,0,1.2
MA0.8FA0.2Sn0.5Pb0.5Cl2.1I0.9,0.8,0.2,0,0,0.5,0.5,2.1,0,0.9
MA0.8FA0.2Sn0.5Pb0.5Cl2.4I0.6,0.8,0.2,0,0,0.5,0.5,2.4,0,0.6
MA0.8FA0.2Sn0.5Pb0.5Cl2.7I0.3,0.8,0.2,0,0,0.5,0.5,2.7,0,0.3
MA0.8FA0.2Sn0.5Pb0.5Br0.3I2.7,0.8,0.2,0,0,0.5,0.5,0,0.3,2.7
MA0.8FA0.2Sn0.5Pb0.5Br0.6I2.4,0.8,0.2,0,0,0.5,0.5,0,0.6,2.4
MA0.8FA0.2Sn0.5Pb0.5Br0.9I2.1,0.8,0.2,0,0,0.5,0.5,0,0.9,2.1
MA0.8FA0.2Sn0.5Pb0.5Br1.2I1.8,0.8,0.2,0,0,0.5,0.5,0,1.2,1.8
MA0.8FA0.2Sn0.5Pb0.5Br1.5I1.5,0.8,0.2,0,0,0.5,0.5,0,1.5,1.5
MA0.8FA0.2Sn0.5Pb0.5Br1.8I1.2,0.8,0.2,0,0,0.5,0.5,0,1.8,1.2
MA0.8FA0.2Sn0.5Pb0.5Br2.1I0.9,0.8,0.2,0,0,0.5,0.5,0,2.1,0.9
MA0.8FA0.2Sn0.5Pb0.5Br2.4I0.6,0.8,0.2,0,0,0.5,0.5,0,2.4,0.6
MA0.8FA0.2Sn0.5Pb0.5Br2.7I0.3,0.8,0.2,0,0,0.5,0.5,0,2.7,0.3
MA0.8FA0.2Sn0.4Pb0.6Cl0.3Br2.7,0.8,0.2,0,0,0.6,0.4,0.3,2.7,0
MA0.8FA0.2Sn0.4Pb0.6Cl0.6Br2.4,0.8,0.2,0,0,0.6,0.4,0.6,2.4,0
MA0.8FA0.2Sn0.4Pb0.6Cl0.9Br2.1,0.8,0.2,0,0,0.6,0.4,0.9,2.1,0
MA0.8FA0.2Sn0.4Pb0.6Cl1.2Br1.8,0.8,0.2,0,0,0.6,0.4,1.2,1.8,0
MA0.8FA0.2Sn0.4Pb0.6Cl1.5Br1.5,0.8,0.2,0,0,0.6,0.4,1.5,1.5,0
MA0.8FA0.2Sn0.4Pb0.6Cl1.8Br1.2,0.8,0.2,0,0,0.6,0.4,1.8,1.2,0
MA0.8FA0.2Sn0.4Pb0.6Cl2.1Br0.9,0.8,0.2,0,0,0.6,0.4,2.1,0.9,0
MA0.8FA0.2Sn0.4Pb0.6Cl2.4Br0.6,0.8,0.2,0,0,0.6,0.4,2.4,0.6,0
MA0.8FA0.2Sn0.4Pb0.6Cl2.7Br0.3,0.8,0.2,0,0,0.6,0.4,2.7,0.3,0
MA0.8FA0.2Sn0.4Pb0.6Cl0.3I2.7,0.8,0.2,0,0,0.6,0.4,0.3,0,2.7
MA0.8FA0.2Sn0.4Pb0.6Cl0.6I2.4,0.8,0.2,0,0,0.6,0.4,0.6,0,2.4
MA0.8FA0.2Sn0.4Pb0.6Cl0.9I2.1,0.8,0.2,0,0,0.6,0.4,0.9,0,2.1
MA0.8FA0.2Sn0.4Pb0.6Cl1.2I1.8,0.8,0.2,0,0,0.6,0.4,1.2,0,1.8
MA0.8FA0.2Sn0.4Pb0.6Cl1.5I1.5,0.8,0.2,0,0,0.6,0.4,1.5,0,1.5
MA0.8FA0.2Sn0.4Pb0.6Cl1.8I1.2,0.8,0.2,0,0,0.6,0.4,1.8,0,1.2
MA0.8FA0.2Sn0.4Pb0.6Cl2.1I0.9,0.8,0.2,0,0,0.6,0.4,2.1,0,0.9
MA0.8FA0.2Sn0.4Pb0.6Cl2.4I0.6,0.8,0.2,0,0,0.6,0.4,2.4,0,0.6
MA0.8FA0.2Sn0.4Pb0.6Cl2.7I0.3,0.8,0.2,0,0,0.6,0.4,2.7,0,0.3
MA0.8FA0.2Sn0.4Pb0.6Br0.3I2.7,0.8,0.2,0,0,0.6,0.4,0,0.3,2.7
MA0.8FA0.2Sn0.4Pb0.6Br0.6I2.4,0.8,0.2,0,0,0.6,0.4,0,0.6,2.4
MA0.8FA0.2Sn0.4Pb0.6Br0.9I2.1,0.8,0.2,0,0,0.6,0.4,0,0.9,2.1
MA0.8FA0.2Sn0.4Pb0.6Br1.2I1.8,0.8,0.2,0,0,0.6,0.4,0,1.2,1.8
MA0.8FA0.2Sn0.4Pb0.6Br1.5I1.5,0.8,0.2,0,0,0.6,0.4,0,1.5,1.5
MA0.8FA0.2Sn0.4Pb0.6Br1.8I1.2,0.8,0.2,0,0,0.6,0.4,0,1.8,1.2
MA0.8FA0.2Sn0.4Pb0.6Br2.1I0.9,0.8,0.2,0,0,0.6,0.4,0,2.1,0.9
MA0.8FA0.2Sn0.4Pb0.6Br2.4I0.6,0.8,0.2,0,0,0.6,0.4,0,2.4,0.6
MA0.8FA0.2Sn0.4Pb0.6Br2.7I0.3,0.8,0.2,0,0,0.6,0.4,0,2.7,0.3
MA0.8FA0.2Sn0.3Pb0.7Cl0.3Br2.7,0.8,0.2,0,0,0.7,0.3,0.3,2.7,0
MA0.8FA0.2Sn0.3Pb0.7Cl0.6Br2.4,0.8,0.2,0,0,0.7,0.3,0.6,2.4,0
MA0.8FA0.2Sn0.3Pb0.7Cl0.9Br2.1,0.8,0.2,0,0,0.7,0.3,0.9,2.1,0
MA0.8FA0.2Sn0.3Pb0.7Cl1.2Br1.8,0.8,0.2,0,0,0.7,0.3,1.2,1.8,0
MA0.8FA0.2Sn0.3Pb0.7Cl1.5Br1.5,0.8,0.2,0,0,0.7,0.3,1.5,1.5,0
MA0.8FA0.2Sn0.3Pb0.7Cl1.8Br1.2,0.8,0.2,0,0,0.7,0.3,1.8,1.2,0
MA0.8FA0.2Sn0.3Pb0.7Cl2.1Br0.9,0.8,0.2,0,0,0.7,0.3,2.1,0.9,0
MA0.8FA0.2Sn0.3Pb0.7Cl2.4Br0.6,0.8,0.2,0,0,0.7,0.3,2.4,0.6,0
MA0.8FA0.2Sn0.3Pb0.7Cl2.7Br0.3,0.8,0.2,0,0,0.7,0.3,2.7,0.3,0
MA0.8FA0.2Sn0.3Pb0.7Cl0.3I2.7,0.8,0.2,0,0,0.7,0.3,0.3,0,2.7
MA0.8FA0.2Sn0.3Pb0.7Cl0.6I2.4,0.8,0.2,0,0,0.7,0.3,0.6,0,2.4
MA0.8FA0.2Sn0.3Pb0.7Cl0.9I2.1,0.8,0.2,0,0,0.7,0.3,0.9,0,2.1
MA0.8FA0.2Sn0.3Pb0.7Cl1.2I1.8,0.8,0.2,0,0,0.7,0.3,1.2,0,1.8
MA0.8FA0.2Sn0.3Pb0.7Cl1.5I1.5,0.8,0.2,0,0,0.7,0.3,1.5,0,1.5
MA0.8FA0.2Sn0.3Pb0.7Cl1.8I1.2,0.8,0.2,0,0,0.7,0.3,1.8,0,1.2
MA0.8FA0.2Sn0.3Pb0.7Cl2.1I0.9,0.8,0.2,0,0,0.7,0.3,2.1,0,0.9
MA0.8FA0.2Sn0.3Pb0.7Cl2.4I0.6,0.8,0.2,0,0,0.7,0.3,2.4,0,0.6
MA0.8FA0.2Sn0.3Pb0.7Cl2.7I0.3,0.8,0.2,0,0,0.7,0.3,2.7,0,0.3
MA0.8FA0.2Sn0.3Pb0.7Br0.3I2.7,0.8,0.2,0,0,0.7,0.3,0,0.3,2.7
MA0.8FA0.2Sn0.3Pb0.7Br0.6I2.4,0.8,0.2,0,0,0.7,0.3,0,0.6,2.4
MA0.8FA0.2Sn0.3Pb0.7Br0.9I2.1,0.8,0.2,0,0,0.7,0.3,0,0.9,2.1
MA0.8FA0.2Sn0.3Pb0.7Br1.2I1.8,0.8,0.2,0,0,0.7,0.3,0,1.2,1.8
MA0.8FA0.2Sn0.3Pb0.7Br1.5I1.5,0.8,0.2,0,0,0.7,0.3,0,1.5,1.5
MA0.8FA0.2Sn0.3Pb0.7Br1.8I1.2,0.8,0.2,0,0,0.7,0.3,0,1.8,1.2
MA0.8FA0.2Sn0.3Pb0.7Br2.1I0.9,0.8,0.2,0,0,0.7,0.3,0,2.1,0.9
MA0.8FA0.2Sn0.3Pb0.7Br2.4I0.6,0.8,0.2,0,0,0.7,0.3,0,2.4,0.6
MA0.8FA0.2Sn0.3Pb0.7Br2.7I0.3,0.8,0.2,0,0,0.7,0.3,0,2.7,0.3
MA0.8FA0.2Sn0.2Pb0.8Cl0.3Br2.7,0.8,0.2,0,0,0.8,0.2,0.3,2.7,0
MA0.8FA0.2Sn0.2Pb0.8Cl0.6Br2.4,0.8,0.2,0,0,0.8,0.2,0.6,2.4,0
MA0.8FA0.2Sn0.2Pb0.8Cl0.9Br2.1,0.8,0.2,0,0,0.8,0.2,0.9,2.1,0
MA0.8FA0.2Sn0.2Pb0.8Cl1.2Br1.8,0.8,0.2,0,0,0.8,0.2,1.2,1.8,0
MA0.8FA0.2Sn0.2Pb0.8Cl1.5Br1.5,0.8,0.2,0,0,0.8,0.2,1.5,1.5,0
MA0.8FA0.2Sn0.2Pb0.8Cl1.8Br1.2,0.8,0.2,0,0,0.8,0.2,1.8,1.2,0
MA0.8FA0.2Sn0.2Pb0.8Cl2.1Br0.9,0.8,0.2,0,0,0.8,0.2,2.1,0.9,0
MA0.8FA0.2Sn0.2Pb0.8Cl2.4Br0.6,0.8,0.2,0,0,0.8,0.2,2.4,0.6,0
MA0.8FA0.2Sn0.2Pb0.8Cl2.7Br0.3,0.8,0.2,0,0,0.8,0.2,2.7,0.3,0
MA0.8FA0.2Sn0.2Pb0.8Cl0.3I2.7,0.8,0.2,0,0,0.8,0.2,0.3,0,2.7
MA0.8FA0.2Sn0.2Pb0.8Cl0.6I2.4,0.8,0.2,0,0,0.8,0.2,0.6,0,2.4
MA0.8FA0.2Sn0.2Pb0.8Cl0.9I2.1,0.8,0.2,0,0,0.8,0.2,0.9,0,2.1
MA0.8FA0.2Sn0.2Pb0.8Cl1.2I1.8,0.8,0.2,0,0,0.8,0.2,1.2,0,1.8
MA0.8FA0.2Sn0.2Pb0.8Cl1.5I1.5,0.8,0.2,0,0,0.8,0.2,1.5,0,1.5
MA0.8FA0.2Sn0.2Pb0.8Cl1.8I1.2,0.8,0.2,0,0,0.8,0.2,1.8,0,1.2
MA0.8FA0.2Sn0.2Pb0.8Cl2.1I0.9,0.8,0.2,0,0,0.8,0.2,2.1,0,0.9
MA0.8FA0.2Sn0.2Pb0.8Cl2.4I0.6,0.8,0.2,0,0,0.8,0.2,2.4,0,0.6
MA0.8FA0.2Sn0.2Pb0.8Cl2.7I0.3,0.8,0.2,0,0,0.8,0.2,2.7,0,0.3
MA0.8FA0.2Sn0.2Pb0.8Br0.3I2.7,0.8,0.2,0,0,0.8,0.2,0,0.3,2.7
MA0.8FA0.2Sn0.2Pb0.8Br0.6I2.4,0.8,0.2,0,0,0.8,0.2,0,0.6,2.4
MA0.8FA0.2Sn0.2Pb0.8Br0.9I2.1,0.8,0.2,0,0,0.8,0.2,0,0.9,2.1
MA0.8FA0.2Sn0.2Pb0.8Br1.2I1.8,0.8,0.2,0,0,0.8,0.2,0,1.2,1.8
MA0.8FA0.2Sn0.2Pb0.8Br1.5I1.5,0.8,0.2,0,0,0.8,0.2,0,1.5,1.5
MA0.8FA0.2Sn0.2Pb0.8Br1.8I1.2,0.8,0.2,0,0,0.8,0.2,0,1.8,1.2
MA0.8FA0.2Sn0.2Pb0.8Br2.1I0.9,0.8,0.2,0,0,0.8,0.2,0,2.1,0.9
MA0.8FA0.2Sn0.2Pb0.8Br2.4I0.6,0.8,0.2,0,0,0.8,0.2,0,2.4,0.6
MA0.8FA0.2Sn0.2Pb0.8Br2.7I0.3,0.8,0.2,0,0,0.8,0.2,0,2.7,0.3
MA0.8FA0.2Sn0.1Pb0.9Cl0.3Br2.7,0.8,0.2,0,0,0.9,0.1,0.3,2.7,0
MA0.8FA0.2Sn0.1Pb0.9Cl0.6Br2.4,0.8,0.2,0,0,0.9,0.1,0.6,2.4,0
MA0.8FA0.2Sn0.1Pb0.9Cl0.9Br2.1,0.8,0.2,0,0,0.9,0.1,0.9,2.1,0
MA0.8FA0.2Sn0.1Pb0.9Cl1.2Br1.8,0.8,0.2,0,0,0.9,0.1,1.2,1.8,0
MA0.8FA0.2Sn0.1Pb0.9Cl1.5Br1.5,0.8,0.2,0,0,0.9,0.1,1.5,1.5,0
MA0.8FA0.2Sn0.1Pb0.9Cl1.8Br1.2,0.8,0.2,0,0,0.9,0.1,1.8,1.2,0
MA0.8FA0.2Sn0.1Pb0.9Cl2.1Br0.9,0.8,0.2,0,0,0.9,0.1,2.1,0.9,0
MA0.8FA0.2Sn0.1Pb0.9Cl2.4Br0.6,0.8,0.2,0,0,0.9,0.1,2.4,0.6,0
MA0.8FA0.2Sn0.1Pb0.9Cl2.7Br0.3,0.8,0.2,0,0,0.9,0.1,2.7,0.3,0
MA0.8FA0.2Sn0.1Pb0.9Cl0.3I2.7,0.8,0.2,0,0,0.9,0.1,0.3,0,2.7
MA0.8FA0.2Sn0.1Pb0.9Cl0.6I2.4,0.8,0.2,0,0,0.9,0.1,0.6,0,2.4
MA0.8FA0.2Sn0.1Pb0.9Cl0.9I2.1,0.8,0.2,0,0,0.9,0.1,0.9,0,2.1
MA0.8FA0.2Sn0.1Pb0.9Cl1.2I1.8,0.8,0.2,0,0,0.9,0.1,1.2,0,1.8
MA0.8FA0.2Sn0.1Pb0.9Cl1.5I1.5,0.8,0.2,0,0,0.9,0.1,1.5,0,1.5
MA0.8FA0.2Sn0.1Pb0.9Cl1.8I1.2,0.8,0.2,0,0,0.9,0.1,1.8,0,1.2
MA0.8FA0.2Sn0.1Pb0.9Cl2.1I0.9,0.8,0.2,0,0,0.9,0.1,2.1,0,0.9
MA0.8FA0.2Sn0.1Pb0.9Cl2.4I0.6,0.8,0.2,0,0,0.9,0.1,2.4,0,0.6
MA0.8FA0.2Sn0.1Pb0.9Cl2.7I0.3,0.8,0.2,0,0,0.9,0.1,2.7,0,0.3
MA0.8FA0.2Sn0.1Pb0.9Br0.3I2.7,0.8,0.2,0,0,0.9,0.1,0,0.3,2.7
MA0.8FA0.2Sn0.1Pb0.9Br0.6I2.4,0.8,0.2,0,0,0.9,0.1,0,0.6,2.4
MA0.8FA0.2Sn0.1Pb0.9Br0.9I2.1,0.8,0.2,0,0,0.9,0.1,0,0.9,2.1
MA0.8FA0.2Sn0.1Pb0.9Br1.2I1.8,0.8,0.2,0,0,0.9,0.1,0,1.2,1.8
MA0.8FA0.2Sn0.1Pb0.9Br1.5I1.5,0.8,0.2,0,0,0.9,0.1,0,1.5,1.5
MA0.8FA0.2Sn0.1Pb0.9Br1.8I1.2,0.8,0.2,0,0,0.9,0.1,0,1.8,1.2
MA0.8FA0.2Sn0.1Pb0.9Br2.1I0.9,0.8,0.2,0,0,0.9,0.1,0,2.1,0.9
MA0.8FA0.2Sn0.1Pb0.9Br2.4I0.6,0.8,0.2,0,0,0.9,0.1,0,2.4,0.6
MA0.8FA0.2Sn0.1Pb0.9Br2.7I0.3,0.8,0.2,0,0,0.9,0.1,0,2.7,0.3
MA0.9FA0.1Sn0.9Pb0.1Cl0.3Br2.7,0.9,0.1,0,0,0.1,0.9,0.3,2.7,0
MA0.9FA0.1Sn0.9Pb0.1Cl0.6Br2.4,0.9,0.1,0,0,0.1,0.9,0.6,2.4,0
MA0.9FA0.1Sn0.9Pb0.1Cl0.9Br2.1,0.9,0.1,0,0,0.1,0.9,0.9,2.1,0
MA0.9FA0.1Sn0.9Pb0.1Cl1.2Br1.8,0.9,0.1,0,0,0.1,0.9,1.2,1.8,0
MA0.9FA0.1Sn0.9Pb0.1Cl1.5Br1.5,0.9,0.1,0,0,0.1,0.9,1.5,1.5,0
MA0.9FA0.1Sn0.9Pb0.1Cl1.8Br1.2,0.9,0.1,0,0,0.1,0.9,1.8,1.2,0
MA0.9FA0.1Sn0.9Pb0.1Cl2.1Br0.9,0.9,0.1,0,0,0.1,0.9,2.1,0.9,0
MA0.9FA0.1Sn0.9Pb0.1Cl2.4Br0.6,0.9,0.1,0,0,0.1,0.9,2.4,0.6,0
MA0.9FA0.1Sn0.9Pb0.1Cl2.7Br0.3,0.9,0.1,0,0,0.1,0.9,2.7,0.3,0
MA0.9FA0.1Sn0.9Pb0.1Cl0.3I2.7,0.9,0.1,0,0,0.1,0.9,0.3,0,2.7
MA0.9FA0.1Sn0.9Pb0.1Cl0.6I2.4,0.9,0.1,0,0,0.1,0.9,0.6,0,2.4
MA0.9FA0.1Sn0.9Pb0.1Cl0.9I2.1,0.9,0.1,0,0,0.1,0.9,0.9,0,2.1
MA0.9FA0.1Sn0.9Pb0.1Cl1.2I1.8,0.9,0.1,0,0,0.1,0.9,1.2,0,1.8
MA0.9FA0.1Sn0.9Pb0.1Cl1.5I1.5,0.9,0.1,0,0,0.1,0.9,1.5,0,1.5
MA0.9FA0.1Sn0.9Pb0.1Cl1.8I1.2,0.9,0.1,0,0,0.1,0.9,1.8,0,1.2
MA0.9FA0.1Sn0.9Pb0.1Cl2.1I0.9,0.9,0.1,0,0,0.1,0.9,2.1,0,0.9
MA0.9FA0.1Sn0.9Pb0.1Cl2.4I0.6,0.9,0.1,0,0,0.1,0.9,2.4,0,0.6
MA0.9FA0.1Sn0.9Pb0.1Cl2.7I0.3,0.9,0.1,0,0,0.1,0.9,2.7,0,0.3
MA0.9FA0.1Sn0.9Pb0.1Br0.3I2.7,0.9,0.1,0,0,0.1,0.9,0,0.3,2.7
MA0.9FA0.1Sn0.9Pb0.1Br0.6I2.4,0.9,0.1,0,0,0.1,0.9,0,0.6,2.4
MA0.9FA0.1Sn0.9Pb0.1Br0.9I2.1,0.9,0.1,0,0,0.1,0.9,0,0.9,2.1
MA0.9FA0.1Sn0.9Pb0.1Br1.2I1.8,0.9,0.1,0,0,0.1,0.9,0,1.2,1.8
MA0.9FA0.1Sn0.9Pb0.1Br1.5I1.5,0.9,0.1,0,0,0.1,0.9,0,1.5,1.5
MA0.9FA0.1Sn0.9Pb0.1Br1.8I1.2,0.9,0.1,0,0,0.1,0.9,0,1.8,1.2
MA0.9FA0.1Sn0.9Pb0.1Br2.1I0.9,0.9,0.1,0,0,0.1,0.9,0,2.1,0.9
MA0.9FA0.1Sn0.9Pb0.1Br2.4I0.6,0.9,0.1,0,0,0.1,0.9,0,2.4,0.6
MA0.9FA0.1Sn0.9Pb0.1Br2.7I0.3,0.9,0.1,0,0,0.1,0.9,0,2.7,0.3
MA0.9FA0.1Sn0.8Pb0.2Cl0.3Br2.7,0.9,0.1,0,0,0.2,0.8,0.3,2.7,0
MA0.9FA0.1Sn0.8Pb0.2Cl0.6Br2.4,0.9,0.1,0,0,0.2,0.8,0.6,2.4,0
MA0.9FA0.1Sn0.8Pb0.2Cl0.9Br2.1,0.9,0.1,0,0,0.2,0.8,0.9,2.1,0
MA0.9FA0.1Sn0.8Pb0.2Cl1.2Br1.8,0.9,0.1,0,0,0.2,0.8,1.2,1.8,0
MA0.9FA0.1Sn0.8Pb0.2Cl1.5Br1.5,0.9,0.1,0,0,0.2,0.8,1.5,1.5,0
MA0.9FA0.1Sn0.8Pb0.2Cl1.8Br1.2,0.9,0.1,0,0,0.2,0.8,1.8,1.2,0
MA0.9FA0.1Sn0.8Pb0.2Cl2.1Br0.9,0.9,0.1,0,0,0.2,0.8,2.1,0.9,0
MA0.9FA0.1Sn0.8Pb0.2Cl2.4Br0.6,0.9,0.1,0,0,0.2,0.8,2.4,0.6,0
MA0.9FA0.1Sn0.8Pb0.2Cl2.7Br0.3,0.9,0.1,0,0,0.2,0.8,2.7,0.3,0
MA0.9FA0.1Sn0.8Pb0.2Cl0.3I2.7,0.9,0.1,0,0,0.2,0.8,0.3,0,2.7
MA0.9FA0.1Sn0.8Pb0.2Cl0.6I2.4,0.9,0.1,0,0,0.2,0.8,0.6,0,2.4
MA0.9FA0.1Sn0.8Pb0.2Cl0.9I2.1,0.9,0.1,0,0,0.2,0.8,0.9,0,2.1
MA0.9FA0.1Sn0.8Pb0.2Cl1.2I1.8,0.9,0.1,0,0,0.2,0.8,1.2,0,1.8
MA0.9FA0.1Sn0.8Pb0.2Cl1.5I1.5,0.9,0.1,0,0,0.2,0.8,1.5,0,1.5
MA0.9FA0.1Sn0.8Pb0.2Cl1.8I1.2,0.9,0.1,0,0,0.2,0.8,1.8,0,1.2
MA0.9FA0.1Sn0.8Pb0.2Cl2.1I0.9,0.9,0.1,0,0,0.2,0.8,2.1,0,0.9
MA0.9FA0.1Sn0.8Pb0.2Cl2.4I0.6,0.9,0.1,0,0,0.2,0.8,2.4,0,0.6
MA0.9FA0.1Sn0.8Pb0.2Cl2.7I0.3,0.9,0.1,0,0,0.2,0.8,2.7,0,0.3
MA0.9FA0.1Sn0.8Pb0.2Br0.3I2.7,0.9,0.1,0,0,0.2,0.8,0,0.3,2.7
MA0.9FA0.1Sn0.8Pb0.2Br0.6I2.4,0.9,0.1,0,0,0.2,0.8,0,0.6,2.4
MA0.9FA0.1Sn0.8Pb0.2Br0.9I2.1,0.9,0.1,0,0,0.2,0.8,0,0.9,2.1
MA0.9FA0.1Sn0.8Pb0.2Br1.2I1.8,0.9,0.1,0,0,0.2,0.8,0,1.2,1.8
MA0.9FA0.1Sn0.8Pb0.2Br1.5I1.5,0.9,0.1,0,0,0.2,0.8,0,1.5,1.5
MA0.9FA0.1Sn0.8Pb0.2Br1.8I1.2,0.9,0.1,0,0,0.2,0.8,0,1.8,1.2
MA0.9FA0.1Sn0.8Pb0.2Br2.1I0.9,0.9,0.1,0,0,0.2,0.8,0,2.1,0.9
MA0.9FA0.1Sn0.8Pb0.2Br2.4I0.6,0.9,0.1,0,0,0.2,0.8,0,2.4,0.6
MA0.9FA0.1Sn0.8Pb0.2Br2.7I0.3,0.9,0.1,0,0,0.2,0.8,0,2.7,0.3
MA0.9FA0.1Sn0.7Pb0.3Cl0.3Br2.7,0.9,0.1,0,0,0.3,0.7,0.3,2.7,0
MA0.9FA0.1Sn0.7Pb0.3Cl0.6Br2.4,0.9,0.1,0,0,0.3,0.7,0.6,2.4,0
MA0.9FA0.1Sn0.7Pb0.3Cl0.9Br2.1,0.9,0.1,0,0,0.3,0.7,0.9,2.1,0
MA0.9FA0.1Sn0.7Pb0.3Cl1.2Br1.8,0.9,0.1,0,0,0.3,0.7,1.2,1.8,0
MA0.9FA0.1Sn0.7Pb0.3Cl1.5Br1.5,0.9,0.1,0,0,0.3,0.7,1.5,1.5,0
MA0.9FA0.1Sn0.7Pb0.3Cl1.8Br1.2,0.9,0.1,0,0,0.3,0.7,1.8,1.2,0
MA0.9FA0.1Sn0.7Pb0.3Cl2.1Br0.9,0.9,0.1,0,0,0.3,0.7,2.1,0.9,0
MA0.9FA0.1Sn0.7Pb0.3Cl2.4Br0.6,0.9,0.1,0,0,0.3,0.7,2.4,0.6,0
MA0.9FA0.1Sn0.7Pb0.3Cl2.7Br0.3,0.9,0.1,0,0,0.3,0.7,2.7,0.3,0
MA0.9FA0.1Sn0.7Pb0.3Cl0.3I2.7,0.9,0.1,0,0,0.3,0.7,0.3,0,2.7
MA0.9FA0.1Sn0.7Pb0.3Cl0.6I2.4,0.9,0.1,0,0,0.3,0.7,0.6,0,2.4
MA0.9FA0.1Sn0.7Pb0.3Cl0.9I2.1,0.9,0.1,0,0,0.3,0.7,0.9,0,2.1
MA0.9FA0.1Sn0.7Pb0.3Cl1.2I1.8,0.9,0.1,0,0,0.3,0.7,1.2,0,1.8
MA0.9FA0.1Sn0.7Pb0.3Cl1.5I1.5,0.9,0.1,0,0,0.3,0.7,1.5,0,1.5
MA0.9FA0.1Sn0.7Pb0.3Cl1.8I1.2,0.9,0.1,0,0,0.3,0.7,1.8,0,1.2
MA0.9FA0.1Sn0.7Pb0.3Cl2.1I0.9,0.9,0.1,0,0,0.3,0.7,2.1,0,0.9
MA0.9FA0.1Sn0.7Pb0.3Cl2.4I0.6,0.9,0.1,0,0,0.3,0.7,2.4,0,0.6
MA0.9FA0.1Sn0.7Pb0.3Cl2.7I0.3,0.9,0.1,0,0,0.3,0.7,2.7,0,0.3
MA0.9FA0.1Sn0.7Pb0.3Br0.3I2.7,0.9,0.1,0,0,0.3,0.7,0,0.3,2.7
MA0.9FA0.1Sn0.7Pb0.3Br0.6I2.4,0.9,0.1,0,0,0.3,0.7,0,0.6,2.4
MA0.9FA0.1Sn0.7Pb0.3Br0.9I2.1,0.9,0.1,0,0,0.3,0.7,0,0.9,2.1
MA0.9FA0.1Sn0.7Pb0.3Br1.2I1.8,0.9,0.1,0,0,0.3,0.7,0,1.2,1.8
MA0.9FA0.1Sn0.7Pb0.3Br1.5I1.5,0.9,0.1,0,0,0.3,0.7,0,1.5,1.5
MA0.9FA0.1Sn0.7Pb0.3Br1.8I1.2,0.9,0.1,0,0,0.3,0.7,0,1.8,1.2
MA0.9FA0.1Sn0.7Pb0.3Br2.1I0.9,0.9,0.1,0,0,0.3,0.7,0,2.1,0.9
MA0.9FA0.1Sn0.7Pb0.3Br2.4I0.6,0.9,0.1,0,0,0.3,0.7,0,2.4,0.6
MA0.9FA0.1Sn0.7Pb0.3Br2.7I0.3,0.9,0.1,0,0,0.3,0.7,0,2.7,0.3
MA0.9FA0.1Sn0.6Pb0.4Cl0.3Br2.7,0.9,0.1,0,0,0.4,0.6,0.3,2.7,0
MA0.9FA0.1Sn0.6Pb0.4Cl0.6Br2.4,0.9,0.1,0,0,0.4,0.6,0.6,2.4,0
MA0.9FA0.1Sn0.6Pb0.4Cl0.9Br2.1,0.9,0.1,0,0,0.4,0.6,0.9,2.1,0
MA0.9FA0.1Sn0.6Pb0.4Cl1.2Br1.8,0.9,0.1,0,0,0.4,0.6,1.2,1.8,0
MA0.9FA0.1Sn0.6Pb0.4Cl1.5Br1.5,0.9,0.1,0,0,0.4,0.6,1.5,1.5,0
MA0.9FA0.1Sn0.6Pb0.4Cl1.8Br1.2,0.9,0.1,0,0,0.4,0.6,1.8,1.2,0
MA0.9FA0.1Sn0.6Pb0.4Cl2.1Br0.9,0.9,0.1,0,0,0.4,0.6,2.1,0.9,0
MA0.9FA0.1Sn0.6Pb0.4Cl2.4Br0.6,0.9,0.1,0,0,0.4,0.6,2.4,0.6,0
MA0.9FA0.1Sn0.6Pb0.4Cl2.7Br0.3,0.9,0.1,0,0,0.4,0.6,2.7,0.3,0
MA0.9FA0.1Sn0.6Pb0.4Cl0.3I2.7,0.9,0.1,0,0,0.4,0.6,0.3,0,2.7
MA0.9FA0.1Sn0.6Pb0.4Cl0.6I2.4,0.9,0.1,0,0,0.4,0.6,0.6,0,2.4
MA0.9FA0.1Sn0.6Pb0.4Cl0.9I2.1,0.9,0.1,0,0,0.4,0.6,0.9,0,2.1
MA0.9FA0.1Sn0.6Pb0.4Cl1.2I1.8,0.9,0.1,0,0,0.4,0.6,1.2,0,1.8
MA0.9FA0.1Sn0.6Pb0.4Cl1.5I1.5,0.9,0.1,0,0,0.4,0.6,1.5,0,1.5
MA0.9FA0.1Sn0.6Pb0.4Cl1.8I1.2,0.9,0.1,0,0,0.4,0.6,1.8,0,1.2
MA0.9FA0.1Sn0.6Pb0.4Cl2.1I0.9,0.9,0.1,0,0,0.4,0.6,2.1,0,0.9
MA0.9FA0.1Sn0.6Pb0.4Cl2.4I0.6,0.9,0.1,0,0,0.4,0.6,2.4,0,0.6
MA0.9FA0.1Sn0.6Pb0.4Cl2.7I0.3,0.9,0.1,0,0,0.4,0.6,2.7,0,0.3
MA0.9FA0.1Sn0.6Pb0.4Br0.3I2.7,0.9,0.1,0,0,0.4,0.6,0,0.3,2.7
MA0.9FA0.1Sn0.6Pb0.4Br0.6I2.4,0.9,0.1,0,0,0.4,0.6,0,0.6,2.4
MA0.9FA0.1Sn0.6Pb0.4Br0.9I2.1,0.9,0.1,0,0,0.4,0.6,0,0.9,2.1
MA0.9FA0.1Sn0.6Pb0.4Br1.2I1.8,0.9,0.1,0,0,0.4,0.6,0,1.2,1.8
MA0.9FA0.1Sn0.6Pb0.4Br1.5I1.5,0.9,0.1,0,0,0.4,0.6,0,1.5,1.5
MA0.9FA0.1Sn0.6Pb0.4Br1.8I1.2,0.9,0.1,0,0,0.4,0.6,0,1.8,1.2
MA0.9FA0.1Sn0.6Pb0.4Br2.1I0.9,0.9,0.1,0,0,0.4,0.6,0,2.1,0.9
MA0.9FA0.1Sn0.6Pb0.4Br2.4I0.6,0.9,0.1,0,0,0.4,0.6,0,2.4,0.6
MA0.9FA0.1Sn0.6Pb0.4Br2.7I0.3,0.9,0.1,0,0,0.4,0.6,0,2.7,0.3
MA0.9FA0.1Sn0.5Pb0.5Cl0.3Br2.7,0.9,0.1,0,0,0.5,0.5,0.3,2.7,0
MA0.9FA0.1Sn0.5Pb0.5Cl0.6Br2.4,0.9,0.1,0,0,0.5,0.5,0.6,2.4,0
MA0.9FA0.1Sn0.5Pb0.5Cl0.9Br2.1,0.9,0.1,0,0,0.5,0.5,0.9,2.1,0
MA0.9FA0.1Sn0.5Pb0.5Cl1.2Br1.8,0.9,0.1,0,0,0.5,0.5,1.2,1.8,0
MA0.9FA0.1Sn0.5Pb0.5Cl1.5Br1.5,0.9,0.1,0,0,0.5,0.5,1.5,1.5,0
MA0.9FA0.1Sn0.5Pb0.5Cl1.8Br1.2,0.9,0.1,0,0,0.5,0.5,1.8,1.2,0
MA0.9FA0.1Sn0.5Pb0.5Cl2.1Br0.9,0.9,0.1,0,0,0.5,0.5,2.1,0.9,0
MA0.9FA0.1Sn0.5Pb0.5Cl2.4Br0.6,0.9,0.1,0,0,0.5,0.5,2.4,0.6,0
MA0.9FA0.1Sn0.5Pb0.5Cl2.7Br0.3,0.9,0.1,0,0,0.5,0.5,2.7,0.3,0
MA0.9FA0.1Sn0.5Pb0.5Cl0.3I2.7,0.9,0.1,0,0,0.5,0.5,0.3,0,2.7
MA0.9FA0.1Sn0.5Pb0.5Cl0.6I2.4,0.9,0.1,0,0,0.5,0.5,0.6,0,2.4
MA0.9FA0.1Sn0.5Pb0.5Cl0.9I2.1,0.9,0.1,0,0,0.5,0.5,0.9,0,2.1
MA0.9FA0.1Sn0.5Pb0.5Cl1.2I1.8,0.9,0.1,0,0,0.5,0.5,1.2,0,1.8
MA0.9FA0.1Sn0.5Pb0.5Cl1.5I1.5,0.9,0.1,0,0,0.5,0.5,1.5,0,1.5
MA0.9FA0.1Sn0.5Pb0.5Cl1.8I1.2,0.9,0.1,0,0,0.5,0.5,1.8,0,1.2
MA0.9FA0.1Sn0.5Pb0.5Cl2.1I0.9,0.9,0.1,0,0,0.5,0.5,2.1,0,0.9
MA0.9FA0.1Sn0.5Pb0.5Cl2.4I0.6,0.9,0.1,0,0,0.5,0.5,2.4,0,0.6
MA0.9FA0.1Sn0.5Pb0.5Cl2.7I0.3,0.9,0.1,0,0,0.5,0.5,2.7,0,0.3
MA0.9FA0.1Sn0.5Pb0.5Br0.3I2.7,0.9,0.1,0,0,0.5,0.5,0,0.3,2.7
MA0.9FA0.1Sn0.5Pb0.5Br0.6I2.4,0.9,0.1,0,0,0.5,0.5,0,0.6,2.4
MA0.9FA0.1Sn0.5Pb0.5Br0.9I2.1,0.9,0.1,0,0,0.5,0.5,0,0.9,2.1
MA0.9FA0.1Sn0.5Pb0.5Br1.2I1.8,0.9,0.1,0,0,0.5,0.5,0,1.2,1.8
MA0.9FA0.1Sn0.5Pb0.5Br1.5I1.5,0.9,0.1,0,0,0.5,0.5,0,1.5,1.5
MA0.9FA0.1Sn0.5Pb0.5Br1.8I1.2,0.9,0.1,0,0,0.5,0.5,0,1.8,1.2
MA0.9FA0.1Sn0.5Pb0.5Br2.1I0.9,0.9,0.1,0,0,0.5,0.5,0,2.1,0.9
MA0.9FA0.1Sn0.5Pb0.5Br2.4I0.6,0.9,0.1,0,0,0.5,0.5,0,2.4,0.6
MA0.9FA0.1Sn0.5Pb0.5Br2.7I0.3,0.9,0.1,0,0,0.5,0.5,0,2.7,0.3
MA0.9FA0.1Sn0.4Pb0.6Cl0.3Br2.7,0.9,0.1,0,0,0.6,0.4,0.3,2.7,0
MA0.9FA0.1Sn0.4Pb0.6Cl0.6Br2.4,0.9,0.1,0,0,0.6,0.4,0.6,2.4,0
MA0.9FA0.1Sn0.4Pb0.6Cl0.9Br2.1,0.9,0.1,0,0,0.6,0.4,0.9,2.1,0
MA0.9FA0.1Sn0.4Pb0.6Cl1.2Br1.8,0.9,0.1,0,0,0.6,0.4,1.2,1.8,0
MA0.9FA0.1Sn0.4Pb0.6Cl1.5Br1.5,0.9,0.1,0,0,0.6,0.4,1.5,1.5,0
MA0.9FA0.1Sn0.4Pb0.6Cl1.8Br1.2,0.9,0.1,0,0,0.6,0.4,1.8,1.2,0
MA0.9FA0.1Sn0.4Pb0.6Cl2.1Br0.9,0.9,0.1,0,0,0.6,0.4,2.1,0.9,0
MA0.9FA0.1Sn0.4Pb0.6Cl2.4Br0.6,0.9,0.1,0,0,0.6,0.4,2.4,0.6,0
MA0.9FA0.1Sn0.4Pb0.6Cl2.7Br0.3,0.9,0.1,0,0,0.6,0.4,2.7,0.3,0
MA0.9FA0.1Sn0.4Pb0.6Cl0.3I2.7,0.9,0.1,0,0,0.6,0.4,0.3,0,2.7
MA0.9FA0.1Sn0.4Pb0.6Cl0.6I2.4,0.9,0.1,0,0,0.6,0.4,0.6,0,2.4
MA0.9FA0.1Sn0.4Pb0.6Cl0.9I2.1,0.9,0.1,0,0,0.6,0.4,0.9,0,2.1
MA0.9FA0.1Sn0.4Pb0.6Cl1.2I1.8,0.9,0.1,0,0,0.6,0.4,1.2,0,1.8
MA0.9FA0.1Sn0.4Pb0.6Cl1.5I1.5,0.9,0.1,0,0,0.6,0.4,1.5,0,1.5
MA0.9FA0.1Sn0.4Pb0.6Cl1.8I1.2,0.9,0.1,0,0,0.6,0.4,1.8,0,1.2
MA0.9FA0.1Sn0.4Pb0.6Cl2.1I0.9,0.9,0.1,0,0,0.6,0.4,2.1,0,0.9
MA0.9FA0.1Sn0.4Pb0.6Cl2.4I0.6,0.9,0.1,0,0,0.6,0.4,2.4,0,0.6
MA0.9FA0.1Sn0.4Pb0.6Cl2.7I0.3,0.9,0.1,0,0,0.6,0.4,2.7,0,0.3
MA0.9FA0.1Sn0.4Pb0.6Br0.3I2.7,0.9,0.1,0,0,0.6,0.4,0,0.3,2.7
MA0.9FA0.1Sn0.4Pb0.6Br0.6I2.4,0.9,0.1,0,0,0.6,0.4,0,0.6,2.4
MA0.9FA0.1Sn0.4Pb0.6Br0.9I2.1,0.9,0.1,0,0,0.6,0.4,0,0.9,2.1
MA0.9FA0.1Sn0.4Pb0.6Br1.2I1.8,0.9,0.1,0,0,0.6,0.4,0,1.2,1.8
MA0.9FA0.1Sn0.4Pb0.6Br1.5I1.5,0.9,0.1,0,0,0.6,0.4,0,1.5,1.5
MA0.9FA0.1Sn0.4Pb0.6Br1.8I1.2,0.9,0.1,0,0,0.6,0.4,0,1.8,1.2
MA0.9FA0.1Sn0.4Pb0.6Br2.1I0.9,0.9,0.1,0,0,0.6,0.4,0,2.1,0.9
MA0.9FA0.1Sn0.4Pb0.6Br2.4I0.6,0.9,0.1,0,0,0.6,0.4,0,2.4,0.6
MA0.9FA0.1Sn0.4Pb0.6Br2.7I0.3,0.9,0.1,0,0,0.6,0.4,0,2.7,0.3
MA0.9FA0.1Sn0.3Pb0.7Cl0.3Br2.7,0.9,0.1,0,0,0.7,0.3,0.3,2.7,0
MA0.9FA0.1Sn0.3Pb0.7Cl0.6Br2.4,0.9,0.1,0,0,0.7,0.3,0.6,2.4,0
MA0.9FA0.1Sn0.3Pb0.7Cl0.9Br2.1,0.9,0.1,0,0,0.7,0.3,0.9,2.1,0
MA0.9FA0.1Sn0.3Pb0.7Cl1.2Br1.8,0.9,0.1,0,0,0.7,0.3,1.2,1.8,0
MA0.9FA0.1Sn0.3Pb0.7Cl1.5Br1.5,0.9,0.1,0,0,0.7,0.3,1.5,1.5,0
MA0.9FA0.1Sn0.3Pb0.7Cl1.8Br1.2,0.9,0.1,0,0,0.7,0.3,1.8,1.2,0
MA0.9FA0.1Sn0.3Pb0.7Cl2.1Br0.9,0.9,0.1,0,0,0.7,0.3,2.1,0.9,0
MA0.9FA0.1Sn0.3Pb0.7Cl2.4Br0.6,0.9,0.1,0,0,0.7,0.3,2.4,0.6,0
MA0.9FA0.1Sn0.3Pb0.7Cl2.7Br0.3,0.9,0.1,0,0,0.7,0.3,2.7,0.3,0
MA0.9FA0.1Sn0.3Pb0.7Cl0.3I2.7,0.9,0.1,0,0,0.7,0.3,0.3,0,2.7
MA0.9FA0.1Sn0.3Pb0.7Cl0.6I2.4,0.9,0.1,0,0,0.7,0.3,0.6,0,2.4
MA0.9FA0.1Sn0.3Pb0.7Cl0.9I2.1,0.9,0.1,0,0,0.7,0.3,0.9,0,2.1
MA0.9FA0.1Sn0.3Pb0.7Cl1.2I1.8,0.9,0.1,0,0,0.7,0.3,1.2,0,1.8
MA0.9FA0.1Sn0.3Pb0.7Cl1.5I1.5,0.9,0.1,0,0,0.7,0.3,1.5,0,1.5
MA0.9FA0.1Sn0.3Pb0.7Cl1.8I1.2,0.9,0.1,0,0,0.7,0.3,1.8,0,1.2
MA0.9FA0.1Sn0.3Pb0.7Cl2.1I0.9,0.9,0.1,0,0,0.7,0.3,2.1,0,0.9
MA0.9FA0.1Sn0.3Pb0.7Cl2.4I0.6,0.9,0.1,0,0,0.7,0.3,2.4,0,0.6
MA0.9FA0.1Sn0.3Pb0.7Cl2.7I0.3,0.9,0.1,0,0,0.7,0.3,2.7,0,0.3
MA0.9FA0.1Sn0.3Pb0.7Br0.3I2.7,0.9,0.1,0,0,0.7,0.3,0,0.3,2.7
MA0.9FA0.1Sn0.3Pb0.7Br0.6I2.4,0.9,0.1,0,0,0.7,0.3,0,0.6,2.4
MA0.9FA0.1Sn0.3Pb0.7Br0.9I2.1,0.9,0.1,0,0,0.7,0.3,0,0.9,2.1
MA0.9FA0.1Sn0.3Pb0.7Br1.2I1.8,0.9,0.1,0,0,0.7,0.3,0,1.2,1.8
MA0.9FA0.1Sn0.3Pb0.7Br1.5I1.5,0.9,0.1,0,0,0.7,0.3,0,1.5,1.5
MA0.9FA0.1Sn0.3Pb0.7Br1.8I1.2,0.9,0.1,0,0,0.7,0.3,0,1.8,1.2
MA0.9FA0.1Sn0.3Pb0.7Br2.1I0.9,0.9,0.1,0,0,0.7,0.3,0,2.1,0.9
MA0.9FA0.1Sn0.3Pb0.7Br2.4I0.6,0.9,0.1,0,0,0.7,0.3,0,2.4,0.6
MA0.9FA0.1Sn0.3Pb0.7Br2.7I0.3,0.9,0.1,0,0,0.7,0.3,0,2.7,0.3
MA0.9FA0.1Sn0.2Pb0.8Cl0.3Br2.7,0.9,0.1,0,0,0.8,0.2,0.3,2.7,0
MA0.9FA0.1Sn0.2Pb0.8Cl0.6Br2.4,0.9,0.1,0,0,0.8,0.2,0.6,2.4,0
MA0.9FA0.1Sn0.2Pb0.8Cl0.9Br2.1,0.9,0.1,0,0,0.8,0.2,0.9,2.1,0
MA0.9FA0.1Sn0.2Pb0.8Cl1.2Br1.8,0.9,0.1,0,0,0.8,0.2,1.2,1.8,0
MA0.9FA0.1Sn0.2Pb0.8Cl1.5Br1.5,0.9,0.1,0,0,0.8,0.2,1.5,1.5,0
MA0.9FA0.1Sn0.2Pb0.8Cl1.8Br1.2,0.9,0.1,0,0,0.8,0.2,1.8,1.2,0
MA0.9FA0.1Sn0.2Pb0.8Cl2.1Br0.9,0.9,0.1,0,0,0.8,0.2,2.1,0.9,0
MA0.9FA0.1Sn0.2Pb0.8Cl2.4Br0.6,0.9,0.1,0,0,0.8,0.2,2.4,0.6,0
MA0.9FA0.1Sn0.2Pb0.8Cl2.7Br0.3,0.9,0.1,0,0,0.8,0.2,2.7,0.3,0
MA0.9FA0.1Sn0.2Pb0.8Cl0.3I2.7,0.9,0.1,0,0,0.8,0.2,0.3,0,2.7
MA0.9FA0.1Sn0.2Pb0.8Cl0.6I2.4,0.9,0.1,0,0,0.8,0.2,0.6,0,2.4
MA0.9FA0.1Sn0.2Pb0.8Cl0.9I2.1,0.9,0.1,0,0,0.8,0.2,0.9,0,2.1
MA0.9FA0.1Sn0.2Pb0.8Cl1.2I1.8,0.9,0.1,0,0,0.8,0.2,1.2,0,1.8
MA0.9FA0.1Sn0.2Pb0.8Cl1.5I1.5,0.9,0.1,0,0,0.8,0.2,1.5,0,1.5
MA0.9FA0.1Sn0.2Pb0.8Cl1.8I1.2,0.9,0.1,0,0,0.8,0.2,1.8,0,1.2
MA0.9FA0.1Sn0.2Pb0.8Cl2.1I0.9,0.9,0.1,0,0,0.8,0.2,2.1,0,0.9
MA0.9FA0.1Sn0.2Pb0.8Cl2.4I0.6,0.9,0.1,0,0,0.8,0.2,2.4,0,0.6
MA0.9FA0.1Sn0.2Pb0.8Cl2.7I0.3,0.9,0.1,0,0,0.8,0.2,2.7,0,0.3
MA0.9FA0.1Sn0.2Pb0.8Br0.3I2.7,0.9,0.1,0,0,0.8,0.2,0,0.3,2.7
MA0.9FA0.1Sn0.2Pb0.8Br0.6I2.4,0.9,0.1,0,0,0.8,0.2,0,0.6,2.4
MA0.9FA0.1Sn0.2Pb0.8Br0.9I2.1,0.9,0.1,0,0,0.8,0.2,0,0.9,2.1
MA0.9FA0.1Sn0.2Pb0.8Br1.2I1.8,0.9,0.1,0,0,0.8,0.2,0,1.2,1.8
MA0.9FA0.1Sn0.2Pb0.8Br1.5I1.5,0.9,0.1,0,0,0.8,0.2,0,1.5,1.5
MA0.9FA0.1Sn0.2Pb0.8Br1.8I1.2,0.9,0.1,0,0,0.8,0.2,0,1.8,1.2
MA0.9FA0.1Sn0.2Pb0.8Br2.1I0.9,0.9,0.1,0,0,0.8,0.2,0,2.1,0.9
MA0.9FA0.1Sn0.2Pb0.8Br2.4I0.6,0.9,0.1,0,0,0.8,0.2,0,2.4,0.6
MA0.9FA0.1Sn0.2Pb0.8Br2.7I0.3,0.9,0.1,0,0,0.8,0.2,0,2.7,0.3
MA0.9FA0.1Sn0.1Pb0.9Cl0.3Br2.7,0.9,0.1,0,0,0.9,0.1,0.3,2.7,0
MA0.9FA0.1Sn0.1Pb0.9Cl0.6Br2.4,0.9,0.1,0,0,0.9,0.1,0.6,2.4,0
MA0.9FA0.1Sn0.1Pb0.9Cl0.9Br2.1,0.9,0.1,0,0,0.9,0.1,0.9,2.1,0
MA0.9FA0.1Sn0.1Pb0.9Cl1.2Br1.8,0.9,0.1,0,0,0.9,0.1,1.2,1.8,0
MA0.9FA0.1Sn0.1Pb0.9Cl1.5Br1.5,0.9,0.1,0,0,0.9,0.1,1.5,1.5,0
MA0.9FA0.1Sn0.1Pb0.9Cl1.8Br1.2,0.9,0.1,0,0,0.9,0.1,1.8,1.2,0
MA0.9FA0.1Sn0.1Pb0.9Cl2.1Br0.9,0.9,0.1,0,0,0.9,0.1,2.1,0.9,0
MA0.9FA0.1Sn0.1Pb0.9Cl2.4Br0.6,0.9,0.1,0,0,0.9,0.1,2.4,0.6,0
MA0.9FA0.1Sn0.1Pb0.9Cl2.7Br0.3,0.9,0.1,0,0,0.9,0.1,2.7,0.3,0
MA0.9FA0.1Sn0.1Pb0.9Cl0.3I2.7,0.9,0.1,0,0,0.9,0.1,0.3,0,2.7
MA0.9FA0.1Sn0.1Pb0.9Cl0.6I2.4,0.9,0.1,0,0,0.9,0.1,0.6,0,2.4
MA0.9FA0.1Sn0.1Pb0.9Cl0.9I2.1,0.9,0.1,0,0,0.9,0.1,0.9,0,2.1
MA0.9FA0.1Sn0.1Pb0.9Cl1.2I1.8,0.9,0.1,0,0,0.9,0.1,1.2,0,1.8
MA0.9FA0.1Sn0.1Pb0.9Cl1.5I1.5,0.9,0.1,0,0,0.9,0.1,1.5,0,1.5
MA0.9FA0.1Sn0.1Pb0.9Cl1.8I1.2,0.9,0.1,0,0,0.9,0.1,1.8,0,1.2
MA0.9FA0.1Sn0.1Pb0.9Cl2.1I0.9,0.9,0.1,0,0,0.9,0.1,2.1,0,0.9
MA0.9FA0.1Sn0.1Pb0.9Cl2.4I0.6,0.9,0.1,0,0,0.9,0.1,2.4,0,0.6
MA0.9FA0.1Sn0.1Pb0.9Cl2.7I0.3,0.9,0.1,0,0,0.9,0.1,2.7,0,0.3
MA0.9FA0.1Sn0.1Pb0.9Br0.3I2.7,0.9,0.1,0,0,0.9,0.1,0,0.3,2.7
MA0.9FA0.1Sn0.1Pb0.9Br0.6I2.4,0.9,0.1,0,0,0.9,0.1,0,0.6,2.4
MA0.9FA0.1Sn0.1Pb0.9Br0.9I2.1,0.9,0.1,0,0,0.9,0.1,0,0.9,2.1
MA0.9FA0.1Sn0.1Pb0.9Br1.2I1.8,0.9,0.1,0,0,0.9,0.1,0,1.2,1.8
MA0.9FA0.1Sn0.1Pb0.9Br1.5I1.5,0.9,0.1,0,0,0.9,0.1,0,1.5,1.5
MA0.9FA0.1Sn0.1Pb0.9Br1.8I1.2,0.9,0.1,0,0,0.9,0.1,0,1.8,1.2
MA0.9FA0.1Sn0.1Pb0.9Br2.1I0.9,0.9,0.1,0,0,0.9,0.1,0,2.1,0.9
MA0.9FA0.1Sn0.1Pb0.9Br2.4I0.6,0.9,0.1,0,0,0.9,0.1,0,2.4,0.6
MA0.9FA0.1Sn0.1Pb0.9Br2.7I0.3,0.9,0.1,0,0,0.9,0.1,0,2.7,0.3
MA0.1Cs0.9Sn0.9Pb0.1Cl0.3Br2.7,0.1,0,0.9,0,0.1,0.9,0.3,2.7,0
MA0.1Cs0.9Sn0.9Pb0.1Cl0.6Br2.4,0.1,0,0.9,0,0.1,0.9,0.6,2.4,0
MA0.1Cs0.9Sn0.9Pb0.1Cl0.9Br2.1,0.1,0,0.9,0,0.1,0.9,0.9,2.1,0
MA0.1Cs0.9Sn0.9Pb0.1Cl1.2Br1.8,0.1,0,0.9,0,0.1,0.9,1.2,1.8,0
MA0.1Cs0.9Sn0.9Pb0.1Cl1.5Br1.5,0.1,0,0.9,0,0.1,0.9,1.5,1.5,0
MA0.1Cs0.9Sn0.9Pb0.1Cl1.8Br1.2,0.1,0,0.9,0,0.1,0.9,1.8,1.2,0
MA0.1Cs0.9Sn0.9Pb0.1Cl2.1Br0.9,0.1,0,0.9,0,0.1,0.9,2.1,0.9,0
MA0.1Cs0.9Sn0.9Pb0.1Cl2.4Br0.6,0.1,0,0.9,0,0.1,0.9,2.4,0.6,0
MA0.1Cs0.9Sn0.9Pb0.1Cl2.7Br0.3,0.1,0,0.9,0,0.1,0.9,2.7,0.3,0
MA0.1Cs0.9Sn0.9Pb0.1Cl0.3I2.7,0.1,0,0.9,0,0.1,0.9,0.3,0,2.7
MA0.1Cs0.9Sn0.9Pb0.1Cl0.6I2.4,0.1,0,0.9,0,0.1,0.9,0.6,0,2.4
MA0.1Cs0.9Sn0.9Pb0.1Cl0.9I2.1,0.1,0,0.9,0,0.1,0.9,0.9,0,2.1
MA0.1Cs0.9Sn0.9Pb0.1Cl1.2I1.8,0.1,0,0.9,0,0.1,0.9,1.2,0,1.8
MA0.1Cs0.9Sn0.9Pb0.1Cl1.5I1.5,0.1,0,0.9,0,0.1,0.9,1.5,0,1.5
MA0.1Cs0.9Sn0.9Pb0.1Cl1.8I1.2,0.1,0,0.9,0,0.1,0.9,1.8,0,1.2
MA0.1Cs0.9Sn0.9Pb0.1Cl2.1I0.9,0.1,0,0.9,0,0.1,0.9,2.1,0,0.9
MA0.1Cs0.9Sn0.9Pb0.1Cl2.4I0.6,0.1,0,0.9,0,0.1,0.9,2.4,0,0.6
MA0.1Cs0.9Sn0.9Pb0.1Cl2.7I0.3,0.1,0,0.9,0,0.1,0.9,2.7,0,0.3
MA0.1Cs0.9Sn0.9Pb0.1Br0.3I2.7,0.1,0,0.9,0,0.1,0.9,0,0.3,2.7
MA0.1Cs0.9Sn0.9Pb0.1Br0.6I2.4,0.1,0,0.9,0,0.1,0.9,0,0.6,2.4
MA0.1Cs0.9Sn0.9Pb0.1Br0.9I2.1,0.1,0,0.9,0,0.1,0.9,0,0.9,2.1
MA0.1Cs0.9Sn0.9Pb0.1Br1.2I1.8,0.1,0,0.9,0,0.1,0.9,0,1.2,1.8
MA0.1Cs0.9Sn0.9Pb0.1Br1.5I1.5,0.1,0,0.9,0,0.1,0.9,0,1.5,1.5
MA0.1Cs0.9Sn0.9Pb0.1Br1.8I1.2,0.1,0,0.9,0,0.1,0.9,0,1.8,1.2
MA0.1Cs0.9Sn0.9Pb0.1Br2.1I0.9,0.1,0,0.9,0,0.1,0.9,0,2.1,0.9
MA0.1Cs0.9Sn0.9Pb0.1Br2.4I0.6,0.1,0,0.9,0,0.1,0.9,0,2.4,0.6
MA0.1Cs0.9Sn0.9Pb0.1Br2.7I0.3,0.1,0,0.9,0,0.1,0.9,0,2.7,0.3
MA0.1Cs0.9Sn0.8Pb0.2Cl0.3Br2.7,0.1,0,0.9,0,0.2,0.8,0.3,2.7,0
MA0.1Cs0.9Sn0.8Pb0.2Cl0.6Br2.4,0.1,0,0.9,0,0.2,0.8,0.6,2.4,0
MA0.1Cs0.9Sn0.8Pb0.2Cl0.9Br2.1,0.1,0,0.9,0,0.2,0.8,0.9,2.1,0
MA0.1Cs0.9Sn0.8Pb0.2Cl1.2Br1.8,0.1,0,0.9,0,0.2,0.8,1.2,1.8,0
MA0.1Cs0.9Sn0.8Pb0.2Cl1.5Br1.5,0.1,0,0.9,0,0.2,0.8,1.5,1.5,0
MA0.1Cs0.9Sn0.8Pb0.2Cl1.8Br1.2,0.1,0,0.9,0,0.2,0.8,1.8,1.2,0
MA0.1Cs0.9Sn0.8Pb0.2Cl2.1Br0.9,0.1,0,0.9,0,0.2,0.8,2.1,0.9,0
MA0.1Cs0.9Sn0.8Pb0.2Cl2.4Br0.6,0.1,0,0.9,0,0.2,0.8,2.4,0.6,0
MA0.1Cs0.9Sn0.8Pb0.2Cl2.7Br0.3,0.1,0,0.9,0,0.2,0.8,2.7,0.3,0
MA0.1Cs0.9Sn0.8Pb0.2Cl0.3I2.7,0.1,0,0.9,0,0.2,0.8,0.3,0,2.7
MA0.1Cs0.9Sn0.8Pb0.2Cl0.6I2.4,0.1,0,0.9,0,0.2,0.8,0.6,0,2.4
MA0.1Cs0.9Sn0.8Pb0.2Cl0.9I2.1,0.1,0,0.9,0,0.2,0.8,0.9,0,2.1
MA0.1Cs0.9Sn0.8Pb0.2Cl1.2I1.8,0.1,0,0.9,0,0.2,0.8,1.2,0,1.8
MA0.1Cs0.9Sn0.8Pb0.2Cl1.5I1.5,0.1,0,0.9,0,0.2,0.8,1.5,0,1.5
MA0.1Cs0.9Sn0.8Pb0.2Cl1.8I1.2,0.1,0,0.9,0,0.2,0.8,1.8,0,1.2
MA0.1Cs0.9Sn0.8Pb0.2Cl2.1I0.9,0.1,0,0.9,0,0.2,0.8,2.1,0,0.9
MA0.1Cs0.9Sn0.8Pb0.2Cl2.4I0.6,0.1,0,0.9,0,0.2,0.8,2.4,0,0.6
MA0.1Cs0.9Sn0.8Pb0.2Cl2.7I0.3,0.1,0,0.9,0,0.2,0.8,2.7,0,0.3
MA0.1Cs0.9Sn0.8Pb0.2Br0.3I2.7,0.1,0,0.9,0,0.2,0.8,0,0.3,2.7
MA0.1Cs0.9Sn0.8Pb0.2Br0.6I2.4,0.1,0,0.9,0,0.2,0.8,0,0.6,2.4
MA0.1Cs0.9Sn0.8Pb0.2Br0.9I2.1,0.1,0,0.9,0,0.2,0.8,0,0.9,2.1
MA0.1Cs0.9Sn0.8Pb0.2Br1.2I1.8,0.1,0,0.9,0,0.2,0.8,0,1.2,1.8
MA0.1Cs0.9Sn0.8Pb0.2Br1.5I1.5,0.1,0,0.9,0,0.2,0.8,0,1.5,1.5
MA0.1Cs0.9Sn0.8Pb0.2Br1.8I1.2,0.1,0,0.9,0,0.2,0.8,0,1.8,1.2
MA0.1Cs0.9Sn0.8Pb0.2Br2.1I0.9,0.1,0,0.9,0,0.2,0.8,0,2.1,0.9
MA0.1Cs0.9Sn0.8Pb0.2Br2.4I0.6,0.1,0,0.9,0,0.2,0.8,0,2.4,0.6
MA0.1Cs0.9Sn0.8Pb0.2Br2.7I0.3,0.1,0,0.9,0,0.2,0.8,0,2.7,0.3
MA0.1Cs0.9Sn0.7Pb0.3Cl0.3Br2.7,0.1,0,0.9,0,0.3,0.7,0.3,2.7,0
MA0.1Cs0.9Sn0.7Pb0.3Cl0.6Br2.4,0.1,0,0.9,0,0.3,0.7,0.6,2.4,0
MA0.1Cs0.9Sn0.7Pb0.3Cl0.9Br2.1,0.1,0,0.9,0,0.3,0.7,0.9,2.1,0
MA0.1Cs0.9Sn0.7Pb0.3Cl1.2Br1.8,0.1,0,0.9,0,0.3,0.7,1.2,1.8,0
MA0.1Cs0.9Sn0.7Pb0.3Cl1.5Br1.5,0.1,0,0.9,0,0.3,0.7,1.5,1.5,0
MA0.1Cs0.9Sn0.7Pb0.3Cl1.8Br1.2,0.1,0,0.9,0,0.3,0.7,1.8,1.2,0
MA0.1Cs0.9Sn0.7Pb0.3Cl2.1Br0.9,0.1,0,0.9,0,0.3,0.7,2.1,0.9,0
MA0.1Cs0.9Sn0.7Pb0.3Cl2.4Br0.6,0.1,0,0.9,0,0.3,0.7,2.4,0.6,0
MA0.1Cs0.9Sn0.7Pb0.3Cl2.7Br0.3,0.1,0,0.9,0,0.3,0.7,2.7,0.3,0
MA0.1Cs0.9Sn0.7Pb0.3Cl0.3I2.7,0.1,0,0.9,0,0.3,0.7,0.3,0,2.7
MA0.1Cs0.9Sn0.7Pb0.3Cl0.6I2.4,0.1,0,0.9,0,0.3,0.7,0.6,0,2.4
MA0.1Cs0.9Sn0.7Pb0.3Cl0.9I2.1,0.1,0,0.9,0,0.3,0.7,0.9,0,2.1
MA0.1Cs0.9Sn0.7Pb0.3Cl1.2I1.8,0.1,0,0.9,0,0.3,0.7,1.2,0,1.8
MA0.1Cs0.9Sn0.7Pb0.3Cl1.5I1.5,0.1,0,0.9,0,0.3,0.7,1.5,0,1.5
MA0.1Cs0.9Sn0.7Pb0.3Cl1.8I1.2,0.1,0,0.9,0,0.3,0.7,1.8,0,1.2
MA0.1Cs0.9Sn0.7Pb0.3Cl2.1I0.9,0.1,0,0.9,0,0.3,0.7,2.1,0,0.9
MA0.1Cs0.9Sn0.7Pb0.3Cl2.4I0.6,0.1,0,0.9,0,0.3,0.7,2.4,0,0.6
MA0.1Cs0.9Sn0.7Pb0.3Cl2.7I0.3,0.1,0,0.9,0,0.3,0.7,2.7,0,0.3
MA0.1Cs0.9Sn0.7Pb0.3Br0.3I2.7,0.1,0,0.9,0,0.3,0.7,0,0.3,2.7
MA0.1Cs0.9Sn0.7Pb0.3Br0.6I2.4,0.1,0,0.9,0,0.3,0.7,0,0.6,2.4
MA0.1Cs0.9Sn0.7Pb0.3Br0.9I2.1,0.1,0,0.9,0,0.3,0.7,0,0.9,2.1
MA0.1Cs0.9Sn0.7Pb0.3Br1.2I1.8,0.1,0,0.9,0,0.3,0.7,0,1.2,1.8
MA0.1Cs0.9Sn0.7Pb0.3Br1.5I1.5,0.1,0,0.9,0,0.3,0.7,0,1.5,1.5
MA0.1Cs0.9Sn0.7Pb0.3Br1.8I1.2,0.1,0,0.9,0,0.3,0.7,0,1.8,1.2
MA0.1Cs0.9Sn0.7Pb0.3Br2.1I0.9,0.1,0,0.9,0,0.3,0.7,0,2.1,0.9
MA0.1Cs0.9Sn0.7Pb0.3Br2.4I0.6,0.1,0,0.9,0,0.3,0.7,0,2.4,0.6
MA0.1Cs0.9Sn0.7Pb0.3Br2.7I0.3,0.1,0,0.9,0,0.3,0.7,0,2.7,0.3
MA0.1Cs0.9Sn0.6Pb0.4Cl0.3Br2.7,0.1,0,0.9,0,0.4,0.6,0.3,2.7,0
MA0.1Cs0.9Sn0.6Pb0.4Cl0.6Br2.4,0.1,0,0.9,0,0.4,0.6,0.6,2.4,0
MA0.1Cs0.9Sn0.6Pb0.4Cl0.9Br2.1,0.1,0,0.9,0,0.4,0.6,0.9,2.1,0
MA0.1Cs0.9Sn0.6Pb0.4Cl1.2Br1.8,0.1,0,0.9,0,0.4,0.6,1.2,1.8,0
MA0.1Cs0.9Sn0.6Pb0.4Cl1.5Br1.5,0.1,0,0.9,0,0.4,0.6,1.5,1.5,0
MA0.1Cs0.9Sn0.6Pb0.4Cl1.8Br1.2,0.1,0,0.9,0,0.4,0.6,1.8,1.2,0
MA0.1Cs0.9Sn0.6Pb0.4Cl2.1Br0.9,0.1,0,0.9,0,0.4,0.6,2.1,0.9,0
MA0.1Cs0.9Sn0.6Pb0.4Cl2.4Br0.6,0.1,0,0.9,0,0.4,0.6,2.4,0.6,0
MA0.1Cs0.9Sn0.6Pb0.4Cl2.7Br0.3,0.1,0,0.9,0,0.4,0.6,2.7,0.3,0
MA0.1Cs0.9Sn0.6Pb0.4Cl0.3I2.7,0.1,0,0.9,0,0.4,0.6,0.3,0,2.7
MA0.1Cs0.9Sn0.6Pb0.4Cl0.6I2.4,0.1,0,0.9,0,0.4,0.6,0.6,0,2.4
MA0.1Cs0.9Sn0.6Pb0.4Cl0.9I2.1,0.1,0,0.9,0,0.4,0.6,0.9,0,2.1
MA0.1Cs0.9Sn0.6Pb0.4Cl1.2I1.8,0.1,0,0.9,0,0.4,0.6,1.2,0,1.8
MA0.1Cs0.9Sn0.6Pb0.4Cl1.5I1.5,0.1,0,0.9,0,0.4,0.6,1.5,0,1.5
MA0.1Cs0.9Sn0.6Pb0.4Cl1.8I1.2,0.1,0,0.9,0,0.4,0.6,1.8,0,1.2
MA0.1Cs0.9Sn0.6Pb0.4Cl2.1I0.9,0.1,0,0.9,0,0.4,0.6,2.1,0,0.9
MA0.1Cs0.9Sn0.6Pb0.4Cl2.4I0.6,0.1,0,0.9,0,0.4,0.6,2.4,0,0.6
MA0.1Cs0.9Sn0.6Pb0.4Cl2.7I0.3,0.1,0,0.9,0,0.4,0.6,2.7,0,0.3
MA0.1Cs0.9Sn0.6Pb0.4Br0.3I2.7,0.1,0,0.9,0,0.4,0.6,0,0.3,2.7
MA0.1Cs0.9Sn0.6Pb0.4Br0.6I2.4,0.1,0,0.9,0,0.4,0.6,0,0.6,2.4
MA0.1Cs0.9Sn0.6Pb0.4Br0.9I2.1,0.1,0,0.9,0,0.4,0.6,0,0.9,2.1
MA0.1Cs0.9Sn0.6Pb0.4Br1.2I1.8,0.1,0,0.9,0,0.4,0.6,0,1.2,1.8
MA0.1Cs0.9Sn0.6Pb0.4Br1.5I1.5,0.1,0,0.9,0,0.4,0.6,0,1.5,1.5
MA0.1Cs0.9Sn0.6Pb0.4Br1.8I1.2,0.1,0,0.9,0,0.4,0.6,0,1.8,1.2
MA0.1Cs0.9Sn0.6Pb0.4Br2.1I0.9,0.1,0,0.9,0,0.4,0.6,0,2.1,0.9
MA0.1Cs0.9Sn0.6Pb0.4Br2.4I0.6,0.1,0,0.9,0,0.4,0.6,0,2.4,0.6
MA0.1Cs0.9Sn0.6Pb0.4Br2.7I0.3,0.1,0,0.9,0,0.4,0.6,0,2.7,0.3
MA0.1Cs0.9Sn0.5Pb0.5Cl0.3Br2.7,0.1,0,0.9,0,0.5,0.5,0.3,2.7,0
MA0.1Cs0.9Sn0.5Pb0.5Cl0.6Br2.4,0.1,0,0.9,0,0.5,0.5,0.6,2.4,0
MA0.1Cs0.9Sn0.5Pb0.5Cl0.9Br2.1,0.1,0,0.9,0,0.5,0.5,0.9,2.1,0
MA0.1Cs0.9Sn0.5Pb0.5Cl1.2Br1.8,0.1,0,0.9,0,0.5,0.5,1.2,1.8,0
MA0.1Cs0.9Sn0.5Pb0.5Cl1.5Br1.5,0.1,0,0.9,0,0.5,0.5,1.5,1.5,0
MA0.1Cs0.9Sn0.5Pb0.5Cl1.8Br1.2,0.1,0,0.9,0,0.5,0.5,1.8,1.2,0
MA0.1Cs0.9Sn0.5Pb0.5Cl2.1Br0.9,0.1,0,0.9,0,0.5,0.5,2.1,0.9,0
MA0.1Cs0.9Sn0.5Pb0.5Cl2.4Br0.6,0.1,0,0.9,0,0.5,0.5,2.4,0.6,0
MA0.1Cs0.9Sn0.5Pb0.5Cl2.7Br0.3,0.1,0,0.9,0,0.5,0.5,2.7,0.3,0
MA0.1Cs0.9Sn0.5Pb0.5Cl0.3I2.7,0.1,0,0.9,0,0.5,0.5,0.3,0,2.7
MA0.1Cs0.9Sn0.5Pb0.5Cl0.6I2.4,0.1,0,0.9,0,0.5,0.5,0.6,0,2.4
MA0.1Cs0.9Sn0.5Pb0.5Cl0.9I2.1,0.1,0,0.9,0,0.5,0.5,0.9,0,2.1
MA0.1Cs0.9Sn0.5Pb0.5Cl1.2I1.8,0.1,0,0.9,0,0.5,0.5,1.2,0,1.8
MA0.1Cs0.9Sn0.5Pb0.5Cl1.5I1.5,0.1,0,0.9,0,0.5,0.5,1.5,0,1.5
MA0.1Cs0.9Sn0.5Pb0.5Cl1.8I1.2,0.1,0,0.9,0,0.5,0.5,1.8,0,1.2
MA0.1Cs0.9Sn0.5Pb0.5Cl2.1I0.9,0.1,0,0.9,0,0.5,0.5,2.1,0,0.9
MA0.1Cs0.9Sn0.5Pb0.5Cl2.4I0.6,0.1,0,0.9,0,0.5,0.5,2.4,0,0.6
MA0.1Cs0.9Sn0.5Pb0.5Cl2.7I0.3,0.1,0,0.9,0,0.5,0.5,2.7,0,0.3
MA0.1Cs0.9Sn0.5Pb0.5Br0.3I2.7,0.1,0,0.9,0,0.5,0.5,0,0.3,2.7
MA0.1Cs0.9Sn0.5Pb0.5Br0.6I2.4,0.1,0,0.9,0,0.5,0.5,0,0.6,2.4
MA0.1Cs0.9Sn0.5Pb0.5Br0.9I2.1,0.1,0,0.9,0,0.5,0.5,0,0.9,2.1
MA0.1Cs0.9Sn0.5Pb0.5Br1.2I1.8,0.1,0,0.9,0,0.5,0.5,0,1.2,1.8
MA0.1Cs0.9Sn0.5Pb0.5Br1.5I1.5,0.1,0,0.9,0,0.5,0.5,0,1.5,1.5
MA0.1Cs0.9Sn0.5Pb0.5Br1.8I1.2,0.1,0,0.9,0,0.5,0.5,0,1.8,1.2
MA0.1Cs0.9Sn0.5Pb0.5Br2.1I0.9,0.1,0,0.9,0,0.5,0.5,0,2.1,0.9
MA0.1Cs0.9Sn0.5Pb0.5Br2.4I0.6,0.1,0,0.9,0,0.5,0.5,0,2.4,0.6
MA0.1Cs0.9Sn0.5Pb0.5Br2.7I0.3,0.1,0,0.9,0,0.5,0.5,0,2.7,0.3
MA0.1Cs0.9Sn0.4Pb0.6Cl0.3Br2.7,0.1,0,0.9,0,0.6,0.4,0.3,2.7,0
MA0.1Cs0.9Sn0.4Pb0.6Cl0.6Br2.4,0.1,0,0.9,0,0.6,0.4,0.6,2.4,0
MA0.1Cs0.9Sn0.4Pb0.6Cl0.9Br2.1,0.1,0,0.9,0,0.6,0.4,0.9,2.1,0
MA0.1Cs0.9Sn0.4Pb0.6Cl1.2Br1.8,0.1,0,0.9,0,0.6,0.4,1.2,1.8,0
MA0.1Cs0.9Sn0.4Pb0.6Cl1.5Br1.5,0.1,0,0.9,0,0.6,0.4,1.5,1.5,0
MA0.1Cs0.9Sn0.4Pb0.6Cl1.8Br1.2,0.1,0,0.9,0,0.6,0.4,1.8,1.2,0
MA0.1Cs0.9Sn0.4Pb0.6Cl2.1Br0.9,0.1,0,0.9,0,0.6,0.4,2.1,0.9,0
MA0.1Cs0.9Sn0.4Pb0.6Cl2.4Br0.6,0.1,0,0.9,0,0.6,0.4,2.4,0.6,0
MA0.1Cs0.9Sn0.4Pb0.6Cl2.7Br0.3,0.1,0,0.9,0,0.6,0.4,2.7,0.3,0
MA0.1Cs0.9Sn0.4Pb0.6Cl0.3I2.7,0.1,0,0.9,0,0.6,0.4,0.3,0,2.7
MA0.1Cs0.9Sn0.4Pb0.6Cl0.6I2.4,0.1,0,0.9,0,0.6,0.4,0.6,0,2.4
MA0.1Cs0.9Sn0.4Pb0.6Cl0.9I2.1,0.1,0,0.9,0,0.6,0.4,0.9,0,2.1
MA0.1Cs0.9Sn0.4Pb0.6Cl1.2I1.8,0.1,0,0.9,0,0.6,0.4,1.2,0,1.8
MA0.1Cs0.9Sn0.4Pb0.6Cl1.5I1.5,0.1,0,0.9,0,0.6,0.4,1.5,0,1.5
MA0.1Cs0.9Sn0.4Pb0.6Cl1.8I1.2,0.1,0,0.9,0,0.6,0.4,1.8,0,1.2
MA0.1Cs0.9Sn0.4Pb0.6Cl2.1I0.9,0.1,0,0.9,0,0.6,0.4,2.1,0,0.9
MA0.1Cs0.9Sn0.4Pb0.6Cl2.4I0.6,0.1,0,0.9,0,0.6,0.4,2.4,0,0.6
MA0.1Cs0.9Sn0.4Pb0.6Cl2.7I0.3,0.1,0,0.9,0,0.6,0.4,2.7,0,0.3
MA0.1Cs0.9Sn0.4Pb0.6Br0.3I2.7,0.1,0,0.9,0,0.6,0.4,0,0.3,2.7
MA0.1Cs0.9Sn0.4Pb0.6Br0.6I2.4,0.1,0,0.9,0,0.6,0.4,0,0.6,2.4
MA0.1Cs0.9Sn0.4Pb0.6Br0.9I2.1,0.1,0,0.9,0,0.6,0.4,0,0.9,2.1
MA0.1Cs0.9Sn0.4Pb0.6Br1.2I1.8,0.1,0,0.9,0,0.6,0.4,0,1.2,1.8
MA0.1Cs0.9Sn0.4Pb0.6Br1.5I1.5,0.1,0,0.9,0,0.6,0.4,0,1.5,1.5
MA0.1Cs0.9Sn0.4Pb0.6Br1.8I1.2,0.1,0,0.9,0,0.6,0.4,0,1.8,1.2
MA0.1Cs0.9Sn0.4Pb0.6Br2.1I0.9,0.1,0,0.9,0,0.6,0.4,0,2.1,0.9
MA0.1Cs0.9Sn0.4Pb0.6Br2.4I0.6,0.1,0,0.9,0,0.6,0.4,0,2.4,0.6
MA0.1Cs0.9Sn0.4Pb0.6Br2.7I0.3,0.1,0,0.9,0,0.6,0.4,0,2.7,0.3
MA0.1Cs0.9Sn0.3Pb0.7Cl0.3Br2.7,0.1,0,0.9,0,0.7,0.3,0.3,2.7,0
MA0.1Cs0.9Sn0.3Pb0.7Cl0.6Br2.4,0.1,0,0.9,0,0.7,0.3,0.6,2.4,0
MA0.1Cs0.9Sn0.3Pb0.7Cl0.9Br2.1,0.1,0,0.9,0,0.7,0.3,0.9,2.1,0
MA0.1Cs0.9Sn0.3Pb0.7Cl1.2Br1.8,0.1,0,0.9,0,0.7,0.3,1.2,1.8,0
MA0.1Cs0.9Sn0.3Pb0.7Cl1.5Br1.5,0.1,0,0.9,0,0.7,0.3,1.5,1.5,0
MA0.1Cs0.9Sn0.3Pb0.7Cl1.8Br1.2,0.1,0,0.9,0,0.7,0.3,1.8,1.2,0
MA0.1Cs0.9Sn0.3Pb0.7Cl2.1Br0.9,0.1,0,0.9,0,0.7,0.3,2.1,0.9,0
MA0.1Cs0.9Sn0.3Pb0.7Cl2.4Br0.6,0.1,0,0.9,0,0.7,0.3,2.4,0.6,0
MA0.1Cs0.9Sn0.3Pb0.7Cl2.7Br0.3,0.1,0,0.9,0,0.7,0.3,2.7,0.3,0
MA0.1Cs0.9Sn0.3Pb0.7Cl0.3I2.7,0.1,0,0.9,0,0.7,0.3,0.3,0,2.7
MA0.1Cs0.9Sn0.3Pb0.7Cl0.6I2.4,0.1,0,0.9,0,0.7,0.3,0.6,0,2.4
MA0.1Cs0.9Sn0.3Pb0.7Cl0.9I2.1,0.1,0,0.9,0,0.7,0.3,0.9,0,2.1
MA0.1Cs0.9Sn0.3Pb0.7Cl1.2I1.8,0.1,0,0.9,0,0.7,0.3,1.2,0,1.8
MA0.1Cs0.9Sn0.3Pb0.7Cl1.5I1.5,0.1,0,0.9,0,0.7,0.3,1.5,0,1.5
MA0.1Cs0.9Sn0.3Pb0.7Cl1.8I1.2,0.1,0,0.9,0,0.7,0.3,1.8,0,1.2
MA0.1Cs0.9Sn0.3Pb0.7Cl2.1I0.9,0.1,0,0.9,0,0.7,0.3,2.1,0,0.9
MA0.1Cs0.9Sn0.3Pb0.7Cl2.4I0.6,0.1,0,0.9,0,0.7,0.3,2.4,0,0.6
MA0.1Cs0.9Sn0.3Pb0.7Cl2.7I0.3,0.1,0,0.9,0,0.7,0.3,2.7,0,0.3
MA0.1Cs0.9Sn0.3Pb0.7Br0.3I2.7,0.1,0,0.9,0,0.7,0.3,0,0.3,2.7
MA0.1Cs0.9Sn0.3Pb0.7Br0.6I2.4,0.1,0,0.9,0,0.7,0.3,0,0.6,2.4
MA0.1Cs0.9Sn0.3Pb0.7Br0.9I2.1,0.1,0,0.9,0,0.7,0.3,0,0.9,2.1
MA0.1Cs0.9Sn0.3Pb0.7Br1.2I1.8,0.1,0,0.9,0,0.7,0.3,0,1.2,1.8
MA0.1Cs0.9Sn0.3Pb0.7Br1.5I1.5,0.1,0,0.9,0,0.7,0.3,0,1.5,1.5
MA0.1Cs0.9Sn0.3Pb0.7Br1.8I1.2,0.1,0,0.9,0,0.7,0.3,0,1.8,1.2
MA0.1Cs0.9Sn0.3Pb0.7Br2.1I0.9,0.1,0,0.9,0,0.7,0.3,0,2.1,0.9
MA0.1Cs0.9Sn0.3Pb0.7Br2.4I0.6,0.1,0,0.9,0,0.7,0.3,0,2.4,0.6
MA0.1Cs0.9Sn0.3Pb0.7Br2.7I0.3,0.1,0,0.9,0,0.7,0.3,0,2.7,0.3
MA0.1Cs0.9Sn0.2Pb0.8Cl0.3Br2.7,0.1,0,0.9,0,0.8,0.2,0.3,2.7,0
MA0.1Cs0.9Sn0.2Pb0.8Cl0.6Br2.4,0.1,0,0.9,0,0.8,0.2,0.6,2.4,0
MA0.1Cs0.9Sn0.2Pb0.8Cl0.9Br2.1,0.1,0,0.9,0,0.8,0.2,0.9,2.1,0
MA0.1Cs0.9Sn0.2Pb0.8Cl1.2Br1.8,0.1,0,0.9,0,0.8,0.2,1.2,1.8,0
MA0.1Cs0.9Sn0.2Pb0.8Cl1.5Br1.5,0.1,0,0.9,0,0.8,0.2,1.5,1.5,0
MA0.1Cs0.9Sn0.2Pb0.8Cl1.8Br1.2,0.1,0,0.9,0,0.8,0.2,1.8,1.2,0
MA0.1Cs0.9Sn0.2Pb0.8Cl2.1Br0.9,0.1,0,0.9,0,0.8,0.2,2.1,0.9,0
MA0.1Cs0.9Sn0.2Pb0.8Cl2.4Br0.6,0.1,0,0.9,0,0.8,0.2,2.4,0.6,0
MA0.1Cs0.9Sn0.2Pb0.8Cl2.7Br0.3,0.1,0,0.9,0,0.8,0.2,2.7,0.3,0
MA0.1Cs0.9Sn0.2Pb0.8Cl0.3I2.7,0.1,0,0.9,0,0.8,0.2,0.3,0,2.7
MA0.1Cs0.9Sn0.2Pb0.8Cl0.6I2.4,0.1,0,0.9,0,0.8,0.2,0.6,0,2.4
MA0.1Cs0.9Sn0.2Pb0.8Cl0.9I2.1,0.1,0,0.9,0,0.8,0.2,0.9,0,2.1
MA0.1Cs0.9Sn0.2Pb0.8Cl1.2I1.8,0.1,0,0.9,0,0.8,0.2,1.2,0,1.8
MA0.1Cs0.9Sn0.2Pb0.8Cl1.5I1.5,0.1,0,0.9,0,0.8,0.2,1.5,0,1.5
MA0.1Cs0.9Sn0.2Pb0.8Cl1.8I1.2,0.1,0,0.9,0,0.8,0.2,1.8,0,1.2
MA0.1Cs0.9Sn0.2Pb0.8Cl2.1I0.9,0.1,0,0.9,0,0.8,0.2,2.1,0,0.9
MA0.1Cs0.9Sn0.2Pb0.8Cl2.4I0.6,0.1,0,0.9,0,0.8,0.2,2.4,0,0.6
MA0.1Cs0.9Sn0.2Pb0.8Cl2.7I0.3,0.1,0,0.9,0,0.8,0.2,2.7,0,0.3
MA0.1Cs0.9Sn0.2Pb0.8Br0.3I2.7,0.1,0,0.9,0,0.8,0.2,0,0.3,2.7
MA0.1Cs0.9Sn0.2Pb0.8Br0.6I2.4,0.1,0,0.9,0,0.8,0.2,0,0.6,2.4
MA0.1Cs0.9Sn0.2Pb0.8Br0.9I2.1,0.1,0,0.9,0,0.8,0.2,0,0.9,2.1
MA0.1Cs0.9Sn0.2Pb0.8Br1.2I1.8,0.1,0,0.9,0,0.8,0.2,0,1.2,1.8
MA0.1Cs0.9Sn0.2Pb0.8Br1.5I1.5,0.1,0,0.9,0,0.8,0.2,0,1.5,1.5
MA0.1Cs0.9Sn0.2Pb0.8Br1.8I1.2,0.1,0,0.9,0,0.8,0.2,0,1.8,1.2
MA0.1Cs0.9Sn0.2Pb0.8Br2.1I0.9,0.1,0,0.9,0,0.8,0.2,0,2.1,0.9
MA0.1Cs0.9Sn0.2Pb0.8Br2.4I0.6,0.1,0,0.9,0,0.8,0.2,0,2.4,0.6
MA0.1Cs0.9Sn0.2Pb0.8Br2.7I0.3,0.1,0,0.9,0,0.8,0.2,0,2.7,0.3
MA0.1Cs0.9Sn0.1Pb0.9Cl0.3Br2.7,0.1,0,0.9,0,0.9,0.1,0.3,2.7,0
MA0.1Cs0.9Sn0.1Pb0.9Cl0.6Br2.4,0.1,0,0.9,0,0.9,0.1,0.6,2.4,0
MA0.1Cs0.9Sn0.1Pb0.9Cl0.9Br2.1,0.1,0,0.9,0,0.9,0.1,0.9,2.1,0
MA0.1Cs0.9Sn0.1Pb0.9Cl1.2Br1.8,0.1,0,0.9,0,0.9,0.1,1.2,1.8,0
MA0.1Cs0.9Sn0.1Pb0.9Cl1.5Br1.5,0.1,0,0.9,0,0.9,0.1,1.5,1.5,0
MA0.1Cs0.9Sn0.1Pb0.9Cl1.8Br1.2,0.1,0,0.9,0,0.9,0.1,1.8,1.2,0
MA0.1Cs0.9Sn0.1Pb0.9Cl2.1Br0.9,0.1,0,0.9,0,0.9,0.1,2.1,0.9,0
MA0.1Cs0.9Sn0.1Pb0.9Cl2.4Br0.6,0.1,0,0.9,0,0.9,0.1,2.4,0.6,0
MA0.1Cs0.9Sn0.1Pb0.9Cl2.7Br0.3,0.1,0,0.9,0,0.9,0.1,2.7,0.3,0
MA0.1Cs0.9Sn0.1Pb0.9Cl0.3I2.7,0.1,0,0.9,0,0.9,0.1,0.3,0,2.7
MA0.1Cs0.9Sn0.1Pb0.9Cl0.6I2.4,0.1,0,0.9,0,0.9,0.1,0.6,0,2.4
MA0.1Cs0.9Sn0.1Pb0.9Cl0.9I2.1,0.1,0,0.9,0,0.9,0.1,0.9,0,2.1
MA0.1Cs0.9Sn0.1Pb0.9Cl1.2I1.8,0.1,0,0.9,0,0.9,0.1,1.2,0,1.8
MA0.1Cs0.9Sn0.1Pb0.9Cl1.5I1.5,0.1,0,0.9,0,0.9,0.1,1.5,0,1.5
MA0.1Cs0.9Sn0.1Pb0.9Cl1.8I1.2,0.1,0,0.9,0,0.9,0.1,1.8,0,1.2
MA0.1Cs0.9Sn0.1Pb0.9Cl2.1I0.9,0.1,0,0.9,0,0.9,0.1,2.1,0,0.9
MA0.1Cs0.9Sn0.1Pb0.9Cl2.4I0.6,0.1,0,0.9,0,0.9,0.1,2.4,0,0.6
MA0.1Cs0.9Sn0.1Pb0.9Cl2.7I0.3,0.1,0,0.9,0,0.9,0.1,2.7,0,0.3
MA0.1Cs0.9Sn0.1Pb0.9Br0.3I2.7,0.1,0,0.9,0,0.9,0.1,0,0.3,2.7
MA0.1Cs0.9Sn0.1Pb0.9Br0.6I2.4,0.1,0,0.9,0,0.9,0.1,0,0.6,2.4
MA0.1Cs0.9Sn0.1Pb0.9Br0.9I2.1,0.1,0,0.9,0,0.9,0.1,0,0.9,2.1
MA0.1Cs0.9Sn0.1Pb0.9Br1.2I1.8,0.1,0,0.9,0,0.9,0.1,0,1.2,1.8
MA0.1Cs0.9Sn0.1Pb0.9Br1.5I1.5,0.1,0,0.9,0,0.9,0.1,0,1.5,1.5
MA0.1Cs0.9Sn0.1Pb0.9Br1.8I1.2,0.1,0,0.9,0,0.9,0.1,0,1.8,1.2
MA0.1Cs0.9Sn0.1Pb0.9Br2.1I0.9,0.1,0,0.9,0,0.9,0.1,0,2.1,0.9
MA0.1Cs0.9Sn0.1Pb0.9Br2.4I0.6,0.1,0,0.9,0,0.9,0.1,0,2.4,0.6
MA0.1Cs0.9Sn0.1Pb0.9Br2.7I0.3,0.1,0,0.9,0,0.9,0.1,0,2.7,0.3
MA0.2Cs0.8Sn0.9Pb0.1Cl0.3Br2.7,0.2,0,0.8,0,0.1,0.9,0.3,2.7,0
MA0.2Cs0.8Sn0.9Pb0.1Cl0.6Br2.4,0.2,0,0.8,0,0.1,0.9,0.6,2.4,0
MA0.2Cs0.8Sn0.9Pb0.1Cl0.9Br2.1,0.2,0,0.8,0,0.1,0.9,0.9,2.1,0
MA0.2Cs0.8Sn0.9Pb0.1Cl1.2Br1.8,0.2,0,0.8,0,0.1,0.9,1.2,1.8,0
MA0.2Cs0.8Sn0.9Pb0.1Cl1.5Br1.5,0.2,0,0.8,0,0.1,0.9,1.5,1.5,0
MA0.2Cs0.8Sn0.9Pb0.1Cl1.8Br1.2,0.2,0,0.8,0,0.1,0.9,1.8,1.2,0
MA0.2Cs0.8Sn0.9Pb0.1Cl2.1Br0.9,0.2,0,0.8,0,0.1,0.9,2.1,0.9,0
MA0.2Cs0.8Sn0.9Pb0.1Cl2.4Br0.6,0.2,0,0.8,0,0.1,0.9,2.4,0.6,0
MA0.2Cs0.8Sn0.9Pb0.1Cl2.7Br0.3,0.2,0,0.8,0,0.1,0.9,2.7,0.3,0
MA0.2Cs0.8Sn0.9Pb0.1Cl0.3I2.7,0.2,0,0.8,0,0.1,0.9,0.3,0,2.7
MA0.2Cs0.8Sn0.9Pb0.1Cl0.6I2.4,0.2,0,0.8,0,0.1,0.9,0.6,0,2.4
MA0.2Cs0.8Sn0.9Pb0.1Cl0.9I2.1,0.2,0,0.8,0,0.1,0.9,0.9,0,2.1
MA0.2Cs0.8Sn0.9Pb0.1Cl1.2I1.8,0.2,0,0.8,0,0.1,0.9,1.2,0,1.8
MA0.2Cs0.8Sn0.9Pb0.1Cl1.5I1.5,0.2,0,0.8,0,0.1,0.9,1.5,0,1.5
MA0.2Cs0.8Sn0.9Pb0.1Cl1.8I1.2,0.2,0,0.8,0,0.1,0.9,1.8,0,1.2
MA0.2Cs0.8Sn0.9Pb0.1Cl2.1I0.9,0.2,0,0.8,0,0.1,0.9,2.1,0,0.9
MA0.2Cs0.8Sn0.9Pb0.1Cl2.4I0.6,0.2,0,0.8,0,0.1,0.9,2.4,0,0.6
MA0.2Cs0.8Sn0.9Pb0.1Cl2.7I0.3,0.2,0,0.8,0,0.1,0.9,2.7,0,0.3
MA0.2Cs0.8Sn0.9Pb0.1Br0.3I2.7,0.2,0,0.8,0,0.1,0.9,0,0.3,2.7
MA0.2Cs0.8Sn0.9Pb0.1Br0.6I2.4,0.2,0,0.8,0,0.1,0.9,0,0.6,2.4
MA0.2Cs0.8Sn0.9Pb0.1Br0.9I2.1,0.2,0,0.8,0,0.1,0.9,0,0.9,2.1
MA0.2Cs0.8Sn0.9Pb0.1Br1.2I1.8,0.2,0,0.8,0,0.1,0.9,0,1.2,1.8
MA0.2Cs0.8Sn0.9Pb0.1Br1.5I1.5,0.2,0,0.8,0,0.1,0.9,0,1.5,1.5
MA0.2Cs0.8Sn0.9Pb0.1Br1.8I1.2,0.2,0,0.8,0,0.1,0.9,0,1.8,1.2
MA0.2Cs0.8Sn0.9Pb0.1Br2.1I0.9,0.2,0,0.8,0,0.1,0.9,0,2.1,0.9
MA0.2Cs0.8Sn0.9Pb0.1Br2.4I0.6,0.2,0,0.8,0,0.1,0.9,0,2.4,0.6
MA0.2Cs0.8Sn0.9Pb0.1Br2.7I0.3,0.2,0,0.8,0,0.1,0.9,0,2.7,0.3
MA0.2Cs0.8Sn0.8Pb0.2Cl0.3Br2.7,0.2,0,0.8,0,0.2,0.8,0.3,2.7,0
MA0.2Cs0.8Sn0.8Pb0.2Cl0.6Br2.4,0.2,0,0.8,0,0.2,0.8,0.6,2.4,0
MA0.2Cs0.8Sn0.8Pb0.2Cl0.9Br2.1,0.2,0,0.8,0,0.2,0.8,0.9,2.1,0
MA0.2Cs0.8Sn0.8Pb0.2Cl1.2Br1.8,0.2,0,0.8,0,0.2,0.8,1.2,1.8,0
MA0.2Cs0.8Sn0.8Pb0.2Cl1.5Br1.5,0.2,0,0.8,0,0.2,0.8,1.5,1.5,0
MA0.2Cs0.8Sn0.8Pb0.2Cl1.8Br1.2,0.2,0,0.8,0,0.2,0.8,1.8,1.2,0
MA0.2Cs0.8Sn0.8Pb0.2Cl2.1Br0.9,0.2,0,0.8,0,0.2,0.8,2.1,0.9,0
MA0.2Cs0.8Sn0.8Pb0.2Cl2.4Br0.6,0.2,0,0.8,0,0.2,0.8,2.4,0.6,0
MA0.2Cs0.8Sn0.8Pb0.2Cl2.7Br0.3,0.2,0,0.8,0,0.2,0.8,2.7,0.3,0
MA0.2Cs0.8Sn0.8Pb0.2Cl0.3I2.7,0.2,0,0.8,0,0.2,0.8,0.3,0,2.7
MA0.2Cs0.8Sn0.8Pb0.2Cl0.6I2.4,0.2,0,0.8,0,0.2,0.8,0.6,0,2.4
MA0.2Cs0.8Sn0.8Pb0.2Cl0.9I2.1,0.2,0,0.8,0,0.2,0.8,0.9,0,2.1
MA0.2Cs0.8Sn0.8Pb0.2Cl1.2I1.8,0.2,0,0.8,0,0.2,0.8,1.2,0,1.8
MA0.2Cs0.8Sn0.8Pb0.2Cl1.5I1.5,0.2,0,0.8,0,0.2,0.8,1.5,0,1.5
MA0.2Cs0.8Sn0.8Pb0.2Cl1.8I1.2,0.2,0,0.8,0,0.2,0.8,1.8,0,1.2
MA0.2Cs0.8Sn0.8Pb0.2Cl2.1I0.9,0.2,0,0.8,0,0.2,0.8,2.1,0,0.9
MA0.2Cs0.8Sn0.8Pb0.2Cl2.4I0.6,0.2,0,0.8,0,0.2,0.8,2.4,0,0.6
MA0.2Cs0.8Sn0.8Pb0.2Cl2.7I0.3,0.2,0,0.8,0,0.2,0.8,2.7,0,0.3
MA0.2Cs0.8Sn0.8Pb0.2Br0.3I2.7,0.2,0,0.8,0,0.2,0.8,0,0.3,2.7
MA0.2Cs0.8Sn0.8Pb0.2Br0.6I2.4,0.2,0,0.8,0,0.2,0.8,0,0.6,2.4
MA0.2Cs0.8Sn0.8Pb0.2Br0.9I2.1,0.2,0,0.8,0,0.2,0.8,0,0.9,2.1
MA0.2Cs0.8Sn0.8Pb0.2Br1.2I1.8,0.2,0,0.8,0,0.2,0.8,0,1.2,1.8
MA0.2Cs0.8Sn0.8Pb0.2Br1.5I1.5,0.2,0,0.8,0,0.2,0.8,0,1.5,1.5
MA0.2Cs0.8Sn0.8Pb0.2Br1.8I1.2,0.2,0,0.8,0,0.2,0.8,0,1.8,1.2
MA0.2Cs0.8Sn0.8Pb0.2Br2.1I0.9,0.2,0,0.8,0,0.2,0.8,0,2.1,0.9
MA0.2Cs0.8Sn0.8Pb0.2Br2.4I0.6,0.2,0,0.8,0,0.2,0.8,0,2.4,0.6
MA0.2Cs0.8Sn0.8Pb0.2Br2.7I0.3,0.2,0,0.8,0,0.2,0.8,0,2.7,0.3
MA0.2Cs0.8Sn0.7Pb0.3Cl0.3Br2.7,0.2,0,0.8,0,0.3,0.7,0.3,2.7,0
MA0.2Cs0.8Sn0.7Pb0.3Cl0.6Br2.4,0.2,0,0.8,0,0.3,0.7,0.6,2.4,0
MA0.2Cs0.8Sn0.7Pb0.3Cl0.9Br2.1,0.2,0,0.8,0,0.3,0.7,0.9,2.1,0
MA0.2Cs0.8Sn0.7Pb0.3Cl1.2Br1.8,0.2,0,0.8,0,0.3,0.7,1.2,1.8,0
MA0.2Cs0.8Sn0.7Pb0.3Cl1.5Br1.5,0.2,0,0.8,0,0.3,0.7,1.5,1.5,0
MA0.2Cs0.8Sn0.7Pb0.3Cl1.8Br1.2,0.2,0,0.8,0,0.3,0.7,1.8,1.2,0
MA0.2Cs0.8Sn0.7Pb0.3Cl2.1Br0.9,0.2,0,0.8,0,0.3,0.7,2.1,0.9,0
MA0.2Cs0.8Sn0.7Pb0.3Cl2.4Br0.6,0.2,0,0.8,0,0.3,0.7,2.4,0.6,0
MA0.2Cs0.8Sn0.7Pb0.3Cl2.7Br0.3,0.2,0,0.8,0,0.3,0.7,2.7,0.3,0
MA0.2Cs0.8Sn0.7Pb0.3Cl0.3I2.7,0.2,0,0.8,0,0.3,0.7,0.3,0,2.7
MA0.2Cs0.8Sn0.7Pb0.3Cl0.6I2.4,0.2,0,0.8,0,0.3,0.7,0.6,0,2.4
MA0.2Cs0.8Sn0.7Pb0.3Cl0.9I2.1,0.2,0,0.8,0,0.3,0.7,0.9,0,2.1
MA0.2Cs0.8Sn0.7Pb0.3Cl1.2I1.8,0.2,0,0.8,0,0.3,0.7,1.2,0,1.8
MA0.2Cs0.8Sn0.7Pb0.3Cl1.5I1.5,0.2,0,0.8,0,0.3,0.7,1.5,0,1.5
MA0.2Cs0.8Sn0.7Pb0.3Cl1.8I1.2,0.2,0,0.8,0,0.3,0.7,1.8,0,1.2
MA0.2Cs0.8Sn0.7Pb0.3Cl2.1I0.9,0.2,0,0.8,0,0.3,0.7,2.1,0,0.9
MA0.2Cs0.8Sn0.7Pb0.3Cl2.4I0.6,0.2,0,0.8,0,0.3,0.7,2.4,0,0.6
MA0.2Cs0.8Sn0.7Pb0.3Cl2.7I0.3,0.2,0,0.8,0,0.3,0.7,2.7,0,0.3
MA0.2Cs0.8Sn0.7Pb0.3Br0.3I2.7,0.2,0,0.8,0,0.3,0.7,0,0.3,2.7
MA0.2Cs0.8Sn0.7Pb0.3Br0.6I2.4,0.2,0,0.8,0,0.3,0.7,0,0.6,2.4
MA0.2Cs0.8Sn0.7Pb0.3Br0.9I2.1,0.2,0,0.8,0,0.3,0.7,0,0.9,2.1
MA0.2Cs0.8Sn0.7Pb0.3Br1.2I1.8,0.2,0,0.8,0,0.3,0.7,0,1.2,1.8
MA0.2Cs0.8Sn0.7Pb0.3Br1.5I1.5,0.2,0,0.8,0,0.3,0.7,0,1.5,1.5
MA0.2Cs0.8Sn0.7Pb0.3Br1.8I1.2,0.2,0,0.8,0,0.3,0.7,0,1.8,1.2
MA0.2Cs0.8Sn0.7Pb0.3Br2.1I0.9,0.2,0,0.8,0,0.3,0.7,0,2.1,0.9
MA0.2Cs0.8Sn0.7Pb0.3Br2.4I0.6,0.2,0,0.8,0,0.3,0.7,0,2.4,0.6
MA0.2Cs0.8Sn0.7Pb0.3Br2.7I0.3,0.2,0,0.8,0,0.3,0.7,0,2.7,0.3
MA0.2Cs0.8Sn0.6Pb0.4Cl0.3Br2.7,0.2,0,0.8,0,0.4,0.6,0.3,2.7,0
MA0.2Cs0.8Sn0.6Pb0.4Cl0.6Br2.4,0.2,0,0.8,0,0.4,0.6,0.6,2.4,0
MA0.2Cs0.8Sn0.6Pb0.4Cl0.9Br2.1,0.2,0,0.8,0,0.4,0.6,0.9,2.1,0
MA0.2Cs0.8Sn0.6Pb0.4Cl1.2Br1.8,0.2,0,0.8,0,0.4,0.6,1.2,1.8,0
MA0.2Cs0.8Sn0.6Pb0.4Cl1.5Br1.5,0.2,0,0.8,0,0.4,0.6,1.5,1.5,0
MA0.2Cs0.8Sn0.6Pb0.4Cl1.8Br1.2,0.2,0,0.8,0,0.4,0.6,1.8,1.2,0
MA0.2Cs0.8Sn0.6Pb0.4Cl2.1Br0.9,0.2,0,0.8,0,0.4,0.6,2.1,0.9,0
MA0.2Cs0.8Sn0.6Pb0.4Cl2.4Br0.6,0.2,0,0.8,0,0.4,0.6,2.4,0.6,0
MA0.2Cs0.8Sn0.6Pb0.4Cl2.7Br0.3,0.2,0,0.8,0,0.4,0.6,2.7,0.3,0
MA0.2Cs0.8Sn0.6Pb0.4Cl0.3I2.7,0.2,0,0.8,0,0.4,0.6,0.3,0,2.7
MA0.2Cs0.8Sn0.6Pb0.4Cl0.6I2.4,0.2,0,0.8,0,0.4,0.6,0.6,0,2.4
MA0.2Cs0.8Sn0.6Pb0.4Cl0.9I2.1,0.2,0,0.8,0,0.4,0.6,0.9,0,2.1
MA0.2Cs0.8Sn0.6Pb0.4Cl1.2I1.8,0.2,0,0.8,0,0.4,0.6,1.2,0,1.8
MA0.2Cs0.8Sn0.6Pb0.4Cl1.5I1.5,0.2,0,0.8,0,0.4,0.6,1.5,0,1.5
MA0.2Cs0.8Sn0.6Pb0.4Cl1.8I1.2,0.2,0,0.8,0,0.4,0.6,1.8,0,1.2
MA0.2Cs0.8Sn0.6Pb0.4Cl2.1I0.9,0.2,0,0.8,0,0.4,0.6,2.1,0,0.9
MA0.2Cs0.8Sn0.6Pb0.4Cl2.4I0.6,0.2,0,0.8,0,0.4,0.6,2.4,0,0.6
MA0.2Cs0.8Sn0.6Pb0.4Cl2.7I0.3,0.2,0,0.8,0,0.4,0.6,2.7,0,0.3
MA0.2Cs0.8Sn0.6Pb0.4Br0.3I2.7,0.2,0,0.8,0,0.4,0.6,0,0.3,2.7
MA0.2Cs0.8Sn0.6Pb0.4Br0.6I2.4,0.2,0,0.8,0,0.4,0.6,0,0.6,2.4
MA0.2Cs0.8Sn0.6Pb0.4Br0.9I2.1,0.2,0,0.8,0,0.4,0.6,0,0.9,2.1
MA0.2Cs0.8Sn0.6Pb0.4Br1.2I1.8,0.2,0,0.8,0,0.4,0.6,0,1.2,1.8
MA0.2Cs0.8Sn0.6Pb0.4Br1.5I1.5,0.2,0,0.8,0,0.4,0.6,0,1.5,1.5
MA0.2Cs0.8Sn0.6Pb0.4Br1.8I1.2,0.2,0,0.8,0,0.4,0.6,0,1.8,1.2
MA0.2Cs0.8Sn0.6Pb0.4Br2.1I0.9,0.2,0,0.8,0,0.4,0.6,0,2.1,0.9
MA0.2Cs0.8Sn0.6Pb0.4Br2.4I0.6,0.2,0,0.8,0,0.4,0.6,0,2.4,0.6
MA0.2Cs0.8Sn0.6Pb0.4Br2.7I0.3,0.2,0,0.8,0,0.4,0.6,0,2.7,0.3
MA0.2Cs0.8Sn0.5Pb0.5Cl0.3Br2.7,0.2,0,0.8,0,0.5,0.5,0.3,2.7,0
MA0.2Cs0.8Sn0.5Pb0.5Cl0.6Br2.4,0.2,0,0.8,0,0.5,0.5,0.6,2.4,0
MA0.2Cs0.8Sn0.5Pb0.5Cl0.9Br2.1,0.2,0,0.8,0,0.5,0.5,0.9,2.1,0
MA0.2Cs0.8Sn0.5Pb0.5Cl1.2Br1.8,0.2,0,0.8,0,0.5,0.5,1.2,1.8,0
MA0.2Cs0.8Sn0.5Pb0.5Cl1.5Br1.5,0.2,0,0.8,0,0.5,0.5,1.5,1.5,0
MA0.2Cs0.8Sn0.5Pb0.5Cl1.8Br1.2,0.2,0,0.8,0,0.5,0.5,1.8,1.2,0
MA0.2Cs0.8Sn0.5Pb0.5Cl2.1Br0.9,0.2,0,0.8,0,0.5,0.5,2.1,0.9,0
MA0.2Cs0.8Sn0.5Pb0.5Cl2.4Br0.6,0.2,0,0.8,0,0.5,0.5,2.4,0.6,0
MA0.2Cs0.8Sn0.5Pb0.5Cl2.7Br0.3,0.2,0,0.8,0,0.5,0.5,2.7,0.3,0
MA0.2Cs0.8Sn0.5Pb0.5Cl0.3I2.7,0.2,0,0.8,0,0.5,0.5,0.3,0,2.7
MA0.2Cs0.8Sn0.5Pb0.5Cl0.6I2.4,0.2,0,0.8,0,0.5,0.5,0.6,0,2.4
MA0.2Cs0.8Sn0.5Pb0.5Cl0.9I2.1,0.2,0,0.8,0,0.5,0.5,0.9,0,2.1
MA0.2Cs0.8Sn0.5Pb0.5Cl1.2I1.8,0.2,0,0.8,0,0.5,0.5,1.2,0,1.8
MA0.2Cs0.8Sn0.5Pb0.5Cl1.5I1.5,0.2,0,0.8,0,0.5,0.5,1.5,0,1.5
MA0.2Cs0.8Sn0.5Pb0.5Cl1.8I1.2,0.2,0,0.8,0,0.5,0.5,1.8,0,1.2
MA0.2Cs0.8Sn0.5Pb0.5Cl2.1I0.9,0.2,0,0.8,0,0.5,0.5,2.1,0,0.9
MA0.2Cs0.8Sn0.5Pb0.5Cl2.4I0.6,0.2,0,0.8,0,0.5,0.5,2.4,0,0.6
MA0.2Cs0.8Sn0.5Pb0.5Cl2.7I0.3,0.2,0,0.8,0,0.5,0.5,2.7,0,0.3
MA0.2Cs0.8Sn0.5Pb0.5Br0.3I2.7,0.2,0,0.8,0,0.5,0.5,0,0.3,2.7
MA0.2Cs0.8Sn0.5Pb0.5Br0.6I2.4,0.2,0,0.8,0,0.5,0.5,0,0.6,2.4
MA0.2Cs0.8Sn0.5Pb0.5Br0.9I2.1,0.2,0,0.8,0,0.5,0.5,0,0.9,2.1
MA0.2Cs0.8Sn0.5Pb0.5Br1.2I1.8,0.2,0,0.8,0,0.5,0.5,0,1.2,1.8
MA0.2Cs0.8Sn0.5Pb0.5Br1.5I1.5,0.2,0,0.8,0,0.5,0.5,0,1.5,1.5
MA0.2Cs0.8Sn0.5Pb0.5Br1.8I1.2,0.2,0,0.8,0,0.5,0.5,0,1.8,1.2
MA0.2Cs0.8Sn0.5Pb0.5Br2.1I0.9,0.2,0,0.8,0,0.5,0.5,0,2.1,0.9
MA0.2Cs0.8Sn0.5Pb0.5Br2.4I0.6,0.2,0,0.8,0,0.5,0.5,0,2.4,0.6
MA0.2Cs0.8Sn0.5Pb0.5Br2.7I0.3,0.2,0,0.8,0,0.5,0.5,0,2.7,0.3
MA0.2Cs0.8Sn0.4Pb0.6Cl0.3Br2.7,0.2,0,0.8,0,0.6,0.4,0.3,2.7,0
MA0.2Cs0.8Sn0.4Pb0.6Cl0.6Br2.4,0.2,0,0.8,0,0.6,0.4,0.6,2.4,0
MA0.2Cs0.8Sn0.4Pb0.6Cl0.9Br2.1,0.2,0,0.8,0,0.6,0.4,0.9,2.1,0
MA0.2Cs0.8Sn0.4Pb0.6Cl1.2Br1.8,0.2,0,0.8,0,0.6,0.4,1.2,1.8,0
MA0.2Cs0.8Sn0.4Pb0.6Cl1.5Br1.5,0.2,0,0.8,0,0.6,0.4,1.5,1.5,0
MA0.2Cs0.8Sn0.4Pb0.6Cl1.8Br1.2,0.2,0,0.8,0,0.6,0.4,1.8,1.2,0
MA0.2Cs0.8Sn0.4Pb0.6Cl2.1Br0.9,0.2,0,0.8,0,0.6,0.4,2.1,0.9,0
MA0.2Cs0.8Sn0.4Pb0.6Cl2.4Br0.6,0.2,0,0.8,0,0.6,0.4,2.4,0.6,0
MA0.2Cs0.8Sn0.4Pb0.6Cl2.7Br0.3,0.2,0,0.8,0,0.6,0.4,2.7,0.3,0
MA0.2Cs0.8Sn0.4Pb0.6Cl0.3I2.7,0.2,0,0.8,0,0.6,0.4,0.3,0,2.7
MA0.2Cs0.8Sn0.4Pb0.6Cl0.6I2.4,0.2,0,0.8,0,0.6,0.4,0.6,0,2.4
MA0.2Cs0.8Sn0.4Pb0.6Cl0.9I2.1,0.2,0,0.8,0,0.6,0.4,0.9,0,2.1
MA0.2Cs0.8Sn0.4Pb0.6Cl1.2I1.8,0.2,0,0.8,0,0.6,0.4,1.2,0,1.8
MA0.2Cs0.8Sn0.4Pb0.6Cl1.5I1.5,0.2,0,0.8,0,0.6,0.4,1.5,0,1.5
MA0.2Cs0.8Sn0.4Pb0.6Cl1.8I1.2,0.2,0,0.8,0,0.6,0.4,1.8,0,1.2
MA0.2Cs0.8Sn0.4Pb0.6Cl2.1I0.9,0.2,0,0.8,0,0.6,0.4,2.1,0,0.9
MA0.2Cs0.8Sn0.4Pb0.6Cl2.4I0.6,0.2,0,0.8,0,0.6,0.4,2.4,0,0.6
MA0.2Cs0.8Sn0.4Pb0.6Cl2.7I0.3,0.2,0,0.8,0,0.6,0.4,2.7,0,0.3
MA0.2Cs0.8Sn0.4Pb0.6Br0.3I2.7,0.2,0,0.8,0,0.6,0.4,0,0.3,2.7
MA0.2Cs0.8Sn0.4Pb0.6Br0.6I2.4,0.2,0,0.8,0,0.6,0.4,0,0.6,2.4
MA0.2Cs0.8Sn0.4Pb0.6Br0.9I2.1,0.2,0,0.8,0,0.6,0.4,0,0.9,2.1
MA0.2Cs0.8Sn0.4Pb0.6Br1.2I1.8,0.2,0,0.8,0,0.6,0.4,0,1.2,1.8
MA0.2Cs0.8Sn0.4Pb0.6Br1.5I1.5,0.2,0,0.8,0,0.6,0.4,0,1.5,1.5
MA0.2Cs0.8Sn0.4Pb0.6Br1.8I1.2,0.2,0,0.8,0,0.6,0.4,0,1.8,1.2
MA0.2Cs0.8Sn0.4Pb0.6Br2.1I0.9,0.2,0,0.8,0,0.6,0.4,0,2.1,0.9
MA0.2Cs0.8Sn0.4Pb0.6Br2.4I0.6,0.2,0,0.8,0,0.6,0.4,0,2.4,0.6
MA0.2Cs0.8Sn0.4Pb0.6Br2.7I0.3,0.2,0,0.8,0,0.6,0.4,0,2.7,0.3
MA0.2Cs0.8Sn0.3Pb0.7Cl0.3Br2.7,0.2,0,0.8,0,0.7,0.3,0.3,2.7,0
MA0.2Cs0.8Sn0.3Pb0.7Cl0.6Br2.4,0.2,0,0.8,0,0.7,0.3,0.6,2.4,0
MA0.2Cs0.8Sn0.3Pb0.7Cl0.9Br2.1,0.2,0,0.8,0,0.7,0.3,0.9,2.1,0
MA0.2Cs0.8Sn0.3Pb0.7Cl1.2Br1.8,0.2,0,0.8,0,0.7,0.3,1.2,1.8,0
MA0.2Cs0.8Sn0.3Pb0.7Cl1.5Br1.5,0.2,0,0.8,0,0.7,0.3,1.5,1.5,0
MA0.2Cs0.8Sn0.3Pb0.7Cl1.8Br1.2,0.2,0,0.8,0,0.7,0.3,1.8,1.2,0
MA0.2Cs0.8Sn0.3Pb0.7Cl2.1Br0.9,0.2,0,0.8,0,0.7,0.3,2.1,0.9,0
MA0.2Cs0.8Sn0.3Pb0.7Cl2.4Br0.6,0.2,0,0.8,0,0.7,0.3,2.4,0.6,0
MA0.2Cs0.8Sn0.3Pb0.7Cl2.7Br0.3,0.2,0,0.8,0,0.7,0.3,2.7,0.3,0
MA0.2Cs0.8Sn0.3Pb0.7Cl0.3I2.7,0.2,0,0.8,0,0.7,0.3,0.3,0,2.7
MA0.2Cs0.8Sn0.3Pb0.7Cl0.6I2.4,0.2,0,0.8,0,0.7,0.3,0.6,0,2.4
MA0.2Cs0.8Sn0.3Pb0.7Cl0.9I2.1,0.2,0,0.8,0,0.7,0.3,0.9,0,2.1
MA0.2Cs0.8Sn0.3Pb0.7Cl1.2I1.8,0.2,0,0.8,0,0.7,0.3,1.2,0,1.8
MA0.2Cs0.8Sn0.3Pb0.7Cl1.5I1.5,0.2,0,0.8,0,0.7,0.3,1.5,0,1.5
MA0.2Cs0.8Sn0.3Pb0.7Cl1.8I1.2,0.2,0,0.8,0,0.7,0.3,1.8,0,1.2
MA0.2Cs0.8Sn0.3Pb0.7Cl2.1I0.9,0.2,0,0.8,0,0.7,0.3,2.1,0,0.9
MA0.2Cs0.8Sn0.3Pb0.7Cl2.4I0.6,0.2,0,0.8,0,0.7,0.3,2.4,0,0.6
MA0.2Cs0.8Sn0.3Pb0.7Cl2.7I0.3,0.2,0,0.8,0,0.7,0.3,2.7,0,0.3
MA0.2Cs0.8Sn0.3Pb0.7Br0.3I2.7,0.2,0,0.8,0,0.7,0.3,0,0.3,2.7
MA0.2Cs0.8Sn0.3Pb0.7Br0.6I2.4,0.2,0,0.8,0,0.7,0.3,0,0.6,2.4
MA0.2Cs0.8Sn0.3Pb0.7Br0.9I2.1,0.2,0,0.8,0,0.7,0.3,0,0.9,2.1
MA0.2Cs0.8Sn0.3Pb0.7Br1.2I1.8,0.2,0,0.8,0,0.7,0.3,0,1.2,1.8
MA0.2Cs0.8Sn0.3Pb0.7Br1.5I1.5,0.2,0,0.8,0,0.7,0.3,0,1.5,1.5
MA0.2Cs0.8Sn0.3Pb0.7Br1.8I1.2,0.2,0,0.8,0,0.7,0.3,0,1.8,1.2
MA0.2Cs0.8Sn0.3Pb0.7Br2.1I0.9,0.2,0,0.8,0,0.7,0.3,0,2.1,0.9
MA0.2Cs0.8Sn0.3Pb0.7Br2.4I0.6,0.2,0,0.8,0,0.7,0.3,0,2.4,0.6
MA0.2Cs0.8Sn0.3Pb0.7Br2.7I0.3,0.2,0,0.8,0,0.7,0.3,0,2.7,0.3
MA0.2Cs0.8Sn0.2Pb0.8Cl0.3Br2.7,0.2,0,0.8,0,0.8,0.2,0.3,2.7,0
MA0.2Cs0.8Sn0.2Pb0.8Cl0.6Br2.4,0.2,0,0.8,0,0.8,0.2,0.6,2.4,0
MA0.2Cs0.8Sn0.2Pb0.8Cl0.9Br2.1,0.2,0,0.8,0,0.8,0.2,0.9,2.1,0
MA0.2Cs0.8Sn0.2Pb0.8Cl1.2Br1.8,0.2,0,0.8,0,0.8,0.2,1.2,1.8,0
MA0.2Cs0.8Sn0.2Pb0.8Cl1.5Br1.5,0.2,0,0.8,0,0.8,0.2,1.5,1.5,0
MA0.2Cs0.8Sn0.2Pb0.8Cl1.8Br1.2,0.2,0,0.8,0,0.8,0.2,1.8,1.2,0
MA0.2Cs0.8Sn0.2Pb0.8Cl2.1Br0.9,0.2,0,0.8,0,0.8,0.2,2.1,0.9,0
MA0.2Cs0.8Sn0.2Pb0.8Cl2.4Br0.6,0.2,0,0.8,0,0.8,0.2,2.4,0.6,0
MA0.2Cs0.8Sn0.2Pb0.8Cl2.7Br0.3,0.2,0,0.8,0,0.8,0.2,2.7,0.3,0
MA0.2Cs0.8Sn0.2Pb0.8Cl0.3I2.7,0.2,0,0.8,0,0.8,0.2,0.3,0,2.7
MA0.2Cs0.8Sn0.2Pb0.8Cl0.6I2.4,0.2,0,0.8,0,0.8,0.2,0.6,0,2.4
MA0.2Cs0.8Sn0.2Pb0.8Cl0.9I2.1,0.2,0,0.8,0,0.8,0.2,0.9,0,2.1
MA0.2Cs0.8Sn0.2Pb0.8Cl1.2I1.8,0.2,0,0.8,0,0.8,0.2,1.2,0,1.8
MA0.2Cs0.8Sn0.2Pb0.8Cl1.5I1.5,0.2,0,0.8,0,0.8,0.2,1.5,0,1.5
MA0.2Cs0.8Sn0.2Pb0.8Cl1.8I1.2,0.2,0,0.8,0,0.8,0.2,1.8,0,1.2
MA0.2Cs0.8Sn0.2Pb0.8Cl2.1I0.9,0.2,0,0.8,0,0.8,0.2,2.1,0,0.9
MA0.2Cs0.8Sn0.2Pb0.8Cl2.4I0.6,0.2,0,0.8,0,0.8,0.2,2.4,0,0.6
MA0.2Cs0.8Sn0.2Pb0.8Cl2.7I0.3,0.2,0,0.8,0,0.8,0.2,2.7,0,0.3
MA0.2Cs0.8Sn0.2Pb0.8Br0.3I2.7,0.2,0,0.8,0,0.8,0.2,0,0.3,2.7
MA0.2Cs0.8Sn0.2Pb0.8Br0.6I2.4,0.2,0,0.8,0,0.8,0.2,0,0.6,2.4
MA0.2Cs0.8Sn0.2Pb0.8Br0.9I2.1,0.2,0,0.8,0,0.8,0.2,0,0.9,2.1
MA0.2Cs0.8Sn0.2Pb0.8Br1.2I1.8,0.2,0,0.8,0,0.8,0.2,0,1.2,1.8
MA0.2Cs0.8Sn0.2Pb0.8Br1.5I1.5,0.2,0,0.8,0,0.8,0.2,0,1.5,1.5
MA0.2Cs0.8Sn0.2Pb0.8Br1.8I1.2,0.2,0,0.8,0,0.8,0.2,0,1.8,1.2
MA0.2Cs0.8Sn0.2Pb0.8Br2.1I0.9,0.2,0,0.8,0,0.8,0.2,0,2.1,0.9
MA0.2Cs0.8Sn0.2Pb0.8Br2.4I0.6,0.2,0,0.8,0,0.8,0.2,0,2.4,0.6
MA0.2Cs0.8Sn0.2Pb0.8Br2.7I0.3,0.2,0,0.8,0,0.8,0.2,0,2.7,0.3
MA0.2Cs0.8Sn0.1Pb0.9Cl0.3Br2.7,0.2,0,0.8,0,0.9,0.1,0.3,2.7,0
MA0.2Cs0.8Sn0.1Pb0.9Cl0.6Br2.4,0.2,0,0.8,0,0.9,0.1,0.6,2.4,0
MA0.2Cs0.8Sn0.1Pb0.9Cl0.9Br2.1,0.2,0,0.8,0,0.9,0.1,0.9,2.1,0
MA0.2Cs0.8Sn0.1Pb0.9Cl1.2Br1.8,0.2,0,0.8,0,0.9,0.1,1.2,1.8,0
MA0.2Cs0.8Sn0.1Pb0.9Cl1.5Br1.5,0.2,0,0.8,0,0.9,0.1,1.5,1.5,0
MA0.2Cs0.8Sn0.1Pb0.9Cl1.8Br1.2,0.2,0,0.8,0,0.9,0.1,1.8,1.2,0
MA0.2Cs0.8Sn0.1Pb0.9Cl2.1Br0.9,0.2,0,0.8,0,0.9,0.1,2.1,0.9,0
MA0.2Cs0.8Sn0.1Pb0.9Cl2.4Br0.6,0.2,0,0.8,0,0.9,0.1,2.4,0.6,0
MA0.2Cs0.8Sn0.1Pb0.9Cl2.7Br0.3,0.2,0,0.8,0,0.9,0.1,2.7,0.3,0
MA0.2Cs0.8Sn0.1Pb0.9Cl0.3I2.7,0.2,0,0.8,0,0.9,0.1,0.3,0,2.7
MA0.2Cs0.8Sn0.1Pb0.9Cl0.6I2.4,0.2,0,0.8,0,0.9,0.1,0.6,0,2.4
MA0.2Cs0.8Sn0.1Pb0.9Cl0.9I2.1,0.2,0,0.8,0,0.9,0.1,0.9,0,2.1
MA0.2Cs0.8Sn0.1Pb0.9Cl1.2I1.8,0.2,0,0.8,0,0.9,0.1,1.2,0,1.8
MA0.2Cs0.8Sn0.1Pb0.9Cl1.5I1.5,0.2,0,0.8,0,0.9,0.1,1.5,0,1.5
MA0.2Cs0.8Sn0.1Pb0.9Cl1.8I1.2,0.2,0,0.8,0,0.9,0.1,1.8,0,1.2
MA0.2Cs0.8Sn0.1Pb0.9Cl2.1I0.9,0.2,0,0.8,0,0.9,0.1,2.1,0,0.9
MA0.2Cs0.8Sn0.1Pb0.9Cl2.4I0.6,0.2,0,0.8,0,0.9,0.1,2.4,0,0.6
MA0.2Cs0.8Sn0.1Pb0.9Cl2.7I0.3,0.2,0,0.8,0,0.9,0.1,2.7,0,0.3
MA0.2Cs0.8Sn0.1Pb0.9Br0.3I2.7,0.2,0,0.8,0,0.9,0.1,0,0.3,2.7
MA0.2Cs0.8Sn0.1Pb0.9Br0.6I2.4,0.2,0,0.8,0,0.9,0.1,0,0.6,2.4
MA0.2Cs0.8Sn0.1Pb0.9Br0.9I2.1,0.2,0,0.8,0,0.9,0.1,0,0.9,2.1
MA0.2Cs0.8Sn0.1Pb0.9Br1.2I1.8,0.2,0,0.8,0,0.9,0.1,0,1.2,1.8
MA0.2Cs0.8Sn0.1Pb0.9Br1.5I1.5,0.2,0,0.8,0,0.9,0.1,0,1.5,1.5
MA0.2Cs0.8Sn0.1Pb0.9Br1.8I1.2,0.2,0,0.8,0,0.9,0.1,0,1.8,1.2
MA0.2Cs0.8Sn0.1Pb0.9Br2.1I0.9,0.2,0,0.8,0,0.9,0.1,0,2.1,0.9
MA0.2Cs0.8Sn0.1Pb0.9Br2.4I0.6,0.2,0,0.8,0,0.9,0.1,0,2.4,0.6
MA0.2Cs0.8Sn0.1Pb0.9Br2.7I0.3,0.2,0,0.8,0,0.9,0.1,0,2.7,0.3
MA0.3Cs0.7Sn0.9Pb0.1Cl0.3Br2.7,0.3,0,0.7,0,0.1,0.9,0.3,2.7,0
MA0.3Cs0.7Sn0.9Pb0.1Cl0.6Br2.4,0.3,0,0.7,0,0.1,0.9,0.6,2.4,0
MA0.3Cs0.7Sn0.9Pb0.1Cl0.9Br2.1,0.3,0,0.7,0,0.1,0.9,0.9,2.1,0
MA0.3Cs0.7Sn0.9Pb0.1Cl1.2Br1.8,0.3,0,0.7,0,0.1,0.9,1.2,1.8,0
MA0.3Cs0.7Sn0.9Pb0.1Cl1.5Br1.5,0.3,0,0.7,0,0.1,0.9,1.5,1.5,0
MA0.3Cs0.7Sn0.9Pb0.1Cl1.8Br1.2,0.3,0,0.7,0,0.1,0.9,1.8,1.2,0
MA0.3Cs0.7Sn0.9Pb0.1Cl2.1Br0.9,0.3,0,0.7,0,0.1,0.9,2.1,0.9,0
MA0.3Cs0.7Sn0.9Pb0.1Cl2.4Br0.6,0.3,0,0.7,0,0.1,0.9,2.4,0.6,0
MA0.3Cs0.7Sn0.9Pb0.1Cl2.7Br0.3,0.3,0,0.7,0,0.1,0.9,2.7,0.3,0
MA0.3Cs0.7Sn0.9Pb0.1Cl0.3I2.7,0.3,0,0.7,0,0.1,0.9,0.3,0,2.7
MA0.3Cs0.7Sn0.9Pb0.1Cl0.6I2.4,0.3,0,0.7,0,0.1,0.9,0.6,0,2.4
MA0.3Cs0.7Sn0.9Pb0.1Cl0.9I2.1,0.3,0,0.7,0,0.1,0.9,0.9,0,2.1
MA0.3Cs0.7Sn0.9Pb0.1Cl1.2I1.8,0.3,0,0.7,0,0.1,0.9,1.2,0,1.8
MA0.3Cs0.7Sn0.9Pb0.1Cl1.5I1.5,0.3,0,0.7,0,0.1,0.9,1.5,0,1.5
MA0.3Cs0.7Sn0.9Pb0.1Cl1.8I1.2,0.3,0,0.7,0,0.1,0.9,1.8,0,1.2
MA0.3Cs0.7Sn0.9Pb0.1Cl2.1I0.9,0.3,0,0.7,0,0.1,0.9,2.1,0,0.9
MA0.3Cs0.7Sn0.9Pb0.1Cl2.4I0.6,0.3,0,0.7,0,0.1,0.9,2.4,0,0.6
MA0.3Cs0.7Sn0.9Pb0.1Cl2.7I0.3,0.3,0,0.7,0,0.1,0.9,2.7,0,0.3
MA0.3Cs0.7Sn0.9Pb0.1Br0.3I2.7,0.3,0,0.7,0,0.1,0.9,0,0.3,2.7
MA0.3Cs0.7Sn0.9Pb0.1Br0.6I2.4,0.3,0,0.7,0,0.1,0.9,0,0.6,2.4
MA0.3Cs0.7Sn0.9Pb0.1Br0.9I2.1,0.3,0,0.7,0,0.1,0.9,0,0.9,2.1
MA0.3Cs0.7Sn0.9Pb0.1Br1.2I1.8,0.3,0,0.7,0,0.1,0.9,0,1.2,1.8
MA0.3Cs0.7Sn0.9Pb0.1Br1.5I1.5,0.3,0,0.7,0,0.1,0.9,0,1.5,1.5
MA0.3Cs0.7Sn0.9Pb0.1Br1.8I1.2,0.3,0,0.7,0,0.1,0.9,0,1.8,1.2
MA0.3Cs0.7Sn0.9Pb0.1Br2.1I0.9,0.3,0,0.7,0,0.1,0.9,0,2.1,0.9
MA0.3Cs0.7Sn0.9Pb0.1Br2.4I0.6,0.3,0,0.7,0,0.1,0.9,0,2.4,0.6
MA0.3Cs0.7Sn0.9Pb0.1Br2.7I0.3,0.3,0,0.7,0,0.1,0.9,0,2.7,0.3
MA0.3Cs0.7Sn0.8Pb0.2Cl0.3Br2.7,0.3,0,0.7,0,0.2,0.8,0.3,2.7,0
MA0.3Cs0.7Sn0.8Pb0.2Cl0.6Br2.4,0.3,0,0.7,0,0.2,0.8,0.6,2.4,0
MA0.3Cs0.7Sn0.8Pb0.2Cl0.9Br2.1,0.3,0,0.7,0,0.2,0.8,0.9,2.1,0
MA0.3Cs0.7Sn0.8Pb0.2Cl1.2Br1.8,0.3,0,0.7,0,0.2,0.8,1.2,1.8,0
MA0.3Cs0.7Sn0.8Pb0.2Cl1.5Br1.5,0.3,0,0.7,0,0.2,0.8,1.5,1.5,0
MA0.3Cs0.7Sn0.8Pb0.2Cl1.8Br1.2,0.3,0,0.7,0,0.2,0.8,1.8,1.2,0
MA0.3Cs0.7Sn0.8Pb0.2Cl2.1Br0.9,0.3,0,0.7,0,0.2,0.8,2.1,0.9,0
MA0.3Cs0.7Sn0.8Pb0.2Cl2.4Br0.6,0.3,0,0.7,0,0.2,0.8,2.4,0.6,0
MA0.3Cs0.7Sn0.8Pb0.2Cl2.7Br0.3,0.3,0,0.7,0,0.2,0.8,2.7,0.3,0
MA0.3Cs0.7Sn0.8Pb0.2Cl0.3I2.7,0.3,0,0.7,0,0.2,0.8,0.3,0,2.7
MA0.3Cs0.7Sn0.8Pb0.2Cl0.6I2.4,0.3,0,0.7,0,0.2,0.8,0.6,0,2.4
MA0.3Cs0.7Sn0.8Pb0.2Cl0.9I2.1,0.3,0,0.7,0,0.2,0.8,0.9,0,2.1
MA0.3Cs0.7Sn0.8Pb0.2Cl1.2I1.8,0.3,0,0.7,0,0.2,0.8,1.2,0,1.8
MA0.3Cs0.7Sn0.8Pb0.2Cl1.5I1.5,0.3,0,0.7,0,0.2,0.8,1.5,0,1.5
MA0.3Cs0.7Sn0.8Pb0.2Cl1.8I1.2,0.3,0,0.7,0,0.2,0.8,1.8,0,1.2
MA0.3Cs0.7Sn0.8Pb0.2Cl2.1I0.9,0.3,0,0.7,0,0.2,0.8,2.1,0,0.9
MA0.3Cs0.7Sn0.8Pb0.2Cl2.4I0.6,0.3,0,0.7,0,0.2,0.8,2.4,0,0.6
MA0.3Cs0.7Sn0.8Pb0.2Cl2.7I0.3,0.3,0,0.7,0,0.2,0.8,2.7,0,0.3
MA0.3Cs0.7Sn0.8Pb0.2Br0.3I2.7,0.3,0,0.7,0,0.2,0.8,0,0.3,2.7
MA0.3Cs0.7Sn0.8Pb0.2Br0.6I2.4,0.3,0,0.7,0,0.2,0.8,0,0.6,2.4
MA0.3Cs0.7Sn0.8Pb0.2Br0.9I2.1,0.3,0,0.7,0,0.2,0.8,0,0.9,2.1
MA0.3Cs0.7Sn0.8Pb0.2Br1.2I1.8,0.3,0,0.7,0,0.2,0.8,0,1.2,1.8
MA0.3Cs0.7Sn0.8Pb0.2Br1.5I1.5,0.3,0,0.7,0,0.2,0.8,0,1.5,1.5
MA0.3Cs0.7Sn0.8Pb0.2Br1.8I1.2,0.3,0,0.7,0,0.2,0.8,0,1.8,1.2
MA0.3Cs0.7Sn0.8Pb0.2Br2.1I0.9,0.3,0,0.7,0,0.2,0.8,0,2.1,0.9
MA0.3Cs0.7Sn0.8Pb0.2Br2.4I0.6,0.3,0,0.7,0,0.2,0.8,0,2.4,0.6
MA0.3Cs0.7Sn0.8Pb0.2Br2.7I0.3,0.3,0,0.7,0,0.2,0.8,0,2.7,0.3
MA0.3Cs0.7Sn0.7Pb0.3Cl0.3Br2.7,0.3,0,0.7,0,0.3,0.7,0.3,2.7,0
MA0.3Cs0.7Sn0.7Pb0.3Cl0.6Br2.4,0.3,0,0.7,0,0.3,0.7,0.6,2.4,0
MA0.3Cs0.7Sn0.7Pb0.3Cl0.9Br2.1,0.3,0,0.7,0,0.3,0.7,0.9,2.1,0
MA0.3Cs0.7Sn0.7Pb0.3Cl1.2Br1.8,0.3,0,0.7,0,0.3,0.7,1.2,1.8,0
MA0.3Cs0.7Sn0.7Pb0.3Cl1.5Br1.5,0.3,0,0.7,0,0.3,0.7,1.5,1.5,0
MA0.3Cs0.7Sn0.7Pb0.3Cl1.8Br1.2,0.3,0,0.7,0,0.3,0.7,1.8,1.2,0
MA0.3Cs0.7Sn0.7Pb0.3Cl2.1Br0.9,0.3,0,0.7,0,0.3,0.7,2.1,0.9,0
MA0.3Cs0.7Sn0.7Pb0.3Cl2.4Br0.6,0.3,0,0.7,0,0.3,0.7,2.4,0.6,0
MA0.3Cs0.7Sn0.7Pb0.3Cl2.7Br0.3,0.3,0,0.7,0,0.3,0.7,2.7,0.3,0
MA0.3Cs0.7Sn0.7Pb0.3Cl0.3I2.7,0.3,0,0.7,0,0.3,0.7,0.3,0,2.7
MA0.3Cs0.7Sn0.7Pb0.3Cl0.6I2.4,0.3,0,0.7,0,0.3,0.7,0.6,0,2.4
MA0.3Cs0.7Sn0.7Pb0.3Cl0.9I2.1,0.3,0,0.7,0,0.3,0.7,0.9,0,2.1
MA0.3Cs0.7Sn0.7Pb0.3Cl1.2I1.8,0.3,0,0.7,0,0.3,0.7,1.2,0,1.8
MA0.3Cs0.7Sn0.7Pb0.3Cl1.5I1.5,0.3,0,0.7,0,0.3,0.7,1.5,0,1.5
MA0.3Cs0.7Sn0.7Pb0.3Cl1.8I1.2,0.3,0,0.7,0,0.3,0.7,1.8,0,1.2
MA0.3Cs0.7Sn0.7Pb0.3Cl2.1I0.9,0.3,0,0.7,0,0.3,0.7,2.1,0,0.9
MA0.3Cs0.7Sn0.7Pb0.3Cl2.4I0.6,0.3,0,0.7,0,0.3,0.7,2.4,0,0.6
MA0.3Cs0.7Sn0.7Pb0.3Cl2.7I0.3,0.3,0,0.7,0,0.3,0.7,2.7,0,0.3
MA0.3Cs0.7Sn0.7Pb0.3Br0.3I2.7,0.3,0,0.7,0,0.3,0.7,0,0.3,2.7
MA0.3Cs0.7Sn0.7Pb0.3Br0.6I2.4,0.3,0,0.7,0,0.3,0.7,0,0.6,2.4
MA0.3Cs0.7Sn0.7Pb0.3Br0.9I2.1,0.3,0,0.7,0,0.3,0.7,0,0.9,2.1
MA0.3Cs0.7Sn0.7Pb0.3Br1.2I1.8,0.3,0,0.7,0,0.3,0.7,0,1.2,1.8
MA0.3Cs0.7Sn0.7Pb0.3Br1.5I1.5,0.3,0,0.7,0,0.3,0.7,0,1.5,1.5
MA0.3Cs0.7Sn0.7Pb0.3Br1.8I1.2,0.3,0,0.7,0,0.3,0.7,0,1.8,1.2
MA0.3Cs0.7Sn0.7Pb0.3Br2.1I0.9,0.3,0,0.7,0,0.3,0.7,0,2.1,0.9
MA0.3Cs0.7Sn0.7Pb0.3Br2.4I0.6,0.3,0,0.7,0,0.3,0.7,0,2.4,0.6
MA0.3Cs0.7Sn0.7Pb0.3Br2.7I0.3,0.3,0,0.7,0,0.3,0.7,0,2.7,0.3
MA0.3Cs0.7Sn0.6Pb0.4Cl0.3Br2.7,0.3,0,0.7,0,0.4,0.6,0.3,2.7,0
MA0.3Cs0.7Sn0.6Pb0.4Cl0.6Br2.4,0.3,0,0.7,0,0.4,0.6,0.6,2.4,0
MA0.3Cs0.7Sn0.6Pb0.4Cl0.9Br2.1,0.3,0,0.7,0,0.4,0.6,0.9,2.1,0
MA0.3Cs0.7Sn0.6Pb0.4Cl1.2Br1.8,0.3,0,0.7,0,0.4,0.6,1.2,1.8,0
MA0.3Cs0.7Sn0.6Pb0.4Cl1.5Br1.5,0.3,0,0.7,0,0.4,0.6,1.5,1.5,0
MA0.3Cs0.7Sn0.6Pb0.4Cl1.8Br1.2,0.3,0,0.7,0,0.4,0.6,1.8,1.2,0
MA0.3Cs0.7Sn0.6Pb0.4Cl2.1Br0.9,0.3,0,0.7,0,0.4,0.6,2.1,0.9,0
MA0.3Cs0.7Sn0.6Pb0.4Cl2.4Br0.6,0.3,0,0.7,0,0.4,0.6,2.4,0.6,0
MA0.3Cs0.7Sn0.6Pb0.4Cl2.7Br0.3,0.3,0,0.7,0,0.4,0.6,2.7,0.3,0
MA0.3Cs0.7Sn0.6Pb0.4Cl0.3I2.7,0.3,0,0.7,0,0.4,0.6,0.3,0,2.7
MA0.3Cs0.7Sn0.6Pb0.4Cl0.6I2.4,0.3,0,0.7,0,0.4,0.6,0.6,0,2.4
MA0.3Cs0.7Sn0.6Pb0.4Cl0.9I2.1,0.3,0,0.7,0,0.4,0.6,0.9,0,2.1
MA0.3Cs0.7Sn0.6Pb0.4Cl1.2I1.8,0.3,0,0.7,0,0.4,0.6,1.2,0,1.8
MA0.3Cs0.7Sn0.6Pb0.4Cl1.5I1.5,0.3,0,0.7,0,0.4,0.6,1.5,0,1.5
MA0.3Cs0.7Sn0.6Pb0.4Cl1.8I1.2,0.3,0,0.7,0,0.4,0.6,1.8,0,1.2
MA0.3Cs0.7Sn0.6Pb0.4Cl2.1I0.9,0.3,0,0.7,0,0.4,0.6,2.1,0,0.9
MA0.3Cs0.7Sn0.6Pb0.4Cl2.4I0.6,0.3,0,0.7,0,0.4,0.6,2.4,0,0.6
MA0.3Cs0.7Sn0.6Pb0.4Cl2.7I0.3,0.3,0,0.7,0,0.4,0.6,2.7,0,0.3
MA0.3Cs0.7Sn0.6Pb0.4Br0.3I2.7,0.3,0,0.7,0,0.4,0.6,0,0.3,2.7
MA0.3Cs0.7Sn0.6Pb0.4Br0.6I2.4,0.3,0,0.7,0,0.4,0.6,0,0.6,2.4
MA0.3Cs0.7Sn0.6Pb0.4Br0.9I2.1,0.3,0,0.7,0,0.4,0.6,0,0.9,2.1
MA0.3Cs0.7Sn0.6Pb0.4Br1.2I1.8,0.3,0,0.7,0,0.4,0.6,0,1.2,1.8
MA0.3Cs0.7Sn0.6Pb0.4Br1.5I1.5,0.3,0,0.7,0,0.4,0.6,0,1.5,1.5
MA0.3Cs0.7Sn0.6Pb0.4Br1.8I1.2,0.3,0,0.7,0,0.4,0.6,0,1.8,1.2
MA0.3Cs0.7Sn0.6Pb0.4Br2.1I0.9,0.3,0,0.7,0,0.4,0.6,0,2.1,0.9
MA0.3Cs0.7Sn0.6Pb0.4Br2.4I0.6,0.3,0,0.7,0,0.4,0.6,0,2.4,0.6
MA0.3Cs0.7Sn0.6Pb0.4Br2.7I0.3,0.3,0,0.7,0,0.4,0.6,0,2.7,0.3
MA0.3Cs0.7Sn0.5Pb0.5Cl0.3Br2.7,0.3,0,0.7,0,0.5,0.5,0.3,2.7,0
MA0.3Cs0.7Sn0.5Pb0.5Cl0.6Br2.4,0.3,0,0.7,0,0.5,0.5,0.6,2.4,0
MA0.3Cs0.7Sn0.5Pb0.5Cl0.9Br2.1,0.3,0,0.7,0,0.5,0.5,0.9,2.1,0
MA0.3Cs0.7Sn0.5Pb0.5Cl1.2Br1.8,0.3,0,0.7,0,0.5,0.5,1.2,1.8,0
MA0.3Cs0.7Sn0.5Pb0.5Cl1.5Br1.5,0.3,0,0.7,0,0.5,0.5,1.5,1.5,0
MA0.3Cs0.7Sn0.5Pb0.5Cl1.8Br1.2,0.3,0,0.7,0,0.5,0.5,1.8,1.2,0
MA0.3Cs0.7Sn0.5Pb0.5Cl2.1Br0.9,0.3,0,0.7,0,0.5,0.5,2.1,0.9,0
MA0.3Cs0.7Sn0.5Pb0.5Cl2.4Br0.6,0.3,0,0.7,0,0.5,0.5,2.4,0.6,0
MA0.3Cs0.7Sn0.5Pb0.5Cl2.7Br0.3,0.3,0,0.7,0,0.5,0.5,2.7,0.3,0
MA0.3Cs0.7Sn0.5Pb0.5Cl0.3I2.7,0.3,0,0.7,0,0.5,0.5,0.3,0,2.7
MA0.3Cs0.7Sn0.5Pb0.5Cl0.6I2.4,0.3,0,0.7,0,0.5,0.5,0.6,0,2.4
MA0.3Cs0.7Sn0.5Pb0.5Cl0.9I2.1,0.3,0,0.7,0,0.5,0.5,0.9,0,2.1
MA0.3Cs0.7Sn0.5Pb0.5Cl1.2I1.8,0.3,0,0.7,0,0.5,0.5,1.2,0,1.8
MA0.3Cs0.7Sn0.5Pb0.5Cl1.5I1.5,0.3,0,0.7,0,0.5,0.5,1.5,0,1.5
MA0.3Cs0.7Sn0.5Pb0.5Cl1.8I1.2,0.3,0,0.7,0,0.5,0.5,1.8,0,1.2
MA0.3Cs0.7Sn0.5Pb0.5Cl2.1I0.9,0.3,0,0.7,0,0.5,0.5,2.1,0,0.9
MA0.3Cs0.7Sn0.5Pb0.5Cl2.4I0.6,0.3,0,0.7,0,0.5,0.5,2.4,0,0.6
MA0.3Cs0.7Sn0.5Pb0.5Cl2.7I0.3,0.3,0,0.7,0,0.5,0.5,2.7,0,0.3
MA0.3Cs0.7Sn0.5Pb0.5Br0.3I2.7,0.3,0,0.7,0,0.5,0.5,0,0.3,2.7
MA0.3Cs0.7Sn0.5Pb0.5Br0.6I2.4,0.3,0,0.7,0,0.5,0.5,0,0.6,2.4
MA0.3Cs0.7Sn0.5Pb0.5Br0.9I2.1,0.3,0,0.7,0,0.5,0.5,0,0.9,2.1
MA0.3Cs0.7Sn0.5Pb0.5Br1.2I1.8,0.3,0,0.7,0,0.5,0.5,0,1.2,1.8
MA0.3Cs0.7Sn0.5Pb0.5Br1.5I1.5,0.3,0,0.7,0,0.5,0.5,0,1.5,1.5
MA0.3Cs0.7Sn0.5Pb0.5Br1.8I1.2,0.3,0,0.7,0,0.5,0.5,0,1.8,1.2
MA0.3Cs0.7Sn0.5Pb0.5Br2.1I0.9,0.3,0,0.7,0,0.5,0.5,0,2.1,0.9
MA0.3Cs0.7Sn0.5Pb0.5Br2.4I0.6,0.3,0,0.7,0,0.5,0.5,0,2.4,0.6
MA0.3Cs0.7Sn0.5Pb0.5Br2.7I0.3,0.3,0,0.7,0,0.5,0.5,0,2.7,0.3
MA0.3Cs0.7Sn0.4Pb0.6Cl0.3Br2.7,0.3,0,0.7,0,0.6,0.4,0.3,2.7,0
MA0.3Cs0.7Sn0.4Pb0.6Cl0.6Br2.4,0.3,0,0.7,0,0.6,0.4,0.6,2.4,0
MA0.3Cs0.7Sn0.4Pb0.6Cl0.9Br2.1,0.3,0,0.7,0,0.6,0.4,0.9,2.1,0
MA0.3Cs0.7Sn0.4Pb0.6Cl1.2Br1.8,0.3,0,0.7,0,0.6,0.4,1.2,1.8,0
MA0.3Cs0.7Sn0.4Pb0.6Cl1.5Br1.5,0.3,0,0.7,0,0.6,0.4,1.5,1.5,0
MA0.3Cs0.7Sn0.4Pb0.6Cl1.8Br1.2,0.3,0,0.7,0,0.6,0.4,1.8,1.2,0
MA0.3Cs0.7Sn0.4Pb0.6Cl2.1Br0.9,0.3,0,0.7,0,0.6,0.4,2.1,0.9,0
MA0.3Cs0.7Sn0.4Pb0.6Cl2.4Br0.6,0.3,0,0.7,0,0.6,0.4,2.4,0.6,0
MA0.3Cs0.7Sn0.4Pb0.6Cl2.7Br0.3,0.3,0,0.7,0,0.6,0.4,2.7,0.3,0
MA0.3Cs0.7Sn0.4Pb0.6Cl0.3I2.7,0.3,0,0.7,0,0.6,0.4,0.3,0,2.7
MA0.3Cs0.7Sn0.4Pb0.6Cl0.6I2.4,0.3,0,0.7,0,0.6,0.4,0.6,0,2.4
MA0.3Cs0.7Sn0.4Pb0.6Cl0.9I2.1,0.3,0,0.7,0,0.6,0.4,0.9,0,2.1
MA0.3Cs0.7Sn0.4Pb0.6Cl1.2I1.8,0.3,0,0.7,0,0.6,0.4,1.2,0,1.8
MA0.3Cs0.7Sn0.4Pb0.6Cl1.5I1.5,0.3,0,0.7,0,0.6,0.4,1.5,0,1.5
MA0.3Cs0.7Sn0.4Pb0.6Cl1.8I1.2,0.3,0,0.7,0,0.6,0.4,1.8,0,1.2
MA0.3Cs0.7Sn0.4Pb0.6Cl2.1I0.9,0.3,0,0.7,0,0.6,0.4,2.1,0,0.9
MA0.3Cs0.7Sn0.4Pb0.6Cl2.4I0.6,0.3,0,0.7,0,0.6,0.4,2.4,0,0.6
MA0.3Cs0.7Sn0.4Pb0.6Cl2.7I0.3,0.3,0,0.7,0,0.6,0.4,2.7,0,0.3
MA0.3Cs0.7Sn0.4Pb0.6Br0.3I2.7,0.3,0,0.7,0,0.6,0.4,0,0.3,2.7
MA0.3Cs0.7Sn0.4Pb0.6Br0.6I2.4,0.3,0,0.7,0,0.6,0.4,0,0.6,2.4
MA0.3Cs0.7Sn0.4Pb0.6Br0.9I2.1,0.3,0,0.7,0,0.6,0.4,0,0.9,2.1
MA0.3Cs0.7Sn0.4Pb0.6Br1.2I1.8,0.3,0,0.7,0,0.6,0.4,0,1.2,1.8
MA0.3Cs0.7Sn0.4Pb0.6Br1.5I1.5,0.3,0,0.7,0,0.6,0.4,0,1.5,1.5
MA0.3Cs0.7Sn0.4Pb0.6Br1.8I1.2,0.3,0,0.7,0,0.6,0.4,0,1.8,1.2
MA0.3Cs0.7Sn0.4Pb0.6Br2.1I0.9,0.3,0,0.7,0,0.6,0.4,0,2.1,0.9
MA0.3Cs0.7Sn0.4Pb0.6Br2.4I0.6,0.3,0,0.7,0,0.6,0.4,0,2.4,0.6
MA0.3Cs0.7Sn0.4Pb0.6Br2.7I0.3,0.3,0,0.7,0,0.6,0.4,0,2.7,0.3
MA0.3Cs0.7Sn0.3Pb0.7Cl0.3Br2.7,0.3,0,0.7,0,0.7,0.3,0.3,2.7,0
MA0.3Cs0.7Sn0.3Pb0.7Cl0.6Br2.4,0.3,0,0.7,0,0.7,0.3,0.6,2.4,0
MA0.3Cs0.7Sn0.3Pb0.7Cl0.9Br2.1,0.3,0,0.7,0,0.7,0.3,0.9,2.1,0
MA0.3Cs0.7Sn0.3Pb0.7Cl1.2Br1.8,0.3,0,0.7,0,0.7,0.3,1.2,1.8,0
MA0.3Cs0.7Sn0.3Pb0.7Cl1.5Br1.5,0.3,0,0.7,0,0.7,0.3,1.5,1.5,0
MA0.3Cs0.7Sn0.3Pb0.7Cl1.8Br1.2,0.3,0,0.7,0,0.7,0.3,1.8,1.2,0
MA0.3Cs0.7Sn0.3Pb0.7Cl2.1Br0.9,0.3,0,0.7,0,0.7,0.3,2.1,0.9,0
MA0.3Cs0.7Sn0.3Pb0.7Cl2.4Br0.6,0.3,0,0.7,0,0.7,0.3,2.4,0.6,0
MA0.3Cs0.7Sn0.3Pb0.7Cl2.7Br0.3,0.3,0,0.7,0,0.7,0.3,2.7,0.3,0
MA0.3Cs0.7Sn0.3Pb0.7Cl0.3I2.7,0.3,0,0.7,0,0.7,0.3,0.3,0,2.7
MA0.3Cs0.7Sn0.3Pb0.7Cl0.6I2.4,0.3,0,0.7,0,0.7,0.3,0.6,0,2.4
MA0.3Cs0.7Sn0.3Pb0.7Cl0.9I2.1,0.3,0,0.7,0,0.7,0.3,0.9,0,2.1
MA0.3Cs0.7Sn0.3Pb0.7Cl1.2I1.8,0.3,0,0.7,0,0.7,0.3,1.2,0,1.8
MA0.3Cs0.7Sn0.3Pb0.7Cl1.5I1.5,0.3,0,0.7,0,0.7,0.3,1.5,0,1.5
MA0.3Cs0.7Sn0.3Pb0.7Cl1.8I1.2,0.3,0,0.7,0,0.7,0.3,1.8,0,1.2
MA0.3Cs0.7Sn0.3Pb0.7Cl2.1I0.9,0.3,0,0.7,0,0.7,0.3,2.1,0,0.9
MA0.3Cs0.7Sn0.3Pb0.7Cl2.4I0.6,0.3,0,0.7,0,0.7,0.3,2.4,0,0.6
MA0.3Cs0.7Sn0.3Pb0.7Cl2.7I0.3,0.3,0,0.7,0,0.7,0.3,2.7,0,0.3
MA0.3Cs0.7Sn0.3Pb0.7Br0.3I2.7,0.3,0,0.7,0,0.7,0.3,0,0.3,2.7
MA0.3Cs0.7Sn0.3Pb0.7Br0.6I2.4,0.3,0,0.7,0,0.7,0.3,0,0.6,2.4
MA0.3Cs0.7Sn0.3Pb0.7Br0.9I2.1,0.3,0,0.7,0,0.7,0.3,0,0.9,2.1
MA0.3Cs0.7Sn0.3Pb0.7Br1.2I1.8,0.3,0,0.7,0,0.7,0.3,0,1.2,1.8
MA0.3Cs0.7Sn0.3Pb0.7Br1.5I1.5,0.3,0,0.7,0,0.7,0.3,0,1.5,1.5
MA0.3Cs0.7Sn0.3Pb0.7Br1.8I1.2,0.3,0,0.7,0,0.7,0.3,0,1.8,1.2
MA0.3Cs0.7Sn0.3Pb0.7Br2.1I0.9,0.3,0,0.7,0,0.7,0.3,0,2.1,0.9
MA0.3Cs0.7Sn0.3Pb0.7Br2.4I0.6,0.3,0,0.7,0,0.7,0.3,0,2.4,0.6
MA0.3Cs0.7Sn0.3Pb0.7Br2.7I0.3,0.3,0,0.7,0,0.7,0.3,0,2.7,0.3
MA0.3Cs0.7Sn0.2Pb0.8Cl0.3Br2.7,0.3,0,0.7,0,0.8,0.2,0.3,2.7,0
MA0.3Cs0.7Sn0.2Pb0.8Cl0.6Br2.4,0.3,0,0.7,0,0.8,0.2,0.6,2.4,0
MA0.3Cs0.7Sn0.2Pb0.8Cl0.9Br2.1,0.3,0,0.7,0,0.8,0.2,0.9,2.1,0
MA0.3Cs0.7Sn0.2Pb0.8Cl1.2Br1.8,0.3,0,0.7,0,0.8,0.2,1.2,1.8,0
MA0.3Cs0.7Sn0.2Pb0.8Cl1.5Br1.5,0.3,0,0.7,0,0.8,0.2,1.5,1.5,0
MA0.3Cs0.7Sn0.2Pb0.8Cl1.8Br1.2,0.3,0,0.7,0,0.8,0.2,1.8,1.2,0
MA0.3Cs0.7Sn0.2Pb0.8Cl2.1Br0.9,0.3,0,0.7,0,0.8,0.2,2.1,0.9,0
MA0.3Cs0.7Sn0.2Pb0.8Cl2.4Br0.6,0.3,0,0.7,0,0.8,0.2,2.4,0.6,0
MA0.3Cs0.7Sn0.2Pb0.8Cl2.7Br0.3,0.3,0,0.7,0,0.8,0.2,2.7,0.3,0
MA0.3Cs0.7Sn0.2Pb0.8Cl0.3I2.7,0.3,0,0.7,0,0.8,0.2,0.3,0,2.7
MA0.3Cs0.7Sn0.2Pb0.8Cl0.6I2.4,0.3,0,0.7,0,0.8,0.2,0.6,0,2.4
MA0.3Cs0.7Sn0.2Pb0.8Cl0.9I2.1,0.3,0,0.7,0,0.8,0.2,0.9,0,2.1
MA0.3Cs0.7Sn0.2Pb0.8Cl1.2I1.8,0.3,0,0.7,0,0.8,0.2,1.2,0,1.8
MA0.3Cs0.7Sn0.2Pb0.8Cl1.5I1.5,0.3,0,0.7,0,0.8,0.2,1.5,0,1.5
MA0.3Cs0.7Sn0.2Pb0.8Cl1.8I1.2,0.3,0,0.7,0,0.8,0.2,1.8,0,1.2
MA0.3Cs0.7Sn0.2Pb0.8Cl2.1I0.9,0.3,0,0.7,0,0.8,0.2,2.1,0,0.9
MA0.3Cs0.7Sn0.2Pb0.8Cl2.4I0.6,0.3,0,0.7,0,0.8,0.2,2.4,0,0.6
MA0.3Cs0.7Sn0.2Pb0.8Cl2.7I0.3,0.3,0,0.7,0,0.8,0.2,2.7,0,0.3
MA0.3Cs0.7Sn0.2Pb0.8Br0.3I2.7,0.3,0,0.7,0,0.8,0.2,0,0.3,2.7
MA0.3Cs0.7Sn0.2Pb0.8Br0.6I2.4,0.3,0,0.7,0,0.8,0.2,0,0.6,2.4
MA0.3Cs0.7Sn0.2Pb0.8Br0.9I2.1,0.3,0,0.7,0,0.8,0.2,0,0.9,2.1
MA0.3Cs0.7Sn0.2Pb0.8Br1.2I1.8,0.3,0,0.7,0,0.8,0.2,0,1.2,1.8
MA0.3Cs0.7Sn0.2Pb0.8Br1.5I1.5,0.3,0,0.7,0,0.8,0.2,0,1.5,1.5
MA0.3Cs0.7Sn0.2Pb0.8Br1.8I1.2,0.3,0,0.7,0,0.8,0.2,0,1.8,1.2
MA0.3Cs0.7Sn0.2Pb0.8Br2.1I0.9,0.3,0,0.7,0,0.8,0.2,0,2.1,0.9
MA0.3Cs0.7Sn0.2Pb0.8Br2.4I0.6,0.3,0,0.7,0,0.8,0.2,0,2.4,0.6
MA0.3Cs0.7Sn0.2Pb0.8Br2.7I0.3,0.3,0,0.7,0,0.8,0.2,0,2.7,0.3
MA0.3Cs0.7Sn0.1Pb0.9Cl0.3Br2.7,0.3,0,0.7,0,0.9,0.1,0.3,2.7,0
MA0.3Cs0.7Sn0.1Pb0.9Cl0.6Br2.4,0.3,0,0.7,0,0.9,0.1,0.6,2.4,0
MA0.3Cs0.7Sn0.1Pb0.9Cl0.9Br2.1,0.3,0,0.7,0,0.9,0.1,0.9,2.1,0
MA0.3Cs0.7Sn0.1Pb0.9Cl1.2Br1.8,0.3,0,0.7,0,0.9,0.1,1.2,1.8,0
MA0.3Cs0.7Sn0.1Pb0.9Cl1.5Br1.5,0.3,0,0.7,0,0.9,0.1,1.5,1.5,0
MA0.3Cs0.7Sn0.1Pb0.9Cl1.8Br1.2,0.3,0,0.7,0,0.9,0.1,1.8,1.2,0
MA0.3Cs0.7Sn0.1Pb0.9Cl2.1Br0.9,0.3,0,0.7,0,0.9,0.1,2.1,0.9,0
MA0.3Cs0.7Sn0.1Pb0.9Cl2.4Br0.6,0.3,0,0.7,0,0.9,0.1,2.4,0.6,0
MA0.3Cs0.7Sn0.1Pb0.9Cl2.7Br0.3,0.3,0,0.7,0,0.9,0.1,2.7,0.3,0
MA0.3Cs0.7Sn0.1Pb0.9Cl0.3I2.7,0.3,0,0.7,0,0.9,0.1,0.3,0,2.7
MA0.3Cs0.7Sn0.1Pb0.9Cl0.6I2.4,0.3,0,0.7,0,0.9,0.1,0.6,0,2.4
MA0.3Cs0.7Sn0.1Pb0.9Cl0.9I2.1,0.3,0,0.7,0,0.9,0.1,0.9,0,2.1
MA0.3Cs0.7Sn0.1Pb0.9Cl1.2I1.8,0.3,0,0.7,0,0.9,0.1,1.2,0,1.8
MA0.3Cs0.7Sn0.1Pb0.9Cl1.5I1.5,0.3,0,0.7,0,0.9,0.1,1.5,0,1.5
MA0.3Cs0.7Sn0.1Pb0.9Cl1.8I1.2,0.3,0,0.7,0,0.9,0.1,1.8,0,1.2
MA0.3Cs0.7Sn0.1Pb0.9Cl2.1I0.9,0.3,0,0.7,0,0.9,0.1,2.1,0,0.9
MA0.3Cs0.7Sn0.1Pb0.9Cl2.4I0.6,0.3,0,0.7,0,0.9,0.1,2.4,0,0.6
MA0.3Cs0.7Sn0.1Pb0.9Cl2.7I0.3,0.3,0,0.7,0,0.9,0.1,2.7,0,0.3
MA0.3Cs0.7Sn0.1Pb0.9Br0.3I2.7,0.3,0,0.7,0,0.9,0.1,0,0.3,2.7
MA0.3Cs0.7Sn0.1Pb0.9Br0.6I2.4,0.3,0,0.7,0,0.9,0.1,0,0.6,2.4
MA0.3Cs0.7Sn0.1Pb0.9Br0.9I2.1,0.3,0,0.7,0,0.9,0.1,0,0.9,2.1
MA0.3Cs0.7Sn0.1Pb0.9Br1.2I1.8,0.3,0,0.7,0,0.9,0.1,0,1.2,1.8
MA0.3Cs0.7Sn0.1Pb0.9Br1.5I1.5,0.3,0,0.7,0,0.9,0.1,0,1.5,1.5
MA0.3Cs0.7Sn0.1Pb0.9Br1.8I1.2,0.3,0,0.7,0,0.9,0.1,0,1.8,1.2
MA0.3Cs0.7Sn0.1Pb0.9Br2.1I0.9,0.3,0,0.7,0,0.9,0.1,0,2.1,0.9
MA0.3Cs0.7Sn0.1Pb0.9Br2.4I0.6,0.3,0,0.7,0,0.9,0.1,0,2.4,0.6
MA0.3Cs0.7Sn0.1Pb0.9Br2.7I0.3,0.3,0,0.7,0,0.9,0.1,0,2.7,0.3
MA0.4Cs0.6Sn0.9Pb0.1Cl0.3Br2.7,0.4,0,0.6,0,0.1,0.9,0.3,2.7,0
MA0.4Cs0.6Sn0.9Pb0.1Cl0.6Br2.4,0.4,0,0.6,0,0.1,0.9,0.6,2.4,0
MA0.4Cs0.6Sn0.9Pb0.1Cl0.9Br2.1,0.4,0,0.6,0,0.1,0.9,0.9,2.1,0
MA0.4Cs0.6Sn0.9Pb0.1Cl1.2Br1.8,0.4,0,0.6,0,0.1,0.9,1.2,1.8,0
MA0.4Cs0.6Sn0.9Pb0.1Cl1.5Br1.5,0.4,0,0.6,0,0.1,0.9,1.5,1.5,0
MA0.4Cs0.6Sn0.9Pb0.1Cl1.8Br1.2,0.4,0,0.6,0,0.1,0.9,1.8,1.2,0
MA0.4Cs0.6Sn0.9Pb0.1Cl2.1Br0.9,0.4,0,0.6,0,0.1,0.9,2.1,0.9,0
MA0.4Cs0.6Sn0.9Pb0.1Cl2.4Br0.6,0.4,0,0.6,0,0.1,0.9,2.4,0.6,0
MA0.4Cs0.6Sn0.9Pb0.1Cl2.7Br0.3,0.4,0,0.6,0,0.1,0.9,2.7,0.3,0
MA0.4Cs0.6Sn0.9Pb0.1Cl0.3I2.7,0.4,0,0.6,0,0.1,0.9,0.3,0,2.7
MA0.4Cs0.6Sn0.9Pb0.1Cl0.6I2.4,0.4,0,0.6,0,0.1,0.9,0.6,0,2.4
MA0.4Cs0.6Sn0.9Pb0.1Cl0.9I2.1,0.4,0,0.6,0,0.1,0.9,0.9,0,2.1
MA0.4Cs0.6Sn0.9Pb0.1Cl1.2I1.8,0.4,0,0.6,0,0.1,0.9,1.2,0,1.8
MA0.4Cs0.6Sn0.9Pb0.1Cl1.5I1.5,0.4,0,0.6,0,0.1,0.9,1.5,0,1.5
MA0.4Cs0.6Sn0.9Pb0.1Cl1.8I1.2,0.4,0,0.6,0,0.1,0.9,1.8,0,1.2
MA0.4Cs0.6Sn0.9Pb0.1Cl2.1I0.9,0.4,0,0.6,0,0.1,0.9,2.1,0,0.9
MA0.4Cs0.6Sn0.9Pb0.1Cl2.4I0.6,0.4,0,0.6,0,0.1,0.9,2.4,0,0.6
MA0.4Cs0.6Sn0.9Pb0.1Cl2.7I0.3,0.4,0,0.6,0,0.1,0.9,2.7,0,0.3
MA0.4Cs0.6Sn0.9Pb0.1Br0.3I2.7,0.4,0,0.6,0,0.1,0.9,0,0.3,2.7
MA0.4Cs0.6Sn0.9Pb0.1Br0.6I2.4,0.4,0,0.6,0,0.1,0.9,0,0.6,2.4
MA0.4Cs0.6Sn0.9Pb0.1Br0.9I2.1,0.4,0,0.6,0,0.1,0.9,0,0.9,2.1
MA0.4Cs0.6Sn0.9Pb0.1Br1.2I1.8,0.4,0,0.6,0,0.1,0.9,0,1.2,1.8
MA0.4Cs0.6Sn0.9Pb0.1Br1.5I1.5,0.4,0,0.6,0,0.1,0.9,0,1.5,1.5
MA0.4Cs0.6Sn0.9Pb0.1Br1.8I1.2,0.4,0,0.6,0,0.1,0.9,0,1.8,1.2
MA0.4Cs0.6Sn0.9Pb0.1Br2.1I0.9,0.4,0,0.6,0,0.1,0.9,0,2.1,0.9
MA0.4Cs0.6Sn0.9Pb0.1Br2.4I0.6,0.4,0,0.6,0,0.1,0.9,0,2.4,0.6
MA0.4Cs0.6Sn0.9Pb0.1Br2.7I0.3,0.4,0,0.6,0,0.1,0.9,0,2.7,0.3
MA0.4Cs0.6Sn0.8Pb0.2Cl0.3Br2.7,0.4,0,0.6,0,0.2,0.8,0.3,2.7,0
MA0.4Cs0.6Sn0.8Pb0.2Cl0.6Br2.4,0.4,0,0.6,0,0.2,0.8,0.6,2.4,0
MA0.4Cs0.6Sn0.8Pb0.2Cl0.9Br2.1,0.4,0,0.6,0,0.2,0.8,0.9,2.1,0
MA0.4Cs0.6Sn0.8Pb0.2Cl1.2Br1.8,0.4,0,0.6,0,0.2,0.8,1.2,1.8,0
MA0.4Cs0.6Sn0.8Pb0.2Cl1.5Br1.5,0.4,0,0.6,0,0.2,0.8,1.5,1.5,0
MA0.4Cs0.6Sn0.8Pb0.2Cl1.8Br1.2,0.4,0,0.6,0,0.2,0.8,1.8,1.2,0
MA0.4Cs0.6Sn0.8Pb0.2Cl2.1Br0.9,0.4,0,0.6,0,0.2,0.8,2.1,0.9,0
MA0.4Cs0.6Sn0.8Pb0.2Cl2.4Br0.6,0.4,0,0.6,0,0.2,0.8,2.4,0.6,0
MA0.4Cs0.6Sn0.8Pb0.2Cl2.7Br0.3,0.4,0,0.6,0,0.2,0.8,2.7,0.3,0
MA0.4Cs0.6Sn0.8Pb0.2Cl0.3I2.7,0.4,0,0.6,0,0.2,0.8,0.3,0,2.7
MA0.4Cs0.6Sn0.8Pb0.2Cl0.6I2.4,0.4,0,0.6,0,0.2,0.8,0.6,0,2.4
MA0.4Cs0.6Sn0.8Pb0.2Cl0.9I2.1,0.4,0,0.6,0,0.2,0.8,0.9,0,2.1
MA0.4Cs0.6Sn0.8Pb0.2Cl1.2I1.8,0.4,0,0.6,0,0.2,0.8,1.2,0,1.8
MA0.4Cs0.6Sn0.8Pb0.2Cl1.5I1.5,0.4,0,0.6,0,0.2,0.8,1.5,0,1.5
MA0.4Cs0.6Sn0.8Pb0.2Cl1.8I1.2,0.4,0,0.6,0,0.2,0.8,1.8,0,1.2
MA0.4Cs0.6Sn0.8Pb0.2Cl2.1I0.9,0.4,0,0.6,0,0.2,0.8,2.1,0,0.9
MA0.4Cs0.6Sn0.8Pb0.2Cl2.4I0.6,0.4,0,0.6,0,0.2,0.8,2.4,0,0.6
MA0.4Cs0.6Sn0.8Pb0.2Cl2.7I0.3,0.4,0,0.6,0,0.2,0.8,2.7,0,0.3
MA0.4Cs0.6Sn0.8Pb0.2Br0.3I2.7,0.4,0,0.6,0,0.2,0.8,0,0.3,2.7
MA0.4Cs0.6Sn0.8Pb0.2Br0.6I2.4,0.4,0,0.6,0,0.2,0.8,0,0.6,2.4
MA0.4Cs0.6Sn0.8Pb0.2Br0.9I2.1,0.4,0,0.6,0,0.2,0.8,0,0.9,2.1
MA0.4Cs0.6Sn0.8Pb0.2Br1.2I1.8,0.4,0,0.6,0,0.2,0.8,0,1.2,1.8
MA0.4Cs0.6Sn0.8Pb0.2Br1.5I1.5,0.4,0,0.6,0,0.2,0.8,0,1.5,1.5
MA0.4Cs0.6Sn0.8Pb0.2Br1.8I1.2,0.4,0,0.6,0,0.2,0.8,0,1.8,1.2
MA0.4Cs0.6Sn0.8Pb0.2Br2.1I0.9,0.4,0,0.6,0,0.2,0.8,0,2.1,0.9
MA0.4Cs0.6Sn0.8Pb0.2Br2.4I0.6,0.4,0,0.6,0,0.2,0.8,0,2.4,0.6
MA0.4Cs0.6Sn0.8Pb0.2Br2.7I0.3,0.4,0,0.6,0,0.2,0.8,0,2.7,0.3
MA0.4Cs0.6Sn0.7Pb0.3Cl0.3Br2.7,0.4,0,0.6,0,0.3,0.7,0.3,2.7,0
MA0.4Cs0.6Sn0.7Pb0.3Cl0.6Br2.4,0.4,0,0.6,0,0.3,0.7,0.6,2.4,0
MA0.4Cs0.6Sn0.7Pb0.3Cl0.9Br2.1,0.4,0,0.6,0,0.3,0.7,0.9,2.1,0
MA0.4Cs0.6Sn0.7Pb0.3Cl1.2Br1.8,0.4,0,0.6,0,0.3,0.7,1.2,1.8,0
MA0.4Cs0.6Sn0.7Pb0.3Cl1.5Br1.5,0.4,0,0.6,0,0.3,0.7,1.5,1.5,0
MA0.4Cs0.6Sn0.7Pb0.3Cl1.8Br1.2,0.4,0,0.6,0,0.3,0.7,1.8,1.2,0
MA0.4Cs0.6Sn0.7Pb0.3Cl2.1Br0.9,0.4,0,0.6,0,0.3,0.7,2.1,0.9,0
MA0.4Cs0.6Sn0.7Pb0.3Cl2.4Br0.6,0.4,0,0.6,0,0.3,0.7,2.4,0.6,0
MA0.4Cs0.6Sn0.7Pb0.3Cl2.7Br0.3,0.4,0,0.6,0,0.3,0.7,2.7,0.3,0
MA0.4Cs0.6Sn0.7Pb0.3Cl0.3I2.7,0.4,0,0.6,0,0.3,0.7,0.3,0,2.7
MA0.4Cs0.6Sn0.7Pb0.3Cl0.6I2.4,0.4,0,0.6,0,0.3,0.7,0.6,0,2.4
MA0.4Cs0.6Sn0.7Pb0.3Cl0.9I2.1,0.4,0,0.6,0,0.3,0.7,0.9,0,2.1
MA0.4Cs0.6Sn0.7Pb0.3Cl1.2I1.8,0.4,0,0.6,0,0.3,0.7,1.2,0,1.8
MA0.4Cs0.6Sn0.7Pb0.3Cl1.5I1.5,0.4,0,0.6,0,0.3,0.7,1.5,0,1.5
MA0.4Cs0.6Sn0.7Pb0.3Cl1.8I1.2,0.4,0,0.6,0,0.3,0.7,1.8,0,1.2
MA0.4Cs0.6Sn0.7Pb0.3Cl2.1I0.9,0.4,0,0.6,0,0.3,0.7,2.1,0,0.9
MA0.4Cs0.6Sn0.7Pb0.3Cl2.4I0.6,0.4,0,0.6,0,0.3,0.7,2.4,0,0.6
MA0.4Cs0.6Sn0.7Pb0.3Cl2.7I0.3,0.4,0,0.6,0,0.3,0.7,2.7,0,0.3
MA0.4Cs0.6Sn0.7Pb0.3Br0.3I2.7,0.4,0,0.6,0,0.3,0.7,0,0.3,2.7
MA0.4Cs0.6Sn0.7Pb0.3Br0.6I2.4,0.4,0,0.6,0,0.3,0.7,0,0.6,2.4
MA0.4Cs0.6Sn0.7Pb0.3Br0.9I2.1,0.4,0,0.6,0,0.3,0.7,0,0.9,2.1
MA0.4Cs0.6Sn0.7Pb0.3Br1.2I1.8,0.4,0,0.6,0,0.3,0.7,0,1.2,1.8
MA0.4Cs0.6Sn0.7Pb0.3Br1.5I1.5,0.4,0,0.6,0,0.3,0.7,0,1.5,1.5
MA0.4Cs0.6Sn0.7Pb0.3Br1.8I1.2,0.4,0,0.6,0,0.3,0.7,0,1.8,1.2
MA0.4Cs0.6Sn0.7Pb0.3Br2.1I0.9,0.4,0,0.6,0,0.3,0.7,0,2.1,0.9
MA0.4Cs0.6Sn0.7Pb0.3Br2.4I0.6,0.4,0,0.6,0,0.3,0.7,0,2.4,0.6
MA0.4Cs0.6Sn0.7Pb0.3Br2.7I0.3,0.4,0,0.6,0,0.3,0.7,0,2.7,0.3
MA0.4Cs0.6Sn0.6Pb0.4Cl0.3Br2.7,0.4,0,0.6,0,0.4,0.6,0.3,2.7,0
MA0.4Cs0.6Sn0.6Pb0.4Cl0.6Br2.4,0.4,0,0.6,0,0.4,0.6,0.6,2.4,0
MA0.4Cs0.6Sn0.6Pb0.4Cl0.9Br2.1,0.4,0,0.6,0,0.4,0.6,0.9,2.1,0
MA0.4Cs0.6Sn0.6Pb0.4Cl1.2Br1.8,0.4,0,0.6,0,0.4,0.6,1.2,1.8,0
MA0.4Cs0.6Sn0.6Pb0.4Cl1.5Br1.5,0.4,0,0.6,0,0.4,0.6,1.5,1.5,0
MA0.4Cs0.6Sn0.6Pb0.4Cl1.8Br1.2,0.4,0,0.6,0,0.4,0.6,1.8,1.2,0
MA0.4Cs0.6Sn0.6Pb0.4Cl2.1Br0.9,0.4,0,0.6,0,0.4,0.6,2.1,0.9,0
MA0.4Cs0.6Sn0.6Pb0.4Cl2.4Br0.6,0.4,0,0.6,0,0.4,0.6,2.4,0.6,0
MA0.4Cs0.6Sn0.6Pb0.4Cl2.7Br0.3,0.4,0,0.6,0,0.4,0.6,2.7,0.3,0
MA0.4Cs0.6Sn0.6Pb0.4Cl0.3I2.7,0.4,0,0.6,0,0.4,0.6,0.3,0,2.7
MA0.4Cs0.6Sn0.6Pb0.4Cl0.6I2.4,0.4,0,0.6,0,0.4,0.6,0.6,0,2.4
MA0.4Cs0.6Sn0.6Pb0.4Cl0.9I2.1,0.4,0,0.6,0,0.4,0.6,0.9,0,2.1
MA0.4Cs0.6Sn0.6Pb0.4Cl1.2I1.8,0.4,0,0.6,0,0.4,0.6,1.2,0,1.8
MA0.4Cs0.6Sn0.6Pb0.4Cl1.5I1.5,0.4,0,0.6,0,0.4,0.6,1.5,0,1.5
MA0.4Cs0.6Sn0.6Pb0.4Cl1.8I1.2,0.4,0,0.6,0,0.4,0.6,1.8,0,1.2
MA0.4Cs0.6Sn0.6Pb0.4Cl2.1I0.9,0.4,0,0.6,0,0.4,0.6,2.1,0,0.9
MA0.4Cs0.6Sn0.6Pb0.4Cl2.4I0.6,0.4,0,0.6,0,0.4,0.6,2.4,0,0.6
MA0.4Cs0.6Sn0.6Pb0.4Cl2.7I0.3,0.4,0,0.6,0,0.4,0.6,2.7,0,0.3
MA0.4Cs0.6Sn0.6Pb0.4Br0.3I2.7,0.4,0,0.6,0,0.4,0.6,0,0.3,2.7
MA0.4Cs0.6Sn0.6Pb0.4Br0.6I2.4,0.4,0,0.6,0,0.4,0.6,0,0.6,2.4
MA0.4Cs0.6Sn0.6Pb0.4Br0.9I2.1,0.4,0,0.6,0,0.4,0.6,0,0.9,2.1
MA0.4Cs0.6Sn0.6Pb0.4Br1.2I1.8,0.4,0,0.6,0,0.4,0.6,0,1.2,1.8
MA0.4Cs0.6Sn0.6Pb0.4Br1.5I1.5,0.4,0,0.6,0,0.4,0.6,0,1.5,1.5
MA0.4Cs0.6Sn0.6Pb0.4Br1.8I1.2,0.4,0,0.6,0,0.4,0.6,0,1.8,1.2
MA0.4Cs0.6Sn0.6Pb0.4Br2.1I0.9,0.4,0,0.6,0,0.4,0.6,0,2.1,0.9
MA0.4Cs0.6Sn0.6Pb0.4Br2.4I0.6,0.4,0,0.6,0,0.4,0.6,0,2.4,0.6
MA0.4Cs0.6Sn0.6Pb0.4Br2.7I0.3,0.4,0,0.6,0,0.4,0.6,0,2.7,0.3
MA0.4Cs0.6Sn0.5Pb0.5Cl0.3Br2.7,0.4,0,0.6,0,0.5,0.5,0.3,2.7,0
MA0.4Cs0.6Sn0.5Pb0.5Cl0.6Br2.4,0.4,0,0.6,0,0.5,0.5,0.6,2.4,0
MA0.4Cs0.6Sn0.5Pb0.5Cl0.9Br2.1,0.4,0,0.6,0,0.5,0.5,0.9,2.1,0
MA0.4Cs0.6Sn0.5Pb0.5Cl1.2Br1.8,0.4,0,0.6,0,0.5,0.5,1.2,1.8,0
MA0.4Cs0.6Sn0.5Pb0.5Cl1.5Br1.5,0.4,0,0.6,0,0.5,0.5,1.5,1.5,0
MA0.4Cs0.6Sn0.5Pb0.5Cl1.8Br1.2,0.4,0,0.6,0,0.5,0.5,1.8,1.2,0
MA0.4Cs0.6Sn0.5Pb0.5Cl2.1Br0.9,0.4,0,0.6,0,0.5,0.5,2.1,0.9,0
MA0.4Cs0.6Sn0.5Pb0.5Cl2.4Br0.6,0.4,0,0.6,0,0.5,0.5,2.4,0.6,0
MA0.4Cs0.6Sn0.5Pb0.5Cl2.7Br0.3,0.4,0,0.6,0,0.5,0.5,2.7,0.3,0
MA0.4Cs0.6Sn0.5Pb0.5Cl0.3I2.7,0.4,0,0.6,0,0.5,0.5,0.3,0,2.7
MA0.4Cs0.6Sn0.5Pb0.5Cl0.6I2.4,0.4,0,0.6,0,0.5,0.5,0.6,0,2.4
MA0.4Cs0.6Sn0.5Pb0.5Cl0.9I2.1,0.4,0,0.6,0,0.5,0.5,0.9,0,2.1
MA0.4Cs0.6Sn0.5Pb0.5Cl1.2I1.8,0.4,0,0.6,0,0.5,0.5,1.2,0,1.8
MA0.4Cs0.6Sn0.5Pb0.5Cl1.5I1.5,0.4,0,0.6,0,0.5,0.5,1.5,0,1.5
MA0.4Cs0.6Sn0.5Pb0.5Cl1.8I1.2,0.4,0,0.6,0,0.5,0.5,1.8,0,1.2
MA0.4Cs0.6Sn0.5Pb0.5Cl2.1I0.9,0.4,0,0.6,0,0.5,0.5,2.1,0,0.9
MA0.4Cs0.6Sn0.5Pb0.5Cl2.4I0.6,0.4,0,0.6,0,0.5,0.5,2.4,0,0.6
MA0.4Cs0.6Sn0.5Pb0.5Cl2.7I0.3,0.4,0,0.6,0,0.5,0.5,2.7,0,0.3
MA0.4Cs0.6Sn0.5Pb0.5Br0.3I2.7,0.4,0,0.6,0,0.5,0.5,0,0.3,2.7
MA0.4Cs0.6Sn0.5Pb0.5Br0.6I2.4,0.4,0,0.6,0,0.5,0.5,0,0.6,2.4
MA0.4Cs0.6Sn0.5Pb0.5Br0.9I2.1,0.4,0,0.6,0,0.5,0.5,0,0.9,2.1
MA0.4Cs0.6Sn0.5Pb0.5Br1.2I1.8,0.4,0,0.6,0,0.5,0.5,0,1.2,1.8
MA0.4Cs0.6Sn0.5Pb0.5Br1.5I1.5,0.4,0,0.6,0,0.5,0.5,0,1.5,1.5
MA0.4Cs0.6Sn0.5Pb0.5Br1.8I1.2,0.4,0,0.6,0,0.5,0.5,0,1.8,1.2
MA0.4Cs0.6Sn0.5Pb0.5Br2.1I0.9,0.4,0,0.6,0,0.5,0.5,0,2.1,0.9
MA0.4Cs0.6Sn0.5Pb0.5Br2.4I0.6,0.4,0,0.6,0,0.5,0.5,0,2.4,0.6
MA0.4Cs0.6Sn0.5Pb0.5Br2.7I0.3,0.4,0,0.6,0,0.5,0.5,0,2.7,0.3
MA0.4Cs0.6Sn0.4Pb0.6Cl0.3Br2.7,0.4,0,0.6,0,0.6,0.4,0.3,2.7,0
MA0.4Cs0.6Sn0.4Pb0.6Cl0.6Br2.4,0.4,0,0.6,0,0.6,0.4,0.6,2.4,0
MA0.4Cs0.6Sn0.4Pb0.6Cl0.9Br2.1,0.4,0,0.6,0,0.6,0.4,0.9,2.1,0
MA0.4Cs0.6Sn0.4Pb0.6Cl1.2Br1.8,0.4,0,0.6,0,0.6,0.4,1.2,1.8,0
MA0.4Cs0.6Sn0.4Pb0.6Cl1.5Br1.5,0.4,0,0.6,0,0.6,0.4,1.5,1.5,0
MA0.4Cs0.6Sn0.4Pb0.6Cl1.8Br1.2,0.4,0,0.6,0,0.6,0.4,1.8,1.2,0
MA0.4Cs0.6Sn0.4Pb0.6Cl2.1Br0.9,0.4,0,0.6,0,0.6,0.4,2.1,0.9,0
MA0.4Cs0.6Sn0.4Pb0.6Cl2.4Br0.6,0.4,0,0.6,0,0.6,0.4,2.4,0.6,0
MA0.4Cs0.6Sn0.4Pb0.6Cl2.7Br0.3,0.4,0,0.6,0,0.6,0.4,2.7,0.3,0
MA0.4Cs0.6Sn0.4Pb0.6Cl0.3I2.7,0.4,0,0.6,0,0.6,0.4,0.3,0,2.7
MA0.4Cs0.6Sn0.4Pb0.6Cl0.6I2.4,0.4,0,0.6,0,0.6,0.4,0.6,0,2.4
MA0.4Cs0.6Sn0.4Pb0.6Cl0.9I2.1,0.4,0,0.6,0,0.6,0.4,0.9,0,2.1
MA0.4Cs0.6Sn0.4Pb0.6Cl1.2I1.8,0.4,0,0.6,0,0.6,0.4,1.2,0,1.8
MA0.4Cs0.6Sn0.4Pb0.6Cl1.5I1.5,0.4,0,0.6,0,0.6,0.4,1.5,0,1.5
MA0.4Cs0.6Sn0.4Pb0.6Cl1.8I1.2,0.4,0,0.6,0,0.6,0.4,1.8,0,1.2
MA0.4Cs0.6Sn0.4Pb0.6Cl2.1I0.9,0.4,0,0.6,0,0.6,0.4,2.1,0,0.9
MA0.4Cs0.6Sn0.4Pb0.6Cl2.4I0.6,0.4,0,0.6,0,0.6,0.4,2.4,0,0.6
MA0.4Cs0.6Sn0.4Pb0.6Cl2.7I0.3,0.4,0,0.6,0,0.6,0.4,2.7,0,0.3
MA0.4Cs0.6Sn0.4Pb0.6Br0.3I2.7,0.4,0,0.6,0,0.6,0.4,0,0.3,2.7
MA0.4Cs0.6Sn0.4Pb0.6Br0.6I2.4,0.4,0,0.6,0,0.6,0.4,0,0.6,2.4
MA0.4Cs0.6Sn0.4Pb0.6Br0.9I2.1,0.4,0,0.6,0,0.6,0.4,0,0.9,2.1
MA0.4Cs0.6Sn0.4Pb0.6Br1.2I1.8,0.4,0,0.6,0,0.6,0.4,0,1.2,1.8
MA0.4Cs0.6Sn0.4Pb0.6Br1.5I1.5,0.4,0,0.6,0,0.6,0.4,0,1.5,1.5
MA0.4Cs0.6Sn0.4Pb0.6Br1.8I1.2,0.4,0,0.6,0,0.6,0.4,0,1.8,1.2
MA0.4Cs0.6Sn0.4Pb0.6Br2.1I0.9,0.4,0,0.6,0,0.6,0.4,0,2.1,0.9
MA0.4Cs0.6Sn0.4Pb0.6Br2.4I0.6,0.4,0,0.6,0,0.6,0.4,0,2.4,0.6
MA0.4Cs0.6Sn0.4Pb0.6Br2.7I0.3,0.4,0,0.6,0,0.6,0.4,0,2.7,0.3
MA0.4Cs0.6Sn0.3Pb0.7Cl0.3Br2.7,0.4,0,0.6,0,0.7,0.3,0.3,2.7,0
MA0.4Cs0.6Sn0.3Pb0.7Cl0.6Br2.4,0.4,0,0.6,0,0.7,0.3,0.6,2.4,0
MA0.4Cs0.6Sn0.3Pb0.7Cl0.9Br2.1,0.4,0,0.6,0,0.7,0.3,0.9,2.1,0
MA0.4Cs0.6Sn0.3Pb0.7Cl1.2Br1.8,0.4,0,0.6,0,0.7,0.3,1.2,1.8,0
MA0.4Cs0.6Sn0.3Pb0.7Cl1.5Br1.5,0.4,0,0.6,0,0.7,0.3,1.5,1.5,0
MA0.4Cs0.6Sn0.3Pb0.7Cl1.8Br1.2,0.4,0,0.6,0,0.7,0.3,1.8,1.2,0
MA0.4Cs0.6Sn0.3Pb0.7Cl2.1Br0.9,0.4,0,0.6,0,0.7,0.3,2.1,0.9,0
MA0.4Cs0.6Sn0.3Pb0.7Cl2.4Br0.6,0.4,0,0.6,0,0.7,0.3,2.4,0.6,0
MA0.4Cs0.6Sn0.3Pb0.7Cl2.7Br0.3,0.4,0,0.6,0,0.7,0.3,2.7,0.3,0
MA0.4Cs0.6Sn0.3Pb0.7Cl0.3I2.7,0.4,0,0.6,0,0.7,0.3,0.3,0,2.7
MA0.4Cs0.6Sn0.3Pb0.7Cl0.6I2.4,0.4,0,0.6,0,0.7,0.3,0.6,0,2.4
MA0.4Cs0.6Sn0.3Pb0.7Cl0.9I2.1,0.4,0,0.6,0,0.7,0.3,0.9,0,2.1
MA0.4Cs0.6Sn0.3Pb0.7Cl1.2I1.8,0.4,0,0.6,0,0.7,0.3,1.2,0,1.8
MA0.4Cs0.6Sn0.3Pb0.7Cl1.5I1.5,0.4,0,0.6,0,0.7,0.3,1.5,0,1.5
MA0.4Cs0.6Sn0.3Pb0.7Cl1.8I1.2,0.4,0,0.6,0,0.7,0.3,1.8,0,1.2
MA0.4Cs0.6Sn0.3Pb0.7Cl2.1I0.9,0.4,0,0.6,0,0.7,0.3,2.1,0,0.9
MA0.4Cs0.6Sn0.3Pb0.7Cl2.4I0.6,0.4,0,0.6,0,0.7,0.3,2.4,0,0.6
MA0.4Cs0.6Sn0.3Pb0.7Cl2.7I0.3,0.4,0,0.6,0,0.7,0.3,2.7,0,0.3
MA0.4Cs0.6Sn0.3Pb0.7Br0.3I2.7,0.4,0,0.6,0,0.7,0.3,0,0.3,2.7
MA0.4Cs0.6Sn0.3Pb0.7Br0.6I2.4,0.4,0,0.6,0,0.7,0.3,0,0.6,2.4
MA0.4Cs0.6Sn0.3Pb0.7Br0.9I2.1,0.4,0,0.6,0,0.7,0.3,0,0.9,2.1
MA0.4Cs0.6Sn0.3Pb0.7Br1.2I1.8,0.4,0,0.6,0,0.7,0.3,0,1.2,1.8
MA0.4Cs0.6Sn0.3Pb0.7Br1.5I1.5,0.4,0,0.6,0,0.7,0.3,0,1.5,1.5
MA0.4Cs0.6Sn0.3Pb0.7Br1.8I1.2,0.4,0,0.6,0,0.7,0.3,0,1.8,1.2
MA0.4Cs0.6Sn0.3Pb0.7Br2.1I0.9,0.4,0,0.6,0,0.7,0.3,0,2.1,0.9
MA0.4Cs0.6Sn0.3Pb0.7Br2.4I0.6,0.4,0,0.6,0,0.7,0.3,0,2.4,0.6
MA0.4Cs0.6Sn0.3Pb0.7Br2.7I0.3,0.4,0,0.6,0,0.7,0.3,0,2.7,0.3
MA0.4Cs0.6Sn0.2Pb0.8Cl0.3Br2.7,0.4,0,0.6,0,0.8,0.2,0.3,2.7,0
MA0.4Cs0.6Sn0.2Pb0.8Cl0.6Br2.4,0.4,0,0.6,0,0.8,0.2,0.6,2.4,0
MA0.4Cs0.6Sn0.2Pb0.8Cl0.9Br2.1,0.4,0,0.6,0,0.8,0.2,0.9,2.1,0
MA0.4Cs0.6Sn0.2Pb0.8Cl1.2Br1.8,0.4,0,0.6,0,0.8,0.2,1.2,1.8,0
MA0.4Cs0.6Sn0.2Pb0.8Cl1.5Br1.5,0.4,0,0.6,0,0.8,0.2,1.5,1.5,0
MA0.4Cs0.6Sn0.2Pb0.8Cl1.8Br1.2,0.4,0,0.6,0,0.8,0.2,1.8,1.2,0
MA0.4Cs0.6Sn0.2Pb0.8Cl2.1Br0.9,0.4,0,0.6,0,0.8,0.2,2.1,0.9,0
MA0.4Cs0.6Sn0.2Pb0.8Cl2.4Br0.6,0.4,0,0.6,0,0.8,0.2,2.4,0.6,0
MA0.4Cs0.6Sn0.2Pb0.8Cl2.7Br0.3,0.4,0,0.6,0,0.8,0.2,2.7,0.3,0
MA0.4Cs0.6Sn0.2Pb0.8Cl0.3I2.7,0.4,0,0.6,0,0.8,0.2,0.3,0,2.7
MA0.4Cs0.6Sn0.2Pb0.8Cl0.6I2.4,0.4,0,0.6,0,0.8,0.2,0.6,0,2.4
MA0.4Cs0.6Sn0.2Pb0.8Cl0.9I2.1,0.4,0,0.6,0,0.8,0.2,0.9,0,2.1
MA0.4Cs0.6Sn0.2Pb0.8Cl1.2I1.8,0.4,0,0.6,0,0.8,0.2,1.2,0,1.8
MA0.4Cs0.6Sn0.2Pb0.8Cl1.5I1.5,0.4,0,0.6,0,0.8,0.2,1.5,0,1.5
MA0.4Cs0.6Sn0.2Pb0.8Cl1.8I1.2,0.4,0,0.6,0,0.8,0.2,1.8,0,1.2
MA0.4Cs0.6Sn0.2Pb0.8Cl2.1I0.9,0.4,0,0.6,0,0.8,0.2,2.1,0,0.9
MA0.4Cs0.6Sn0.2Pb0.8Cl2.4I0.6,0.4,0,0.6,0,0.8,0.2,2.4,0,0.6
MA0.4Cs0.6Sn0.2Pb0.8Cl2.7I0.3,0.4,0,0.6,0,0.8,0.2,2.7,0,0.3
MA0.4Cs0.6Sn0.2Pb0.8Br0.3I2.7,0.4,0,0.6,0,0.8,0.2,0,0.3,2.7
MA0.4Cs0.6Sn0.2Pb0.8Br0.6I2.4,0.4,0,0.6,0,0.8,0.2,0,0.6,2.4
MA0.4Cs0.6Sn0.2Pb0.8Br0.9I2.1,0.4,0,0.6,0,0.8,0.2,0,0.9,2.1
MA0.4Cs0.6Sn0.2Pb0.8Br1.2I1.8,0.4,0,0.6,0,0.8,0.2,0,1.2,1.8
MA0.4Cs0.6Sn0.2Pb0.8Br1.5I1.5,0.4,0,0.6,0,0.8,0.2,0,1.5,1.5
MA0.4Cs0.6Sn0.2Pb0.8Br1.8I1.2,0.4,0,0.6,0,0.8,0.2,0,1.8,1.2
MA0.4Cs0.6Sn0.2Pb0.8Br2.1I0.9,0.4,0,0.6,0,0.8,0.2,0,2.1,0.9
MA0.4Cs0.6Sn0.2Pb0.8Br2.4I0.6,0.4,0,0.6,0,0.8,0.2,0,2.4,0.6
MA0.4Cs0.6Sn0.2Pb0.8Br2.7I0.3,0.4,0,0.6,0,0.8,0.2,0,2.7,0.3
MA0.4Cs0.6Sn0.1Pb0.9Cl0.3Br2.7,0.4,0,0.6,0,0.9,0.1,0.3,2.7,0
MA0.4Cs0.6Sn0.1Pb0.9Cl0.6Br2.4,0.4,0,0.6,0,0.9,0.1,0.6,2.4,0
MA0.4Cs0.6Sn0.1Pb0.9Cl0.9Br2.1,0.4,0,0.6,0,0.9,0.1,0.9,2.1,0
MA0.4Cs0.6Sn0.1Pb0.9Cl1.2Br1.8,0.4,0,0.6,0,0.9,0.1,1.2,1.8,0
MA0.4Cs0.6Sn0.1Pb0.9Cl1.5Br1.5,0.4,0,0.6,0,0.9,0.1,1.5,1.5,0
MA0.4Cs0.6Sn0.1Pb0.9Cl1.8Br1.2,0.4,0,0.6,0,0.9,0.1,1.8,1.2,0
MA0.4Cs0.6Sn0.1Pb0.9Cl2.1Br0.9,0.4,0,0.6,0,0.9,0.1,2.1,0.9,0
MA0.4Cs0.6Sn0.1Pb0.9Cl2.4Br0.6,0.4,0,0.6,0,0.9,0.1,2.4,0.6,0
MA0.4Cs0.6Sn0.1Pb0.9Cl2.7Br0.3,0.4,0,0.6,0,0.9,0.1,2.7,0.3,0
MA0.4Cs0.6Sn0.1Pb0.9Cl0.3I2.7,0.4,0,0.6,0,0.9,0.1,0.3,0,2.7
MA0.4Cs0.6Sn0.1Pb0.9Cl0.6I2.4,0.4,0,0.6,0,0.9,0.1,0.6,0,2.4
MA0.4Cs0.6Sn0.1Pb0.9Cl0.9I2.1,0.4,0,0.6,0,0.9,0.1,0.9,0,2.1
MA0.4Cs0.6Sn0.1Pb0.9Cl1.2I1.8,0.4,0,0.6,0,0.9,0.1,1.2,0,1.8
MA0.4Cs0.6Sn0.1Pb0.9Cl1.5I1.5,0.4,0,0.6,0,0.9,0.1,1.5,0,1.5
MA0.4Cs0.6Sn0.1Pb0.9Cl1.8I1.2,0.4,0,0.6,0,0.9,0.1,1.8,0,1.2
MA0.4Cs0.6Sn0.1Pb0.9Cl2.1I0.9,0.4,0,0.6,0,0.9,0.1,2.1,0,0.9
MA0.4Cs0.6Sn0.1Pb0.9Cl2.4I0.6,0.4,0,0.6,0,0.9,0.1,2.4,0,0.6
MA0.4Cs0.6Sn0.1Pb0.9Cl2.7I0.3,0.4,0,0.6,0,0.9,0.1,2.7,0,0.3
MA0.4Cs0.6Sn0.1Pb0.9Br0.3I2.7,0.4,0,0.6,0,0.9,0.1,0,0.3,2.7
MA0.4Cs0.6Sn0.1Pb0.9Br0.6I2.4,0.4,0,0.6,0,0.9,0.1,0,0.6,2.4
MA0.4Cs0.6Sn0.1Pb0.9Br0.9I2.1,0.4,0,0.6,0,0.9,0.1,0,0.9,2.1
MA0.4Cs0.6Sn0.1Pb0.9Br1.2I1.8,0.4,0,0.6,0,0.9,0.1,0,1.2,1.8
MA0.4Cs0.6Sn0.1Pb0.9Br1.5I1.5,0.4,0,0.6,0,0.9,0.1,0,1.5,1.5
MA0.4Cs0.6Sn0.1Pb0.9Br1.8I1.2,0.4,0,0.6,0,0.9,0.1,0,1.8,1.2
MA0.4Cs0.6Sn0.1Pb0.9Br2.1I0.9,0.4,0,0.6,0,0.9,0.1,0,2.1,0.9
MA0.4Cs0.6Sn0.1Pb0.9Br2.4I0.6,0.4,0,0.6,0,0.9,0.1,0,2.4,0.6
MA0.4Cs0.6Sn0.1Pb0.9Br2.7I0.3,0.4,0,0.6,0,0.9,0.1,0,2.7,0.3
MA0.5Cs0.5Sn0.9Pb0.1Cl0.3Br2.7,0.5,0,0.5,0,0.1,0.9,0.3,2.7,0
MA0.5Cs0.5Sn0.9Pb0.1Cl0.6Br2.4,0.5,0,0.5,0,0.1,0.9,0.6,2.4,0
MA0.5Cs0.5Sn0.9Pb0.1Cl0.9Br2.1,0.5,0,0.5,0,0.1,0.9,0.9,2.1,0
MA0.5Cs0.5Sn0.9Pb0.1Cl1.2Br1.8,0.5,0,0.5,0,0.1,0.9,1.2,1.8,0
MA0.5Cs0.5Sn0.9Pb0.1Cl1.5Br1.5,0.5,0,0.5,0,0.1,0.9,1.5,1.5,0
MA0.5Cs0.5Sn0.9Pb0.1Cl1.8Br1.2,0.5,0,0.5,0,0.1,0.9,1.8,1.2,0
MA0.5Cs0.5Sn0.9Pb0.1Cl2.1Br0.9,0.5,0,0.5,0,0.1,0.9,2.1,0.9,0
MA0.5Cs0.5Sn0.9Pb0.1Cl2.4Br0.6,0.5,0,0.5,0,0.1,0.9,2.4,0.6,0
MA0.5Cs0.5Sn0.9Pb0.1Cl2.7Br0.3,0.5,0,0.5,0,0.1,0.9,2.7,0.3,0
MA0.5Cs0.5Sn0.9Pb0.1Cl0.3I2.7,0.5,0,0.5,0,0.1,0.9,0.3,0,2.7
MA0.5Cs0.5Sn0.9Pb0.1Cl0.6I2.4,0.5,0,0.5,0,0.1,0.9,0.6,0,2.4
MA0.5Cs0.5Sn0.9Pb0.1Cl0.9I2.1,0.5,0,0.5,0,0.1,0.9,0.9,0,2.1
MA0.5Cs0.5Sn0.9Pb0.1Cl1.2I1.8,0.5,0,0.5,0,0.1,0.9,1.2,0,1.8
MA0.5Cs0.5Sn0.9Pb0.1Cl1.5I1.5,0.5,0,0.5,0,0.1,0.9,1.5,0,1.5
MA0.5Cs0.5Sn0.9Pb0.1Cl1.8I1.2,0.5,0,0.5,0,0.1,0.9,1.8,0,1.2
MA0.5Cs0.5Sn0.9Pb0.1Cl2.1I0.9,0.5,0,0.5,0,0.1,0.9,2.1,0,0.9
MA0.5Cs0.5Sn0.9Pb0.1Cl2.4I0.6,0.5,0,0.5,0,0.1,0.9,2.4,0,0.6
MA0.5Cs0.5Sn0.9Pb0.1Cl2.7I0.3,0.5,0,0.5,0,0.1,0.9,2.7,0,0.3
MA0.5Cs0.5Sn0.9Pb0.1Br0.3I2.7,0.5,0,0.5,0,0.1,0.9,0,0.3,2.7
MA0.5Cs0.5Sn0.9Pb0.1Br0.6I2.4,0.5,0,0.5,0,0.1,0.9,0,0.6,2.4
MA0.5Cs0.5Sn0.9Pb0.1Br0.9I2.1,0.5,0,0.5,0,0.1,0.9,0,0.9,2.1
MA0.5Cs0.5Sn0.9Pb0.1Br1.2I1.8,0.5,0,0.5,0,0.1,0.9,0,1.2,1.8
MA0.5Cs0.5Sn0.9Pb0.1Br1.5I1.5,0.5,0,0.5,0,0.1,0.9,0,1.5,1.5
MA0.5Cs0.5Sn0.9Pb0.1Br1.8I1.2,0.5,0,0.5,0,0.1,0.9,0,1.8,1.2
MA0.5Cs0.5Sn0.9Pb0.1Br2.1I0.9,0.5,0,0.5,0,0.1,0.9,0,2.1,0.9
MA0.5Cs0.5Sn0.9Pb0.1Br2.4I0.6,0.5,0,0.5,0,0.1,0.9,0,2.4,0.6
MA0.5Cs0.5Sn0.9Pb0.1Br2.7I0.3,0.5,0,0.5,0,0.1,0.9,0,2.7,0.3
MA0.5Cs0.5Sn0.8Pb0.2Cl0.3Br2.7,0.5,0,0.5,0,0.2,0.8,0.3,2.7,0
MA0.5Cs0.5Sn0.8Pb0.2Cl0.6Br2.4,0.5,0,0.5,0,0.2,0.8,0.6,2.4,0
MA0.5Cs0.5Sn0.8Pb0.2Cl0.9Br2.1,0.5,0,0.5,0,0.2,0.8,0.9,2.1,0
MA0.5Cs0.5Sn0.8Pb0.2Cl1.2Br1.8,0.5,0,0.5,0,0.2,0.8,1.2,1.8,0
MA0.5Cs0.5Sn0.8Pb0.2Cl1.5Br1.5,0.5,0,0.5,0,0.2,0.8,1.5,1.5,0
MA0.5Cs0.5Sn0.8Pb0.2Cl1.8Br1.2,0.5,0,0.5,0,0.2,0.8,1.8,1.2,0
MA0.5Cs0.5Sn0.8Pb0.2Cl2.1Br0.9,0.5,0,0.5,0,0.2,0.8,2.1,0.9,0
MA0.5Cs0.5Sn0.8Pb0.2Cl2.4Br0.6,0.5,0,0.5,0,0.2,0.8,2.4,0.6,0
MA0.5Cs0.5Sn0.8Pb0.2Cl2.7Br0.3,0.5,0,0.5,0,0.2,0.8,2.7,0.3,0
MA0.5Cs0.5Sn0.8Pb0.2Cl0.3I2.7,0.5,0,0.5,0,0.2,0.8,0.3,0,2.7
MA0.5Cs0.5Sn0.8Pb0.2Cl0.6I2.4,0.5,0,0.5,0,0.2,0.8,0.6,0,2.4
MA0.5Cs0.5Sn0.8Pb0.2Cl0.9I2.1,0.5,0,0.5,0,0.2,0.8,0.9,0,2.1
MA0.5Cs0.5Sn0.8Pb0.2Cl1.2I1.8,0.5,0,0.5,0,0.2,0.8,1.2,0,1.8
MA0.5Cs0.5Sn0.8Pb0.2Cl1.5I1.5,0.5,0,0.5,0,0.2,0.8,1.5,0,1.5
MA0.5Cs0.5Sn0.8Pb0.2Cl1.8I1.2,0.5,0,0.5,0,0.2,0.8,1.8,0,1.2
MA0.5Cs0.5Sn0.8Pb0.2Cl2.1I0.9,0.5,0,0.5,0,0.2,0.8,2.1,0,0.9
MA0.5Cs0.5Sn0.8Pb0.2Cl2.4I0.6,0.5,0,0.5,0,0.2,0.8,2.4,0,0.6
MA0.5Cs0.5Sn0.8Pb0.2Cl2.7I0.3,0.5,0,0.5,0,0.2,0.8,2.7,0,0.3
MA0.5Cs0.5Sn0.8Pb0.2Br0.3I2.7,0.5,0,0.5,0,0.2,0.8,0,0.3,2.7
MA0.5Cs0.5Sn0.8Pb0.2Br0.6I2.4,0.5,0,0.5,0,0.2,0.8,0,0.6,2.4
MA0.5Cs0.5Sn0.8Pb0.2Br0.9I2.1,0.5,0,0.5,0,0.2,0.8,0,0.9,2.1
MA0.5Cs0.5Sn0.8Pb0.2Br1.2I1.8,0.5,0,0.5,0,0.2,0.8,0,1.2,1.8
MA0.5Cs0.5Sn0.8Pb0.2Br1.5I1.5,0.5,0,0.5,0,0.2,0.8,0,1.5,1.5
MA0.5Cs0.5Sn0.8Pb0.2Br1.8I1.2,0.5,0,0.5,0,0.2,0.8,0,1.8,1.2
MA0.5Cs0.5Sn0.8Pb0.2Br2.1I0.9,0.5,0,0.5,0,0.2,0.8,0,2.1,0.9
MA0.5Cs0.5Sn0.8Pb0.2Br2.4I0.6,0.5,0,0.5,0,0.2,0.8,0,2.4,0.6
MA0.5Cs0.5Sn0.8Pb0.2Br2.7I0.3,0.5,0,0.5,0,0.2,0.8,0,2.7,0.3
MA0.5Cs0.5Sn0.7Pb0.3Cl0.3Br2.7,0.5,0,0.5,0,0.3,0.7,0.3,2.7,0
MA0.5Cs0.5Sn0.7Pb0.3Cl0.6Br2.4,0.5,0,0.5,0,0.3,0.7,0.6,2.4,0
MA0.5Cs0.5Sn0.7Pb0.3Cl0.9Br2.1,0.5,0,0.5,0,0.3,0.7,0.9,2.1,0
MA0.5Cs0.5Sn0.7Pb0.3Cl1.2Br1.8,0.5,0,0.5,0,0.3,0.7,1.2,1.8,0
MA0.5Cs0.5Sn0.7Pb0.3Cl1.5Br1.5,0.5,0,0.5,0,0.3,0.7,1.5,1.5,0
MA0.5Cs0.5Sn0.7Pb0.3Cl1.8Br1.2,0.5,0,0.5,0,0.3,0.7,1.8,1.2,0
MA0.5Cs0.5Sn0.7Pb0.3Cl2.1Br0.9,0.5,0,0.5,0,0.3,0.7,2.1,0.9,0
MA0.5Cs0.5Sn0.7Pb0.3Cl2.4Br0.6,0.5,0,0.5,0,0.3,0.7,2.4,0.6,0
MA0.5Cs0.5Sn0.7Pb0.3Cl2.7Br0.3,0.5,0,0.5,0,0.3,0.7,2.7,0.3,0
MA0.5Cs0.5Sn0.7Pb0.3Cl0.3I2.7,0.5,0,0.5,0,0.3,0.7,0.3,0,2.7
MA0.5Cs0.5Sn0.7Pb0.3Cl0.6I2.4,0.5,0,0.5,0,0.3,0.7,0.6,0,2.4
MA0.5Cs0.5Sn0.7Pb0.3Cl0.9I2.1,0.5,0,0.5,0,0.3,0.7,0.9,0,2.1
MA0.5Cs0.5Sn0.7Pb0.3Cl1.2I1.8,0.5,0,0.5,0,0.3,0.7,1.2,0,1.8
MA0.5Cs0.5Sn0.7Pb0.3Cl1.5I1.5,0.5,0,0.5,0,0.3,0.7,1.5,0,1.5
MA0.5Cs0.5Sn0.7Pb0.3Cl1.8I1.2,0.5,0,0.5,0,0.3,0.7,1.8,0,1.2
MA0.5Cs0.5Sn0.7Pb0.3Cl2.1I0.9,0.5,0,0.5,0,0.3,0.7,2.1,0,0.9
MA0.5Cs0.5Sn0.7Pb0.3Cl2.4I0.6,0.5,0,0.5,0,0.3,0.7,2.4,0,0.6
MA0.5Cs0.5Sn0.7Pb0.3Cl2.7I0.3,0.5,0,0.5,0,0.3,0.7,2.7,0,0.3
MA0.5Cs0.5Sn0.7Pb0.3Br0.3I2.7,0.5,0,0.5,0,0.3,0.7,0,0.3,2.7
MA0.5Cs0.5Sn0.7Pb0.3Br0.6I2.4,0.5,0,0.5,0,0.3,0.7,0,0.6,2.4
MA0.5Cs0.5Sn0.7Pb0.3Br0.9I2.1,0.5,0,0.5,0,0.3,0.7,0,0.9,2.1
MA0.5Cs0.5Sn0.7Pb0.3Br1.2I1.8,0.5,0,0.5,0,0.3,0.7,0,1.2,1.8
MA0.5Cs0.5Sn0.7Pb0.3Br1.5I1.5,0.5,0,0.5,0,0.3,0.7,0,1.5,1.5
MA0.5Cs0.5Sn0.7Pb0.3Br1.8I1.2,0.5,0,0.5,0,0.3,0.7,0,1.8,1.2
MA0.5Cs0.5Sn0.7Pb0.3Br2.1I0.9,0.5,0,0.5,0,0.3,0.7,0,2.1,0.9
MA0.5Cs0.5Sn0.7Pb0.3Br2.4I0.6,0.5,0,0.5,0,0.3,0.7,0,2.4,0.6
MA0.5Cs0.5Sn0.7Pb0.3Br2.7I0.3,0.5,0,0.5,0,0.3,0.7,0,2.7,0.3
MA0.5Cs0.5Sn0.6Pb0.4Cl0.3Br2.7,0.5,0,0.5,0,0.4,0.6,0.3,2.7,0
MA0.5Cs0.5Sn0.6Pb0.4Cl0.6Br2.4,0.5,0,0.5,0,0.4,0.6,0.6,2.4,0
MA0.5Cs0.5Sn0.6Pb0.4Cl0.9Br2.1,0.5,0,0.5,0,0.4,0.6,0.9,2.1,0
MA0.5Cs0.5Sn0.6Pb0.4Cl1.2Br1.8,0.5,0,0.5,0,0.4,0.6,1.2,1.8,0
MA0.5Cs0.5Sn0.6Pb0.4Cl1.5Br1.5,0.5,0,0.5,0,0.4,0.6,1.5,1.5,0
MA0.5Cs0.5Sn0.6Pb0.4Cl1.8Br1.2,0.5,0,0.5,0,0.4,0.6,1.8,1.2,0
MA0.5Cs0.5Sn0.6Pb0.4Cl2.1Br0.9,0.5,0,0.5,0,0.4,0.6,2.1,0.9,0
MA0.5Cs0.5Sn0.6Pb0.4Cl2.4Br0.6,0.5,0,0.5,0,0.4,0.6,2.4,0.6,0
MA0.5Cs0.5Sn0.6Pb0.4Cl2.7Br0.3,0.5,0,0.5,0,0.4,0.6,2.7,0.3,0
MA0.5Cs0.5Sn0.6Pb0.4Cl0.3I2.7,0.5,0,0.5,0,0.4,0.6,0.3,0,2.7
MA0.5Cs0.5Sn0.6Pb0.4Cl0.6I2.4,0.5,0,0.5,0,0.4,0.6,0.6,0,2.4
MA0.5Cs0.5Sn0.6Pb0.4Cl0.9I2.1,0.5,0,0.5,0,0.4,0.6,0.9,0,2.1
MA0.5Cs0.5Sn0.6Pb0.4Cl1.2I1.8,0.5,0,0.5,0,0.4,0.6,1.2,0,1.8
MA0.5Cs0.5Sn0.6Pb0.4Cl1.5I1.5,0.5,0,0.5,0,0.4,0.6,1.5,0,1.5
MA0.5Cs0.5Sn0.6Pb0.4Cl1.8I1.2,0.5,0,0.5,0,0.4,0.6,1.8,0,1.2
MA0.5Cs0.5Sn0.6Pb0.4Cl2.1I0.9,0.5,0,0.5,0,0.4,0.6,2.1,0,0.9
MA0.5Cs0.5Sn0.6Pb0.4Cl2.4I0.6,0.5,0,0.5,0,0.4,0.6,2.4,0,0.6
MA0.5Cs0.5Sn0.6Pb0.4Cl2.7I0.3,0.5,0,0.5,0,0.4,0.6,2.7,0,0.3
MA0.5Cs0.5Sn0.6Pb0.4Br0.3I2.7,0.5,0,0.5,0,0.4,0.6,0,0.3,2.7
MA0.5Cs0.5Sn0.6Pb0.4Br0.6I2.4,0.5,0,0.5,0,0.4,0.6,0,0.6,2.4
MA0.5Cs0.5Sn0.6Pb0.4Br0.9I2.1,0.5,0,0.5,0,0.4,0.6,0,0.9,2.1
MA0.5Cs0.5Sn0.6Pb0.4Br1.2I1.8,0.5,0,0.5,0,0.4,0.6,0,1.2,1.8
MA0.5Cs0.5Sn0.6Pb0.4Br1.5I1.5,0.5,0,0.5,0,0.4,0.6,0,1.5,1.5
MA0.5Cs0.5Sn0.6Pb0.4Br1.8I1.2,0.5,0,0.5,0,0.4,0.6,0,1.8,1.2
MA0.5Cs0.5Sn0.6Pb0.4Br2.1I0.9,0.5,0,0.5,0,0.4,0.6,0,2.1,0.9
MA0.5Cs0.5Sn0.6Pb0.4Br2.4I0.6,0.5,0,0.5,0,0.4,0.6,0,2.4,0.6
MA0.5Cs0.5Sn0.6Pb0.4Br2.7I0.3,0.5,0,0.5,0,0.4,0.6,0,2.7,0.3
MA0.5Cs0.5Sn0.5Pb0.5Cl0.3Br2.7,0.5,0,0.5,0,0.5,0.5,0.3,2.7,0
MA0.5Cs0.5Sn0.5Pb0.5Cl0.6Br2.4,0.5,0,0.5,0,0.5,0.5,0.6,2.4,0
MA0.5Cs0.5Sn0.5Pb0.5Cl0.9Br2.1,0.5,0,0.5,0,0.5,0.5,0.9,2.1,0
MA0.5Cs0.5Sn0.5Pb0.5Cl1.2Br1.8,0.5,0,0.5,0,0.5,0.5,1.2,1.8,0
MA0.5Cs0.5Sn0.5Pb0.5Cl1.5Br1.5,0.5,0,0.5,0,0.5,0.5,1.5,1.5,0
MA0.5Cs0.5Sn0.5Pb0.5Cl1.8Br1.2,0.5,0,0.5,0,0.5,0.5,1.8,1.2,0
MA0.5Cs0.5Sn0.5Pb0.5Cl2.1Br0.9,0.5,0,0.5,0,0.5,0.5,2.1,0.9,0
MA0.5Cs0.5Sn0.5Pb0.5Cl2.4Br0.6,0.5,0,0.5,0,0.5,0.5,2.4,0.6,0
MA0.5Cs0.5Sn0.5Pb0.5Cl2.7Br0.3,0.5,0,0.5,0,0.5,0.5,2.7,0.3,0
MA0.5Cs0.5Sn0.5Pb0.5Cl0.3I2.7,0.5,0,0.5,0,0.5,0.5,0.3,0,2.7
MA0.5Cs0.5Sn0.5Pb0.5Cl0.6I2.4,0.5,0,0.5,0,0.5,0.5,0.6,0,2.4
MA0.5Cs0.5Sn0.5Pb0.5Cl0.9I2.1,0.5,0,0.5,0,0.5,0.5,0.9,0,2.1
MA0.5Cs0.5Sn0.5Pb0.5Cl1.2I1.8,0.5,0,0.5,0,0.5,0.5,1.2,0,1.8
MA0.5Cs0.5Sn0.5Pb0.5Cl1.5I1.5,0.5,0,0.5,0,0.5,0.5,1.5,0,1.5
MA0.5Cs0.5Sn0.5Pb0.5Cl1.8I1.2,0.5,0,0.5,0,0.5,0.5,1.8,0,1.2
MA0.5Cs0.5Sn0.5Pb0.5Cl2.1I0.9,0.5,0,0.5,0,0.5,0.5,2.1,0,0.9
MA0.5Cs0.5Sn0.5Pb0.5Cl2.4I0.6,0.5,0,0.5,0,0.5,0.5,2.4,0,0.6
MA0.5Cs0.5Sn0.5Pb0.5Cl2.7I0.3,0.5,0,0.5,0,0.5,0.5,2.7,0,0.3
MA0.5Cs0.5Sn0.5Pb0.5Br0.3I2.7,0.5,0,0.5,0,0.5,0.5,0,0.3,2.7
MA0.5Cs0.5Sn0.5Pb0.5Br0.6I2.4,0.5,0,0.5,0,0.5,0.5,0,0.6,2.4
MA0.5Cs0.5Sn0.5Pb0.5Br0.9I2.1,0.5,0,0.5,0,0.5,0.5,0,0.9,2.1
MA0.5Cs0.5Sn0.5Pb0.5Br1.2I1.8,0.5,0,0.5,0,0.5,0.5,0,1.2,1.8
MA0.5Cs0.5Sn0.5Pb0.5Br1.5I1.5,0.5,0,0.5,0,0.5,0.5,0,1.5,1.5
MA0.5Cs0.5Sn0.5Pb0.5Br1.8I1.2,0.5,0,0.5,0,0.5,0.5,0,1.8,1.2
MA0.5Cs0.5Sn0.5Pb0.5Br2.1I0.9,0.5,0,0.5,0,0.5,0.5,0,2.1,0.9
MA0.5Cs0.5Sn0.5Pb0.5Br2.4I0.6,0.5,0,0.5,0,0.5,0.5,0,2.4,0.6
MA0.5Cs0.5Sn0.5Pb0.5Br2.7I0.3,0.5,0,0.5,0,0.5,0.5,0,2.7,0.3
MA0.5Cs0.5Sn0.4Pb0.6Cl0.3Br2.7,0.5,0,0.5,0,0.6,0.4,0.3,2.7,0
MA0.5Cs0.5Sn0.4Pb0.6Cl0.6Br2.4,0.5,0,0.5,0,0.6,0.4,0.6,2.4,0
MA0.5Cs0.5Sn0.4Pb0.6Cl0.9Br2.1,0.5,0,0.5,0,0.6,0.4,0.9,2.1,0
MA0.5Cs0.5Sn0.4Pb0.6Cl1.2Br1.8,0.5,0,0.5,0,0.6,0.4,1.2,1.8,0
MA0.5Cs0.5Sn0.4Pb0.6Cl1.5Br1.5,0.5,0,0.5,0,0.6,0.4,1.5,1.5,0
MA0.5Cs0.5Sn0.4Pb0.6Cl1.8Br1.2,0.5,0,0.5,0,0.6,0.4,1.8,1.2,0
MA0.5Cs0.5Sn0.4Pb0.6Cl2.1Br0.9,0.5,0,0.5,0,0.6,0.4,2.1,0.9,0
MA0.5Cs0.5Sn0.4Pb0.6Cl2.4Br0.6,0.5,0,0.5,0,0.6,0.4,2.4,0.6,0
MA0.5Cs0.5Sn0.4Pb0.6Cl2.7Br0.3,0.5,0,0.5,0,0.6,0.4,2.7,0.3,0
MA0.5Cs0.5Sn0.4Pb0.6Cl0.3I2.7,0.5,0,0.5,0,0.6,0.4,0.3,0,2.7
MA0.5Cs0.5Sn0.4Pb0.6Cl0.6I2.4,0.5,0,0.5,0,0.6,0.4,0.6,0,2.4
MA0.5Cs0.5Sn0.4Pb0.6Cl0.9I2.1,0.5,0,0.5,0,0.6,0.4,0.9,0,2.1
MA0.5Cs0.5Sn0.4Pb0.6Cl1.2I1.8,0.5,0,0.5,0,0.6,0.4,1.2,0,1.8
MA0.5Cs0.5Sn0.4Pb0.6Cl1.5I1.5,0.5,0,0.5,0,0.6,0.4,1.5,0,1.5
MA0.5Cs0.5Sn0.4Pb0.6Cl1.8I1.2,0.5,0,0.5,0,0.6,0.4,1.8,0,1.2
MA0.5Cs0.5Sn0.4Pb0.6Cl2.1I0.9,0.5,0,0.5,0,0.6,0.4,2.1,0,0.9
MA0.5Cs0.5Sn0.4Pb0.6Cl2.4I0.6,0.5,0,0.5,0,0.6,0.4,2.4,0,0.6
MA0.5Cs0.5Sn0.4Pb0.6Cl2.7I0.3,0.5,0,0.5,0,0.6,0.4,2.7,0,0.3
MA0.5Cs0.5Sn0.4Pb0.6Br0.3I2.7,0.5,0,0.5,0,0.6,0.4,0,0.3,2.7
MA0.5Cs0.5Sn0.4Pb0.6Br0.6I2.4,0.5,0,0.5,0,0.6,0.4,0,0.6,2.4
MA0.5Cs0.5Sn0.4Pb0.6Br0.9I2.1,0.5,0,0.5,0,0.6,0.4,0,0.9,2.1
MA0.5Cs0.5Sn0.4Pb0.6Br1.2I1.8,0.5,0,0.5,0,0.6,0.4,0,1.2,1.8
MA0.5Cs0.5Sn0.4Pb0.6Br1.5I1.5,0.5,0,0.5,0,0.6,0.4,0,1.5,1.5
MA0.5Cs0.5Sn0.4Pb0.6Br1.8I1.2,0.5,0,0.5,0,0.6,0.4,0,1.8,1.2
MA0.5Cs0.5Sn0.4Pb0.6Br2.1I0.9,0.5,0,0.5,0,0.6,0.4,0,2.1,0.9
MA0.5Cs0.5Sn0.4Pb0.6Br2.4I0.6,0.5,0,0.5,0,0.6,0.4,0,2.4,0.6
MA0.5Cs0.5Sn0.4Pb0.6Br2.7I0.3,0.5,0,0.5,0,0.6,0.4,0,2.7,0.3
MA0.5Cs0.5Sn0.3Pb0.7Cl0.3Br2.7,0.5,0,0.5,0,0.7,0.3,0.3,2.7,0
MA0.5Cs0.5Sn0.3Pb0.7Cl0.6Br2.4,0.5,0,0.5,0,0.7,0.3,0.6,2.4,0
MA0.5Cs0.5Sn0.3Pb0.7Cl0.9Br2.1,0.5,0,0.5,0,0.7,0.3,0.9,2.1,0
MA0.5Cs0.5Sn0.3Pb0.7Cl1.2Br1.8,0.5,0,0.5,0,0.7,0.3,1.2,1.8,0
MA0.5Cs0.5Sn0.3Pb0.7Cl1.5Br1.5,0.5,0,0.5,0,0.7,0.3,1.5,1.5,0
MA0.5Cs0.5Sn0.3Pb0.7Cl1.8Br1.2,0.5,0,0.5,0,0.7,0.3,1.8,1.2,0
MA0.5Cs0.5Sn0.3Pb0.7Cl2.1Br0.9,0.5,0,0.5,0,0.7,0.3,2.1,0.9,0
MA0.5Cs0.5Sn0.3Pb0.7Cl2.4Br0.6,0.5,0,0.5,0,0.7,0.3,2.4,0.6,0
MA0.5Cs0.5Sn0.3Pb0.7Cl2.7Br0.3,0.5,0,0.5,0,0.7,0.3,2.7,0.3,0
MA0.5Cs0.5Sn0.3Pb0.7Cl0.3I2.7,0.5,0,0.5,0,0.7,0.3,0.3,0,2.7
MA0.5Cs0.5Sn0.3Pb0.7Cl0.6I2.4,0.5,0,0.5,0,0.7,0.3,0.6,0,2.4
MA0.5Cs0.5Sn0.3Pb0.7Cl0.9I2.1,0.5,0,0.5,0,0.7,0.3,0.9,0,2.1
MA0.5Cs0.5Sn0.3Pb0.7Cl1.2I1.8,0.5,0,0.5,0,0.7,0.3,1.2,0,1.8
MA0.5Cs0.5Sn0.3Pb0.7Cl1.5I1.5,0.5,0,0.5,0,0.7,0.3,1.5,0,1.5
MA0.5Cs0.5Sn0.3Pb0.7Cl1.8I1.2,0.5,0,0.5,0,0.7,0.3,1.8,0,1.2
MA0.5Cs0.5Sn0.3Pb0.7Cl2.1I0.9,0.5,0,0.5,0,0.7,0.3,2.1,0,0.9
MA0.5Cs0.5Sn0.3Pb0.7Cl2.4I0.6,0.5,0,0.5,0,0.7,0.3,2.4,0,0.6
MA0.5Cs0.5Sn0.3Pb0.7Cl2.7I0.3,0.5,0,0.5,0,0.7,0.3,2.7,0,0.3
MA0.5Cs0.5Sn0.3Pb0.7Br0.3I2.7,0.5,0,0.5,0,0.7,0.3,0,0.3,2.7
MA0.5Cs0.5Sn0.3Pb0.7Br0.6I2.4,0.5,0,0.5,0,0.7,0.3,0,0.6,2.4
MA0.5Cs0.5Sn0.3Pb0.7Br0.9I2.1,0.5,0,0.5,0,0.7,0.3,0,0.9,2.1
MA0.5Cs0.5Sn0.3Pb0.7Br1.2I1.8,0.5,0,0.5,0,0.7,0.3,0,1.2,1.8
MA0.5Cs0.5Sn0.3Pb0.7Br1.5I1.5,0.5,0,0.5,0,0.7,0.3,0,1.5,1.5
MA0.5Cs0.5Sn0.3Pb0.7Br1.8I1.2,0.5,0,0.5,0,0.7,0.3,0,1.8,1.2
MA0.5Cs0.5Sn0.3Pb0.7Br2.1I0.9,0.5,0,0.5,0,0.7,0.3,0,2.1,0.9
MA0.5Cs0.5Sn0.3Pb0.7Br2.4I0.6,0.5,0,0.5,0,0.7,0.3,0,2.4,0.6
MA0.5Cs0.5Sn0.3Pb0.7Br2.7I0.3,0.5,0,0.5,0,0.7,0.3,0,2.7,0.3
MA0.5Cs0.5Sn0.2Pb0.8Cl0.3Br2.7,0.5,0,0.5,0,0.8,0.2,0.3,2.7,0
MA0.5Cs0.5Sn0.2Pb0.8Cl0.6Br2.4,0.5,0,0.5,0,0.8,0.2,0.6,2.4,0
MA0.5Cs0.5Sn0.2Pb0.8Cl0.9Br2.1,0.5,0,0.5,0,0.8,0.2,0.9,2.1,0
MA0.5Cs0.5Sn0.2Pb0.8Cl1.2Br1.8,0.5,0,0.5,0,0.8,0.2,1.2,1.8,0
MA0.5Cs0.5Sn0.2Pb0.8Cl1.5Br1.5,0.5,0,0.5,0,0.8,0.2,1.5,1.5,0
MA0.5Cs0.5Sn0.2Pb0.8Cl1.8Br1.2,0.5,0,0.5,0,0.8,0.2,1.8,1.2,0
MA0.5Cs0.5Sn0.2Pb0.8Cl2.1Br0.9,0.5,0,0.5,0,0.8,0.2,2.1,0.9,0
MA0.5Cs0.5Sn0.2Pb0.8Cl2.4Br0.6,0.5,0,0.5,0,0.8,0.2,2.4,0.6,0
MA0.5Cs0.5Sn0.2Pb0.8Cl2.7Br0.3,0.5,0,0.5,0,0.8,0.2,2.7,0.3,0
MA0.5Cs0.5Sn0.2Pb0.8Cl0.3I2.7,0.5,0,0.5,0,0.8,0.2,0.3,0,2.7
MA0.5Cs0.5Sn0.2Pb0.8Cl0.6I2.4,0.5,0,0.5,0,0.8,0.2,0.6,0,2.4
MA0.5Cs0.5Sn0.2Pb0.8Cl0.9I2.1,0.5,0,0.5,0,0.8,0.2,0.9,0,2.1
MA0.5Cs0.5Sn0.2Pb0.8Cl1.2I1.8,0.5,0,0.5,0,0.8,0.2,1.2,0,1.8
MA0.5Cs0.5Sn0.2Pb0.8Cl1.5I1.5,0.5,0,0.5,0,0.8,0.2,1.5,0,1.5
MA0.5Cs0.5Sn0.2Pb0.8Cl1.8I1.2,0.5,0,0.5,0,0.8,0.2,1.8,0,1.2
MA0.5Cs0.5Sn0.2Pb0.8Cl2.1I0.9,0.5,0,0.5,0,0.8,0.2,2.1,0,0.9
MA0.5Cs0.5Sn0.2Pb0.8Cl2.4I0.6,0.5,0,0.5,0,0.8,0.2,2.4,0,0.6
MA0.5Cs0.5Sn0.2Pb0.8Cl2.7I0.3,0.5,0,0.5,0,0.8,0.2,2.7,0,0.3
MA0.5Cs0.5Sn0.2Pb0.8Br0.3I2.7,0.5,0,0.5,0,0.8,0.2,0,0.3,2.7
MA0.5Cs0.5Sn0.2Pb0.8Br0.6I2.4,0.5,0,0.5,0,0.8,0.2,0,0.6,2.4
MA0.5Cs0.5Sn0.2Pb0.8Br0.9I2.1,0.5,0,0.5,0,0.8,0.2,0,0.9,2.1
MA0.5Cs0.5Sn0.2Pb0.8Br1.2I1.8,0.5,0,0.5,0,0.8,0.2,0,1.2,1.8
MA0.5Cs0.5Sn0.2Pb0.8Br1.5I1.5,0.5,0,0.5,0,0.8,0.2,0,1.5,1.5
MA0.5Cs0.5Sn0.2Pb0.8Br1.8I1.2,0.5,0,0.5,0,0.8,0.2,0,1.8,1.2
MA0.5Cs0.5Sn0.2Pb0.8Br2.1I0.9,0.5,0,0.5,0,0.8,0.2,0,2.1,0.9
MA0.5Cs0.5Sn0.2Pb0.8Br2.4I0.6,0.5,0,0.5,0,0.8,0.2,0,2.4,0.6
MA0.5Cs0.5Sn0.2Pb0.8Br2.7I0.3,0.5,0,0.5,0,0.8,0.2,0,2.7,0.3
MA0.5Cs0.5Sn0.1Pb0.9Cl0.3Br2.7,0.5,0,0.5,0,0.9,0.1,0.3,2.7,0
MA0.5Cs0.5Sn0.1Pb0.9Cl0.6Br2.4,0.5,0,0.5,0,0.9,0.1,0.6,2.4,0
MA0.5Cs0.5Sn0.1Pb0.9Cl0.9Br2.1,0.5,0,0.5,0,0.9,0.1,0.9,2.1,0
MA0.5Cs0.5Sn0.1Pb0.9Cl1.2Br1.8,0.5,0,0.5,0,0.9,0.1,1.2,1.8,0
MA0.5Cs0.5Sn0.1Pb0.9Cl1.5Br1.5,0.5,0,0.5,0,0.9,0.1,1.5,1.5,0
MA0.5Cs0.5Sn0.1Pb0.9Cl1.8Br1.2,0.5,0,0.5,0,0.9,0.1,1.8,1.2,0
MA0.5Cs0.5Sn0.1Pb0.9Cl2.1Br0.9,0.5,0,0.5,0,0.9,0.1,2.1,0.9,0
MA0.5Cs0.5Sn0.1Pb0.9Cl2.4Br0.6,0.5,0,0.5,0,0.9,0.1,2.4,0.6,0
MA0.5Cs0.5Sn0.1Pb0.9Cl2.7Br0.3,0.5,0,0.5,0,0.9,0.1,2.7,0.3,0
MA0.5Cs0.5Sn0.1Pb0.9Cl0.3I2.7,0.5,0,0.5,0,0.9,0.1,0.3,0,2.7
MA0.5Cs0.5Sn0.1Pb0.9Cl0.6I2.4,0.5,0,0.5,0,0.9,0.1,0.6,0,2.4
MA0.5Cs0.5Sn0.1Pb0.9Cl0.9I2.1,0.5,0,0.5,0,0.9,0.1,0.9,0,2.1
MA0.5Cs0.5Sn0.1Pb0.9Cl1.2I1.8,0.5,0,0.5,0,0.9,0.1,1.2,0,1.8
MA0.5Cs0.5Sn0.1Pb0.9Cl1.5I1.5,0.5,0,0.5,0,0.9,0.1,1.5,0,1.5
MA0.5Cs0.5Sn0.1Pb0.9Cl1.8I1.2,0.5,0,0.5,0,0.9,0.1,1.8,0,1.2
MA0.5Cs0.5Sn0.1Pb0.9Cl2.1I0.9,0.5,0,0.5,0,0.9,0.1,2.1,0,0.9
MA0.5Cs0.5Sn0.1Pb0.9Cl2.4I0.6,0.5,0,0.5,0,0.9,0.1,2.4,0,0.6
MA0.5Cs0.5Sn0.1Pb0.9Cl2.7I0.3,0.5,0,0.5,0,0.9,0.1,2.7,0,0.3
MA0.5Cs0.5Sn0.1Pb0.9Br0.3I2.7,0.5,0,0.5,0,0.9,0.1,0,0.3,2.7
MA0.5Cs0.5Sn0.1Pb0.9Br0.6I2.4,0.5,0,0.5,0,0.9,0.1,0,0.6,2.4
MA0.5Cs0.5Sn0.1Pb0.9Br0.9I2.1,0.5,0,0.5,0,0.9,0.1,0,0.9,2.1
MA0.5Cs0.5Sn0.1Pb0.9Br1.2I1.8,0.5,0,0.5,0,0.9,0.1,0,1.2,1.8
MA0.5Cs0.5Sn0.1Pb0.9Br1.5I1.5,0.5,0,0.5,0,0.9,0.1,0,1.5,1.5
MA0.5Cs0.5Sn0.1Pb0.9Br1.8I1.2,0.5,0,0.5,0,0.9,0.1,0,1.8,1.2
MA0.5Cs0.5Sn0.1Pb0.9Br2.1I0.9,0.5,0,0.5,0,0.9,0.1,0,2.1,0.9
MA0.5Cs0.5Sn0.1Pb0.9Br2.4I0.6,0.5,0,0.5,0,0.9,0.1,0,2.4,0.6
MA0.5Cs0.5Sn0.1Pb0.9Br2.7I0.3,0.5,0,0.5,0,0.9,0.1,0,2.7,0.3
MA0.6Cs0.4Sn0.9Pb0.1Cl0.3Br2.7,0.6,0,0.4,0,0.1,0.9,0.3,2.7,0
MA0.6Cs0.4Sn0.9Pb0.1Cl0.6Br2.4,0.6,0,0.4,0,0.1,0.9,0.6,2.4,0
MA0.6Cs0.4Sn0.9Pb0.1Cl0.9Br2.1,0.6,0,0.4,0,0.1,0.9,0.9,2.1,0
MA0.6Cs0.4Sn0.9Pb0.1Cl1.2Br1.8,0.6,0,0.4,0,0.1,0.9,1.2,1.8,0
MA0.6Cs0.4Sn0.9Pb0.1Cl1.5Br1.5,0.6,0,0.4,0,0.1,0.9,1.5,1.5,0
MA0.6Cs0.4Sn0.9Pb0.1Cl1.8Br1.2,0.6,0,0.4,0,0.1,0.9,1.8,1.2,0
MA0.6Cs0.4Sn0.9Pb0.1Cl2.1Br0.9,0.6,0,0.4,0,0.1,0.9,2.1,0.9,0
MA0.6Cs0.4Sn0.9Pb0.1Cl2.4Br0.6,0.6,0,0.4,0,0.1,0.9,2.4,0.6,0
MA0.6Cs0.4Sn0.9Pb0.1Cl2.7Br0.3,0.6,0,0.4,0,0.1,0.9,2.7,0.3,0
MA0.6Cs0.4Sn0.9Pb0.1Cl0.3I2.7,0.6,0,0.4,0,0.1,0.9,0.3,0,2.7
MA0.6Cs0.4Sn0.9Pb0.1Cl0.6I2.4,0.6,0,0.4,0,0.1,0.9,0.6,0,2.4
MA0.6Cs0.4Sn0.9Pb0.1Cl0.9I2.1,0.6,0,0.4,0,0.1,0.9,0.9,0,2.1
MA0.6Cs0.4Sn0.9Pb0.1Cl1.2I1.8,0.6,0,0.4,0,0.1,0.9,1.2,0,1.8
MA0.6Cs0.4Sn0.9Pb0.1Cl1.5I1.5,0.6,0,0.4,0,0.1,0.9,1.5,0,1.5
MA0.6Cs0.4Sn0.9Pb0.1Cl1.8I1.2,0.6,0,0.4,0,0.1,0.9,1.8,0,1.2
MA0.6Cs0.4Sn0.9Pb0.1Cl2.1I0.9,0.6,0,0.4,0,0.1,0.9,2.1,0,0.9
MA0.6Cs0.4Sn0.9Pb0.1Cl2.4I0.6,0.6,0,0.4,0,0.1,0.9,2.4,0,0.6
MA0.6Cs0.4Sn0.9Pb0.1Cl2.7I0.3,0.6,0,0.4,0,0.1,0.9,2.7,0,0.3
MA0.6Cs0.4Sn0.9Pb0.1Br0.3I2.7,0.6,0,0.4,0,0.1,0.9,0,0.3,2.7
MA0.6Cs0.4Sn0.9Pb0.1Br0.6I2.4,0.6,0,0.4,0,0.1,0.9,0,0.6,2.4
MA0.6Cs0.4Sn0.9Pb0.1Br0.9I2.1,0.6,0,0.4,0,0.1,0.9,0,0.9,2.1
MA0.6Cs0.4Sn0.9Pb0.1Br1.2I1.8,0.6,0,0.4,0,0.1,0.9,0,1.2,1.8
MA0.6Cs0.4Sn0.9Pb0.1Br1.5I1.5,0.6,0,0.4,0,0.1,0.9,0,1.5,1.5
MA0.6Cs0.4Sn0.9Pb0.1Br1.8I1.2,0.6,0,0.4,0,0.1,0.9,0,1.8,1.2
MA0.6Cs0.4Sn0.9Pb0.1Br2.1I0.9,0.6,0,0.4,0,0.1,0.9,0,2.1,0.9
MA0.6Cs0.4Sn0.9Pb0.1Br2.4I0.6,0.6,0,0.4,0,0.1,0.9,0,2.4,0.6
MA0.6Cs0.4Sn0.9Pb0.1Br2.7I0.3,0.6,0,0.4,0,0.1,0.9,0,2.7,0.3
MA0.6Cs0.4Sn0.8Pb0.2Cl0.3Br2.7,0.6,0,0.4,0,0.2,0.8,0.3,2.7,0
MA0.6Cs0.4Sn0.8Pb0.2Cl0.6Br2.4,0.6,0,0.4,0,0.2,0.8,0.6,2.4,0
MA0.6Cs0.4Sn0.8Pb0.2Cl0.9Br2.1,0.6,0,0.4,0,0.2,0.8,0.9,2.1,0
MA0.6Cs0.4Sn0.8Pb0.2Cl1.2Br1.8,0.6,0,0.4,0,0.2,0.8,1.2,1.8,0
MA0.6Cs0.4Sn0.8Pb0.2Cl1.5Br1.5,0.6,0,0.4,0,0.2,0.8,1.5,1.5,0
MA0.6Cs0.4Sn0.8Pb0.2Cl1.8Br1.2,0.6,0,0.4,0,0.2,0.8,1.8,1.2,0
MA0.6Cs0.4Sn0.8Pb0.2Cl2.1Br0.9,0.6,0,0.4,0,0.2,0.8,2.1,0.9,0
MA0.6Cs0.4Sn0.8Pb0.2Cl2.4Br0.6,0.6,0,0.4,0,0.2,0.8,2.4,0.6,0
MA0.6Cs0.4Sn0.8Pb0.2Cl2.7Br0.3,0.6,0,0.4,0,0.2,0.8,2.7,0.3,0
MA0.6Cs0.4Sn0.8Pb0.2Cl0.3I2.7,0.6,0,0.4,0,0.2,0.8,0.3,0,2.7
MA0.6Cs0.4Sn0.8Pb0.2Cl0.6I2.4,0.6,0,0.4,0,0.2,0.8,0.6,0,2.4
MA0.6Cs0.4Sn0.8Pb0.2Cl0.9I2.1,0.6,0,0.4,0,0.2,0.8,0.9,0,2.1
MA0.6Cs0.4Sn0.8Pb0.2Cl1.2I1.8,0.6,0,0.4,0,0.2,0.8,1.2,0,1.8
MA0.6Cs0.4Sn0.8Pb0.2Cl1.5I1.5,0.6,0,0.4,0,0.2,0.8,1.5,0,1.5
MA0.6Cs0.4Sn0.8Pb0.2Cl1.8I1.2,0.6,0,0.4,0,0.2,0.8,1.8,0,1.2
MA0.6Cs0.4Sn0.8Pb0.2Cl2.1I0.9,0.6,0,0.4,0,0.2,0.8,2.1,0,0.9
MA0.6Cs0.4Sn0.8Pb0.2Cl2.4I0.6,0.6,0,0.4,0,0.2,0.8,2.4,0,0.6
MA0.6Cs0.4Sn0.8Pb0.2Cl2.7I0.3,0.6,0,0.4,0,0.2,0.8,2.7,0,0.3
MA0.6Cs0.4Sn0.8Pb0.2Br0.3I2.7,0.6,0,0.4,0,0.2,0.8,0,0.3,2.7
MA0.6Cs0.4Sn0.8Pb0.2Br0.6I2.4,0.6,0,0.4,0,0.2,0.8,0,0.6,2.4
MA0.6Cs0.4Sn0.8Pb0.2Br0.9I2.1,0.6,0,0.4,0,0.2,0.8,0,0.9,2.1
MA0.6Cs0.4Sn0.8Pb0.2Br1.2I1.8,0.6,0,0.4,0,0.2,0.8,0,1.2,1.8
MA0.6Cs0.4Sn0.8Pb0.2Br1.5I1.5,0.6,0,0.4,0,0.2,0.8,0,1.5,1.5
MA0.6Cs0.4Sn0.8Pb0.2Br1.8I1.2,0.6,0,0.4,0,0.2,0.8,0,1.8,1.2
MA0.6Cs0.4Sn0.8Pb0.2Br2.1I0.9,0.6,0,0.4,0,0.2,0.8,0,2.1,0.9
MA0.6Cs0.4Sn0.8Pb0.2Br2.4I0.6,0.6,0,0.4,0,0.2,0.8,0,2.4,0.6
MA0.6Cs0.4Sn0.8Pb0.2Br2.7I0.3,0.6,0,0.4,0,0.2,0.8,0,2.7,0.3
MA0.6Cs0.4Sn0.7Pb0.3Cl0.3Br2.7,0.6,0,0.4,0,0.3,0.7,0.3,2.7,0
MA0.6Cs0.4Sn0.7Pb0.3Cl0.6Br2.4,0.6,0,0.4,0,0.3,0.7,0.6,2.4,0
MA0.6Cs0.4Sn0.7Pb0.3Cl0.9Br2.1,0.6,0,0.4,0,0.3,0.7,0.9,2.1,0
MA0.6Cs0.4Sn0.7Pb0.3Cl1.2Br1.8,0.6,0,0.4,0,0.3,0.7,1.2,1.8,0
MA0.6Cs0.4Sn0.7Pb0.3Cl1.5Br1.5,0.6,0,0.4,0,0.3,0.7,1.5,1.5,0
MA0.6Cs0.4Sn0.7Pb0.3Cl1.8Br1.2,0.6,0,0.4,0,0.3,0.7,1.8,1.2,0
MA0.6Cs0.4Sn0.7Pb0.3Cl2.1Br0.9,0.6,0,0.4,0,0.3,0.7,2.1,0.9,0
MA0.6Cs0.4Sn0.7Pb0.3Cl2.4Br0.6,0.6,0,0.4,0,0.3,0.7,2.4,0.6,0
MA0.6Cs0.4Sn0.7Pb0.3Cl2.7Br0.3,0.6,0,0.4,0,0.3,0.7,2.7,0.3,0
MA0.6Cs0.4Sn0.7Pb0.3Cl0.3I2.7,0.6,0,0.4,0,0.3,0.7,0.3,0,2.7
MA0.6Cs0.4Sn0.7Pb0.3Cl0.6I2.4,0.6,0,0.4,0,0.3,0.7,0.6,0,2.4
MA0.6Cs0.4Sn0.7Pb0.3Cl0.9I2.1,0.6,0,0.4,0,0.3,0.7,0.9,0,2.1
MA0.6Cs0.4Sn0.7Pb0.3Cl1.2I1.8,0.6,0,0.4,0,0.3,0.7,1.2,0,1.8
MA0.6Cs0.4Sn0.7Pb0.3Cl1.5I1.5,0.6,0,0.4,0,0.3,0.7,1.5,0,1.5
MA0.6Cs0.4Sn0.7Pb0.3Cl1.8I1.2,0.6,0,0.4,0,0.3,0.7,1.8,0,1.2
MA0.6Cs0.4Sn0.7Pb0.3Cl2.1I0.9,0.6,0,0.4,0,0.3,0.7,2.1,0,0.9
MA0.6Cs0.4Sn0.7Pb0.3Cl2.4I0.6,0.6,0,0.4,0,0.3,0.7,2.4,0,0.6
MA0.6Cs0.4Sn0.7Pb0.3Cl2.7I0.3,0.6,0,0.4,0,0.3,0.7,2.7,0,0.3
MA0.6Cs0.4Sn0.7Pb0.3Br0.3I2.7,0.6,0,0.4,0,0.3,0.7,0,0.3,2.7
MA0.6Cs0.4Sn0.7Pb0.3Br0.6I2.4,0.6,0,0.4,0,0.3,0.7,0,0.6,2.4
MA0.6Cs0.4Sn0.7Pb0.3Br0.9I2.1,0.6,0,0.4,0,0.3,0.7,0,0.9,2.1
MA0.6Cs0.4Sn0.7Pb0.3Br1.2I1.8,0.6,0,0.4,0,0.3,0.7,0,1.2,1.8
MA0.6Cs0.4Sn0.7Pb0.3Br1.5I1.5,0.6,0,0.4,0,0.3,0.7,0,1.5,1.5
MA0.6Cs0.4Sn0.7Pb0.3Br1.8I1.2,0.6,0,0.4,0,0.3,0.7,0,1.8,1.2
MA0.6Cs0.4Sn0.7Pb0.3Br2.1I0.9,0.6,0,0.4,0,0.3,0.7,0,2.1,0.9
MA0.6Cs0.4Sn0.7Pb0.3Br2.4I0.6,0.6,0,0.4,0,0.3,0.7,0,2.4,0.6
MA0.6Cs0.4Sn0.7Pb0.3Br2.7I0.3,0.6,0,0.4,0,0.3,0.7,0,2.7,0.3
MA0.6Cs0.4Sn0.6Pb0.4Cl0.3Br2.7,0.6,0,0.4,0,0.4,0.6,0.3,2.7,0
MA0.6Cs0.4Sn0.6Pb0.4Cl0.6Br2.4,0.6,0,0.4,0,0.4,0.6,0.6,2.4,0
MA0.6Cs0.4Sn0.6Pb0.4Cl0.9Br2.1,0.6,0,0.4,0,0.4,0.6,0.9,2.1,0
MA0.6Cs0.4Sn0.6Pb0.4Cl1.2Br1.8,0.6,0,0.4,0,0.4,0.6,1.2,1.8,0
MA0.6Cs0.4Sn0.6Pb0.4Cl1.5Br1.5,0.6,0,0.4,0,0.4,0.6,1.5,1.5,0
MA0.6Cs0.4Sn0.6Pb0.4Cl1.8Br1.2,0.6,0,0.4,0,0.4,0.6,1.8,1.2,0
MA0.6Cs0.4Sn0.6Pb0.4Cl2.1Br0.9,0.6,0,0.4,0,0.4,0.6,2.1,0.9,0
MA0.6Cs0.4Sn0.6Pb0.4Cl2.4Br0.6,0.6,0,0.4,0,0.4,0.6,2.4,0.6,0
MA0.6Cs0.4Sn0.6Pb0.4Cl2.7Br0.3,0.6,0,0.4,0,0.4,0.6,2.7,0.3,0
MA0.6Cs0.4Sn0.6Pb0.4Cl0.3I2.7,0.6,0,0.4,0,0.4,0.6,0.3,0,2.7
MA0.6Cs0.4Sn0.6Pb0.4Cl0.6I2.4,0.6,0,0.4,0,0.4,0.6,0.6,0,2.4
MA0.6Cs0.4Sn0.6Pb0.4Cl0.9I2.1,0.6,0,0.4,0,0.4,0.6,0.9,0,2.1
MA0.6Cs0.4Sn0.6Pb0.4Cl1.2I1.8,0.6,0,0.4,0,0.4,0.6,1.2,0,1.8
MA0.6Cs0.4Sn0.6Pb0.4Cl1.5I1.5,0.6,0,0.4,0,0.4,0.6,1.5,0,1.5
MA0.6Cs0.4Sn0.6Pb0.4Cl1.8I1.2,0.6,0,0.4,0,0.4,0.6,1.8,0,1.2
MA0.6Cs0.4Sn0.6Pb0.4Cl2.1I0.9,0.6,0,0.4,0,0.4,0.6,2.1,0,0.9
MA0.6Cs0.4Sn0.6Pb0.4Cl2.4I0.6,0.6,0,0.4,0,0.4,0.6,2.4,0,0.6
MA0.6Cs0.4Sn0.6Pb0.4Cl2.7I0.3,0.6,0,0.4,0,0.4,0.6,2.7,0,0.3
MA0.6Cs0.4Sn0.6Pb0.4Br0.3I2.7,0.6,0,0.4,0,0.4,0.6,0,0.3,2.7
MA0.6Cs0.4Sn0.6Pb0.4Br0.6I2.4,0.6,0,0.4,0,0.4,0.6,0,0.6,2.4
MA0.6Cs0.4Sn0.6Pb0.4Br0.9I2.1,0.6,0,0.4,0,0.4,0.6,0,0.9,2.1
MA0.6Cs0.4Sn0.6Pb0.4Br1.2I1.8,0.6,0,0.4,0,0.4,0.6,0,1.2,1.8
MA0.6Cs0.4Sn0.6Pb0.4Br1.5I1.5,0.6,0,0.4,0,0.4,0.6,0,1.5,1.5
MA0.6Cs0.4Sn0.6Pb0.4Br1.8I1.2,0.6,0,0.4,0,0.4,0.6,0,1.8,1.2
MA0.6Cs0.4Sn0.6Pb0.4Br2.1I0.9,0.6,0,0.4,0,0.4,0.6,0,2.1,0.9
MA0.6Cs0.4Sn0.6Pb0.4Br2.4I0.6,0.6,0,0.4,0,0.4,0.6,0,2.4,0.6
MA0.6Cs0.4Sn0.6Pb0.4Br2.7I0.3,0.6,0,0.4,0,0.4,0.6,0,2.7,0.3
MA0.6Cs0.4Sn0.5Pb0.5Cl0.3Br2.7,0.6,0,0.4,0,0.5,0.5,0.3,2.7,0
MA0.6Cs0.4Sn0.5Pb0.5Cl0.6Br2.4,0.6,0,0.4,0,0.5,0.5,0.6,2.4,0
MA0.6Cs0.4Sn0.5Pb0.5Cl0.9Br2.1,0.6,0,0.4,0,0.5,0.5,0.9,2.1,0
MA0.6Cs0.4Sn0.5Pb0.5Cl1.2Br1.8,0.6,0,0.4,0,0.5,0.5,1.2,1.8,0
MA0.6Cs0.4Sn0.5Pb0.5Cl1.5Br1.5,0.6,0,0.4,0,0.5,0.5,1.5,1.5,0
MA0.6Cs0.4Sn0.5Pb0.5Cl1.8Br1.2,0.6,0,0.4,0,0.5,0.5,1.8,1.2,0
MA0.6Cs0.4Sn0.5Pb0.5Cl2.1Br0.9,0.6,0,0.4,0,0.5,0.5,2.1,0.9,0
MA0.6Cs0.4Sn0.5Pb0.5Cl2.4Br0.6,0.6,0,0.4,0,0.5,0.5,2.4,0.6,0
MA0.6Cs0.4Sn0.5Pb0.5Cl2.7Br0.3,0.6,0,0.4,0,0.5,0.5,2.7,0.3,0
MA0.6Cs0.4Sn0.5Pb0.5Cl0.3I2.7,0.6,0,0.4,0,0.5,0.5,0.3,0,2.7
MA0.6Cs0.4Sn0.5Pb0.5Cl0.6I2.4,0.6,0,0.4,0,0.5,0.5,0.6,0,2.4
MA0.6Cs0.4Sn0.5Pb0.5Cl0.9I2.1,0.6,0,0.4,0,0.5,0.5,0.9,0,2.1
MA0.6Cs0.4Sn0.5Pb0.5Cl1.2I1.8,0.6,0,0.4,0,0.5,0.5,1.2,0,1.8
MA0.6Cs0.4Sn0.5Pb0.5Cl1.5I1.5,0.6,0,0.4,0,0.5,0.5,1.5,0,1.5
MA0.6Cs0.4Sn0.5Pb0.5Cl1.8I1.2,0.6,0,0.4,0,0.5,0.5,1.8,0,1.2
MA0.6Cs0.4Sn0.5Pb0.5Cl2.1I0.9,0.6,0,0.4,0,0.5,0.5,2.1,0,0.9
MA0.6Cs0.4Sn0.5Pb0.5Cl2.4I0.6,0.6,0,0.4,0,0.5,0.5,2.4,0,0.6
MA0.6Cs0.4Sn0.5Pb0.5Cl2.7I0.3,0.6,0,0.4,0,0.5,0.5,2.7,0,0.3
MA0.6Cs0.4Sn0.5Pb0.5Br0.3I2.7,0.6,0,0.4,0,0.5,0.5,0,0.3,2.7
MA0.6Cs0.4Sn0.5Pb0.5Br0.6I2.4,0.6,0,0.4,0,0.5,0.5,0,0.6,2.4
MA0.6Cs0.4Sn0.5Pb0.5Br0.9I2.1,0.6,0,0.4,0,0.5,0.5,0,0.9,2.1
MA0.6Cs0.4Sn0.5Pb0.5Br1.2I1.8,0.6,0,0.4,0,0.5,0.5,0,1.2,1.8
MA0.6Cs0.4Sn0.5Pb0.5Br1.5I1.5,0.6,0,0.4,0,0.5,0.5,0,1.5,1.5
MA0.6Cs0.4Sn0.5Pb0.5Br1.8I1.2,0.6,0,0.4,0,0.5,0.5,0,1.8,1.2
MA0.6Cs0.4Sn0.5Pb0.5Br2.1I0.9,0.6,0,0.4,0,0.5,0.5,0,2.1,0.9
MA0.6Cs0.4Sn0.5Pb0.5Br2.4I0.6,0.6,0,0.4,0,0.5,0.5,0,2.4,0.6
MA0.6Cs0.4Sn0.5Pb0.5Br2.7I0.3,0.6,0,0.4,0,0.5,0.5,0,2.7,0.3
MA0.6Cs0.4Sn0.4Pb0.6Cl0.3Br2.7,0.6,0,0.4,0,0.6,0.4,0.3,2.7,0
MA0.6Cs0.4Sn0.4Pb0.6Cl0.6Br2.4,0.6,0,0.4,0,0.6,0.4,0.6,2.4,0
MA0.6Cs0.4Sn0.4Pb0.6Cl0.9Br2.1,0.6,0,0.4,0,0.6,0.4,0.9,2.1,0
MA0.6Cs0.4Sn0.4Pb0.6Cl1.2Br1.8,0.6,0,0.4,0,0.6,0.4,1.2,1.8,0
MA0.6Cs0.4Sn0.4Pb0.6Cl1.5Br1.5,0.6,0,0.4,0,0.6,0.4,1.5,1.5,0
MA0.6Cs0.4Sn0.4Pb0.6Cl1.8Br1.2,0.6,0,0.4,0,0.6,0.4,1.8,1.2,0
MA0.6Cs0.4Sn0.4Pb0.6Cl2.1Br0.9,0.6,0,0.4,0,0.6,0.4,2.1,0.9,0
MA0.6Cs0.4Sn0.4Pb0.6Cl2.4Br0.6,0.6,0,0.4,0,0.6,0.4,2.4,0.6,0
MA0.6Cs0.4Sn0.4Pb0.6Cl2.7Br0.3,0.6,0,0.4,0,0.6,0.4,2.7,0.3,0
MA0.6Cs0.4Sn0.4Pb0.6Cl0.3I2.7,0.6,0,0.4,0,0.6,0.4,0.3,0,2.7
MA0.6Cs0.4Sn0.4Pb0.6Cl0.6I2.4,0.6,0,0.4,0,0.6,0.4,0.6,0,2.4
MA0.6Cs0.4Sn0.4Pb0.6Cl0.9I2.1,0.6,0,0.4,0,0.6,0.4,0.9,0,2.1
MA0.6Cs0.4Sn0.4Pb0.6Cl1.2I1.8,0.6,0,0.4,0,0.6,0.4,1.2,0,1.8
MA0.6Cs0.4Sn0.4Pb0.6Cl1.5I1.5,0.6,0,0.4,0,0.6,0.4,1.5,0,1.5
MA0.6Cs0.4Sn0.4Pb0.6Cl1.8I1.2,0.6,0,0.4,0,0.6,0.4,1.8,0,1.2
MA0.6Cs0.4Sn0.4Pb0.6Cl2.1I0.9,0.6,0,0.4,0,0.6,0.4,2.1,0,0.9
MA0.6Cs0.4Sn0.4Pb0.6Cl2.4I0.6,0.6,0,0.4,0,0.6,0.4,2.4,0,0.6
MA0.6Cs0.4Sn0.4Pb0.6Cl2.7I0.3,0.6,0,0.4,0,0.6,0.4,2.7,0,0.3
MA0.6Cs0.4Sn0.4Pb0.6Br0.3I2.7,0.6,0,0.4,0,0.6,0.4,0,0.3,2.7
MA0.6Cs0.4Sn0.4Pb0.6Br0.6I2.4,0.6,0,0.4,0,0.6,0.4,0,0.6,2.4
MA0.6Cs0.4Sn0.4Pb0.6Br0.9I2.1,0.6,0,0.4,0,0.6,0.4,0,0.9,2.1
MA0.6Cs0.4Sn0.4Pb0.6Br1.2I1.8,0.6,0,0.4,0,0.6,0.4,0,1.2,1.8
MA0.6Cs0.4Sn0.4Pb0.6Br1.5I1.5,0.6,0,0.4,0,0.6,0.4,0,1.5,1.5
MA0.6Cs0.4Sn0.4Pb0.6Br1.8I1.2,0.6,0,0.4,0,0.6,0.4,0,1.8,1.2
MA0.6Cs0.4Sn0.4Pb0.6Br2.1I0.9,0.6,0,0.4,0,0.6,0.4,0,2.1,0.9
MA0.6Cs0.4Sn0.4Pb0.6Br2.4I0.6,0.6,0,0.4,0,0.6,0.4,0,2.4,0.6
MA0.6Cs0.4Sn0.4Pb0.6Br2.7I0.3,0.6,0,0.4,0,0.6,0.4,0,2.7,0.3
MA0.6Cs0.4Sn0.3Pb0.7Cl0.3Br2.7,0.6,0,0.4,0,0.7,0.3,0.3,2.7,0
MA0.6Cs0.4Sn0.3Pb0.7Cl0.6Br2.4,0.6,0,0.4,0,0.7,0.3,0.6,2.4,0
MA0.6Cs0.4Sn0.3Pb0.7Cl0.9Br2.1,0.6,0,0.4,0,0.7,0.3,0.9,2.1,0
MA0.6Cs0.4Sn0.3Pb0.7Cl1.2Br1.8,0.6,0,0.4,0,0.7,0.3,1.2,1.8,0
MA0.6Cs0.4Sn0.3Pb0.7Cl1.5Br1.5,0.6,0,0.4,0,0.7,0.3,1.5,1.5,0
MA0.6Cs0.4Sn0.3Pb0.7Cl1.8Br1.2,0.6,0,0.4,0,0.7,0.3,1.8,1.2,0
MA0.6Cs0.4Sn0.3Pb0.7Cl2.1Br0.9,0.6,0,0.4,0,0.7,0.3,2.1,0.9,0
MA0.6Cs0.4Sn0.3Pb0.7Cl2.4Br0.6,0.6,0,0.4,0,0.7,0.3,2.4,0.6,0
MA0.6Cs0.4Sn0.3Pb0.7Cl2.7Br0.3,0.6,0,0.4,0,0.7,0.3,2.7,0.3,0
MA0.6Cs0.4Sn0.3Pb0.7Cl0.3I2.7,0.6,0,0.4,0,0.7,0.3,0.3,0,2.7
MA0.6Cs0.4Sn0.3Pb0.7Cl0.6I2.4,0.6,0,0.4,0,0.7,0.3,0.6,0,2.4
MA0.6Cs0.4Sn0.3Pb0.7Cl0.9I2.1,0.6,0,0.4,0,0.7,0.3,0.9,0,2.1
MA0.6Cs0.4Sn0.3Pb0.7Cl1.2I1.8,0.6,0,0.4,0,0.7,0.3,1.2,0,1.8
MA0.6Cs0.4Sn0.3Pb0.7Cl1.5I1.5,0.6,0,0.4,0,0.7,0.3,1.5,0,1.5
MA0.6Cs0.4Sn0.3Pb0.7Cl1.8I1.2,0.6,0,0.4,0,0.7,0.3,1.8,0,1.2
MA0.6Cs0.4Sn0.3Pb0.7Cl2.1I0.9,0.6,0,0.4,0,0.7,0.3,2.1,0,0.9
MA0.6Cs0.4Sn0.3Pb0.7Cl2.4I0.6,0.6,0,0.4,0,0.7,0.3,2.4,0,0.6
MA0.6Cs0.4Sn0.3Pb0.7Cl2.7I0.3,0.6,0,0.4,0,0.7,0.3,2.7,0,0.3
MA0.6Cs0.4Sn0.3Pb0.7Br0.3I2.7,0.6,0,0.4,0,0.7,0.3,0,0.3,2.7
MA0.6Cs0.4Sn0.3Pb0.7Br0.6I2.4,0.6,0,0.4,0,0.7,0.3,0,0.6,2.4
MA0.6Cs0.4Sn0.3Pb0.7Br0.9I2.1,0.6,0,0.4,0,0.7,0.3,0,0.9,2.1
MA0.6Cs0.4Sn0.3Pb0.7Br1.2I1.8,0.6,0,0.4,0,0.7,0.3,0,1.2,1.8
MA0.6Cs0.4Sn0.3Pb0.7Br1.5I1.5,0.6,0,0.4,0,0.7,0.3,0,1.5,1.5
MA0.6Cs0.4Sn0.3Pb0.7Br1.8I1.2,0.6,0,0.4,0,0.7,0.3,0,1.8,1.2
MA0.6Cs0.4Sn0.3Pb0.7Br2.1I0.9,0.6,0,0.4,0,0.7,0.3,0,2.1,0.9
MA0.6Cs0.4Sn0.3Pb0.7Br2.4I0.6,0.6,0,0.4,0,0.7,0.3,0,2.4,0.6
MA0.6Cs0.4Sn0.3Pb0.7Br2.7I0.3,0.6,0,0.4,0,0.7,0.3,0,2.7,0.3
MA0.6Cs0.4Sn0.2Pb0.8Cl0.3Br2.7,0.6,0,0.4,0,0.8,0.2,0.3,2.7,0
MA0.6Cs0.4Sn0.2Pb0.8Cl0.6Br2.4,0.6,0,0.4,0,0.8,0.2,0.6,2.4,0
MA0.6Cs0.4Sn0.2Pb0.8Cl0.9Br2.1,0.6,0,0.4,0,0.8,0.2,0.9,2.1,0
MA0.6Cs0.4Sn0.2Pb0.8Cl1.2Br1.8,0.6,0,0.4,0,0.8,0.2,1.2,1.8,0
MA0.6Cs0.4Sn0.2Pb0.8Cl1.5Br1.5,0.6,0,0.4,0,0.8,0.2,1.5,1.5,0
MA0.6Cs0.4Sn0.2Pb0.8Cl1.8Br1.2,0.6,0,0.4,0,0.8,0.2,1.8,1.2,0
MA0.6Cs0.4Sn0.2Pb0.8Cl2.1Br0.9,0.6,0,0.4,0,0.8,0.2,2.1,0.9,0
MA0.6Cs0.4Sn0.2Pb0.8Cl2.4Br0.6,0.6,0,0.4,0,0.8,0.2,2.4,0.6,0
MA0.6Cs0.4Sn0.2Pb0.8Cl2.7Br0.3,0.6,0,0.4,0,0.8,0.2,2.7,0.3,0
MA0.6Cs0.4Sn0.2Pb0.8Cl0.3I2.7,0.6,0,0.4,0,0.8,0.2,0.3,0,2.7
MA0.6Cs0.4Sn0.2Pb0.8Cl0.6I2.4,0.6,0,0.4,0,0.8,0.2,0.6,0,2.4
MA0.6Cs0.4Sn0.2Pb0.8Cl0.9I2.1,0.6,0,0.4,0,0.8,0.2,0.9,0,2.1
MA0.6Cs0.4Sn0.2Pb0.8Cl1.2I1.8,0.6,0,0.4,0,0.8,0.2,1.2,0,1.8
MA0.6Cs0.4Sn0.2Pb0.8Cl1.5I1.5,0.6,0,0.4,0,0.8,0.2,1.5,0,1.5
MA0.6Cs0.4Sn0.2Pb0.8Cl1.8I1.2,0.6,0,0.4,0,0.8,0.2,1.8,0,1.2
MA0.6Cs0.4Sn0.2Pb0.8Cl2.1I0.9,0.6,0,0.4,0,0.8,0.2,2.1,0,0.9
MA0.6Cs0.4Sn0.2Pb0.8Cl2.4I0.6,0.6,0,0.4,0,0.8,0.2,2.4,0,0.6
MA0.6Cs0.4Sn0.2Pb0.8Cl2.7I0.3,0.6,0,0.4,0,0.8,0.2,2.7,0,0.3
MA0.6Cs0.4Sn0.2Pb0.8Br0.3I2.7,0.6,0,0.4,0,0.8,0.2,0,0.3,2.7
MA0.6Cs0.4Sn0.2Pb0.8Br0.6I2.4,0.6,0,0.4,0,0.8,0.2,0,0.6,2.4
MA0.6Cs0.4Sn0.2Pb0.8Br0.9I2.1,0.6,0,0.4,0,0.8,0.2,0,0.9,2.1
MA0.6Cs0.4Sn0.2Pb0.8Br1.2I1.8,0.6,0,0.4,0,0.8,0.2,0,1.2,1.8
MA0.6Cs0.4Sn0.2Pb0.8Br1.5I1.5,0.6,0,0.4,0,0.8,0.2,0,1.5,1.5
MA0.6Cs0.4Sn0.2Pb0.8Br1.8I1.2,0.6,0,0.4,0,0.8,0.2,0,1.8,1.2
MA0.6Cs0.4Sn0.2Pb0.8Br2.1I0.9,0.6,0,0.4,0,0.8,0.2,0,2.1,0.9
MA0.6Cs0.4Sn0.2Pb0.8Br2.4I0.6,0.6,0,0.4,0,0.8,0.2,0,2.4,0.6
MA0.6Cs0.4Sn0.2Pb0.8Br2.7I0.3,0.6,0,0.4,0,0.8,0.2,0,2.7,0.3
MA0.6Cs0.4Sn0.1Pb0.9Cl0.3Br2.7,0.6,0,0.4,0,0.9,0.1,0.3,2.7,0
MA0.6Cs0.4Sn0.1Pb0.9Cl0.6Br2.4,0.6,0,0.4,0,0.9,0.1,0.6,2.4,0
MA0.6Cs0.4Sn0.1Pb0.9Cl0.9Br2.1,0.6,0,0.4,0,0.9,0.1,0.9,2.1,0
MA0.6Cs0.4Sn0.1Pb0.9Cl1.2Br1.8,0.6,0,0.4,0,0.9,0.1,1.2,1.8,0
MA0.6Cs0.4Sn0.1Pb0.9Cl1.5Br1.5,0.6,0,0.4,0,0.9,0.1,1.5,1.5,0
MA0.6Cs0.4Sn0.1Pb0.9Cl1.8Br1.2,0.6,0,0.4,0,0.9,0.1,1.8,1.2,0
MA0.6Cs0.4Sn0.1Pb0.9Cl2.1Br0.9,0.6,0,0.4,0,0.9,0.1,2.1,0.9,0
MA0.6Cs0.4Sn0.1Pb0.9Cl2.4Br0.6,0.6,0,0.4,0,0.9,0.1,2.4,0.6,0
MA0.6Cs0.4Sn0.1Pb0.9Cl2.7Br0.3,0.6,0,0.4,0,0.9,0.1,2.7,0.3,0
MA0.6Cs0.4Sn0.1Pb0.9Cl0.3I2.7,0.6,0,0.4,0,0.9,0.1,0.3,0,2.7
MA0.6Cs0.4Sn0.1Pb0.9Cl0.6I2.4,0.6,0,0.4,0,0.9,0.1,0.6,0,2.4
MA0.6Cs0.4Sn0.1Pb0.9Cl0.9I2.1,0.6,0,0.4,0,0.9,0.1,0.9,0,2.1
MA0.6Cs0.4Sn0.1Pb0.9Cl1.2I1.8,0.6,0,0.4,0,0.9,0.1,1.2,0,1.8
MA0.6Cs0.4Sn0.1Pb0.9Cl1.5I1.5,0.6,0,0.4,0,0.9,0.1,1.5,0,1.5
MA0.6Cs0.4Sn0.1Pb0.9Cl1.8I1.2,0.6,0,0.4,0,0.9,0.1,1.8,0,1.2
MA0.6Cs0.4Sn0.1Pb0.9Cl2.1I0.9,0.6,0,0.4,0,0.9,0.1,2.1,0,0.9
MA0.6Cs0.4Sn0.1Pb0.9Cl2.4I0.6,0.6,0,0.4,0,0.9,0.1,2.4,0,0.6
MA0.6Cs0.4Sn0.1Pb0.9Cl2.7I0.3,0.6,0,0.4,0,0.9,0.1,2.7,0,0.3
MA0.6Cs0.4Sn0.1Pb0.9Br0.3I2.7,0.6,0,0.4,0,0.9,0.1,0,0.3,2.7
MA0.6Cs0.4Sn0.1Pb0.9Br0.6I2.4,0.6,0,0.4,0,0.9,0.1,0,0.6,2.4
MA0.6Cs0.4Sn0.1Pb0.9Br0.9I2.1,0.6,0,0.4,0,0.9,0.1,0,0.9,2.1
MA0.6Cs0.4Sn0.1Pb0.9Br1.2I1.8,0.6,0,0.4,0,0.9,0.1,0,1.2,1.8
MA0.6Cs0.4Sn0.1Pb0.9Br1.5I1.5,0.6,0,0.4,0,0.9,0.1,0,1.5,1.5
MA0.6Cs0.4Sn0.1Pb0.9Br1.8I1.2,0.6,0,0.4,0,0.9,0.1,0,1.8,1.2
MA0.6Cs0.4Sn0.1Pb0.9Br2.1I0.9,0.6,0,0.4,0,0.9,0.1,0,2.1,0.9
MA0.6Cs0.4Sn0.1Pb0.9Br2.4I0.6,0.6,0,0.4,0,0.9,0.1,0,2.4,0.6
MA0.6Cs0.4Sn0.1Pb0.9Br2.7I0.3,0.6,0,0.4,0,0.9,0.1,0,2.7,0.3
MA0.7Cs0.3Sn0.9Pb0.1Cl0.3Br2.7,0.7,0,0.3,0,0.1,0.9,0.3,2.7,0
MA0.7Cs0.3Sn0.9Pb0.1Cl0.6Br2.4,0.7,0,0.3,0,0.1,0.9,0.6,2.4,0
MA0.7Cs0.3Sn0.9Pb0.1Cl0.9Br2.1,0.7,0,0.3,0,0.1,0.9,0.9,2.1,0
MA0.7Cs0.3Sn0.9Pb0.1Cl1.2Br1.8,0.7,0,0.3,0,0.1,0.9,1.2,1.8,0
MA0.7Cs0.3Sn0.9Pb0.1Cl1.5Br1.5,0.7,0,0.3,0,0.1,0.9,1.5,1.5,0
MA0.7Cs0.3Sn0.9Pb0.1Cl1.8Br1.2,0.7,0,0.3,0,0.1,0.9,1.8,1.2,0
MA0.7Cs0.3Sn0.9Pb0.1Cl2.1Br0.9,0.7,0,0.3,0,0.1,0.9,2.1,0.9,0
MA0.7Cs0.3Sn0.9Pb0.1Cl2.4Br0.6,0.7,0,0.3,0,0.1,0.9,2.4,0.6,0
MA0.7Cs0.3Sn0.9Pb0.1Cl2.7Br0.3,0.7,0,0.3,0,0.1,0.9,2.7,0.3,0
MA0.7Cs0.3Sn0.9Pb0.1Cl0.3I2.7,0.7,0,0.3,0,0.1,0.9,0.3,0,2.7
MA0.7Cs0.3Sn0.9Pb0.1Cl0.6I2.4,0.7,0,0.3,0,0.1,0.9,0.6,0,2.4
MA0.7Cs0.3Sn0.9Pb0.1Cl0.9I2.1,0.7,0,0.3,0,0.1,0.9,0.9,0,2.1
MA0.7Cs0.3Sn0.9Pb0.1Cl1.2I1.8,0.7,0,0.3,0,0.1,0.9,1.2,0,1.8
MA0.7Cs0.3Sn0.9Pb0.1Cl1.5I1.5,0.7,0,0.3,0,0.1,0.9,1.5,0,1.5
MA0.7Cs0.3Sn0.9Pb0.1Cl1.8I1.2,0.7,0,0.3,0,0.1,0.9,1.8,0,1.2
MA0.7Cs0.3Sn0.9Pb0.1Cl2.1I0.9,0.7,0,0.3,0,0.1,0.9,2.1,0,0.9
MA0.7Cs0.3Sn0.9Pb0.1Cl2.4I0.6,0.7,0,0.3,0,0.1,0.9,2.4,0,0.6
MA0.7Cs0.3Sn0.9Pb0.1Cl2.7I0.3,0.7,0,0.3,0,0.1,0.9,2.7,0,0.3
MA0.7Cs0.3Sn0.9Pb0.1Br0.3I2.7,0.7,0,0.3,0,0.1,0.9,0,0.3,2.7
MA0.7Cs0.3Sn0.9Pb0.1Br0.6I2.4,0.7,0,0.3,0,0.1,0.9,0,0.6,2.4
MA0.7Cs0.3Sn0.9Pb0.1Br0.9I2.1,0.7,0,0.3,0,0.1,0.9,0,0.9,2.1
MA0.7Cs0.3Sn0.9Pb0.1Br1.2I1.8,0.7,0,0.3,0,0.1,0.9,0,1.2,1.8
MA0.7Cs0.3Sn0.9Pb0.1Br1.5I1.5,0.7,0,0.3,0,0.1,0.9,0,1.5,1.5
MA0.7Cs0.3Sn0.9Pb0.1Br1.8I1.2,0.7,0,0.3,0,0.1,0.9,0,1.8,1.2
MA0.7Cs0.3Sn0.9Pb0.1Br2.1I0.9,0.7,0,0.3,0,0.1,0.9,0,2.1,0.9
MA0.7Cs0.3Sn0.9Pb0.1Br2.4I0.6,0.7,0,0.3,0,0.1,0.9,0,2.4,0.6
MA0.7Cs0.3Sn0.9Pb0.1Br2.7I0.3,0.7,0,0.3,0,0.1,0.9,0,2.7,0.3
MA0.7Cs0.3Sn0.8Pb0.2Cl0.3Br2.7,0.7,0,0.3,0,0.2,0.8,0.3,2.7,0
MA0.7Cs0.3Sn0.8Pb0.2Cl0.6Br2.4,0.7,0,0.3,0,0.2,0.8,0.6,2.4,0
MA0.7Cs0.3Sn0.8Pb0.2Cl0.9Br2.1,0.7,0,0.3,0,0.2,0.8,0.9,2.1,0
MA0.7Cs0.3Sn0.8Pb0.2Cl1.2Br1.8,0.7,0,0.3,0,0.2,0.8,1.2,1.8,0
MA0.7Cs0.3Sn0.8Pb0.2Cl1.5Br1.5,0.7,0,0.3,0,0.2,0.8,1.5,1.5,0
MA0.7Cs0.3Sn0.8Pb0.2Cl1.8Br1.2,0.7,0,0.3,0,0.2,0.8,1.8,1.2,0
MA0.7Cs0.3Sn0.8Pb0.2Cl2.1Br0.9,0.7,0,0.3,0,0.2,0.8,2.1,0.9,0
MA0.7Cs0.3Sn0.8Pb0.2Cl2.4Br0.6,0.7,0,0.3,0,0.2,0.8,2.4,0.6,0
MA0.7Cs0.3Sn0.8Pb0.2Cl2.7Br0.3,0.7,0,0.3,0,0.2,0.8,2.7,0.3,0
MA0.7Cs0.3Sn0.8Pb0.2Cl0.3I2.7,0.7,0,0.3,0,0.2,0.8,0.3,0,2.7
MA0.7Cs0.3Sn0.8Pb0.2Cl0.6I2.4,0.7,0,0.3,0,0.2,0.8,0.6,0,2.4
MA0.7Cs0.3Sn0.8Pb0.2Cl0.9I2.1,0.7,0,0.3,0,0.2,0.8,0.9,0,2.1
MA0.7Cs0.3Sn0.8Pb0.2Cl1.2I1.8,0.7,0,0.3,0,0.2,0.8,1.2,0,1.8
MA0.7Cs0.3Sn0.8Pb0.2Cl1.5I1.5,0.7,0,0.3,0,0.2,0.8,1.5,0,1.5
MA0.7Cs0.3Sn0.8Pb0.2Cl1.8I1.2,0.7,0,0.3,0,0.2,0.8,1.8,0,1.2
MA0.7Cs0.3Sn0.8Pb0.2Cl2.1I0.9,0.7,0,0.3,0,0.2,0.8,2.1,0,0.9
MA0.7Cs0.3Sn0.8Pb0.2Cl2.4I0.6,0.7,0,0.3,0,0.2,0.8,2.4,0,0.6
MA0.7Cs0.3Sn0.8Pb0.2Cl2.7I0.3,0.7,0,0.3,0,0.2,0.8,2.7,0,0.3
MA0.7Cs0.3Sn0.8Pb0.2Br0.3I2.7,0.7,0,0.3,0,0.2,0.8,0,0.3,2.7
MA0.7Cs0.3Sn0.8Pb0.2Br0.6I2.4,0.7,0,0.3,0,0.2,0.8,0,0.6,2.4
MA0.7Cs0.3Sn0.8Pb0.2Br0.9I2.1,0.7,0,0.3,0,0.2,0.8,0,0.9,2.1
MA0.7Cs0.3Sn0.8Pb0.2Br1.2I1.8,0.7,0,0.3,0,0.2,0.8,0,1.2,1.8
MA0.7Cs0.3Sn0.8Pb0.2Br1.5I1.5,0.7,0,0.3,0,0.2,0.8,0,1.5,1.5
MA0.7Cs0.3Sn0.8Pb0.2Br1.8I1.2,0.7,0,0.3,0,0.2,0.8,0,1.8,1.2
MA0.7Cs0.3Sn0.8Pb0.2Br2.1I0.9,0.7,0,0.3,0,0.2,0.8,0,2.1,0.9
MA0.7Cs0.3Sn0.8Pb0.2Br2.4I0.6,0.7,0,0.3,0,0.2,0.8,0,2.4,0.6
MA0.7Cs0.3Sn0.8Pb0.2Br2.7I0.3,0.7,0,0.3,0,0.2,0.8,0,2.7,0.3
MA0.7Cs0.3Sn0.7Pb0.3Cl0.3Br2.7,0.7,0,0.3,0,0.3,0.7,0.3,2.7,0
MA0.7Cs0.3Sn0.7Pb0.3Cl0.6Br2.4,0.7,0,0.3,0,0.3,0.7,0.6,2.4,0
MA0.7Cs0.3Sn0.7Pb0.3Cl0.9Br2.1,0.7,0,0.3,0,0.3,0.7,0.9,2.1,0
MA0.7Cs0.3Sn0.7Pb0.3Cl1.2Br1.8,0.7,0,0.3,0,0.3,0.7,1.2,1.8,0
MA0.7Cs0.3Sn0.7Pb0.3Cl1.5Br1.5,0.7,0,0.3,0,0.3,0.7,1.5,1.5,0
MA0.7Cs0.3Sn0.7Pb0.3Cl1.8Br1.2,0.7,0,0.3,0,0.3,0.7,1.8,1.2,0
MA0.7Cs0.3Sn0.7Pb0.3Cl2.1Br0.9,0.7,0,0.3,0,0.3,0.7,2.1,0.9,0
MA0.7Cs0.3Sn0.7Pb0.3Cl2.4Br0.6,0.7,0,0.3,0,0.3,0.7,2.4,0.6,0
MA0.7Cs0.3Sn0.7Pb0.3Cl2.7Br0.3,0.7,0,0.3,0,0.3,0.7,2.7,0.3,0
MA0.7Cs0.3Sn0.7Pb0.3Cl0.3I2.7,0.7,0,0.3,0,0.3,0.7,0.3,0,2.7
MA0.7Cs0.3Sn0.7Pb0.3Cl0.6I2.4,0.7,0,0.3,0,0.3,0.7,0.6,0,2.4
MA0.7Cs0.3Sn0.7Pb0.3Cl0.9I2.1,0.7,0,0.3,0,0.3,0.7,0.9,0,2.1
MA0.7Cs0.3Sn0.7Pb0.3Cl1.2I1.8,0.7,0,0.3,0,0.3,0.7,1.2,0,1.8
MA0.7Cs0.3Sn0.7Pb0.3Cl1.5I1.5,0.7,0,0.3,0,0.3,0.7,1.5,0,1.5
MA0.7Cs0.3Sn0.7Pb0.3Cl1.8I1.2,0.7,0,0.3,0,0.3,0.7,1.8,0,1.2
MA0.7Cs0.3Sn0.7Pb0.3Cl2.1I0.9,0.7,0,0.3,0,0.3,0.7,2.1,0,0.9
MA0.7Cs0.3Sn0.7Pb0.3Cl2.4I0.6,0.7,0,0.3,0,0.3,0.7,2.4,0,0.6
MA0.7Cs0.3Sn0.7Pb0.3Cl2.7I0.3,0.7,0,0.3,0,0.3,0.7,2.7,0,0.3
MA0.7Cs0.3Sn0.7Pb0.3Br0.3I2.7,0.7,0,0.3,0,0.3,0.7,0,0.3,2.7
MA0.7Cs0.3Sn0.7Pb0.3Br0.6I2.4,0.7,0,0.3,0,0.3,0.7,0,0.6,2.4
MA0.7Cs0.3Sn0.7Pb0.3Br0.9I2.1,0.7,0,0.3,0,0.3,0.7,0,0.9,2.1
MA0.7Cs0.3Sn0.7Pb0.3Br1.2I1.8,0.7,0,0.3,0,0.3,0.7,0,1.2,1.8
MA0.7Cs0.3Sn0.7Pb0.3Br1.5I1.5,0.7,0,0.3,0,0.3,0.7,0,1.5,1.5
MA0.7Cs0.3Sn0.7Pb0.3Br1.8I1.2,0.7,0,0.3,0,0.3,0.7,0,1.8,1.2
MA0.7Cs0.3Sn0.7Pb0.3Br2.1I0.9,0.7,0,0.3,0,0.3,0.7,0,2.1,0.9
MA0.7Cs0.3Sn0.7Pb0.3Br2.4I0.6,0.7,0,0.3,0,0.3,0.7,0,2.4,0.6
MA0.7Cs0.3Sn0.7Pb0.3Br2.7I0.3,0.7,0,0.3,0,0.3,0.7,0,2.7,0.3
MA0.7Cs0.3Sn0.6Pb0.4Cl0.3Br2.7,0.7,0,0.3,0,0.4,0.6,0.3,2.7,0
MA0.7Cs0.3Sn0.6Pb0.4Cl0.6Br2.4,0.7,0,0.3,0,0.4,0.6,0.6,2.4,0
MA0.7Cs0.3Sn0.6Pb0.4Cl0.9Br2.1,0.7,0,0.3,0,0.4,0.6,0.9,2.1,0
MA0.7Cs0.3Sn0.6Pb0.4Cl1.2Br1.8,0.7,0,0.3,0,0.4,0.6,1.2,1.8,0
MA0.7Cs0.3Sn0.6Pb0.4Cl1.5Br1.5,0.7,0,0.3,0,0.4,0.6,1.5,1.5,0
MA0.7Cs0.3Sn0.6Pb0.4Cl1.8Br1.2,0.7,0,0.3,0,0.4,0.6,1.8,1.2,0
MA0.7Cs0.3Sn0.6Pb0.4Cl2.1Br0.9,0.7,0,0.3,0,0.4,0.6,2.1,0.9,0
MA0.7Cs0.3Sn0.6Pb0.4Cl2.4Br0.6,0.7,0,0.3,0,0.4,0.6,2.4,0.6,0
MA0.7Cs0.3Sn0.6Pb0.4Cl2.7Br0.3,0.7,0,0.3,0,0.4,0.6,2.7,0.3,0
MA0.7Cs0.3Sn0.6Pb0.4Cl0.3I2.7,0.7,0,0.3,0,0.4,0.6,0.3,0,2.7
MA0.7Cs0.3Sn0.6Pb0.4Cl0.6I2.4,0.7,0,0.3,0,0.4,0.6,0.6,0,2.4
MA0.7Cs0.3Sn0.6Pb0.4Cl0.9I2.1,0.7,0,0.3,0,0.4,0.6,0.9,0,2.1
MA0.7Cs0.3Sn0.6Pb0.4Cl1.2I1.8,0.7,0,0.3,0,0.4,0.6,1.2,0,1.8
MA0.7Cs0.3Sn0.6Pb0.4Cl1.5I1.5,0.7,0,0.3,0,0.4,0.6,1.5,0,1.5
MA0.7Cs0.3Sn0.6Pb0.4Cl1.8I1.2,0.7,0,0.3,0,0.4,0.6,1.8,0,1.2
MA0.7Cs0.3Sn0.6Pb0.4Cl2.1I0.9,0.7,0,0.3,0,0.4,0.6,2.1,0,0.9
MA0.7Cs0.3Sn0.6Pb0.4Cl2.4I0.6,0.7,0,0.3,0,0.4,0.6,2.4,0,0.6
MA0.7Cs0.3Sn0.6Pb0.4Cl2.7I0.3,0.7,0,0.3,0,0.4,0.6,2.7,0,0.3
MA0.7Cs0.3Sn0.6Pb0.4Br0.3I2.7,0.7,0,0.3,0,0.4,0.6,0,0.3,2.7
MA0.7Cs0.3Sn0.6Pb0.4Br0.6I2.4,0.7,0,0.3,0,0.4,0.6,0,0.6,2.4
MA0.7Cs0.3Sn0.6Pb0.4Br0.9I2.1,0.7,0,0.3,0,0.4,0.6,0,0.9,2.1
MA0.7Cs0.3Sn0.6Pb0.4Br1.2I1.8,0.7,0,0.3,0,0.4,0.6,0,1.2,1.8
MA0.7Cs0.3Sn0.6Pb0.4Br1.5I1.5,0.7,0,0.3,0,0.4,0.6,0,1.5,1.5
MA0.7Cs0.3Sn0.6Pb0.4Br1.8I1.2,0.7,0,0.3,0,0.4,0.6,0,1.8,1.2
MA0.7Cs0.3Sn0.6Pb0.4Br2.1I0.9,0.7,0,0.3,0,0.4,0.6,0,2.1,0.9
MA0.7Cs0.3Sn0.6Pb0.4Br2.4I0.6,0.7,0,0.3,0,0.4,0.6,0,2.4,0.6
MA0.7Cs0.3Sn0.6Pb0.4Br2.7I0.3,0.7,0,0.3,0,0.4,0.6,0,2.7,0.3
MA0.7Cs0.3Sn0.5Pb0.5Cl0.3Br2.7,0.7,0,0.3,0,0.5,0.5,0.3,2.7,0
MA0.7Cs0.3Sn0.5Pb0.5Cl0.6Br2.4,0.7,0,0.3,0,0.5,0.5,0.6,2.4,0
MA0.7Cs0.3Sn0.5Pb0.5Cl0.9Br2.1,0.7,0,0.3,0,0.5,0.5,0.9,2.1,0
MA0.7Cs0.3Sn0.5Pb0.5Cl1.2Br1.8,0.7,0,0.3,0,0.5,0.5,1.2,1.8,0
MA0.7Cs0.3Sn0.5Pb0.5Cl1.5Br1.5,0.7,0,0.3,0,0.5,0.5,1.5,1.5,0
MA0.7Cs0.3Sn0.5Pb0.5Cl1.8Br1.2,0.7,0,0.3,0,0.5,0.5,1.8,1.2,0
MA0.7Cs0.3Sn0.5Pb0.5Cl2.1Br0.9,0.7,0,0.3,0,0.5,0.5,2.1,0.9,0
MA0.7Cs0.3Sn0.5Pb0.5Cl2.4Br0.6,0.7,0,0.3,0,0.5,0.5,2.4,0.6,0
MA0.7Cs0.3Sn0.5Pb0.5Cl2.7Br0.3,0.7,0,0.3,0,0.5,0.5,2.7,0.3,0
MA0.7Cs0.3Sn0.5Pb0.5Cl0.3I2.7,0.7,0,0.3,0,0.5,0.5,0.3,0,2.7
MA0.7Cs0.3Sn0.5Pb0.5Cl0.6I2.4,0.7,0,0.3,0,0.5,0.5,0.6,0,2.4
MA0.7Cs0.3Sn0.5Pb0.5Cl0.9I2.1,0.7,0,0.3,0,0.5,0.5,0.9,0,2.1
MA0.7Cs0.3Sn0.5Pb0.5Cl1.2I1.8,0.7,0,0.3,0,0.5,0.5,1.2,0,1.8
MA0.7Cs0.3Sn0.5Pb0.5Cl1.5I1.5,0.7,0,0.3,0,0.5,0.5,1.5,0,1.5
MA0.7Cs0.3Sn0.5Pb0.5Cl1.8I1.2,0.7,0,0.3,0,0.5,0.5,1.8,0,1.2
MA0.7Cs0.3Sn0.5Pb0.5Cl2.1I0.9,0.7,0,0.3,0,0.5,0.5,2.1,0,0.9
MA0.7Cs0.3Sn0.5Pb0.5Cl2.4I0.6,0.7,0,0.3,0,0.5,0.5,2.4,0,0.6
MA0.7Cs0.3Sn0.5Pb0.5Cl2.7I0.3,0.7,0,0.3,0,0.5,0.5,2.7,0,0.3
MA0.7Cs0.3Sn0.5Pb0.5Br0.3I2.7,0.7,0,0.3,0,0.5,0.5,0,0.3,2.7
MA0.7Cs0.3Sn0.5Pb0.5Br0.6I2.4,0.7,0,0.3,0,0.5,0.5,0,0.6,2.4
MA0.7Cs0.3Sn0.5Pb0.5Br0.9I2.1,0.7,0,0.3,0,0.5,0.5,0,0.9,2.1
MA0.7Cs0.3Sn0.5Pb0.5Br1.2I1.8,0.7,0,0.3,0,0.5,0.5,0,1.2,1.8
MA0.7Cs0.3Sn0.5Pb0.5Br1.5I1.5,0.7,0,0.3,0,0.5,0.5,0,1.5,1.5
MA0.7Cs0.3Sn0.5Pb0.5Br1.8I1.2,0.7,0,0.3,0,0.5,0.5,0,1.8,1.2
MA0.7Cs0.3Sn0.5Pb0.5Br2.1I0.9,0.7,0,0.3,0,0.5,0.5,0,2.1,0.9
MA0.7Cs0.3Sn0.5Pb0.5Br2.4I0.6,0.7,0,0.3,0,0.5,0.5,0,2.4,0.6
MA0.7Cs0.3Sn0.5Pb0.5Br2.7I0.3,0.7,0,0.3,0,0.5,0.5,0,2.7,0.3
MA0.7Cs0.3Sn0.4Pb0.6Cl0.3Br2.7,0.7,0,0.3,0,0.6,0.4,0.3,2.7,0
MA0.7Cs0.3Sn0.4Pb0.6Cl0.6Br2.4,0.7,0,0.3,0,0.6,0.4,0.6,2.4,0
MA0.7Cs0.3Sn0.4Pb0.6Cl0.9Br2.1,0.7,0,0.3,0,0.6,0.4,0.9,2.1,0
MA0.7Cs0.3Sn0.4Pb0.6Cl1.2Br1.8,0.7,0,0.3,0,0.6,0.4,1.2,1.8,0
MA0.7Cs0.3Sn0.4Pb0.6Cl1.5Br1.5,0.7,0,0.3,0,0.6,0.4,1.5,1.5,0
MA0.7Cs0.3Sn0.4Pb0.6Cl1.8Br1.2,0.7,0,0.3,0,0.6,0.4,1.8,1.2,0
MA0.7Cs0.3Sn0.4Pb0.6Cl2.1Br0.9,0.7,0,0.3,0,0.6,0.4,2.1,0.9,0
MA0.7Cs0.3Sn0.4Pb0.6Cl2.4Br0.6,0.7,0,0.3,0,0.6,0.4,2.4,0.6,0
MA0.7Cs0.3Sn0.4Pb0.6Cl2.7Br0.3,0.7,0,0.3,0,0.6,0.4,2.7,0.3,0
MA0.7Cs0.3Sn0.4Pb0.6Cl0.3I2.7,0.7,0,0.3,0,0.6,0.4,0.3,0,2.7
MA0.7Cs0.3Sn0.4Pb0.6Cl0.6I2.4,0.7,0,0.3,0,0.6,0.4,0.6,0,2.4
MA0.7Cs0.3Sn0.4Pb0.6Cl0.9I2.1,0.7,0,0.3,0,0.6,0.4,0.9,0,2.1
MA0.7Cs0.3Sn0.4Pb0.6Cl1.2I1.8,0.7,0,0.3,0,0.6,0.4,1.2,0,1.8
MA0.7Cs0.3Sn0.4Pb0.6Cl1.5I1.5,0.7,0,0.3,0,0.6,0.4,1.5,0,1.5
MA0.7Cs0.3Sn0.4Pb0.6Cl1.8I1.2,0.7,0,0.3,0,0.6,0.4,1.8,0,1.2
MA0.7Cs0.3Sn0.4Pb0.6Cl2.1I0.9,0.7,0,0.3,0,0.6,0.4,2.1,0,0.9
MA0.7Cs0.3Sn0.4Pb0.6Cl2.4I0.6,0.7,0,0.3,0,0.6,0.4,2.4,0,0.6
MA0.7Cs0.3Sn0.4Pb0.6Cl2.7I0.3,0.7,0,0.3,0,0.6,0.4,2.7,0,0.3
MA0.7Cs0.3Sn0.4Pb0.6Br0.3I2.7,0.7,0,0.3,0,0.6,0.4,0,0.3,2.7
MA0.7Cs0.3Sn0.4Pb0.6Br0.6I2.4,0.7,0,0.3,0,0.6,0.4,0,0.6,2.4
MA0.7Cs0.3Sn0.4Pb0.6Br0.9I2.1,0.7,0,0.3,0,0.6,0.4,0,0.9,2.1
MA0.7Cs0.3Sn0.4Pb0.6Br1.2I1.8,0.7,0,0.3,0,0.6,0.4,0,1.2,1.8
MA0.7Cs0.3Sn0.4Pb0.6Br1.5I1.5,0.7,0,0.3,0,0.6,0.4,0,1.5,1.5
MA0.7Cs0.3Sn0.4Pb0.6Br1.8I1.2,0.7,0,0.3,0,0.6,0.4,0,1.8,1.2
MA0.7Cs0.3Sn0.4Pb0.6Br2.1I0.9,0.7,0,0.3,0,0.6,0.4,0,2.1,0.9
MA0.7Cs0.3Sn0.4Pb0.6Br2.4I0.6,0.7,0,0.3,0,0.6,0.4,0,2.4,0.6
MA0.7Cs0.3Sn0.4Pb0.6Br2.7I0.3,0.7,0,0.3,0,0.6,0.4,0,2.7,0.3
MA0.7Cs0.3Sn0.3Pb0.7Cl0.3Br2.7,0.7,0,0.3,0,0.7,0.3,0.3,2.7,0
MA0.7Cs0.3Sn0.3Pb0.7Cl0.6Br2.4,0.7,0,0.3,0,0.7,0.3,0.6,2.4,0
MA0.7Cs0.3Sn0.3Pb0.7Cl0.9Br2.1,0.7,0,0.3,0,0.7,0.3,0.9,2.1,0
MA0.7Cs0.3Sn0.3Pb0.7Cl1.2Br1.8,0.7,0,0.3,0,0.7,0.3,1.2,1.8,0
MA0.7Cs0.3Sn0.3Pb0.7Cl1.5Br1.5,0.7,0,0.3,0,0.7,0.3,1.5,1.5,0
MA0.7Cs0.3Sn0.3Pb0.7Cl1.8Br1.2,0.7,0,0.3,0,0.7,0.3,1.8,1.2,0
MA0.7Cs0.3Sn0.3Pb0.7Cl2.1Br0.9,0.7,0,0.3,0,0.7,0.3,2.1,0.9,0
MA0.7Cs0.3Sn0.3Pb0.7Cl2.4Br0.6,0.7,0,0.3,0,0.7,0.3,2.4,0.6,0
MA0.7Cs0.3Sn0.3Pb0.7Cl2.7Br0.3,0.7,0,0.3,0,0.7,0.3,2.7,0.3,0
MA0.7Cs0.3Sn0.3Pb0.7Cl0.3I2.7,0.7,0,0.3,0,0.7,0.3,0.3,0,2.7
MA0.7Cs0.3Sn0.3Pb0.7Cl0.6I2.4,0.7,0,0.3,0,0.7,0.3,0.6,0,2.4
MA0.7Cs0.3Sn0.3Pb0.7Cl0.9I2.1,0.7,0,0.3,0,0.7,0.3,0.9,0,2.1
MA0.7Cs0.3Sn0.3Pb0.7Cl1.2I1.8,0.7,0,0.3,0,0.7,0.3,1.2,0,1.8
MA0.7Cs0.3Sn0.3Pb0.7Cl1.5I1.5,0.7,0,0.3,0,0.7,0.3,1.5,0,1.5
MA0.7Cs0.3Sn0.3Pb0.7Cl1.8I1.2,0.7,0,0.3,0,0.7,0.3,1.8,0,1.2
MA0.7Cs0.3Sn0.3Pb0.7Cl2.1I0.9,0.7,0,0.3,0,0.7,0.3,2.1,0,0.9
MA0.7Cs0.3Sn0.3Pb0.7Cl2.4I0.6,0.7,0,0.3,0,0.7,0.3,2.4,0,0.6
MA0.7Cs0.3Sn0.3Pb0.7Cl2.7I0.3,0.7,0,0.3,0,0.7,0.3,2.7,0,0.3
MA0.7Cs0.3Sn0.3Pb0.7Br0.3I2.7,0.7,0,0.3,0,0.7,0.3,0,0.3,2.7
MA0.7Cs0.3Sn0.3Pb0.7Br0.6I2.4,0.7,0,0.3,0,0.7,0.3,0,0.6,2.4
MA0.7Cs0.3Sn0.3Pb0.7Br0.9I2.1,0.7,0,0.3,0,0.7,0.3,0,0.9,2.1
MA0.7Cs0.3Sn0.3Pb0.7Br1.2I1.8,0.7,0,0.3,0,0.7,0.3,0,1.2,1.8
MA0.7Cs0.3Sn0.3Pb0.7Br1.5I1.5,0.7,0,0.3,0,0.7,0.3,0,1.5,1.5
MA0.7Cs0.3Sn0.3Pb0.7Br1.8I1.2,0.7,0,0.3,0,0.7,0.3,0,1.8,1.2
MA0.7Cs0.3Sn0.3Pb0.7Br2.1I0.9,0.7,0,0.3,0,0.7,0.3,0,2.1,0.9
MA0.7Cs0.3Sn0.3Pb0.7Br2.4I0.6,0.7,0,0.3,0,0.7,0.3,0,2.4,0.6
MA0.7Cs0.3Sn0.3Pb0.7Br2.7I0.3,0.7,0,0.3,0,0.7,0.3,0,2.7,0.3
MA0.7Cs0.3Sn0.2Pb0.8Cl0.3Br2.7,0.7,0,0.3,0,0.8,0.2,0.3,2.7,0
MA0.7Cs0.3Sn0.2Pb0.8Cl0.6Br2.4,0.7,0,0.3,0,0.8,0.2,0.6,2.4,0
MA0.7Cs0.3Sn0.2Pb0.8Cl0.9Br2.1,0.7,0,0.3,0,0.8,0.2,0.9,2.1,0
MA0.7Cs0.3Sn0.2Pb0.8Cl1.2Br1.8,0.7,0,0.3,0,0.8,0.2,1.2,1.8,0
MA0.7Cs0.3Sn0.2Pb0.8Cl1.5Br1.5,0.7,0,0.3,0,0.8,0.2,1.5,1.5,0
MA0.7Cs0.3Sn0.2Pb0.8Cl1.8Br1.2,0.7,0,0.3,0,0.8,0.2,1.8,1.2,0
MA0.7Cs0.3Sn0.2Pb0.8Cl2.1Br0.9,0.7,0,0.3,0,0.8,0.2,2.1,0.9,0
MA0.7Cs0.3Sn0.2Pb0.8Cl2.4Br0.6,0.7,0,0.3,0,0.8,0.2,2.4,0.6,0
MA0.7Cs0.3Sn0.2Pb0.8Cl2.7Br0.3,0.7,0,0.3,0,0.8,0.2,2.7,0.3,0
MA0.7Cs0.3Sn0.2Pb0.8Cl0.3I2.7,0.7,0,0.3,0,0.8,0.2,0.3,0,2.7
MA0.7Cs0.3Sn0.2Pb0.8Cl0.6I2.4,0.7,0,0.3,0,0.8,0.2,0.6,0,2.4
MA0.7Cs0.3Sn0.2Pb0.8Cl0.9I2.1,0.7,0,0.3,0,0.8,0.2,0.9,0,2.1
MA0.7Cs0.3Sn0.2Pb0.8Cl1.2I1.8,0.7,0,0.3,0,0.8,0.2,1.2,0,1.8
MA0.7Cs0.3Sn0.2Pb0.8Cl1.5I1.5,0.7,0,0.3,0,0.8,0.2,1.5,0,1.5
MA0.7Cs0.3Sn0.2Pb0.8Cl1.8I1.2,0.7,0,0.3,0,0.8,0.2,1.8,0,1.2
MA0.7Cs0.3Sn0.2Pb0.8Cl2.1I0.9,0.7,0,0.3,0,0.8,0.2,2.1,0,0.9
MA0.7Cs0.3Sn0.2Pb0.8Cl2.4I0.6,0.7,0,0.3,0,0.8,0.2,2.4,0,0.6
MA0.7Cs0.3Sn0.2Pb0.8Cl2.7I0.3,0.7,0,0.3,0,0.8,0.2,2.7,0,0.3
MA0.7Cs0.3Sn0.2Pb0.8Br0.3I2.7,0.7,0,0.3,0,0.8,0.2,0,0.3,2.7
MA0.7Cs0.3Sn0.2Pb0.8Br0.6I2.4,0.7,0,0.3,0,0.8,0.2,0,0.6,2.4
MA0.7Cs0.3Sn0.2Pb0.8Br0.9I2.1,0.7,0,0.3,0,0.8,0.2,0,0.9,2.1
MA0.7Cs0.3Sn0.2Pb0.8Br1.2I1.8,0.7,0,0.3,0,0.8,0.2,0,1.2,1.8
MA0.7Cs0.3Sn0.2Pb0.8Br1.5I1.5,0.7,0,0.3,0,0.8,0.2,0,1.5,1.5
MA0.7Cs0.3Sn0.2Pb0.8Br1.8I1.2,0.7,0,0.3,0,0.8,0.2,0,1.8,1.2
MA0.7Cs0.3Sn0.2Pb0.8Br2.1I0.9,0.7,0,0.3,0,0.8,0.2,0,2.1,0.9
MA0.7Cs0.3Sn0.2Pb0.8Br2.4I0.6,0.7,0,0.3,0,0.8,0.2,0,2.4,0.6
MA0.7Cs0.3Sn0.2Pb0.8Br2.7I0.3,0.7,0,0.3,0,0.8,0.2,0,2.7,0.3
MA0.7Cs0.3Sn0.1Pb0.9Cl0.3Br2.7,0.7,0,0.3,0,0.9,0.1,0.3,2.7,0
MA0.7Cs0.3Sn0.1Pb0.9Cl0.6Br2.4,0.7,0,0.3,0,0.9,0.1,0.6,2.4,0
MA0.7Cs0.3Sn0.1Pb0.9Cl0.9Br2.1,0.7,0,0.3,0,0.9,0.1,0.9,2.1,0
MA0.7Cs0.3Sn0.1Pb0.9Cl1.2Br1.8,0.7,0,0.3,0,0.9,0.1,1.2,1.8,0
MA0.7Cs0.3Sn0.1Pb0.9Cl1.5Br1.5,0.7,0,0.3,0,0.9,0.1,1.5,1.5,0
MA0.7Cs0.3Sn0.1Pb0.9Cl1.8Br1.2,0.7,0,0.3,0,0.9,0.1,1.8,1.2,0
MA0.7Cs0.3Sn0.1Pb0.9Cl2.1Br0.9,0.7,0,0.3,0,0.9,0.1,2.1,0.9,0
MA0.7Cs0.3Sn0.1Pb0.9Cl2.4Br0.6,0.7,0,0.3,0,0.9,0.1,2.4,0.6,0
MA0.7Cs0.3Sn0.1Pb0.9Cl2.7Br0.3,0.7,0,0.3,0,0.9,0.1,2.7,0.3,0
MA0.7Cs0.3Sn0.1Pb0.9Cl0.3I2.7,0.7,0,0.3,0,0.9,0.1,0.3,0,2.7
MA0.7Cs0.3Sn0.1Pb0.9Cl0.6I2.4,0.7,0,0.3,0,0.9,0.1,0.6,0,2.4
MA0.7Cs0.3Sn0.1Pb0.9Cl0.9I2.1,0.7,0,0.3,0,0.9,0.1,0.9,0,2.1
MA0.7Cs0.3Sn0.1Pb0.9Cl1.2I1.8,0.7,0,0.3,0,0.9,0.1,1.2,0,1.8
MA0.7Cs0.3Sn0.1Pb0.9Cl1.5I1.5,0.7,0,0.3,0,0.9,0.1,1.5,0,1.5
MA0.7Cs0.3Sn0.1Pb0.9Cl1.8I1.2,0.7,0,0.3,0,0.9,0.1,1.8,0,1.2
MA0.7Cs0.3Sn0.1Pb0.9Cl2.1I0.9,0.7,0,0.3,0,0.9,0.1,2.1,0,0.9
MA0.7Cs0.3Sn0.1Pb0.9Cl2.4I0.6,0.7,0,0.3,0,0.9,0.1,2.4,0,0.6
MA0.7Cs0.3Sn0.1Pb0.9Cl2.7I0.3,0.7,0,0.3,0,0.9,0.1,2.7,0,0.3
MA0.7Cs0.3Sn0.1Pb0.9Br0.3I2.7,0.7,0,0.3,0,0.9,0.1,0,0.3,2.7
MA0.7Cs0.3Sn0.1Pb0.9Br0.6I2.4,0.7,0,0.3,0,0.9,0.1,0,0.6,2.4
MA0.7Cs0.3Sn0.1Pb0.9Br0.9I2.1,0.7,0,0.3,0,0.9,0.1,0,0.9,2.1
MA0.7Cs0.3Sn0.1Pb0.9Br1.2I1.8,0.7,0,0.3,0,0.9,0.1,0,1.2,1.8
MA0.7Cs0.3Sn0.1Pb0.9Br1.5I1.5,0.7,0,0.3,0,0.9,0.1,0,1.5,1.5
MA0.7Cs0.3Sn0.1Pb0.9Br1.8I1.2,0.7,0,0.3,0,0.9,0.1,0,1.8,1.2
MA0.7Cs0.3Sn0.1Pb0.9Br2.1I0.9,0.7,0,0.3,0,0.9,0.1,0,2.1,0.9
MA0.7Cs0.3Sn0.1Pb0.9Br2.4I0.6,0.7,0,0.3,0,0.9,0.1,0,2.4,0.6
MA0.7Cs0.3Sn0.1Pb0.9Br2.7I0.3,0.7,0,0.3,0,0.9,0.1,0,2.7,0.3
MA0.8Cs0.2Sn0.9Pb0.1Cl0.3Br2.7,0.8,0,0.2,0,0.1,0.9,0.3,2.7,0
MA0.8Cs0.2Sn0.9Pb0.1Cl0.6Br2.4,0.8,0,0.2,0,0.1,0.9,0.6,2.4,0
MA0.8Cs0.2Sn0.9Pb0.1Cl0.9Br2.1,0.8,0,0.2,0,0.1,0.9,0.9,2.1,0
MA0.8Cs0.2Sn0.9Pb0.1Cl1.2Br1.8,0.8,0,0.2,0,0.1,0.9,1.2,1.8,0
MA0.8Cs0.2Sn0.9Pb0.1Cl1.5Br1.5,0.8,0,0.2,0,0.1,0.9,1.5,1.5,0
MA0.8Cs0.2Sn0.9Pb0.1Cl1.8Br1.2,0.8,0,0.2,0,0.1,0.9,1.8,1.2,0
MA0.8Cs0.2Sn0.9Pb0.1Cl2.1Br0.9,0.8,0,0.2,0,0.1,0.9,2.1,0.9,0
MA0.8Cs0.2Sn0.9Pb0.1Cl2.4Br0.6,0.8,0,0.2,0,0.1,0.9,2.4,0.6,0
MA0.8Cs0.2Sn0.9Pb0.1Cl2.7Br0.3,0.8,0,0.2,0,0.1,0.9,2.7,0.3,0
MA0.8Cs0.2Sn0.9Pb0.1Cl0.3I2.7,0.8,0,0.2,0,0.1,0.9,0.3,0,2.7
MA0.8Cs0.2Sn0.9Pb0.1Cl0.6I2.4,0.8,0,0.2,0,0.1,0.9,0.6,0,2.4
MA0.8Cs0.2Sn0.9Pb0.1Cl0.9I2.1,0.8,0,0.2,0,0.1,0.9,0.9,0,2.1
MA0.8Cs0.2Sn0.9Pb0.1Cl1.2I1.8,0.8,0,0.2,0,0.1,0.9,1.2,0,1.8
MA0.8Cs0.2Sn0.9Pb0.1Cl1.5I1.5,0.8,0,0.2,0,0.1,0.9,1.5,0,1.5
MA0.8Cs0.2Sn0.9Pb0.1Cl1.8I1.2,0.8,0,0.2,0,0.1,0.9,1.8,0,1.2
MA0.8Cs0.2Sn0.9Pb0.1Cl2.1I0.9,0.8,0,0.2,0,0.1,0.9,2.1,0,0.9
MA0.8Cs0.2Sn0.9Pb0.1Cl2.4I0.6,0.8,0,0.2,0,0.1,0.9,2.4,0,0.6
MA0.8Cs0.2Sn0.9Pb0.1Cl2.7I0.3,0.8,0,0.2,0,0.1,0.9,2.7,0,0.3
MA0.8Cs0.2Sn0.9Pb0.1Br0.3I2.7,0.8,0,0.2,0,0.1,0.9,0,0.3,2.7
MA0.8Cs0.2Sn0.9Pb0.1Br0.6I2.4,0.8,0,0.2,0,0.1,0.9,0,0.6,2.4
MA0.8Cs0.2Sn0.9Pb0.1Br0.9I2.1,0.8,0,0.2,0,0.1,0.9,0,0.9,2.1
MA0.8Cs0.2Sn0.9Pb0.1Br1.2I1.8,0.8,0,0.2,0,0.1,0.9,0,1.2,1.8
MA0.8Cs0.2Sn0.9Pb0.1Br1.5I1.5,0.8,0,0.2,0,0.1,0.9,0,1.5,1.5
MA0.8Cs0.2Sn0.9Pb0.1Br1.8I1.2,0.8,0,0.2,0,0.1,0.9,0,1.8,1.2
MA0.8Cs0.2Sn0.9Pb0.1Br2.1I0.9,0.8,0,0.2,0,0.1,0.9,0,2.1,0.9
MA0.8Cs0.2Sn0.9Pb0.1Br2.4I0.6,0.8,0,0.2,0,0.1,0.9,0,2.4,0.6
MA0.8Cs0.2Sn0.9Pb0.1Br2.7I0.3,0.8,0,0.2,0,0.1,0.9,0,2.7,0.3
MA0.8Cs0.2Sn0.8Pb0.2Cl0.3Br2.7,0.8,0,0.2,0,0.2,0.8,0.3,2.7,0
MA0.8Cs0.2Sn0.8Pb0.2Cl0.6Br2.4,0.8,0,0.2,0,0.2,0.8,0.6,2.4,0
MA0.8Cs0.2Sn0.8Pb0.2Cl0.9Br2.1,0.8,0,0.2,0,0.2,0.8,0.9,2.1,0
MA0.8Cs0.2Sn0.8Pb0.2Cl1.2Br1.8,0.8,0,0.2,0,0.2,0.8,1.2,1.8,0
MA0.8Cs0.2Sn0.8Pb0.2Cl1.5Br1.5,0.8,0,0.2,0,0.2,0.8,1.5,1.5,0
MA0.8Cs0.2Sn0.8Pb0.2Cl1.8Br1.2,0.8,0,0.2,0,0.2,0.8,1.8,1.2,0
MA0.8Cs0.2Sn0.8Pb0.2Cl2.1Br0.9,0.8,0,0.2,0,0.2,0.8,2.1,0.9,0
MA0.8Cs0.2Sn0.8Pb0.2Cl2.4Br0.6,0.8,0,0.2,0,0.2,0.8,2.4,0.6,0
MA0.8Cs0.2Sn0.8Pb0.2Cl2.7Br0.3,0.8,0,0.2,0,0.2,0.8,2.7,0.3,0
MA0.8Cs0.2Sn0.8Pb0.2Cl0.3I2.7,0.8,0,0.2,0,0.2,0.8,0.3,0,2.7
MA0.8Cs0.2Sn0.8Pb0.2Cl0.6I2.4,0.8,0,0.2,0,0.2,0.8,0.6,0,2.4
MA0.8Cs0.2Sn0.8Pb0.2Cl0.9I2.1,0.8,0,0.2,0,0.2,0.8,0.9,0,2.1
MA0.8Cs0.2Sn0.8Pb0.2Cl1.2I1.8,0.8,0,0.2,0,0.2,0.8,1.2,0,1.8
MA0.8Cs0.2Sn0.8Pb0.2Cl1.5I1.5,0.8,0,0.2,0,0.2,0.8,1.5,0,1.5
MA0.8Cs0.2Sn0.8Pb0.2Cl1.8I1.2,0.8,0,0.2,0,0.2,0.8,1.8,0,1.2
MA0.8Cs0.2Sn0.8Pb0.2Cl2.1I0.9,0.8,0,0.2,0,0.2,0.8,2.1,0,0.9
MA0.8Cs0.2Sn0.8Pb0.2Cl2.4I0.6,0.8,0,0.2,0,0.2,0.8,2.4,0,0.6
MA0.8Cs0.2Sn0.8Pb0.2Cl2.7I0.3,0.8,0,0.2,0,0.2,0.8,2.7,0,0.3
MA0.8Cs0.2Sn0.8Pb0.2Br0.3I2.7,0.8,0,0.2,0,0.2,0.8,0,0.3,2.7
MA0.8Cs0.2Sn0.8Pb0.2Br0.6I2.4,0.8,0,0.2,0,0.2,0.8,0,0.6,2.4
MA0.8Cs0.2Sn0.8Pb0.2Br0.9I2.1,0.8,0,0.2,0,0.2,0.8,0,0.9,2.1
MA0.8Cs0.2Sn0.8Pb0.2Br1.2I1.8,0.8,0,0.2,0,0.2,0.8,0,1.2,1.8
MA0.8Cs0.2Sn0.8Pb0.2Br1.5I1.5,0.8,0,0.2,0,0.2,0.8,0,1.5,1.5
MA0.8Cs0.2Sn0.8Pb0.2Br1.8I1.2,0.8,0,0.2,0,0.2,0.8,0,1.8,1.2
MA0.8Cs0.2Sn0.8Pb0.2Br2.1I0.9,0.8,0,0.2,0,0.2,0.8,0,2.1,0.9
MA0.8Cs0.2Sn0.8Pb0.2Br2.4I0.6,0.8,0,0.2,0,0.2,0.8,0,2.4,0.6
MA0.8Cs0.2Sn0.8Pb0.2Br2.7I0.3,0.8,0,0.2,0,0.2,0.8,0,2.7,0.3
MA0.8Cs0.2Sn0.7Pb0.3Cl0.3Br2.7,0.8,0,0.2,0,0.3,0.7,0.3,2.7,0
MA0.8Cs0.2Sn0.7Pb0.3Cl0.6Br2.4,0.8,0,0.2,0,0.3,0.7,0.6,2.4,0
MA0.8Cs0.2Sn0.7Pb0.3Cl0.9Br2.1,0.8,0,0.2,0,0.3,0.7,0.9,2.1,0
MA0.8Cs0.2Sn0.7Pb0.3Cl1.2Br1.8,0.8,0,0.2,0,0.3,0.7,1.2,1.8,0
MA0.8Cs0.2Sn0.7Pb0.3Cl1.5Br1.5,0.8,0,0.2,0,0.3,0.7,1.5,1.5,0
MA0.8Cs0.2Sn0.7Pb0.3Cl1.8Br1.2,0.8,0,0.2,0,0.3,0.7,1.8,1.2,0
MA0.8Cs0.2Sn0.7Pb0.3Cl2.1Br0.9,0.8,0,0.2,0,0.3,0.7,2.1,0.9,0
MA0.8Cs0.2Sn0.7Pb0.3Cl2.4Br0.6,0.8,0,0.2,0,0.3,0.7,2.4,0.6,0
MA0.8Cs0.2Sn0.7Pb0.3Cl2.7Br0.3,0.8,0,0.2,0,0.3,0.7,2.7,0.3,0
MA0.8Cs0.2Sn0.7Pb0.3Cl0.3I2.7,0.8,0,0.2,0,0.3,0.7,0.3,0,2.7
MA0.8Cs0.2Sn0.7Pb0.3Cl0.6I2.4,0.8,0,0.2,0,0.3,0.7,0.6,0,2.4
MA0.8Cs0.2Sn0.7Pb0.3Cl0.9I2.1,0.8,0,0.2,0,0.3,0.7,0.9,0,2.1
MA0.8Cs0.2Sn0.7Pb0.3Cl1.2I1.8,0.8,0,0.2,0,0.3,0.7,1.2,0,1.8
MA0.8Cs0.2Sn0.7Pb0.3Cl1.5I1.5,0.8,0,0.2,0,0.3,0.7,1.5,0,1.5
MA0.8Cs0.2Sn0.7Pb0.3Cl1.8I1.2,0.8,0,0.2,0,0.3,0.7,1.8,0,1.2
MA0.8Cs0.2Sn0.7Pb0.3Cl2.1I0.9,0.8,0,0.2,0,0.3,0.7,2.1,0,0.9
MA0.8Cs0.2Sn0.7Pb0.3Cl2.4I0.6,0.8,0,0.2,0,0.3,0.7,2.4,0,0.6
MA0.8Cs0.2Sn0.7Pb0.3Cl2.7I0.3,0.8,0,0.2,0,0.3,0.7,2.7,0,0.3
MA0.8Cs0.2Sn0.7Pb0.3Br0.3I2.7,0.8,0,0.2,0,0.3,0.7,0,0.3,2.7
MA0.8Cs0.2Sn0.7Pb0.3Br0.6I2.4,0.8,0,0.2,0,0.3,0.7,0,0.6,2.4
MA0.8Cs0.2Sn0.7Pb0.3Br0.9I2.1,0.8,0,0.2,0,0.3,0.7,0,0.9,2.1
MA0.8Cs0.2Sn0.7Pb0.3Br1.2I1.8,0.8,0,0.2,0,0.3,0.7,0,1.2,1.8
MA0.8Cs0.2Sn0.7Pb0.3Br1.5I1.5,0.8,0,0.2,0,0.3,0.7,0,1.5,1.5
MA0.8Cs0.2Sn0.7Pb0.3Br1.8I1.2,0.8,0,0.2,0,0.3,0.7,0,1.8,1.2
MA0.8Cs0.2Sn0.7Pb0.3Br2.1I0.9,0.8,0,0.2,0,0.3,0.7,0,2.1,0.9
MA0.8Cs0.2Sn0.7Pb0.3Br2.4I0.6,0.8,0,0.2,0,0.3,0.7,0,2.4,0.6
MA0.8Cs0.2Sn0.7Pb0.3Br2.7I0.3,0.8,0,0.2,0,0.3,0.7,0,2.7,0.3
MA0.8Cs0.2Sn0.6Pb0.4Cl0.3Br2.7,0.8,0,0.2,0,0.4,0.6,0.3,2.7,0
MA0.8Cs0.2Sn0.6Pb0.4Cl0.6Br2.4,0.8,0,0.2,0,0.4,0.6,0.6,2.4,0
MA0.8Cs0.2Sn0.6Pb0.4Cl0.9Br2.1,0.8,0,0.2,0,0.4,0.6,0.9,2.1,0
MA0.8Cs0.2Sn0.6Pb0.4Cl1.2Br1.8,0.8,0,0.2,0,0.4,0.6,1.2,1.8,0
MA0.8Cs0.2Sn0.6Pb0.4Cl1.5Br1.5,0.8,0,0.2,0,0.4,0.6,1.5,1.5,0
MA0.8Cs0.2Sn0.6Pb0.4Cl1.8Br1.2,0.8,0,0.2,0,0.4,0.6,1.8,1.2,0
MA0.8Cs0.2Sn0.6Pb0.4Cl2.1Br0.9,0.8,0,0.2,0,0.4,0.6,2.1,0.9,0
MA0.8Cs0.2Sn0.6Pb0.4Cl2.4Br0.6,0.8,0,0.2,0,0.4,0.6,2.4,0.6,0
MA0.8Cs0.2Sn0.6Pb0.4Cl2.7Br0.3,0.8,0,0.2,0,0.4,0.6,2.7,0.3,0
MA0.8Cs0.2Sn0.6Pb0.4Cl0.3I2.7,0.8,0,0.2,0,0.4,0.6,0.3,0,2.7
MA0.8Cs0.2Sn0.6Pb0.4Cl0.6I2.4,0.8,0,0.2,0,0.4,0.6,0.6,0,2.4
MA0.8Cs0.2Sn0.6Pb0.4Cl0.9I2.1,0.8,0,0.2,0,0.4,0.6,0.9,0,2.1
MA0.8Cs0.2Sn0.6Pb0.4Cl1.2I1.8,0.8,0,0.2,0,0.4,0.6,1.2,0,1.8
MA0.8Cs0.2Sn0.6Pb0.4Cl1.5I1.5,0.8,0,0.2,0,0.4,0.6,1.5,0,1.5
MA0.8Cs0.2Sn0.6Pb0.4Cl1.8I1.2,0.8,0,0.2,0,0.4,0.6,1.8,0,1.2
MA0.8Cs0.2Sn0.6Pb0.4Cl2.1I0.9,0.8,0,0.2,0,0.4,0.6,2.1,0,0.9
MA0.8Cs0.2Sn0.6Pb0.4Cl2.4I0.6,0.8,0,0.2,0,0.4,0.6,2.4,0,0.6
MA0.8Cs0.2Sn0.6Pb0.4Cl2.7I0.3,0.8,0,0.2,0,0.4,0.6,2.7,0,0.3
MA0.8Cs0.2Sn0.6Pb0.4Br0.3I2.7,0.8,0,0.2,0,0.4,0.6,0,0.3,2.7
MA0.8Cs0.2Sn0.6Pb0.4Br0.6I2.4,0.8,0,0.2,0,0.4,0.6,0,0.6,2.4
MA0.8Cs0.2Sn0.6Pb0.4Br0.9I2.1,0.8,0,0.2,0,0.4,0.6,0,0.9,2.1
MA0.8Cs0.2Sn0.6Pb0.4Br1.2I1.8,0.8,0,0.2,0,0.4,0.6,0,1.2,1.8
MA0.8Cs0.2Sn0.6Pb0.4Br1.5I1.5,0.8,0,0.2,0,0.4,0.6,0,1.5,1.5
MA0.8Cs0.2Sn0.6Pb0.4Br1.8I1.2,0.8,0,0.2,0,0.4,0.6,0,1.8,1.2
MA0.8Cs0.2Sn0.6Pb0.4Br2.1I0.9,0.8,0,0.2,0,0.4,0.6,0,2.1,0.9
MA0.8Cs0.2Sn0.6Pb0.4Br2.4I0.6,0.8,0,0.2,0,0.4,0.6,0,2.4,0.6
MA0.8Cs0.2Sn0.6Pb0.4Br2.7I0.3,0.8,0,0.2,0,0.4,0.6,0,2.7,0.3
MA0.8Cs0.2Sn0.5Pb0.5Cl0.3Br2.7,0.8,0,0.2,0,0.5,0.5,0.3,2.7,0
MA0.8Cs0.2Sn0.5Pb0.5Cl0.6Br2.4,0.8,0,0.2,0,0.5,0.5,0.6,2.4,0
MA0.8Cs0.2Sn0.5Pb0.5Cl0.9Br2.1,0.8,0,0.2,0,0.5,0.5,0.9,2.1,0
MA0.8Cs0.2Sn0.5Pb0.5Cl1.2Br1.8,0.8,0,0.2,0,0.5,0.5,1.2,1.8,0
MA0.8Cs0.2Sn0.5Pb0.5Cl1.5Br1.5,0.8,0,0.2,0,0.5,0.5,1.5,1.5,0
MA0.8Cs0.2Sn0.5Pb0.5Cl1.8Br1.2,0.8,0,0.2,0,0.5,0.5,1.8,1.2,0
MA0.8Cs0.2Sn0.5Pb0.5Cl2.1Br0.9,0.8,0,0.2,0,0.5,0.5,2.1,0.9,0
MA0.8Cs0.2Sn0.5Pb0.5Cl2.4Br0.6,0.8,0,0.2,0,0.5,0.5,2.4,0.6,0
MA0.8Cs0.2Sn0.5Pb0.5Cl2.7Br0.3,0.8,0,0.2,0,0.5,0.5,2.7,0.3,0
MA0.8Cs0.2Sn0.5Pb0.5Cl0.3I2.7,0.8,0,0.2,0,0.5,0.5,0.3,0,2.7
MA0.8Cs0.2Sn0.5Pb0.5Cl0.6I2.4,0.8,0,0.2,0,0.5,0.5,0.6,0,2.4
MA0.8Cs0.2Sn0.5Pb0.5Cl0.9I2.1,0.8,0,0.2,0,0.5,0.5,0.9,0,2.1
MA0.8Cs0.2Sn0.5Pb0.5Cl1.2I1.8,0.8,0,0.2,0,0.5,0.5,1.2,0,1.8
MA0.8Cs0.2Sn0.5Pb0.5Cl1.5I1.5,0.8,0,0.2,0,0.5,0.5,1.5,0,1.5
MA0.8Cs0.2Sn0.5Pb0.5Cl1.8I1.2,0.8,0,0.2,0,0.5,0.5,1.8,0,1.2
MA0.8Cs0.2Sn0.5Pb0.5Cl2.1I0.9,0.8,0,0.2,0,0.5,0.5,2.1,0,0.9
MA0.8Cs0.2Sn0.5Pb0.5Cl2.4I0.6,0.8,0,0.2,0,0.5,0.5,2.4,0,0.6
MA0.8Cs0.2Sn0.5Pb0.5Cl2.7I0.3,0.8,0,0.2,0,0.5,0.5,2.7,0,0.3
MA0.8Cs0.2Sn0.5Pb0.5Br0.3I2.7,0.8,0,0.2,0,0.5,0.5,0,0.3,2.7
MA0.8Cs0.2Sn0.5Pb0.5Br0.6I2.4,0.8,0,0.2,0,0.5,0.5,0,0.6,2.4
MA0.8Cs0.2Sn0.5Pb0.5Br0.9I2.1,0.8,0,0.2,0,0.5,0.5,0,0.9,2.1
MA0.8Cs0.2Sn0.5Pb0.5Br1.2I1.8,0.8,0,0.2,0,0.5,0.5,0,1.2,1.8
MA0.8Cs0.2Sn0.5Pb0.5Br1.5I1.5,0.8,0,0.2,0,0.5,0.5,0,1.5,1.5
MA0.8Cs0.2Sn0.5Pb0.5Br1.8I1.2,0.8,0,0.2,0,0.5,0.5,0,1.8,1.2
MA0.8Cs0.2Sn0.5Pb0.5Br2.1I0.9,0.8,0,0.2,0,0.5,0.5,0,2.1,0.9
MA0.8Cs0.2Sn0.5Pb0.5Br2.4I0.6,0.8,0,0.2,0,0.5,0.5,0,2.4,0.6
MA0.8Cs0.2Sn0.5Pb0.5Br2.7I0.3,0.8,0,0.2,0,0.5,0.5,0,2.7,0.3
MA0.8Cs0.2Sn0.4Pb0.6Cl0.3Br2.7,0.8,0,0.2,0,0.6,0.4,0.3,2.7,0
MA0.8Cs0.2Sn0.4Pb0.6Cl0.6Br2.4,0.8,0,0.2,0,0.6,0.4,0.6,2.4,0
MA0.8Cs0.2Sn0.4Pb0.6Cl0.9Br2.1,0.8,0,0.2,0,0.6,0.4,0.9,2.1,0
MA0.8Cs0.2Sn0.4Pb0.6Cl1.2Br1.8,0.8,0,0.2,0,0.6,0.4,1.2,1.8,0
MA0.8Cs0.2Sn0.4Pb0.6Cl1.5Br1.5,0.8,0,0.2,0,0.6,0.4,1.5,1.5,0
MA0.8Cs0.2Sn0.4Pb0.6Cl1.8Br1.2,0.8,0,0.2,0,0.6,0.4,1.8,1.2,0
MA0.8Cs0.2Sn0.4Pb0.6Cl2.1Br0.9,0.8,0,0.2,0,0.6,0.4,2.1,0.9,0
MA0.8Cs0.2Sn0.4Pb0.6Cl2.4Br0.6,0.8,0,0.2,0,0.6,0.4,2.4,0.6,0
MA0.8Cs0.2Sn0.4Pb0.6Cl2.7Br0.3,0.8,0,0.2,0,0.6,0.4,2.7,0.3,0
MA0.8Cs0.2Sn0.4Pb0.6Cl0.3I2.7,0.8,0,0.2,0,0.6,0.4,0.3,0,2.7
MA0.8Cs0.2Sn0.4Pb0.6Cl0.6I2.4,0.8,0,0.2,0,0.6,0.4,0.6,0,2.4
MA0.8Cs0.2Sn0.4Pb0.6Cl0.9I2.1,0.8,0,0.2,0,0.6,0.4,0.9,0,2.1
MA0.8Cs0.2Sn0.4Pb0.6Cl1.2I1.8,0.8,0,0.2,0,0.6,0.4,1.2,0,1.8
MA0.8Cs0.2Sn0.4Pb0.6Cl1.5I1.5,0.8,0,0.2,0,0.6,0.4,1.5,0,1.5
MA0.8Cs0.2Sn0.4Pb0.6Cl1.8I1.2,0.8,0,0.2,0,0.6,0.4,1.8,0,1.2
MA0.8Cs0.2Sn0.4Pb0.6Cl2.1I0.9,0.8,0,0.2,0,0.6,0.4,2.1,0,0.9
MA0.8Cs0.2Sn0.4Pb0.6Cl2.4I0.6,0.8,0,0.2,0,0.6,0.4,2.4,0,0.6
MA0.8Cs0.2Sn0.4Pb0.6Cl2.7I0.3,0.8,0,0.2,0,0.6,0.4,2.7,0,0.3
MA0.8Cs0.2Sn0.4Pb0.6Br0.3I2.7,0.8,0,0.2,0,0.6,0.4,0,0.3,2.7
MA0.8Cs0.2Sn0.4Pb0.6Br0.6I2.4,0.8,0,0.2,0,0.6,0.4,0,0.6,2.4
MA0.8Cs0.2Sn0.4Pb0.6Br0.9I2.1,0.8,0,0.2,0,0.6,0.4,0,0.9,2.1
MA0.8Cs0.2Sn0.4Pb0.6Br1.2I1.8,0.8,0,0.2,0,0.6,0.4,0,1.2,1.8
MA0.8Cs0.2Sn0.4Pb0.6Br1.5I1.5,0.8,0,0.2,0,0.6,0.4,0,1.5,1.5
MA0.8Cs0.2Sn0.4Pb0.6Br1.8I1.2,0.8,0,0.2,0,0.6,0.4,0,1.8,1.2
MA0.8Cs0.2Sn0.4Pb0.6Br2.1I0.9,0.8,0,0.2,0,0.6,0.4,0,2.1,0.9
MA0.8Cs0.2Sn0.4Pb0.6Br2.4I0.6,0.8,0,0.2,0,0.6,0.4,0,2.4,0.6
MA0.8Cs0.2Sn0.4Pb0.6Br2.7I0.3,0.8,0,0.2,0,0.6,0.4,0,2.7,0.3
MA0.8Cs0.2Sn0.3Pb0.7Cl0.3Br2.7,0.8,0,0.2,0,0.7,0.3,0.3,2.7,0
MA0.8Cs0.2Sn0.3Pb0.7Cl0.6Br2.4,0.8,0,0.2,0,0.7,0.3,0.6,2.4,0
MA0.8Cs0.2Sn0.3Pb0.7Cl0.9Br2.1,0.8,0,0.2,0,0.7,0.3,0.9,2.1,0
MA0.8Cs0.2Sn0.3Pb0.7Cl1.2Br1.8,0.8,0,0.2,0,0.7,0.3,1.2,1.8,0
MA0.8Cs0.2Sn0.3Pb0.7Cl1.5Br1.5,0.8,0,0.2,0,0.7,0.3,1.5,1.5,0
MA0.8Cs0.2Sn0.3Pb0.7Cl1.8Br1.2,0.8,0,0.2,0,0.7,0.3,1.8,1.2,0
MA0.8Cs0.2Sn0.3Pb0.7Cl2.1Br0.9,0.8,0,0.2,0,0.7,0.3,2.1,0.9,0
MA0.8Cs0.2Sn0.3Pb0.7Cl2.4Br0.6,0.8,0,0.2,0,0.7,0.3,2.4,0.6,0
MA0.8Cs0.2Sn0.3Pb0.7Cl2.7Br0.3,0.8,0,0.2,0,0.7,0.3,2.7,0.3,0
MA0.8Cs0.2Sn0.3Pb0.7Cl0.3I2.7,0.8,0,0.2,0,0.7,0.3,0.3,0,2.7
MA0.8Cs0.2Sn0.3Pb0.7Cl0.6I2.4,0.8,0,0.2,0,0.7,0.3,0.6,0,2.4
MA0.8Cs0.2Sn0.3Pb0.7Cl0.9I2.1,0.8,0,0.2,0,0.7,0.3,0.9,0,2.1
MA0.8Cs0.2Sn0.3Pb0.7Cl1.2I1.8,0.8,0,0.2,0,0.7,0.3,1.2,0,1.8
MA0.8Cs0.2Sn0.3Pb0.7Cl1.5I1.5,0.8,0,0.2,0,0.7,0.3,1.5,0,1.5
MA0.8Cs0.2Sn0.3Pb0.7Cl1.8I1.2,0.8,0,0.2,0,0.7,0.3,1.8,0,1.2
MA0.8Cs0.2Sn0.3Pb0.7Cl2.1I0.9,0.8,0,0.2,0,0.7,0.3,2.1,0,0.9
MA0.8Cs0.2Sn0.3Pb0.7Cl2.4I0.6,0.8,0,0.2,0,0.7,0.3,2.4,0,0.6
MA0.8Cs0.2Sn0.3Pb0.7Cl2.7I0.3,0.8,0,0.2,0,0.7,0.3,2.7,0,0.3
MA0.8Cs0.2Sn0.3Pb0.7Br0.3I2.7,0.8,0,0.2,0,0.7,0.3,0,0.3,2.7
MA0.8Cs0.2Sn0.3Pb0.7Br0.6I2.4,0.8,0,0.2,0,0.7,0.3,0,0.6,2.4
MA0.8Cs0.2Sn0.3Pb0.7Br0.9I2.1,0.8,0,0.2,0,0.7,0.3,0,0.9,2.1
MA0.8Cs0.2Sn0.3Pb0.7Br1.2I1.8,0.8,0,0.2,0,0.7,0.3,0,1.2,1.8
MA0.8Cs0.2Sn0.3Pb0.7Br1.5I1.5,0.8,0,0.2,0,0.7,0.3,0,1.5,1.5
MA0.8Cs0.2Sn0.3Pb0.7Br1.8I1.2,0.8,0,0.2,0,0.7,0.3,0,1.8,1.2
MA0.8Cs0.2Sn0.3Pb0.7Br2.1I0.9,0.8,0,0.2,0,0.7,0.3,0,2.1,0.9
MA0.8Cs0.2Sn0.3Pb0.7Br2.4I0.6,0.8,0,0.2,0,0.7,0.3,0,2.4,0.6
MA0.8Cs0.2Sn0.3Pb0.7Br2.7I0.3,0.8,0,0.2,0,0.7,0.3,0,2.7,0.3
MA0.8Cs0.2Sn0.2Pb0.8Cl0.3Br2.7,0.8,0,0.2,0,0.8,0.2,0.3,2.7,0
MA0.8Cs0.2Sn0.2Pb0.8Cl0.6Br2.4,0.8,0,0.2,0,0.8,0.2,0.6,2.4,0
MA0.8Cs0.2Sn0.2Pb0.8Cl0.9Br2.1,0.8,0,0.2,0,0.8,0.2,0.9,2.1,0
MA0.8Cs0.2Sn0.2Pb0.8Cl1.2Br1.8,0.8,0,0.2,0,0.8,0.2,1.2,1.8,0
MA0.8Cs0.2Sn0.2Pb0.8Cl1.5Br1.5,0.8,0,0.2,0,0.8,0.2,1.5,1.5,0
MA0.8Cs0.2Sn0.2Pb0.8Cl1.8Br1.2,0.8,0,0.2,0,0.8,0.2,1.8,1.2,0
MA0.8Cs0.2Sn0.2Pb0.8Cl2.1Br0.9,0.8,0,0.2,0,0.8,0.2,2.1,0.9,0
MA0.8Cs0.2Sn0.2Pb0.8Cl2.4Br0.6,0.8,0,0.2,0,0.8,0.2,2.4,0.6,0
MA0.8Cs0.2Sn0.2Pb0.8Cl2.7Br0.3,0.8,0,0.2,0,0.8,0.2,2.7,0.3,0
MA0.8Cs0.2Sn0.2Pb0.8Cl0.3I2.7,0.8,0,0.2,0,0.8,0.2,0.3,0,2.7
MA0.8Cs0.2Sn0.2Pb0.8Cl0.6I2.4,0.8,0,0.2,0,0.8,0.2,0.6,0,2.4
MA0.8Cs0.2Sn0.2Pb0.8Cl0.9I2.1,0.8,0,0.2,0,0.8,0.2,0.9,0,2.1
MA0.8Cs0.2Sn0.2Pb0.8Cl1.2I1.8,0.8,0,0.2,0,0.8,0.2,1.2,0,1.8
MA0.8Cs0.2Sn0.2Pb0.8Cl1.5I1.5,0.8,0,0.2,0,0.8,0.2,1.5,0,1.5
MA0.8Cs0.2Sn0.2Pb0.8Cl1.8I1.2,0.8,0,0.2,0,0.8,0.2,1.8,0,1.2
MA0.8Cs0.2Sn0.2Pb0.8Cl2.1I0.9,0.8,0,0.2,0,0.8,0.2,2.1,0,0.9
MA0.8Cs0.2Sn0.2Pb0.8Cl2.4I0.6,0.8,0,0.2,0,0.8,0.2,2.4,0,0.6
MA0.8Cs0.2Sn0.2Pb0.8Cl2.7I0.3,0.8,0,0.2,0,0.8,0.2,2.7,0,0.3
MA0.8Cs0.2Sn0.2Pb0.8Br0.3I2.7,0.8,0,0.2,0,0.8,0.2,0,0.3,2.7
MA0.8Cs0.2Sn0.2Pb0.8Br0.6I2.4,0.8,0,0.2,0,0.8,0.2,0,0.6,2.4
MA0.8Cs0.2Sn0.2Pb0.8Br0.9I2.1,0.8,0,0.2,0,0.8,0.2,0,0.9,2.1
MA0.8Cs0.2Sn0.2Pb0.8Br1.2I1.8,0.8,0,0.2,0,0.8,0.2,0,1.2,1.8
MA0.8Cs0.2Sn0.2Pb0.8Br1.5I1.5,0.8,0,0.2,0,0.8,0.2,0,1.5,1.5
MA0.8Cs0.2Sn0.2Pb0.8Br1.8I1.2,0.8,0,0.2,0,0.8,0.2,0,1.8,1.2
MA0.8Cs0.2Sn0.2Pb0.8Br2.1I0.9,0.8,0,0.2,0,0.8,0.2,0,2.1,0.9
MA0.8Cs0.2Sn0.2Pb0.8Br2.4I0.6,0.8,0,0.2,0,0.8,0.2,0,2.4,0.6
MA0.8Cs0.2Sn0.2Pb0.8Br2.7I0.3,0.8,0,0.2,0,0.8,0.2,0,2.7,0.3
MA0.8Cs0.2Sn0.1Pb0.9Cl0.3Br2.7,0.8,0,0.2,0,0.9,0.1,0.3,2.7,0
MA0.8Cs0.2Sn0.1Pb0.9Cl0.6Br2.4,0.8,0,0.2,0,0.9,0.1,0.6,2.4,0
MA0.8Cs0.2Sn0.1Pb0.9Cl0.9Br2.1,0.8,0,0.2,0,0.9,0.1,0.9,2.1,0
MA0.8Cs0.2Sn0.1Pb0.9Cl1.2Br1.8,0.8,0,0.2,0,0.9,0.1,1.2,1.8,0
MA0.8Cs0.2Sn0.1Pb0.9Cl1.5Br1.5,0.8,0,0.2,0,0.9,0.1,1.5,1.5,0
MA0.8Cs0.2Sn0.1Pb0.9Cl1.8Br1.2,0.8,0,0.2,0,0.9,0.1,1.8,1.2,0
MA0.8Cs0.2Sn0.1Pb0.9Cl2.1Br0.9,0.8,0,0.2,0,0.9,0.1,2.1,0.9,0
MA0.8Cs0.2Sn0.1Pb0.9Cl2.4Br0.6,0.8,0,0.2,0,0.9,0.1,2.4,0.6,0
MA0.8Cs0.2Sn0.1Pb0.9Cl2.7Br0.3,0.8,0,0.2,0,0.9,0.1,2.7,0.3,0
MA0.8Cs0.2Sn0.1Pb0.9Cl0.3I2.7,0.8,0,0.2,0,0.9,0.1,0.3,0,2.7
MA0.8Cs0.2Sn0.1Pb0.9Cl0.6I2.4,0.8,0,0.2,0,0.9,0.1,0.6,0,2.4
MA0.8Cs0.2Sn0.1Pb0.9Cl0.9I2.1,0.8,0,0.2,0,0.9,0.1,0.9,0,2.1
MA0.8Cs0.2Sn0.1Pb0.9Cl1.2I1.8,0.8,0,0.2,0,0.9,0.1,1.2,0,1.8
MA0.8Cs0.2Sn0.1Pb0.9Cl1.5I1.5,0.8,0,0.2,0,0.9,0.1,1.5,0,1.5
MA0.8Cs0.2Sn0.1Pb0.9Cl1.8I1.2,0.8,0,0.2,0,0.9,0.1,1.8,0,1.2
MA0.8Cs0.2Sn0.1Pb0.9Cl2.1I0.9,0.8,0,0.2,0,0.9,0.1,2.1,0,0.9
MA0.8Cs0.2Sn0.1Pb0.9Cl2.4I0.6,0.8,0,0.2,0,0.9,0.1,2.4,0,0.6
MA0.8Cs0.2Sn0.1Pb0.9Cl2.7I0.3,0.8,0,0.2,0,0.9,0.1,2.7,0,0.3
MA0.8Cs0.2Sn0.1Pb0.9Br0.3I2.7,0.8,0,0.2,0,0.9,0.1,0,0.3,2.7
MA0.8Cs0.2Sn0.1Pb0.9Br0.6I2.4,0.8,0,0.2,0,0.9,0.1,0,0.6,2.4
MA0.8Cs0.2Sn0.1Pb0.9Br0.9I2.1,0.8,0,0.2,0,0.9,0.1,0,0.9,2.1
MA0.8Cs0.2Sn0.1Pb0.9Br1.2I1.8,0.8,0,0.2,0,0.9,0.1,0,1.2,1.8
MA0.8Cs0.2Sn0.1Pb0.9Br1.5I1.5,0.8,0,0.2,0,0.9,0.1,0,1.5,1.5
MA0.8Cs0.2Sn0.1Pb0.9Br1.8I1.2,0.8,0,0.2,0,0.9,0.1,0,1.8,1.2
MA0.8Cs0.2Sn0.1Pb0.9Br2.1I0.9,0.8,0,0.2,0,0.9,0.1,0,2.1,0.9
MA0.8Cs0.2Sn0.1Pb0.9Br2.4I0.6,0.8,0,0.2,0,0.9,0.1,0,2.4,0.6
MA0.8Cs0.2Sn0.1Pb0.9Br2.7I0.3,0.8,0,0.2,0,0.9,0.1,0,2.7,0.3
MA0.9Cs0.1Sn0.9Pb0.1Cl0.3Br2.7,0.9,0,0.1,0,0.1,0.9,0.3,2.7,0
MA0.9Cs0.1Sn0.9Pb0.1Cl0.6Br2.4,0.9,0,0.1,0,0.1,0.9,0.6,2.4,0
MA0.9Cs0.1Sn0.9Pb0.1Cl0.9Br2.1,0.9,0,0.1,0,0.1,0.9,0.9,2.1,0
MA0.9Cs0.1Sn0.9Pb0.1Cl1.2Br1.8,0.9,0,0.1,0,0.1,0.9,1.2,1.8,0
MA0.9Cs0.1Sn0.9Pb0.1Cl1.5Br1.5,0.9,0,0.1,0,0.1,0.9,1.5,1.5,0
MA0.9Cs0.1Sn0.9Pb0.1Cl1.8Br1.2,0.9,0,0.1,0,0.1,0.9,1.8,1.2,0
MA0.9Cs0.1Sn0.9Pb0.1Cl2.1Br0.9,0.9,0,0.1,0,0.1,0.9,2.1,0.9,0
MA0.9Cs0.1Sn0.9Pb0.1Cl2.4Br0.6,0.9,0,0.1,0,0.1,0.9,2.4,0.6,0
MA0.9Cs0.1Sn0.9Pb0.1Cl2.7Br0.3,0.9,0,0.1,0,0.1,0.9,2.7,0.3,0
MA0.9Cs0.1Sn0.9Pb0.1Cl0.3I2.7,0.9,0,0.1,0,0.1,0.9,0.3,0,2.7
MA0.9Cs0.1Sn0.9Pb0.1Cl0.6I2.4,0.9,0,0.1,0,0.1,0.9,0.6,0,2.4
MA0.9Cs0.1Sn0.9Pb0.1Cl0.9I2.1,0.9,0,0.1,0,0.1,0.9,0.9,0,2.1
MA0.9Cs0.1Sn0.9Pb0.1Cl1.2I1.8,0.9,0,0.1,0,0.1,0.9,1.2,0,1.8
MA0.9Cs0.1Sn0.9Pb0.1Cl1.5I1.5,0.9,0,0.1,0,0.1,0.9,1.5,0,1.5
MA0.9Cs0.1Sn0.9Pb0.1Cl1.8I1.2,0.9,0,0.1,0,0.1,0.9,1.8,0,1.2
MA0.9Cs0.1Sn0.9Pb0.1Cl2.1I0.9,0.9,0,0.1,0,0.1,0.9,2.1,0,0.9
MA0.9Cs0.1Sn0.9Pb0.1Cl2.4I0.6,0.9,0,0.1,0,0.1,0.9,2.4,0,0.6
MA0.9Cs0.1Sn0.9Pb0.1Cl2.7I0.3,0.9,0,0.1,0,0.1,0.9,2.7,0,0.3
MA0.9Cs0.1Sn0.9Pb0.1Br0.3I2.7,0.9,0,0.1,0,0.1,0.9,0,0.3,2.7
MA0.9Cs0.1Sn0.9Pb0.1Br0.6I2.4,0.9,0,0.1,0,0.1,0.9,0,0.6,2.4
MA0.9Cs0.1Sn0.9Pb0.1Br0.9I2.1,0.9,0,0.1,0,0.1,0.9,0,0.9,2.1
MA0.9Cs0.1Sn0.9Pb0.1Br1.2I1.8,0.9,0,0.1,0,0.1,0.9,0,1.2,1.8
MA0.9Cs0.1Sn0.9Pb0.1Br1.5I1.5,0.9,0,0.1,0,0.1,0.9,0,1.5,1.5
MA0.9Cs0.1Sn0.9Pb0.1Br1.8I1.2,0.9,0,0.1,0,0.1,0.9,0,1.8,1.2
MA0.9Cs0.1Sn0.9Pb0.1Br2.1I0.9,0.9,0,0.1,0,0.1,0.9,0,2.1,0.9
MA0.9Cs0.1Sn0.9Pb0.1Br2.4I0.6,0.9,0,0.1,0,0.1,0.9,0,2.4,0.6
MA0.9Cs0.1Sn0.9Pb0.1Br2.7I0.3,0.9,0,0.1,0,0.1,0.9,0,2.7,0.3
MA0.9Cs0.1Sn0.8Pb0.2Cl0.3Br2.7,0.9,0,0.1,0,0.2,0.8,0.3,2.7,0
MA0.9Cs0.1Sn0.8Pb0.2Cl0.6Br2.4,0.9,0,0.1,0,0.2,0.8,0.6,2.4,0
MA0.9Cs0.1Sn0.8Pb0.2Cl0.9Br2.1,0.9,0,0.1,0,0.2,0.8,0.9,2.1,0
MA0.9Cs0.1Sn0.8Pb0.2Cl1.2Br1.8,0.9,0,0.1,0,0.2,0.8,1.2,1.8,0
MA0.9Cs0.1Sn0.8Pb0.2Cl1.5Br1.5,0.9,0,0.1,0,0.2,0.8,1.5,1.5,0
MA0.9Cs0.1Sn0.8Pb0.2Cl1.8Br1.2,0.9,0,0.1,0,0.2,0.8,1.8,1.2,0
MA0.9Cs0.1Sn0.8Pb0.2Cl2.1Br0.9,0.9,0,0.1,0,0.2,0.8,2.1,0.9,0
MA0.9Cs0.1Sn0.8Pb0.2Cl2.4Br0.6,0.9,0,0.1,0,0.2,0.8,2.4,0.6,0
MA0.9Cs0.1Sn0.8Pb0.2Cl2.7Br0.3,0.9,0,0.1,0,0.2,0.8,2.7,0.3,0
MA0.9Cs0.1Sn0.8Pb0.2Cl0.3I2.7,0.9,0,0.1,0,0.2,0.8,0.3,0,2.7
MA0.9Cs0.1Sn0.8Pb0.2Cl0.6I2.4,0.9,0,0.1,0,0.2,0.8,0.6,0,2.4
MA0.9Cs0.1Sn0.8Pb0.2Cl0.9I2.1,0.9,0,0.1,0,0.2,0.8,0.9,0,2.1
MA0.9Cs0.1Sn0.8Pb0.2Cl1.2I1.8,0.9,0,0.1,0,0.2,0.8,1.2,0,1.8
MA0.9Cs0.1Sn0.8Pb0.2Cl1.5I1.5,0.9,0,0.1,0,0.2,0.8,1.5,0,1.5
MA0.9Cs0.1Sn0.8Pb0.2Cl1.8I1.2,0.9,0,0.1,0,0.2,0.8,1.8,0,1.2
MA0.9Cs0.1Sn0.8Pb0.2Cl2.1I0.9,0.9,0,0.1,0,0.2,0.8,2.1,0,0.9
MA0.9Cs0.1Sn0.8Pb0.2Cl2.4I0.6,0.9,0,0.1,0,0.2,0.8,2.4,0,0.6
MA0.9Cs0.1Sn0.8Pb0.2Cl2.7I0.3,0.9,0,0.1,0,0.2,0.8,2.7,0,0.3
MA0.9Cs0.1Sn0.8Pb0.2Br0.3I2.7,0.9,0,0.1,0,0.2,0.8,0,0.3,2.7
MA0.9Cs0.1Sn0.8Pb0.2Br0.6I2.4,0.9,0,0.1,0,0.2,0.8,0,0.6,2.4
MA0.9Cs0.1Sn0.8Pb0.2Br0.9I2.1,0.9,0,0.1,0,0.2,0.8,0,0.9,2.1
MA0.9Cs0.1Sn0.8Pb0.2Br1.2I1.8,0.9,0,0.1,0,0.2,0.8,0,1.2,1.8
MA0.9Cs0.1Sn0.8Pb0.2Br1.5I1.5,0.9,0,0.1,0,0.2,0.8,0,1.5,1.5
MA0.9Cs0.1Sn0.8Pb0.2Br1.8I1.2,0.9,0,0.1,0,0.2,0.8,0,1.8,1.2
MA0.9Cs0.1Sn0.8Pb0.2Br2.1I0.9,0.9,0,0.1,0,0.2,0.8,0,2.1,0.9
MA0.9Cs0.1Sn0.8Pb0.2Br2.4I0.6,0.9,0,0.1,0,0.2,0.8,0,2.4,0.6
MA0.9Cs0.1Sn0.8Pb0.2Br2.7I0.3,0.9,0,0.1,0,0.2,0.8,0,2.7,0.3
MA0.9Cs0.1Sn0.7Pb0.3Cl0.3Br2.7,0.9,0,0.1,0,0.3,0.7,0.3,2.7,0
MA0.9Cs0.1Sn0.7Pb0.3Cl0.6Br2.4,0.9,0,0.1,0,0.3,0.7,0.6,2.4,0
MA0.9Cs0.1Sn0.7Pb0.3Cl0.9Br2.1,0.9,0,0.1,0,0.3,0.7,0.9,2.1,0
MA0.9Cs0.1Sn0.7Pb0.3Cl1.2Br1.8,0.9,0,0.1,0,0.3,0.7,1.2,1.8,0
MA0.9Cs0.1Sn0.7Pb0.3Cl1.5Br1.5,0.9,0,0.1,0,0.3,0.7,1.5,1.5,0
MA0.9Cs0.1Sn0.7Pb0.3Cl1.8Br1.2,0.9,0,0.1,0,0.3,0.7,1.8,1.2,0
MA0.9Cs0.1Sn0.7Pb0.3Cl2.1Br0.9,0.9,0,0.1,0,0.3,0.7,2.1,0.9,0
MA0.9Cs0.1Sn0.7Pb0.3Cl2.4Br0.6,0.9,0,0.1,0,0.3,0.7,2.4,0.6,0
MA0.9Cs0.1Sn0.7Pb0.3Cl2.7Br0.3,0.9,0,0.1,0,0.3,0.7,2.7,0.3,0
MA0.9Cs0.1Sn0.7Pb0.3Cl0.3I2.7,0.9,0,0.1,0,0.3,0.7,0.3,0,2.7
MA0.9Cs0.1Sn0.7Pb0.3Cl0.6I2.4,0.9,0,0.1,0,0.3,0.7,0.6,0,2.4
MA0.9Cs0.1Sn0.7Pb0.3Cl0.9I2.1,0.9,0,0.1,0,0.3,0.7,0.9,0,2.1
MA0.9Cs0.1Sn0.7Pb0.3Cl1.2I1.8,0.9,0,0.1,0,0.3,0.7,1.2,0,1.8
MA0.9Cs0.1Sn0.7Pb0.3Cl1.5I1.5,0.9,0,0.1,0,0.3,0.7,1.5,0,1.5
MA0.9Cs0.1Sn0.7Pb0.3Cl1.8I1.2,0.9,0,0.1,0,0.3,0.7,1.8,0,1.2
MA0.9Cs0.1Sn0.7Pb0.3Cl2.1I0.9,0.9,0,0.1,0,0.3,0.7,2.1,0,0.9
MA0.9Cs0.1Sn0.7Pb0.3Cl2.4I0.6,0.9,0,0.1,0,0.3,0.7,2.4,0,0.6
MA0.9Cs0.1Sn0.7Pb0.3Cl2.7I0.3,0.9,0,0.1,0,0.3,0.7,2.7,0,0.3
MA0.9Cs0.1Sn0.7Pb0.3Br0.3I2.7,0.9,0,0.1,0,0.3,0.7,0,0.3,2.7
MA0.9Cs0.1Sn0.7Pb0.3Br0.6I2.4,0.9,0,0.1,0,0.3,0.7,0,0.6,2.4
MA0.9Cs0.1Sn0.7Pb0.3Br0.9I2.1,0.9,0,0.1,0,0.3,0.7,0,0.9,2.1
MA0.9Cs0.1Sn0.7Pb0.3Br1.2I1.8,0.9,0,0.1,0,0.3,0.7,0,1.2,1.8
MA0.9Cs0.1Sn0.7Pb0.3Br1.5I1.5,0.9,0,0.1,0,0.3,0.7,0,1.5,1.5
MA0.9Cs0.1Sn0.7Pb0.3Br1.8I1.2,0.9,0,0.1,0,0.3,0.7,0,1.8,1.2
MA0.9Cs0.1Sn0.7Pb0.3Br2.1I0.9,0.9,0,0.1,0,0.3,0.7,0,2.1,0.9
MA0.9Cs0.1Sn0.7Pb0.3Br2.4I0.6,0.9,0,0.1,0,0.3,0.7,0,2.4,0.6
MA0.9Cs0.1Sn0.7Pb0.3Br2.7I0.3,0.9,0,0.1,0,0.3,0.7,0,2.7,0.3
MA0.9Cs0.1Sn0.6Pb0.4Cl0.3Br2.7,0.9,0,0.1,0,0.4,0.6,0.3,2.7,0
MA0.9Cs0.1Sn0.6Pb0.4Cl0.6Br2.4,0.9,0,0.1,0,0.4,0.6,0.6,2.4,0
MA0.9Cs0.1Sn0.6Pb0.4Cl0.9Br2.1,0.9,0,0.1,0,0.4,0.6,0.9,2.1,0
MA0.9Cs0.1Sn0.6Pb0.4Cl1.2Br1.8,0.9,0,0.1,0,0.4,0.6,1.2,1.8,0
MA0.9Cs0.1Sn0.6Pb0.4Cl1.5Br1.5,0.9,0,0.1,0,0.4,0.6,1.5,1.5,0
MA0.9Cs0.1Sn0.6Pb0.4Cl1.8Br1.2,0.9,0,0.1,0,0.4,0.6,1.8,1.2,0
MA0.9Cs0.1Sn0.6Pb0.4Cl2.1Br0.9,0.9,0,0.1,0,0.4,0.6,2.1,0.9,0
MA0.9Cs0.1Sn0.6Pb0.4Cl2.4Br0.6,0.9,0,0.1,0,0.4,0.6,2.4,0.6,0
MA0.9Cs0.1Sn0.6Pb0.4Cl2.7Br0.3,0.9,0,0.1,0,0.4,0.6,2.7,0.3,0
MA0.9Cs0.1Sn0.6Pb0.4Cl0.3I2.7,0.9,0,0.1,0,0.4,0.6,0.3,0,2.7
MA0.9Cs0.1Sn0.6Pb0.4Cl0.6I2.4,0.9,0,0.1,0,0.4,0.6,0.6,0,2.4
MA0.9Cs0.1Sn0.6Pb0.4Cl0.9I2.1,0.9,0,0.1,0,0.4,0.6,0.9,0,2.1
MA0.9Cs0.1Sn0.6Pb0.4Cl1.2I1.8,0.9,0,0.1,0,0.4,0.6,1.2,0,1.8
MA0.9Cs0.1Sn0.6Pb0.4Cl1.5I1.5,0.9,0,0.1,0,0.4,0.6,1.5,0,1.5
MA0.9Cs0.1Sn0.6Pb0.4Cl1.8I1.2,0.9,0,0.1,0,0.4,0.6,1.8,0,1.2
MA0.9Cs0.1Sn0.6Pb0.4Cl2.1I0.9,0.9,0,0.1,0,0.4,0.6,2.1,0,0.9
MA0.9Cs0.1Sn0.6Pb0.4Cl2.4I0.6,0.9,0,0.1,0,0.4,0.6,2.4,0,0.6
MA0.9Cs0.1Sn0.6Pb0.4Cl2.7I0.3,0.9,0,0.1,0,0.4,0.6,2.7,0,0.3
MA0.9Cs0.1Sn0.6Pb0.4Br0.3I2.7,0.9,0,0.1,0,0.4,0.6,0,0.3,2.7
MA0.9Cs0.1Sn0.6Pb0.4Br0.6I2.4,0.9,0,0.1,0,0.4,0.6,0,0.6,2.4
MA0.9Cs0.1Sn0.6Pb0.4Br0.9I2.1,0.9,0,0.1,0,0.4,0.6,0,0.9,2.1
MA0.9Cs0.1Sn0.6Pb0.4Br1.2I1.8,0.9,0,0.1,0,0.4,0.6,0,1.2,1.8
MA0.9Cs0.1Sn0.6Pb0.4Br1.5I1.5,0.9,0,0.1,0,0.4,0.6,0,1.5,1.5
MA0.9Cs0.1Sn0.6Pb0.4Br1.8I1.2,0.9,0,0.1,0,0.4,0.6,0,1.8,1.2
MA0.9Cs0.1Sn0.6Pb0.4Br2.1I0.9,0.9,0,0.1,0,0.4,0.6,0,2.1,0.9
MA0.9Cs0.1Sn0.6Pb0.4Br2.4I0.6,0.9,0,0.1,0,0.4,0.6,0,2.4,0.6
MA0.9Cs0.1Sn0.6Pb0.4Br2.7I0.3,0.9,0,0.1,0,0.4,0.6,0,2.7,0.3
MA0.9Cs0.1Sn0.5Pb0.5Cl0.3Br2.7,0.9,0,0.1,0,0.5,0.5,0.3,2.7,0
MA0.9Cs0.1Sn0.5Pb0.5Cl0.6Br2.4,0.9,0,0.1,0,0.5,0.5,0.6,2.4,0
MA0.9Cs0.1Sn0.5Pb0.5Cl0.9Br2.1,0.9,0,0.1,0,0.5,0.5,0.9,2.1,0
MA0.9Cs0.1Sn0.5Pb0.5Cl1.2Br1.8,0.9,0,0.1,0,0.5,0.5,1.2,1.8,0
MA0.9Cs0.1Sn0.5Pb0.5Cl1.5Br1.5,0.9,0,0.1,0,0.5,0.5,1.5,1.5,0
MA0.9Cs0.1Sn0.5Pb0.5Cl1.8Br1.2,0.9,0,0.1,0,0.5,0.5,1.8,1.2,0
MA0.9Cs0.1Sn0.5Pb0.5Cl2.1Br0.9,0.9,0,0.1,0,0.5,0.5,2.1,0.9,0
MA0.9Cs0.1Sn0.5Pb0.5Cl2.4Br0.6,0.9,0,0.1,0,0.5,0.5,2.4,0.6,0
MA0.9Cs0.1Sn0.5Pb0.5Cl2.7Br0.3,0.9,0,0.1,0,0.5,0.5,2.7,0.3,0
MA0.9Cs0.1Sn0.5Pb0.5Cl0.3I2.7,0.9,0,0.1,0,0.5,0.5,0.3,0,2.7
MA0.9Cs0.1Sn0.5Pb0.5Cl0.6I2.4,0.9,0,0.1,0,0.5,0.5,0.6,0,2.4
MA0.9Cs0.1Sn0.5Pb0.5Cl0.9I2.1,0.9,0,0.1,0,0.5,0.5,0.9,0,2.1
MA0.9Cs0.1Sn0.5Pb0.5Cl1.2I1.8,0.9,0,0.1,0,0.5,0.5,1.2,0,1.8
MA0.9Cs0.1Sn0.5Pb0.5Cl1.5I1.5,0.9,0,0.1,0,0.5,0.5,1.5,0,1.5
MA0.9Cs0.1Sn0.5Pb0.5Cl1.8I1.2,0.9,0,0.1,0,0.5,0.5,1.8,0,1.2
MA0.9Cs0.1Sn0.5Pb0.5Cl2.1I0.9,0.9,0,0.1,0,0.5,0.5,2.1,0,0.9
MA0.9Cs0.1Sn0.5Pb0.5Cl2.4I0.6,0.9,0,0.1,0,0.5,0.5,2.4,0,0.6
MA0.9Cs0.1Sn0.5Pb0.5Cl2.7I0.3,0.9,0,0.1,0,0.5,0.5,2.7,0,0.3
MA0.9Cs0.1Sn0.5Pb0.5Br0.3I2.7,0.9,0,0.1,0,0.5,0.5,0,0.3,2.7
MA0.9Cs0.1Sn0.5Pb0.5Br0.6I2.4,0.9,0,0.1,0,0.5,0.5,0,0.6,2.4
MA0.9Cs0.1Sn0.5Pb0.5Br0.9I2.1,0.9,0,0.1,0,0.5,0.5,0,0.9,2.1
MA0.9Cs0.1Sn0.5Pb0.5Br1.2I1.8,0.9,0,0.1,0,0.5,0.5,0,1.2,1.8
MA0.9Cs0.1Sn0.5Pb0.5Br1.5I1.5,0.9,0,0.1,0,0.5,0.5,0,1.5,1.5
MA0.9Cs0.1Sn0.5Pb0.5Br1.8I1.2,0.9,0,0.1,0,0.5,0.5,0,1.8,1.2
MA0.9Cs0.1Sn0.5Pb0.5Br2.1I0.9,0.9,0,0.1,0,0.5,0.5,0,2.1,0.9
MA0.9Cs0.1Sn0.5Pb0.5Br2.4I0.6,0.9,0,0.1,0,0.5,0.5,0,2.4,0.6
MA0.9Cs0.1Sn0.5Pb0.5Br2.7I0.3,0.9,0,0.1,0,0.5,0.5,0,2.7,0.3
MA0.9Cs0.1Sn0.4Pb0.6Cl0.3Br2.7,0.9,0,0.1,0,0.6,0.4,0.3,2.7,0
MA0.9Cs0.1Sn0.4Pb0.6Cl0.6Br2.4,0.9,0,0.1,0,0.6,0.4,0.6,2.4,0
MA0.9Cs0.1Sn0.4Pb0.6Cl0.9Br2.1,0.9,0,0.1,0,0.6,0.4,0.9,2.1,0
MA0.9Cs0.1Sn0.4Pb0.6Cl1.2Br1.8,0.9,0,0.1,0,0.6,0.4,1.2,1.8,0
MA0.9Cs0.1Sn0.4Pb0.6Cl1.5Br1.5,0.9,0,0.1,0,0.6,0.4,1.5,1.5,0
MA0.9Cs0.1Sn0.4Pb0.6Cl1.8Br1.2,0.9,0,0.1,0,0.6,0.4,1.8,1.2,0
MA0.9Cs0.1Sn0.4Pb0.6Cl2.1Br0.9,0.9,0,0.1,0,0.6,0.4,2.1,0.9,0
MA0.9Cs0.1Sn0.4Pb0.6Cl2.4Br0.6,0.9,0,0.1,0,0.6,0.4,2.4,0.6,0
MA0.9Cs0.1Sn0.4Pb0.6Cl2.7Br0.3,0.9,0,0.1,0,0.6,0.4,2.7,0.3,0
MA0.9Cs0.1Sn0.4Pb0.6Cl0.3I2.7,0.9,0,0.1,0,0.6,0.4,0.3,0,2.7
MA0.9Cs0.1Sn0.4Pb0.6Cl0.6I2.4,0.9,0,0.1,0,0.6,0.4,0.6,0,2.4
MA0.9Cs0.1Sn0.4Pb0.6Cl0.9I2.1,0.9,0,0.1,0,0.6,0.4,0.9,0,2.1
MA0.9Cs0.1Sn0.4Pb0.6Cl1.2I1.8,0.9,0,0.1,0,0.6,0.4,1.2,0,1.8
MA0.9Cs0.1Sn0.4Pb0.6Cl1.5I1.5,0.9,0,0.1,0,0.6,0.4,1.5,0,1.5
MA0.9Cs0.1Sn0.4Pb0.6Cl1.8I1.2,0.9,0,0.1,0,0.6,0.4,1.8,0,1.2
MA0.9Cs0.1Sn0.4Pb0.6Cl2.1I0.9,0.9,0,0.1,0,0.6,0.4,2.1,0,0.9
MA0.9Cs0.1Sn0.4Pb0.6Cl2.4I0.6,0.9,0,0.1,0,0.6,0.4,2.4,0,0.6
MA0.9Cs0.1Sn0.4Pb0.6Cl2.7I0.3,0.9,0,0.1,0,0.6,0.4,2.7,0,0.3
MA0.9Cs0.1Sn0.4Pb0.6Br0.3I2.7,0.9,0,0.1,0,0.6,0.4,0,0.3,2.7
MA0.9Cs0.1Sn0.4Pb0.6Br0.6I2.4,0.9,0,0.1,0,0.6,0.4,0,0.6,2.4
MA0.9Cs0.1Sn0.4Pb0.6Br0.9I2.1,0.9,0,0.1,0,0.6,0.4,0,0.9,2.1
MA0.9Cs0.1Sn0.4Pb0.6Br1.2I1.8,0.9,0,0.1,0,0.6,0.4,0,1.2,1.8
MA0.9Cs0.1Sn0.4Pb0.6Br1.5I1.5,0.9,0,0.1,0,0.6,0.4,0,1.5,1.5
MA0.9Cs0.1Sn0.4Pb0.6Br1.8I1.2,0.9,0,0.1,0,0.6,0.4,0,1.8,1.2
MA0.9Cs0.1Sn0.4Pb0.6Br2.1I0.9,0.9,0,0.1,0,0.6,0.4,0,2.1,0.9
MA0.9Cs0.1Sn0.4Pb0.6Br2.4I0.6,0.9,0,0.1,0,0.6,0.4,0,2.4,0.6
MA0.9Cs0.1Sn0.4Pb0.6Br2.7I0.3,0.9,0,0.1,0,0.6,0.4,0,2.7,0.3
MA0.9Cs0.1Sn0.3Pb0.7Cl0.3Br2.7,0.9,0,0.1,0,0.7,0.3,0.3,2.7,0
MA0.9Cs0.1Sn0.3Pb0.7Cl0.6Br2.4,0.9,0,0.1,0,0.7,0.3,0.6,2.4,0
MA0.9Cs0.1Sn0.3Pb0.7Cl0.9Br2.1,0.9,0,0.1,0,0.7,0.3,0.9,2.1,0
MA0.9Cs0.1Sn0.3Pb0.7Cl1.2Br1.8,0.9,0,0.1,0,0.7,0.3,1.2,1.8,0
MA0.9Cs0.1Sn0.3Pb0.7Cl1.5Br1.5,0.9,0,0.1,0,0.7,0.3,1.5,1.5,0
MA0.9Cs0.1Sn0.3Pb0.7Cl1.8Br1.2,0.9,0,0.1,0,0.7,0.3,1.8,1.2,0
MA0.9Cs0.1Sn0.3Pb0.7Cl2.1Br0.9,0.9,0,0.1,0,0.7,0.3,2.1,0.9,0
MA0.9Cs0.1Sn0.3Pb0.7Cl2.4Br0.6,0.9,0,0.1,0,0.7,0.3,2.4,0.6,0
MA0.9Cs0.1Sn0.3Pb0.7Cl2.7Br0.3,0.9,0,0.1,0,0.7,0.3,2.7,0.3,0
MA0.9Cs0.1Sn0.3Pb0.7Cl0.3I2.7,0.9,0,0.1,0,0.7,0.3,0.3,0,2.7
MA0.9Cs0.1Sn0.3Pb0.7Cl0.6I2.4,0.9,0,0.1,0,0.7,0.3,0.6,0,2.4
MA0.9Cs0.1Sn0.3Pb0.7Cl0.9I2.1,0.9,0,0.1,0,0.7,0.3,0.9,0,2.1
MA0.9Cs0.1Sn0.3Pb0.7Cl1.2I1.8,0.9,0,0.1,0,0.7,0.3,1.2,0,1.8
MA0.9Cs0.1Sn0.3Pb0.7Cl1.5I1.5,0.9,0,0.1,0,0.7,0.3,1.5,0,1.5
MA0.9Cs0.1Sn0.3Pb0.7Cl1.8I1.2,0.9,0,0.1,0,0.7,0.3,1.8,0,1.2
MA0.9Cs0.1Sn0.3Pb0.7Cl2.1I0.9,0.9,0,0.1,0,0.7,0.3,2.1,0,0.9
MA0.9Cs0.1Sn0.3Pb0.7Cl2.4I0.6,0.9,0,0.1,0,0.7,0.3,2.4,0,0.6
MA0.9Cs0.1Sn0.3Pb0.7Cl2.7I0.3,0.9,0,0.1,0,0.7,0.3,2.7,0,0.3
MA0.9Cs0.1Sn0.3Pb0.7Br0.3I2.7,0.9,0,0.1,0,0.7,0.3,0,0.3,2.7
MA0.9Cs0.1Sn0.3Pb0.7Br0.6I2.4,0.9,0,0.1,0,0.7,0.3,0,0.6,2.4
MA0.9Cs0.1Sn0.3Pb0.7Br0.9I2.1,0.9,0,0.1,0,0.7,0.3,0,0.9,2.1
MA0.9Cs0.1Sn0.3Pb0.7Br1.2I1.8,0.9,0,0.1,0,0.7,0.3,0,1.2,1.8
MA0.9Cs0.1Sn0.3Pb0.7Br1.5I1.5,0.9,0,0.1,0,0.7,0.3,0,1.5,1.5
MA0.9Cs0.1Sn0.3Pb0.7Br1.8I1.2,0.9,0,0.1,0,0.7,0.3,0,1.8,1.2
MA0.9Cs0.1Sn0.3Pb0.7Br2.1I0.9,0.9,0,0.1,0,0.7,0.3,0,2.1,0.9
MA0.9Cs0.1Sn0.3Pb0.7Br2.4I0.6,0.9,0,0.1,0,0.7,0.3,0,2.4,0.6
MA0.9Cs0.1Sn0.3Pb0.7Br2.7I0.3,0.9,0,0.1,0,0.7,0.3,0,2.7,0.3
MA0.9Cs0.1Sn0.2Pb0.8Cl0.3Br2.7,0.9,0,0.1,0,0.8,0.2,0.3,2.7,0
MA0.9Cs0.1Sn0.2Pb0.8Cl0.6Br2.4,0.9,0,0.1,0,0.8,0.2,0.6,2.4,0
MA0.9Cs0.1Sn0.2Pb0.8Cl0.9Br2.1,0.9,0,0.1,0,0.8,0.2,0.9,2.1,0
MA0.9Cs0.1Sn0.2Pb0.8Cl1.2Br1.8,0.9,0,0.1,0,0.8,0.2,1.2,1.8,0
MA0.9Cs0.1Sn0.2Pb0.8Cl1.5Br1.5,0.9,0,0.1,0,0.8,0.2,1.5,1.5,0
MA0.9Cs0.1Sn0.2Pb0.8Cl1.8Br1.2,0.9,0,0.1,0,0.8,0.2,1.8,1.2,0
MA0.9Cs0.1Sn0.2Pb0.8Cl2.1Br0.9,0.9,0,0.1,0,0.8,0.2,2.1,0.9,0
MA0.9Cs0.1Sn0.2Pb0.8Cl2.4Br0.6,0.9,0,0.1,0,0.8,0.2,2.4,0.6,0
MA0.9Cs0.1Sn0.2Pb0.8Cl2.7Br0.3,0.9,0,0.1,0,0.8,0.2,2.7,0.3,0
MA0.9Cs0.1Sn0.2Pb0.8Cl0.3I2.7,0.9,0,0.1,0,0.8,0.2,0.3,0,2.7
MA0.9Cs0.1Sn0.2Pb0.8Cl0.6I2.4,0.9,0,0.1,0,0.8,0.2,0.6,0,2.4
MA0.9Cs0.1Sn0.2Pb0.8Cl0.9I2.1,0.9,0,0.1,0,0.8,0.2,0.9,0,2.1
MA0.9Cs0.1Sn0.2Pb0.8Cl1.2I1.8,0.9,0,0.1,0,0.8,0.2,1.2,0,1.8
MA0.9Cs0.1Sn0.2Pb0.8Cl1.5I1.5,0.9,0,0.1,0,0.8,0.2,1.5,0,1.5
MA0.9Cs0.1Sn0.2Pb0.8Cl1.8I1.2,0.9,0,0.1,0,0.8,0.2,1.8,0,1.2
MA0.9Cs0.1Sn0.2Pb0.8Cl2.1I0.9,0.9,0,0.1,0,0.8,0.2,2.1,0,0.9
MA0.9Cs0.1Sn0.2Pb0.8Cl2.4I0.6,0.9,0,0.1,0,0.8,0.2,2.4,0,0.6
MA0.9Cs0.1Sn0.2Pb0.8Cl2.7I0.3,0.9,0,0.1,0,0.8,0.2,2.7,0,0.3
MA0.9Cs0.1Sn0.2Pb0.8Br0.3I2.7,0.9,0,0.1,0,0.8,0.2,0,0.3,2.7
MA0.9Cs0.1Sn0.2Pb0.8Br0.6I2.4,0.9,0,0.1,0,0.8,0.2,0,0.6,2.4
MA0.9Cs0.1Sn0.2Pb0.8Br0.9I2.1,0.9,0,0.1,0,0.8,0.2,0,0.9,2.1
MA0.9Cs0.1Sn0.2Pb0.8Br1.2I1.8,0.9,0,0.1,0,0.8,0.2,0,1.2,1.8
MA0.9Cs0.1Sn0.2Pb0.8Br1.5I1.5,0.9,0,0.1,0,0.8,0.2,0,1.5,1.5
MA0.9Cs0.1Sn0.2Pb0.8Br1.8I1.2,0.9,0,0.1,0,0.8,0.2,0,1.8,1.2
MA0.9Cs0.1Sn0.2Pb0.8Br2.1I0.9,0.9,0,0.1,0,0.8,0.2,0,2.1,0.9
MA0.9Cs0.1Sn0.2Pb0.8Br2.4I0.6,0.9,0,0.1,0,0.8,0.2,0,2.4,0.6
MA0.9Cs0.1Sn0.2Pb0.8Br2.7I0.3,0.9,0,0.1,0,0.8,0.2,0,2.7,0.3
MA0.9Cs0.1Sn0.1Pb0.9Cl0.3Br2.7,0.9,0,0.1,0,0.9,0.1,0.3,2.7,0
MA0.9Cs0.1Sn0.1Pb0.9Cl0.6Br2.4,0.9,0,0.1,0,0.9,0.1,0.6,2.4,0
MA0.9Cs0.1Sn0.1Pb0.9Cl0.9Br2.1,0.9,0,0.1,0,0.9,0.1,0.9,2.1,0
MA0.9Cs0.1Sn0.1Pb0.9Cl1.2Br1.8,0.9,0,0.1,0,0.9,0.1,1.2,1.8,0
MA0.9Cs0.1Sn0.1Pb0.9Cl1.5Br1.5,0.9,0,0.1,0,0.9,0.1,1.5,1.5,0
MA0.9Cs0.1Sn0.1Pb0.9Cl1.8Br1.2,0.9,0,0.1,0,0.9,0.1,1.8,1.2,0
MA0.9Cs0.1Sn0.1Pb0.9Cl2.1Br0.9,0.9,0,0.1,0,0.9,0.1,2.1,0.9,0
MA0.9Cs0.1Sn0.1Pb0.9Cl2.4Br0.6,0.9,0,0.1,0,0.9,0.1,2.4,0.6,0
MA0.9Cs0.1Sn0.1Pb0.9Cl2.7Br0.3,0.9,0,0.1,0,0.9,0.1,2.7,0.3,0
MA0.9Cs0.1Sn0.1Pb0.9Cl0.3I2.7,0.9,0,0.1,0,0.9,0.1,0.3,0,2.7
MA0.9Cs0.1Sn0.1Pb0.9Cl0.6I2.4,0.9,0,0.1,0,0.9,0.1,0.6,0,2.4
MA0.9Cs0.1Sn0.1Pb0.9Cl0.9I2.1,0.9,0,0.1,0,0.9,0.1,0.9,0,2.1
MA0.9Cs0.1Sn0.1Pb0.9Cl1.2I1.8,0.9,0,0.1,0,0.9,0.1,1.2,0,1.8
MA0.9Cs0.1Sn0.1Pb0.9Cl1.5I1.5,0.9,0,0.1,0,0.9,0.1,1.5,0,1.5
MA0.9Cs0.1Sn0.1Pb0.9Cl1.8I1.2,0.9,0,0.1,0,0.9,0.1,1.8,0,1.2
MA0.9Cs0.1Sn0.1Pb0.9Cl2.1I0.9,0.9,0,0.1,0,0.9,0.1,2.1,0,0.9
MA0.9Cs0.1Sn0.1Pb0.9Cl2.4I0.6,0.9,0,0.1,0,0.9,0.1,2.4,0,0.6
MA0.9Cs0.1Sn0.1Pb0.9Cl2.7I0.3,0.9,0,0.1,0,0.9,0.1,2.7,0,0.3
MA0.9Cs0.1Sn0.1Pb0.9Br0.6I2.4,0.9,0,0.1,0,0.9,0.1,0,0.6,2.4
MA0.9Cs0.1Sn0.1Pb0.9Br0.9I2.1,0.9,0,0.1,0,0.9,0.1,0,0.9,2.1
MA0.9Cs0.1Sn0.1Pb0.9Br1.2I1.8,0.9,0,0.1,0,0.9,0.1,0,1.2,1.8
MA0.9Cs0.1Sn0.1Pb0.9Br1.5I1.5,0.9,0,0.1,0,0.9,0.1,0,1.5,1.5
MA0.9Cs0.1Sn0.1Pb0.9Br1.8I1.2,0.9,0,0.1,0,0.9,0.1,0,1.8,1.2
MA0.9Cs0.1Sn0.1Pb0.9Br2.1I0.9,0.9,0,0.1,0,0.9,0.1,0,2.1,0.9
MA0.9Cs0.1Sn0.1Pb0.9Br2.4I0.6,0.9,0,0.1,0,0.9,0.1,0,2.4,0.6
MA0.9Cs0.1Sn0.1Pb0.9Br2.7I0.3,0.9,0,0.1,0,0.9,0.1,0,2.7,0.3
MA0.1EA0.9Sn0.9Pb0.1Cl0.3Br2.7,0.1,0,0,0.9,0.1,0.9,0.3,2.7,0
MA0.1EA0.9Sn0.9Pb0.1Cl0.6Br2.4,0.1,0,0,0.9,0.1,0.9,0.6,2.4,0
MA0.1EA0.9Sn0.9Pb0.1Cl0.9Br2.1,0.1,0,0,0.9,0.1,0.9,0.9,2.1,0
MA0.1EA0.9Sn0.9Pb0.1Cl1.2Br1.8,0.1,0,0,0.9,0.1,0.9,1.2,1.8,0
MA0.1EA0.9Sn0.9Pb0.1Cl1.5Br1.5,0.1,0,0,0.9,0.1,0.9,1.5,1.5,0
MA0.1EA0.9Sn0.9Pb0.1Cl1.8Br1.2,0.1,0,0,0.9,0.1,0.9,1.8,1.2,0
MA0.1EA0.9Sn0.9Pb0.1Cl2.1Br0.9,0.1,0,0,0.9,0.1,0.9,2.1,0.9,0
MA0.1EA0.9Sn0.9Pb0.1Cl2.4Br0.6,0.1,0,0,0.9,0.1,0.9,2.4,0.6,0
MA0.1EA0.9Sn0.9Pb0.1Cl2.7Br0.3,0.1,0,0,0.9,0.1,0.9,2.7,0.3,0
MA0.1EA0.9Sn0.9Pb0.1Cl0.3I2.7,0.1,0,0,0.9,0.1,0.9,0.3,0,2.7
MA0.1EA0.9Sn0.9Pb0.1Cl0.6I2.4,0.1,0,0,0.9,0.1,0.9,0.6,0,2.4
MA0.1EA0.9Sn0.9Pb0.1Cl0.9I2.1,0.1,0,0,0.9,0.1,0.9,0.9,0,2.1
MA0.1EA0.9Sn0.9Pb0.1Cl1.2I1.8,0.1,0,0,0.9,0.1,0.9,1.2,0,1.8
MA0.1EA0.9Sn0.9Pb0.1Cl1.5I1.5,0.1,0,0,0.9,0.1,0.9,1.5,0,1.5
MA0.1EA0.9Sn0.9Pb0.1Cl1.8I1.2,0.1,0,0,0.9,0.1,0.9,1.8,0,1.2
MA0.1EA0.9Sn0.9Pb0.1Cl2.1I0.9,0.1,0,0,0.9,0.1,0.9,2.1,0,0.9
MA0.1EA0.9Sn0.9Pb0.1Cl2.4I0.6,0.1,0,0,0.9,0.1,0.9,2.4,0,0.6
MA0.1EA0.9Sn0.9Pb0.1Cl2.7I0.3,0.1,0,0,0.9,0.1,0.9,2.7,0,0.3
MA0.1EA0.9Sn0.9Pb0.1Br0.3I2.7,0.1,0,0,0.9,0.1,0.9,0,0.3,2.7
MA0.1EA0.9Sn0.9Pb0.1Br0.6I2.4,0.1,0,0,0.9,0.1,0.9,0,0.6,2.4
MA0.1EA0.9Sn0.9Pb0.1Br0.9I2.1,0.1,0,0,0.9,0.1,0.9,0,0.9,2.1
MA0.1EA0.9Sn0.9Pb0.1Br1.2I1.8,0.1,0,0,0.9,0.1,0.9,0,1.2,1.8
MA0.1EA0.9Sn0.9Pb0.1Br1.5I1.5,0.1,0,0,0.9,0.1,0.9,0,1.5,1.5
MA0.1EA0.9Sn0.9Pb0.1Br1.8I1.2,0.1,0,0,0.9,0.1,0.9,0,1.8,1.2
MA0.1EA0.9Sn0.9Pb0.1Br2.1I0.9,0.1,0,0,0.9,0.1,0.9,0,2.1,0.9
MA0.1EA0.9Sn0.9Pb0.1Br2.4I0.6,0.1,0,0,0.9,0.1,0.9,0,2.4,0.6
MA0.1EA0.9Sn0.9Pb0.1Br2.7I0.3,0.1,0,0,0.9,0.1,0.9,0,2.7,0.3
MA0.1EA0.9Sn0.8Pb0.2Cl0.3Br2.7,0.1,0,0,0.9,0.2,0.8,0.3,2.7,0
MA0.1EA0.9Sn0.8Pb0.2Cl0.6Br2.4,0.1,0,0,0.9,0.2,0.8,0.6,2.4,0
MA0.1EA0.9Sn0.8Pb0.2Cl0.9Br2.1,0.1,0,0,0.9,0.2,0.8,0.9,2.1,0
MA0.1EA0.9Sn0.8Pb0.2Cl1.2Br1.8,0.1,0,0,0.9,0.2,0.8,1.2,1.8,0
MA0.1EA0.9Sn0.8Pb0.2Cl1.5Br1.5,0.1,0,0,0.9,0.2,0.8,1.5,1.5,0
MA0.1EA0.9Sn0.8Pb0.2Cl1.8Br1.2,0.1,0,0,0.9,0.2,0.8,1.8,1.2,0
MA0.1EA0.9Sn0.8Pb0.2Cl2.1Br0.9,0.1,0,0,0.9,0.2,0.8,2.1,0.9,0
MA0.1EA0.9Sn0.8Pb0.2Cl2.4Br0.6,0.1,0,0,0.9,0.2,0.8,2.4,0.6,0
MA0.1EA0.9Sn0.8Pb0.2Cl2.7Br0.3,0.1,0,0,0.9,0.2,0.8,2.7,0.3,0
MA0.1EA0.9Sn0.8Pb0.2Cl0.3I2.7,0.1,0,0,0.9,0.2,0.8,0.3,0,2.7
MA0.1EA0.9Sn0.8Pb0.2Cl0.6I2.4,0.1,0,0,0.9,0.2,0.8,0.6,0,2.4
MA0.1EA0.9Sn0.8Pb0.2Cl0.9I2.1,0.1,0,0,0.9,0.2,0.8,0.9,0,2.1
MA0.1EA0.9Sn0.8Pb0.2Cl1.2I1.8,0.1,0,0,0.9,0.2,0.8,1.2,0,1.8
MA0.1EA0.9Sn0.8Pb0.2Cl1.5I1.5,0.1,0,0,0.9,0.2,0.8,1.5,0,1.5
MA0.1EA0.9Sn0.8Pb0.2Cl1.8I1.2,0.1,0,0,0.9,0.2,0.8,1.8,0,1.2
MA0.1EA0.9Sn0.8Pb0.2Cl2.1I0.9,0.1,0,0,0.9,0.2,0.8,2.1,0,0.9
MA0.1EA0.9Sn0.8Pb0.2Cl2.4I0.6,0.1,0,0,0.9,0.2,0.8,2.4,0,0.6
MA0.1EA0.9Sn0.8Pb0.2Cl2.7I0.3,0.1,0,0,0.9,0.2,0.8,2.7,0,0.3
MA0.1EA0.9Sn0.8Pb0.2Br0.3I2.7,0.1,0,0,0.9,0.2,0.8,0,0.3,2.7
MA0.1EA0.9Sn0.8Pb0.2Br0.6I2.4,0.1,0,0,0.9,0.2,0.8,0,0.6,2.4
MA0.1EA0.9Sn0.8Pb0.2Br0.9I2.1,0.1,0,0,0.9,0.2,0.8,0,0.9,2.1
MA0.1EA0.9Sn0.8Pb0.2Br1.2I1.8,0.1,0,0,0.9,0.2,0.8,0,1.2,1.8
MA0.1EA0.9Sn0.8Pb0.2Br1.5I1.5,0.1,0,0,0.9,0.2,0.8,0,1.5,1.5
MA0.1EA0.9Sn0.8Pb0.2Br1.8I1.2,0.1,0,0,0.9,0.2,0.8,0,1.8,1.2
MA0.1EA0.9Sn0.8Pb0.2Br2.1I0.9,0.1,0,0,0.9,0.2,0.8,0,2.1,0.9
MA0.1EA0.9Sn0.8Pb0.2Br2.4I0.6,0.1,0,0,0.9,0.2,0.8,0,2.4,0.6
MA0.1EA0.9Sn0.8Pb0.2Br2.7I0.3,0.1,0,0,0.9,0.2,0.8,0,2.7,0.3
MA0.1EA0.9Sn0.7Pb0.3Cl0.3Br2.7,0.1,0,0,0.9,0.3,0.7,0.3,2.7,0
MA0.1EA0.9Sn0.7Pb0.3Cl0.6Br2.4,0.1,0,0,0.9,0.3,0.7,0.6,2.4,0
MA0.1EA0.9Sn0.7Pb0.3Cl0.9Br2.1,0.1,0,0,0.9,0.3,0.7,0.9,2.1,0
MA0.1EA0.9Sn0.7Pb0.3Cl1.2Br1.8,0.1,0,0,0.9,0.3,0.7,1.2,1.8,0
MA0.1EA0.9Sn0.7Pb0.3Cl1.5Br1.5,0.1,0,0,0.9,0.3,0.7,1.5,1.5,0
MA0.1EA0.9Sn0.7Pb0.3Cl1.8Br1.2,0.1,0,0,0.9,0.3,0.7,1.8,1.2,0
MA0.1EA0.9Sn0.7Pb0.3Cl2.1Br0.9,0.1,0,0,0.9,0.3,0.7,2.1,0.9,0
MA0.1EA0.9Sn0.7Pb0.3Cl2.4Br0.6,0.1,0,0,0.9,0.3,0.7,2.4,0.6,0
MA0.1EA0.9Sn0.7Pb0.3Cl2.7Br0.3,0.1,0,0,0.9,0.3,0.7,2.7,0.3,0
MA0.1EA0.9Sn0.7Pb0.3Cl0.3I2.7,0.1,0,0,0.9,0.3,0.7,0.3,0,2.7
MA0.1EA0.9Sn0.7Pb0.3Cl0.6I2.4,0.1,0,0,0.9,0.3,0.7,0.6,0,2.4
MA0.1EA0.9Sn0.7Pb0.3Cl0.9I2.1,0.1,0,0,0.9,0.3,0.7,0.9,0,2.1
MA0.1EA0.9Sn0.7Pb0.3Cl1.2I1.8,0.1,0,0,0.9,0.3,0.7,1.2,0,1.8
MA0.1EA0.9Sn0.7Pb0.3Cl1.5I1.5,0.1,0,0,0.9,0.3,0.7,1.5,0,1.5
MA0.1EA0.9Sn0.7Pb0.3Cl1.8I1.2,0.1,0,0,0.9,0.3,0.7,1.8,0,1.2
MA0.1EA0.9Sn0.7Pb0.3Cl2.1I0.9,0.1,0,0,0.9,0.3,0.7,2.1,0,0.9
MA0.1EA0.9Sn0.7Pb0.3Cl2.4I0.6,0.1,0,0,0.9,0.3,0.7,2.4,0,0.6
MA0.1EA0.9Sn0.7Pb0.3Cl2.7I0.3,0.1,0,0,0.9,0.3,0.7,2.7,0,0.3
MA0.1EA0.9Sn0.7Pb0.3Br0.3I2.7,0.1,0,0,0.9,0.3,0.7,0,0.3,2.7
MA0.1EA0.9Sn0.7Pb0.3Br0.6I2.4,0.1,0,0,0.9,0.3,0.7,0,0.6,2.4
MA0.1EA0.9Sn0.7Pb0.3Br0.9I2.1,0.1,0,0,0.9,0.3,0.7,0,0.9,2.1
MA0.1EA0.9Sn0.7Pb0.3Br1.2I1.8,0.1,0,0,0.9,0.3,0.7,0,1.2,1.8
MA0.1EA0.9Sn0.7Pb0.3Br1.5I1.5,0.1,0,0,0.9,0.3,0.7,0,1.5,1.5
MA0.1EA0.9Sn0.7Pb0.3Br1.8I1.2,0.1,0,0,0.9,0.3,0.7,0,1.8,1.2
MA0.1EA0.9Sn0.7Pb0.3Br2.1I0.9,0.1,0,0,0.9,0.3,0.7,0,2.1,0.9
MA0.1EA0.9Sn0.7Pb0.3Br2.4I0.6,0.1,0,0,0.9,0.3,0.7,0,2.4,0.6
MA0.1EA0.9Sn0.7Pb0.3Br2.7I0.3,0.1,0,0,0.9,0.3,0.7,0,2.7,0.3
MA0.1EA0.9Sn0.6Pb0.4Cl0.3Br2.7,0.1,0,0,0.9,0.4,0.6,0.3,2.7,0
MA0.1EA0.9Sn0.6Pb0.4Cl0.6Br2.4,0.1,0,0,0.9,0.4,0.6,0.6,2.4,0
MA0.1EA0.9Sn0.6Pb0.4Cl0.9Br2.1,0.1,0,0,0.9,0.4,0.6,0.9,2.1,0
MA0.1EA0.9Sn0.6Pb0.4Cl1.2Br1.8,0.1,0,0,0.9,0.4,0.6,1.2,1.8,0
MA0.1EA0.9Sn0.6Pb0.4Cl1.5Br1.5,0.1,0,0,0.9,0.4,0.6,1.5,1.5,0
MA0.1EA0.9Sn0.6Pb0.4Cl1.8Br1.2,0.1,0,0,0.9,0.4,0.6,1.8,1.2,0
MA0.1EA0.9Sn0.6Pb0.4Cl2.1Br0.9,0.1,0,0,0.9,0.4,0.6,2.1,0.9,0
MA0.1EA0.9Sn0.6Pb0.4Cl2.4Br0.6,0.1,0,0,0.9,0.4,0.6,2.4,0.6,0
MA0.1EA0.9Sn0.6Pb0.4Cl2.7Br0.3,0.1,0,0,0.9,0.4,0.6,2.7,0.3,0
MA0.1EA0.9Sn0.6Pb0.4Cl0.3I2.7,0.1,0,0,0.9,0.4,0.6,0.3,0,2.7
MA0.1EA0.9Sn0.6Pb0.4Cl0.6I2.4,0.1,0,0,0.9,0.4,0.6,0.6,0,2.4
MA0.1EA0.9Sn0.6Pb0.4Cl0.9I2.1,0.1,0,0,0.9,0.4,0.6,0.9,0,2.1
MA0.1EA0.9Sn0.6Pb0.4Cl1.2I1.8,0.1,0,0,0.9,0.4,0.6,1.2,0,1.8
MA0.1EA0.9Sn0.6Pb0.4Cl1.5I1.5,0.1,0,0,0.9,0.4,0.6,1.5,0,1.5
MA0.1EA0.9Sn0.6Pb0.4Cl1.8I1.2,0.1,0,0,0.9,0.4,0.6,1.8,0,1.2
MA0.1EA0.9Sn0.6Pb0.4Cl2.1I0.9,0.1,0,0,0.9,0.4,0.6,2.1,0,0.9
MA0.1EA0.9Sn0.6Pb0.4Cl2.4I0.6,0.1,0,0,0.9,0.4,0.6,2.4,0,0.6
MA0.1EA0.9Sn0.6Pb0.4Cl2.7I0.3,0.1,0,0,0.9,0.4,0.6,2.7,0,0.3
MA0.1EA0.9Sn0.6Pb0.4Br0.3I2.7,0.1,0,0,0.9,0.4,0.6,0,0.3,2.7
MA0.1EA0.9Sn0.6Pb0.4Br0.6I2.4,0.1,0,0,0.9,0.4,0.6,0,0.6,2.4
MA0.1EA0.9Sn0.6Pb0.4Br0.9I2.1,0.1,0,0,0.9,0.4,0.6,0,0.9,2.1
MA0.1EA0.9Sn0.6Pb0.4Br1.2I1.8,0.1,0,0,0.9,0.4,0.6,0,1.2,1.8
MA0.1EA0.9Sn0.6Pb0.4Br1.5I1.5,0.1,0,0,0.9,0.4,0.6,0,1.5,1.5
MA0.1EA0.9Sn0.6Pb0.4Br1.8I1.2,0.1,0,0,0.9,0.4,0.6,0,1.8,1.2
MA0.1EA0.9Sn0.6Pb0.4Br2.1I0.9,0.1,0,0,0.9,0.4,0.6,0,2.1,0.9
MA0.1EA0.9Sn0.6Pb0.4Br2.4I0.6,0.1,0,0,0.9,0.4,0.6,0,2.4,0.6
MA0.1EA0.9Sn0.6Pb0.4Br2.7I0.3,0.1,0,0,0.9,0.4,0.6,0,2.7,0.3
MA0.1EA0.9Sn0.5Pb0.5Cl0.3Br2.7,0.1,0,0,0.9,0.5,0.5,0.3,2.7,0
MA0.1EA0.9Sn0.5Pb0.5Cl0.6Br2.4,0.1,0,0,0.9,0.5,0.5,0.6,2.4,0
MA0.1EA0.9Sn0.5Pb0.5Cl0.9Br2.1,0.1,0,0,0.9,0.5,0.5,0.9,2.1,0
MA0.1EA0.9Sn0.5Pb0.5Cl1.2Br1.8,0.1,0,0,0.9,0.5,0.5,1.2,1.8,0
MA0.1EA0.9Sn0.5Pb0.5Cl1.5Br1.5,0.1,0,0,0.9,0.5,0.5,1.5,1.5,0
MA0.1EA0.9Sn0.5Pb0.5Cl1.8Br1.2,0.1,0,0,0.9,0.5,0.5,1.8,1.2,0
MA0.1EA0.9Sn0.5Pb0.5Cl2.1Br0.9,0.1,0,0,0.9,0.5,0.5,2.1,0.9,0
MA0.1EA0.9Sn0.5Pb0.5Cl2.4Br0.6,0.1,0,0,0.9,0.5,0.5,2.4,0.6,0
MA0.1EA0.9Sn0.5Pb0.5Cl2.7Br0.3,0.1,0,0,0.9,0.5,0.5,2.7,0.3,0
MA0.1EA0.9Sn0.5Pb0.5Cl0.3I2.7,0.1,0,0,0.9,0.5,0.5,0.3,0,2.7
MA0.1EA0.9Sn0.5Pb0.5Cl0.6I2.4,0.1,0,0,0.9,0.5,0.5,0.6,0,2.4
MA0.1EA0.9Sn0.5Pb0.5Cl0.9I2.1,0.1,0,0,0.9,0.5,0.5,0.9,0,2.1
MA0.1EA0.9Sn0.5Pb0.5Cl1.2I1.8,0.1,0,0,0.9,0.5,0.5,1.2,0,1.8
MA0.1EA0.9Sn0.5Pb0.5Cl1.5I1.5,0.1,0,0,0.9,0.5,0.5,1.5,0,1.5
MA0.1EA0.9Sn0.5Pb0.5Cl1.8I1.2,0.1,0,0,0.9,0.5,0.5,1.8,0,1.2
MA0.1EA0.9Sn0.5Pb0.5Cl2.1I0.9,0.1,0,0,0.9,0.5,0.5,2.1,0,0.9
MA0.1EA0.9Sn0.5Pb0.5Cl2.4I0.6,0.1,0,0,0.9,0.5,0.5,2.4,0,0.6
MA0.1EA0.9Sn0.5Pb0.5Cl2.7I0.3,0.1,0,0,0.9,0.5,0.5,2.7,0,0.3
MA0.1EA0.9Sn0.5Pb0.5Br0.3I2.7,0.1,0,0,0.9,0.5,0.5,0,0.3,2.7
MA0.1EA0.9Sn0.5Pb0.5Br0.6I2.4,0.1,0,0,0.9,0.5,0.5,0,0.6,2.4
MA0.1EA0.9Sn0.5Pb0.5Br0.9I2.1,0.1,0,0,0.9,0.5,0.5,0,0.9,2.1
MA0.1EA0.9Sn0.5Pb0.5Br1.2I1.8,0.1,0,0,0.9,0.5,0.5,0,1.2,1.8
MA0.1EA0.9Sn0.5Pb0.5Br1.5I1.5,0.1,0,0,0.9,0.5,0.5,0,1.5,1.5
MA0.1EA0.9Sn0.5Pb0.5Br1.8I1.2,0.1,0,0,0.9,0.5,0.5,0,1.8,1.2
MA0.1EA0.9Sn0.5Pb0.5Br2.1I0.9,0.1,0,0,0.9,0.5,0.5,0,2.1,0.9
MA0.1EA0.9Sn0.5Pb0.5Br2.4I0.6,0.1,0,0,0.9,0.5,0.5,0,2.4,0.6
MA0.1EA0.9Sn0.5Pb0.5Br2.7I0.3,0.1,0,0,0.9,0.5,0.5,0,2.7,0.3
MA0.1EA0.9Sn0.4Pb0.6Cl0.3Br2.7,0.1,0,0,0.9,0.6,0.4,0.3,2.7,0
MA0.1EA0.9Sn0.4Pb0.6Cl0.6Br2.4,0.1,0,0,0.9,0.6,0.4,0.6,2.4,0
MA0.1EA0.9Sn0.4Pb0.6Cl0.9Br2.1,0.1,0,0,0.9,0.6,0.4,0.9,2.1,0
MA0.1EA0.9Sn0.4Pb0.6Cl1.2Br1.8,0.1,0,0,0.9,0.6,0.4,1.2,1.8,0
MA0.1EA0.9Sn0.4Pb0.6Cl1.5Br1.5,0.1,0,0,0.9,0.6,0.4,1.5,1.5,0
MA0.1EA0.9Sn0.4Pb0.6Cl1.8Br1.2,0.1,0,0,0.9,0.6,0.4,1.8,1.2,0
MA0.1EA0.9Sn0.4Pb0.6Cl2.1Br0.9,0.1,0,0,0.9,0.6,0.4,2.1,0.9,0
MA0.1EA0.9Sn0.4Pb0.6Cl2.4Br0.6,0.1,0,0,0.9,0.6,0.4,2.4,0.6,0
MA0.1EA0.9Sn0.4Pb0.6Cl2.7Br0.3,0.1,0,0,0.9,0.6,0.4,2.7,0.3,0
MA0.1EA0.9Sn0.4Pb0.6Cl0.3I2.7,0.1,0,0,0.9,0.6,0.4,0.3,0,2.7
MA0.1EA0.9Sn0.4Pb0.6Cl0.6I2.4,0.1,0,0,0.9,0.6,0.4,0.6,0,2.4
MA0.1EA0.9Sn0.4Pb0.6Cl0.9I2.1,0.1,0,0,0.9,0.6,0.4,0.9,0,2.1
MA0.1EA0.9Sn0.4Pb0.6Cl1.2I1.8,0.1,0,0,0.9,0.6,0.4,1.2,0,1.8
MA0.1EA0.9Sn0.4Pb0.6Cl1.5I1.5,0.1,0,0,0.9,0.6,0.4,1.5,0,1.5
MA0.1EA0.9Sn0.4Pb0.6Cl1.8I1.2,0.1,0,0,0.9,0.6,0.4,1.8,0,1.2
MA0.1EA0.9Sn0.4Pb0.6Cl2.1I0.9,0.1,0,0,0.9,0.6,0.4,2.1,0,0.9
MA0.1EA0.9Sn0.4Pb0.6Cl2.4I0.6,0.1,0,0,0.9,0.6,0.4,2.4,0,0.6
MA0.1EA0.9Sn0.4Pb0.6Cl2.7I0.3,0.1,0,0,0.9,0.6,0.4,2.7,0,0.3
MA0.1EA0.9Sn0.4Pb0.6Br0.3I2.7,0.1,0,0,0.9,0.6,0.4,0,0.3,2.7
MA0.1EA0.9Sn0.4Pb0.6Br0.6I2.4,0.1,0,0,0.9,0.6,0.4,0,0.6,2.4
MA0.1EA0.9Sn0.4Pb0.6Br0.9I2.1,0.1,0,0,0.9,0.6,0.4,0,0.9,2.1
MA0.1EA0.9Sn0.4Pb0.6Br1.2I1.8,0.1,0,0,0.9,0.6,0.4,0,1.2,1.8
MA0.1EA0.9Sn0.4Pb0.6Br1.5I1.5,0.1,0,0,0.9,0.6,0.4,0,1.5,1.5
MA0.1EA0.9Sn0.4Pb0.6Br1.8I1.2,0.1,0,0,0.9,0.6,0.4,0,1.8,1.2
MA0.1EA0.9Sn0.4Pb0.6Br2.1I0.9,0.1,0,0,0.9,0.6,0.4,0,2.1,0.9
MA0.1EA0.9Sn0.4Pb0.6Br2.4I0.6,0.1,0,0,0.9,0.6,0.4,0,2.4,0.6
MA0.1EA0.9Sn0.4Pb0.6Br2.7I0.3,0.1,0,0,0.9,0.6,0.4,0,2.7,0.3
MA0.1EA0.9Sn0.3Pb0.7Cl0.3Br2.7,0.1,0,0,0.9,0.7,0.3,0.3,2.7,0
MA0.1EA0.9Sn0.3Pb0.7Cl0.6Br2.4,0.1,0,0,0.9,0.7,0.3,0.6,2.4,0
MA0.1EA0.9Sn0.3Pb0.7Cl0.9Br2.1,0.1,0,0,0.9,0.7,0.3,0.9,2.1,0
MA0.1EA0.9Sn0.3Pb0.7Cl1.2Br1.8,0.1,0,0,0.9,0.7,0.3,1.2,1.8,0
MA0.1EA0.9Sn0.3Pb0.7Cl1.5Br1.5,0.1,0,0,0.9,0.7,0.3,1.5,1.5,0
MA0.1EA0.9Sn0.3Pb0.7Cl1.8Br1.2,0.1,0,0,0.9,0.7,0.3,1.8,1.2,0
MA0.1EA0.9Sn0.3Pb0.7Cl2.1Br0.9,0.1,0,0,0.9,0.7,0.3,2.1,0.9,0
MA0.1EA0.9Sn0.3Pb0.7Cl2.4Br0.6,0.1,0,0,0.9,0.7,0.3,2.4,0.6,0
MA0.1EA0.9Sn0.3Pb0.7Cl2.7Br0.3,0.1,0,0,0.9,0.7,0.3,2.7,0.3,0
MA0.1EA0.9Sn0.3Pb0.7Cl0.3I2.7,0.1,0,0,0.9,0.7,0.3,0.3,0,2.7
MA0.1EA0.9Sn0.3Pb0.7Cl0.6I2.4,0.1,0,0,0.9,0.7,0.3,0.6,0,2.4
MA0.1EA0.9Sn0.3Pb0.7Cl0.9I2.1,0.1,0,0,0.9,0.7,0.3,0.9,0,2.1
MA0.1EA0.9Sn0.3Pb0.7Cl1.2I1.8,0.1,0,0,0.9,0.7,0.3,1.2,0,1.8
MA0.1EA0.9Sn0.3Pb0.7Cl1.5I1.5,0.1,0,0,0.9,0.7,0.3,1.5,0,1.5
MA0.1EA0.9Sn0.3Pb0.7Cl1.8I1.2,0.1,0,0,0.9,0.7,0.3,1.8,0,1.2
MA0.1EA0.9Sn0.3Pb0.7Cl2.1I0.9,0.1,0,0,0.9,0.7,0.3,2.1,0,0.9
MA0.1EA0.9Sn0.3Pb0.7Cl2.4I0.6,0.1,0,0,0.9,0.7,0.3,2.4,0,0.6
MA0.1EA0.9Sn0.3Pb0.7Cl2.7I0.3,0.1,0,0,0.9,0.7,0.3,2.7,0,0.3
MA0.1EA0.9Sn0.3Pb0.7Br0.3I2.7,0.1,0,0,0.9,0.7,0.3,0,0.3,2.7
MA0.1EA0.9Sn0.3Pb0.7Br0.6I2.4,0.1,0,0,0.9,0.7,0.3,0,0.6,2.4
MA0.1EA0.9Sn0.3Pb0.7Br0.9I2.1,0.1,0,0,0.9,0.7,0.3,0,0.9,2.1
MA0.1EA0.9Sn0.3Pb0.7Br1.2I1.8,0.1,0,0,0.9,0.7,0.3,0,1.2,1.8
MA0.1EA0.9Sn0.3Pb0.7Br1.5I1.5,0.1,0,0,0.9,0.7,0.3,0,1.5,1.5
MA0.1EA0.9Sn0.3Pb0.7Br1.8I1.2,0.1,0,0,0.9,0.7,0.3,0,1.8,1.2
MA0.1EA0.9Sn0.3Pb0.7Br2.1I0.9,0.1,0,0,0.9,0.7,0.3,0,2.1,0.9
MA0.1EA0.9Sn0.3Pb0.7Br2.4I0.6,0.1,0,0,0.9,0.7,0.3,0,2.4,0.6
MA0.1EA0.9Sn0.3Pb0.7Br2.7I0.3,0.1,0,0,0.9,0.7,0.3,0,2.7,0.3
MA0.1EA0.9Sn0.2Pb0.8Cl0.3Br2.7,0.1,0,0,0.9,0.8,0.2,0.3,2.7,0
MA0.1EA0.9Sn0.2Pb0.8Cl0.6Br2.4,0.1,0,0,0.9,0.8,0.2,0.6,2.4,0
MA0.1EA0.9Sn0.2Pb0.8Cl0.9Br2.1,0.1,0,0,0.9,0.8,0.2,0.9,2.1,0
MA0.1EA0.9Sn0.2Pb0.8Cl1.2Br1.8,0.1,0,0,0.9,0.8,0.2,1.2,1.8,0
MA0.1EA0.9Sn0.2Pb0.8Cl1.5Br1.5,0.1,0,0,0.9,0.8,0.2,1.5,1.5,0
MA0.1EA0.9Sn0.2Pb0.8Cl1.8Br1.2,0.1,0,0,0.9,0.8,0.2,1.8,1.2,0
MA0.1EA0.9Sn0.2Pb0.8Cl2.1Br0.9,0.1,0,0,0.9,0.8,0.2,2.1,0.9,0
MA0.1EA0.9Sn0.2Pb0.8Cl2.4Br0.6,0.1,0,0,0.9,0.8,0.2,2.4,0.6,0
MA0.1EA0.9Sn0.2Pb0.8Cl2.7Br0.3,0.1,0,0,0.9,0.8,0.2,2.7,0.3,0
MA0.1EA0.9Sn0.2Pb0.8Cl0.3I2.7,0.1,0,0,0.9,0.8,0.2,0.3,0,2.7
MA0.1EA0.9Sn0.2Pb0.8Cl0.6I2.4,0.1,0,0,0.9,0.8,0.2,0.6,0,2.4
MA0.1EA0.9Sn0.2Pb0.8Cl0.9I2.1,0.1,0,0,0.9,0.8,0.2,0.9,0,2.1
MA0.1EA0.9Sn0.2Pb0.8Cl1.2I1.8,0.1,0,0,0.9,0.8,0.2,1.2,0,1.8
MA0.1EA0.9Sn0.2Pb0.8Cl1.5I1.5,0.1,0,0,0.9,0.8,0.2,1.5,0,1.5
MA0.1EA0.9Sn0.2Pb0.8Cl1.8I1.2,0.1,0,0,0.9,0.8,0.2,1.8,0,1.2
MA0.1EA0.9Sn0.2Pb0.8Cl2.1I0.9,0.1,0,0,0.9,0.8,0.2,2.1,0,0.9
MA0.1EA0.9Sn0.2Pb0.8Cl2.4I0.6,0.1,0,0,0.9,0.8,0.2,2.4,0,0.6
MA0.1EA0.9Sn0.2Pb0.8Cl2.7I0.3,0.1,0,0,0.9,0.8,0.2,2.7,0,0.3
MA0.1EA0.9Sn0.2Pb0.8Br0.3I2.7,0.1,0,0,0.9,0.8,0.2,0,0.3,2.7
MA0.1EA0.9Sn0.2Pb0.8Br0.6I2.4,0.1,0,0,0.9,0.8,0.2,0,0.6,2.4
MA0.1EA0.9Sn0.2Pb0.8Br0.9I2.1,0.1,0,0,0.9,0.8,0.2,0,0.9,2.1
MA0.1EA0.9Sn0.2Pb0.8Br1.2I1.8,0.1,0,0,0.9,0.8,0.2,0,1.2,1.8
MA0.1EA0.9Sn0.2Pb0.8Br1.5I1.5,0.1,0,0,0.9,0.8,0.2,0,1.5,1.5
MA0.1EA0.9Sn0.2Pb0.8Br1.8I1.2,0.1,0,0,0.9,0.8,0.2,0,1.8,1.2
MA0.1EA0.9Sn0.2Pb0.8Br2.1I0.9,0.1,0,0,0.9,0.8,0.2,0,2.1,0.9
MA0.1EA0.9Sn0.2Pb0.8Br2.4I0.6,0.1,0,0,0.9,0.8,0.2,0,2.4,0.6
MA0.1EA0.9Sn0.2Pb0.8Br2.7I0.3,0.1,0,0,0.9,0.8,0.2,0,2.7,0.3
MA0.1EA0.9Sn0.1Pb0.9Cl0.3Br2.7,0.1,0,0,0.9,0.9,0.1,0.3,2.7,0
MA0.1EA0.9Sn0.1Pb0.9Cl0.6Br2.4,0.1,0,0,0.9,0.9,0.1,0.6,2.4,0
MA0.1EA0.9Sn0.1Pb0.9Cl0.9Br2.1,0.1,0,0,0.9,0.9,0.1,0.9,2.1,0
MA0.1EA0.9Sn0.1Pb0.9Cl1.2Br1.8,0.1,0,0,0.9,0.9,0.1,1.2,1.8,0
MA0.1EA0.9Sn0.1Pb0.9Cl1.5Br1.5,0.1,0,0,0.9,0.9,0.1,1.5,1.5,0
MA0.1EA0.9Sn0.1Pb0.9Cl1.8Br1.2,0.1,0,0,0.9,0.9,0.1,1.8,1.2,0
MA0.1EA0.9Sn0.1Pb0.9Cl2.1Br0.9,0.1,0,0,0.9,0.9,0.1,2.1,0.9,0
MA0.1EA0.9Sn0.1Pb0.9Cl2.4Br0.6,0.1,0,0,0.9,0.9,0.1,2.4,0.6,0
MA0.1EA0.9Sn0.1Pb0.9Cl2.7Br0.3,0.1,0,0,0.9,0.9,0.1,2.7,0.3,0
MA0.1EA0.9Sn0.1Pb0.9Cl0.3I2.7,0.1,0,0,0.9,0.9,0.1,0.3,0,2.7
MA0.1EA0.9Sn0.1Pb0.9Cl0.6I2.4,0.1,0,0,0.9,0.9,0.1,0.6,0,2.4
MA0.1EA0.9Sn0.1Pb0.9Cl0.9I2.1,0.1,0,0,0.9,0.9,0.1,0.9,0,2.1
MA0.1EA0.9Sn0.1Pb0.9Cl1.2I1.8,0.1,0,0,0.9,0.9,0.1,1.2,0,1.8
MA0.1EA0.9Sn0.1Pb0.9Cl1.5I1.5,0.1,0,0,0.9,0.9,0.1,1.5,0,1.5
MA0.1EA0.9Sn0.1Pb0.9Cl1.8I1.2,0.1,0,0,0.9,0.9,0.1,1.8,0,1.2
MA0.1EA0.9Sn0.1Pb0.9Cl2.1I0.9,0.1,0,0,0.9,0.9,0.1,2.1,0,0.9
MA0.1EA0.9Sn0.1Pb0.9Cl2.4I0.6,0.1,0,0,0.9,0.9,0.1,2.4,0,0.6
MA0.1EA0.9Sn0.1Pb0.9Cl2.7I0.3,0.1,0,0,0.9,0.9,0.1,2.7,0,0.3
MA0.1EA0.9Sn0.1Pb0.9Br0.3I2.7,0.1,0,0,0.9,0.9,0.1,0,0.3,2.7
MA0.1EA0.9Sn0.1Pb0.9Br0.6I2.4,0.1,0,0,0.9,0.9,0.1,0,0.6,2.4
MA0.1EA0.9Sn0.1Pb0.9Br0.9I2.1,0.1,0,0,0.9,0.9,0.1,0,0.9,2.1
MA0.1EA0.9Sn0.1Pb0.9Br1.2I1.8,0.1,0,0,0.9,0.9,0.1,0,1.2,1.8
MA0.1EA0.9Sn0.1Pb0.9Br1.5I1.5,0.1,0,0,0.9,0.9,0.1,0,1.5,1.5
MA0.1EA0.9Sn0.1Pb0.9Br1.8I1.2,0.1,0,0,0.9,0.9,0.1,0,1.8,1.2
MA0.1EA0.9Sn0.1Pb0.9Br2.1I0.9,0.1,0,0,0.9,0.9,0.1,0,2.1,0.9
MA0.1EA0.9Sn0.1Pb0.9Br2.4I0.6,0.1,0,0,0.9,0.9,0.1,0,2.4,0.6
MA0.1EA0.9Sn0.1Pb0.9Br2.7I0.3,0.1,0,0,0.9,0.9,0.1,0,2.7,0.3
MA0.2EA0.8Sn0.9Pb0.1Cl0.3Br2.7,0.2,0,0,0.8,0.1,0.9,0.3,2.7,0
MA0.2EA0.8Sn0.9Pb0.1Cl0.6Br2.4,0.2,0,0,0.8,0.1,0.9,0.6,2.4,0
MA0.2EA0.8Sn0.9Pb0.1Cl0.9Br2.1,0.2,0,0,0.8,0.1,0.9,0.9,2.1,0
MA0.2EA0.8Sn0.9Pb0.1Cl1.2Br1.8,0.2,0,0,0.8,0.1,0.9,1.2,1.8,0
MA0.2EA0.8Sn0.9Pb0.1Cl1.5Br1.5,0.2,0,0,0.8,0.1,0.9,1.5,1.5,0
MA0.2EA0.8Sn0.9Pb0.1Cl1.8Br1.2,0.2,0,0,0.8,0.1,0.9,1.8,1.2,0
MA0.2EA0.8Sn0.9Pb0.1Cl2.1Br0.9,0.2,0,0,0.8,0.1,0.9,2.1,0.9,0
MA0.2EA0.8Sn0.9Pb0.1Cl2.4Br0.6,0.2,0,0,0.8,0.1,0.9,2.4,0.6,0
MA0.2EA0.8Sn0.9Pb0.1Cl2.7Br0.3,0.2,0,0,0.8,0.1,0.9,2.7,0.3,0
MA0.2EA0.8Sn0.9Pb0.1Cl0.3I2.7,0.2,0,0,0.8,0.1,0.9,0.3,0,2.7
MA0.2EA0.8Sn0.9Pb0.1Cl0.6I2.4,0.2,0,0,0.8,0.1,0.9,0.6,0,2.4
MA0.2EA0.8Sn0.9Pb0.1Cl0.9I2.1,0.2,0,0,0.8,0.1,0.9,0.9,0,2.1
MA0.2EA0.8Sn0.9Pb0.1Cl1.2I1.8,0.2,0,0,0.8,0.1,0.9,1.2,0,1.8
MA0.2EA0.8Sn0.9Pb0.1Cl1.5I1.5,0.2,0,0,0.8,0.1,0.9,1.5,0,1.5
MA0.2EA0.8Sn0.9Pb0.1Cl1.8I1.2,0.2,0,0,0.8,0.1,0.9,1.8,0,1.2
MA0.2EA0.8Sn0.9Pb0.1Cl2.1I0.9,0.2,0,0,0.8,0.1,0.9,2.1,0,0.9
MA0.2EA0.8Sn0.9Pb0.1Cl2.4I0.6,0.2,0,0,0.8,0.1,0.9,2.4,0,0.6
MA0.2EA0.8Sn0.9Pb0.1Cl2.7I0.3,0.2,0,0,0.8,0.1,0.9,2.7,0,0.3
MA0.2EA0.8Sn0.9Pb0.1Br0.3I2.7,0.2,0,0,0.8,0.1,0.9,0,0.3,2.7
MA0.2EA0.8Sn0.9Pb0.1Br0.6I2.4,0.2,0,0,0.8,0.1,0.9,0,0.6,2.4
MA0.2EA0.8Sn0.9Pb0.1Br0.9I2.1,0.2,0,0,0.8,0.1,0.9,0,0.9,2.1
MA0.2EA0.8Sn0.9Pb0.1Br1.2I1.8,0.2,0,0,0.8,0.1,0.9,0,1.2,1.8
MA0.2EA0.8Sn0.9Pb0.1Br1.5I1.5,0.2,0,0,0.8,0.1,0.9,0,1.5,1.5
MA0.2EA0.8Sn0.9Pb0.1Br1.8I1.2,0.2,0,0,0.8,0.1,0.9,0,1.8,1.2
MA0.2EA0.8Sn0.9Pb0.1Br2.1I0.9,0.2,0,0,0.8,0.1,0.9,0,2.1,0.9
MA0.2EA0.8Sn0.9Pb0.1Br2.4I0.6,0.2,0,0,0.8,0.1,0.9,0,2.4,0.6
MA0.2EA0.8Sn0.9Pb0.1Br2.7I0.3,0.2,0,0,0.8,0.1,0.9,0,2.7,0.3
MA0.2EA0.8Sn0.8Pb0.2Cl0.3Br2.7,0.2,0,0,0.8,0.2,0.8,0.3,2.7,0
MA0.2EA0.8Sn0.8Pb0.2Cl0.6Br2.4,0.2,0,0,0.8,0.2,0.8,0.6,2.4,0
MA0.2EA0.8Sn0.8Pb0.2Cl0.9Br2.1,0.2,0,0,0.8,0.2,0.8,0.9,2.1,0
MA0.2EA0.8Sn0.8Pb0.2Cl1.2Br1.8,0.2,0,0,0.8,0.2,0.8,1.2,1.8,0
MA0.2EA0.8Sn0.8Pb0.2Cl1.5Br1.5,0.2,0,0,0.8,0.2,0.8,1.5,1.5,0
MA0.2EA0.8Sn0.8Pb0.2Cl1.8Br1.2,0.2,0,0,0.8,0.2,0.8,1.8,1.2,0
MA0.2EA0.8Sn0.8Pb0.2Cl2.1Br0.9,0.2,0,0,0.8,0.2,0.8,2.1,0.9,0
MA0.2EA0.8Sn0.8Pb0.2Cl2.4Br0.6,0.2,0,0,0.8,0.2,0.8,2.4,0.6,0
MA0.2EA0.8Sn0.8Pb0.2Cl2.7Br0.3,0.2,0,0,0.8,0.2,0.8,2.7,0.3,0
MA0.2EA0.8Sn0.8Pb0.2Cl0.3I2.7,0.2,0,0,0.8,0.2,0.8,0.3,0,2.7
MA0.2EA0.8Sn0.8Pb0.2Cl0.6I2.4,0.2,0,0,0.8,0.2,0.8,0.6,0,2.4
MA0.2EA0.8Sn0.8Pb0.2Cl0.9I2.1,0.2,0,0,0.8,0.2,0.8,0.9,0,2.1
MA0.2EA0.8Sn0.8Pb0.2Cl1.2I1.8,0.2,0,0,0.8,0.2,0.8,1.2,0,1.8
MA0.2EA0.8Sn0.8Pb0.2Cl1.5I1.5,0.2,0,0,0.8,0.2,0.8,1.5,0,1.5
MA0.2EA0.8Sn0.8Pb0.2Cl1.8I1.2,0.2,0,0,0.8,0.2,0.8,1.8,0,1.2
MA0.2EA0.8Sn0.8Pb0.2Cl2.1I0.9,0.2,0,0,0.8,0.2,0.8,2.1,0,0.9
MA0.2EA0.8Sn0.8Pb0.2Cl2.4I0.6,0.2,0,0,0.8,0.2,0.8,2.4,0,0.6
MA0.2EA0.8Sn0.8Pb0.2Cl2.7I0.3,0.2,0,0,0.8,0.2,0.8,2.7,0,0.3
MA0.2EA0.8Sn0.8Pb0.2Br0.3I2.7,0.2,0,0,0.8,0.2,0.8,0,0.3,2.7
MA0.2EA0.8Sn0.8Pb0.2Br0.6I2.4,0.2,0,0,0.8,0.2,0.8,0,0.6,2.4
MA0.2EA0.8Sn0.8Pb0.2Br0.9I2.1,0.2,0,0,0.8,0.2,0.8,0,0.9,2.1
MA0.2EA0.8Sn0.8Pb0.2Br1.2I1.8,0.2,0,0,0.8,0.2,0.8,0,1.2,1.8
MA0.2EA0.8Sn0.8Pb0.2Br1.5I1.5,0.2,0,0,0.8,0.2,0.8,0,1.5,1.5
MA0.2EA0.8Sn0.8Pb0.2Br1.8I1.2,0.2,0,0,0.8,0.2,0.8,0,1.8,1.2
MA0.2EA0.8Sn0.8Pb0.2Br2.1I0.9,0.2,0,0,0.8,0.2,0.8,0,2.1,0.9
MA0.2EA0.8Sn0.8Pb0.2Br2.4I0.6,0.2,0,0,0.8,0.2,0.8,0,2.4,0.6
MA0.2EA0.8Sn0.8Pb0.2Br2.7I0.3,0.2,0,0,0.8,0.2,0.8,0,2.7,0.3
MA0.2EA0.8Sn0.7Pb0.3Cl0.3Br2.7,0.2,0,0,0.8,0.3,0.7,0.3,2.7,0
MA0.2EA0.8Sn0.7Pb0.3Cl0.6Br2.4,0.2,0,0,0.8,0.3,0.7,0.6,2.4,0
MA0.2EA0.8Sn0.7Pb0.3Cl0.9Br2.1,0.2,0,0,0.8,0.3,0.7,0.9,2.1,0
MA0.2EA0.8Sn0.7Pb0.3Cl1.2Br1.8,0.2,0,0,0.8,0.3,0.7,1.2,1.8,0
MA0.2EA0.8Sn0.7Pb0.3Cl1.5Br1.5,0.2,0,0,0.8,0.3,0.7,1.5,1.5,0
MA0.2EA0.8Sn0.7Pb0.3Cl1.8Br1.2,0.2,0,0,0.8,0.3,0.7,1.8,1.2,0
MA0.2EA0.8Sn0.7Pb0.3Cl2.1Br0.9,0.2,0,0,0.8,0.3,0.7,2.1,0.9,0
MA0.2EA0.8Sn0.7Pb0.3Cl2.4Br0.6,0.2,0,0,0.8,0.3,0.7,2.4,0.6,0
MA0.2EA0.8Sn0.7Pb0.3Cl2.7Br0.3,0.2,0,0,0.8,0.3,0.7,2.7,0.3,0
MA0.2EA0.8Sn0.7Pb0.3Cl0.3I2.7,0.2,0,0,0.8,0.3,0.7,0.3,0,2.7
MA0.2EA0.8Sn0.7Pb0.3Cl0.6I2.4,0.2,0,0,0.8,0.3,0.7,0.6,0,2.4
MA0.2EA0.8Sn0.7Pb0.3Cl0.9I2.1,0.2,0,0,0.8,0.3,0.7,0.9,0,2.1
MA0.2EA0.8Sn0.7Pb0.3Cl1.2I1.8,0.2,0,0,0.8,0.3,0.7,1.2,0,1.8
MA0.2EA0.8Sn0.7Pb0.3Cl1.5I1.5,0.2,0,0,0.8,0.3,0.7,1.5,0,1.5
MA0.2EA0.8Sn0.7Pb0.3Cl1.8I1.2,0.2,0,0,0.8,0.3,0.7,1.8,0,1.2
MA0.2EA0.8Sn0.7Pb0.3Cl2.1I0.9,0.2,0,0,0.8,0.3,0.7,2.1,0,0.9
MA0.2EA0.8Sn0.7Pb0.3Cl2.4I0.6,0.2,0,0,0.8,0.3,0.7,2.4,0,0.6
MA0.2EA0.8Sn0.7Pb0.3Cl2.7I0.3,0.2,0,0,0.8,0.3,0.7,2.7,0,0.3
MA0.2EA0.8Sn0.7Pb0.3Br0.3I2.7,0.2,0,0,0.8,0.3,0.7,0,0.3,2.7
MA0.2EA0.8Sn0.7Pb0.3Br0.6I2.4,0.2,0,0,0.8,0.3,0.7,0,0.6,2.4
MA0.2EA0.8Sn0.7Pb0.3Br0.9I2.1,0.2,0,0,0.8,0.3,0.7,0,0.9,2.1
MA0.2EA0.8Sn0.7Pb0.3Br1.2I1.8,0.2,0,0,0.8,0.3,0.7,0,1.2,1.8
MA0.2EA0.8Sn0.7Pb0.3Br1.5I1.5,0.2,0,0,0.8,0.3,0.7,0,1.5,1.5
MA0.2EA0.8Sn0.7Pb0.3Br1.8I1.2,0.2,0,0,0.8,0.3,0.7,0,1.8,1.2
MA0.2EA0.8Sn0.7Pb0.3Br2.1I0.9,0.2,0,0,0.8,0.3,0.7,0,2.1,0.9
MA0.2EA0.8Sn0.7Pb0.3Br2.4I0.6,0.2,0,0,0.8,0.3,0.7,0,2.4,0.6
MA0.2EA0.8Sn0.7Pb0.3Br2.7I0.3,0.2,0,0,0.8,0.3,0.7,0,2.7,0.3
MA0.2EA0.8Sn0.6Pb0.4Cl0.3Br2.7,0.2,0,0,0.8,0.4,0.6,0.3,2.7,0
MA0.2EA0.8Sn0.6Pb0.4Cl0.6Br2.4,0.2,0,0,0.8,0.4,0.6,0.6,2.4,0
MA0.2EA0.8Sn0.6Pb0.4Cl0.9Br2.1,0.2,0,0,0.8,0.4,0.6,0.9,2.1,0
MA0.2EA0.8Sn0.6Pb0.4Cl1.2Br1.8,0.2,0,0,0.8,0.4,0.6,1.2,1.8,0
MA0.2EA0.8Sn0.6Pb0.4Cl1.5Br1.5,0.2,0,0,0.8,0.4,0.6,1.5,1.5,0
MA0.2EA0.8Sn0.6Pb0.4Cl1.8Br1.2,0.2,0,0,0.8,0.4,0.6,1.8,1.2,0
MA0.2EA0.8Sn0.6Pb0.4Cl2.1Br0.9,0.2,0,0,0.8,0.4,0.6,2.1,0.9,0
MA0.2EA0.8Sn0.6Pb0.4Cl2.4Br0.6,0.2,0,0,0.8,0.4,0.6,2.4,0.6,0
MA0.2EA0.8Sn0.6Pb0.4Cl2.7Br0.3,0.2,0,0,0.8,0.4,0.6,2.7,0.3,0
MA0.2EA0.8Sn0.6Pb0.4Cl0.3I2.7,0.2,0,0,0.8,0.4,0.6,0.3,0,2.7
MA0.2EA0.8Sn0.6Pb0.4Cl0.6I2.4,0.2,0,0,0.8,0.4,0.6,0.6,0,2.4
MA0.2EA0.8Sn0.6Pb0.4Cl0.9I2.1,0.2,0,0,0.8,0.4,0.6,0.9,0,2.1
MA0.2EA0.8Sn0.6Pb0.4Cl1.2I1.8,0.2,0,0,0.8,0.4,0.6,1.2,0,1.8
MA0.2EA0.8Sn0.6Pb0.4Cl1.5I1.5,0.2,0,0,0.8,0.4,0.6,1.5,0,1.5
MA0.2EA0.8Sn0.6Pb0.4Cl1.8I1.2,0.2,0,0,0.8,0.4,0.6,1.8,0,1.2
MA0.2EA0.8Sn0.6Pb0.4Cl2.1I0.9,0.2,0,0,0.8,0.4,0.6,2.1,0,0.9
MA0.2EA0.8Sn0.6Pb0.4Cl2.4I0.6,0.2,0,0,0.8,0.4,0.6,2.4,0,0.6
MA0.2EA0.8Sn0.6Pb0.4Cl2.7I0.3,0.2,0,0,0.8,0.4,0.6,2.7,0,0.3
MA0.2EA0.8Sn0.6Pb0.4Br0.3I2.7,0.2,0,0,0.8,0.4,0.6,0,0.3,2.7
MA0.2EA0.8Sn0.6Pb0.4Br0.6I2.4,0.2,0,0,0.8,0.4,0.6,0,0.6,2.4
MA0.2EA0.8Sn0.6Pb0.4Br0.9I2.1,0.2,0,0,0.8,0.4,0.6,0,0.9,2.1
MA0.2EA0.8Sn0.6Pb0.4Br1.2I1.8,0.2,0,0,0.8,0.4,0.6,0,1.2,1.8
MA0.2EA0.8Sn0.6Pb0.4Br1.5I1.5,0.2,0,0,0.8,0.4,0.6,0,1.5,1.5
MA0.2EA0.8Sn0.6Pb0.4Br1.8I1.2,0.2,0,0,0.8,0.4,0.6,0,1.8,1.2
MA0.2EA0.8Sn0.6Pb0.4Br2.1I0.9,0.2,0,0,0.8,0.4,0.6,0,2.1,0.9
MA0.2EA0.8Sn0.6Pb0.4Br2.4I0.6,0.2,0,0,0.8,0.4,0.6,0,2.4,0.6
MA0.2EA0.8Sn0.6Pb0.4Br2.7I0.3,0.2,0,0,0.8,0.4,0.6,0,2.7,0.3
MA0.2EA0.8Sn0.5Pb0.5Cl0.3Br2.7,0.2,0,0,0.8,0.5,0.5,0.3,2.7,0
MA0.2EA0.8Sn0.5Pb0.5Cl0.6Br2.4,0.2,0,0,0.8,0.5,0.5,0.6,2.4,0
MA0.2EA0.8Sn0.5Pb0.5Cl0.9Br2.1,0.2,0,0,0.8,0.5,0.5,0.9,2.1,0
MA0.2EA0.8Sn0.5Pb0.5Cl1.2Br1.8,0.2,0,0,0.8,0.5,0.5,1.2,1.8,0
MA0.2EA0.8Sn0.5Pb0.5Cl1.5Br1.5,0.2,0,0,0.8,0.5,0.5,1.5,1.5,0
MA0.2EA0.8Sn0.5Pb0.5Cl1.8Br1.2,0.2,0,0,0.8,0.5,0.5,1.8,1.2,0
MA0.2EA0.8Sn0.5Pb0.5Cl2.1Br0.9,0.2,0,0,0.8,0.5,0.5,2.1,0.9,0
MA0.2EA0.8Sn0.5Pb0.5Cl2.4Br0.6,0.2,0,0,0.8,0.5,0.5,2.4,0.6,0
MA0.2EA0.8Sn0.5Pb0.5Cl2.7Br0.3,0.2,0,0,0.8,0.5,0.5,2.7,0.3,0
MA0.2EA0.8Sn0.5Pb0.5Cl0.3I2.7,0.2,0,0,0.8,0.5,0.5,0.3,0,2.7
MA0.2EA0.8Sn0.5Pb0.5Cl0.6I2.4,0.2,0,0,0.8,0.5,0.5,0.6,0,2.4
MA0.2EA0.8Sn0.5Pb0.5Cl0.9I2.1,0.2,0,0,0.8,0.5,0.5,0.9,0,2.1
MA0.2EA0.8Sn0.5Pb0.5Cl1.2I1.8,0.2,0,0,0.8,0.5,0.5,1.2,0,1.8
MA0.2EA0.8Sn0.5Pb0.5Cl1.5I1.5,0.2,0,0,0.8,0.5,0.5,1.5,0,1.5
MA0.2EA0.8Sn0.5Pb0.5Cl1.8I1.2,0.2,0,0,0.8,0.5,0.5,1.8,0,1.2
MA0.2EA0.8Sn0.5Pb0.5Cl2.1I0.9,0.2,0,0,0.8,0.5,0.5,2.1,0,0.9
MA0.2EA0.8Sn0.5Pb0.5Cl2.4I0.6,0.2,0,0,0.8,0.5,0.5,2.4,0,0.6
MA0.2EA0.8Sn0.5Pb0.5Cl2.7I0.3,0.2,0,0,0.8,0.5,0.5,2.7,0,0.3
MA0.2EA0.8Sn0.5Pb0.5Br0.3I2.7,0.2,0,0,0.8,0.5,0.5,0,0.3,2.7
MA0.2EA0.8Sn0.5Pb0.5Br0.6I2.4,0.2,0,0,0.8,0.5,0.5,0,0.6,2.4
MA0.2EA0.8Sn0.5Pb0.5Br0.9I2.1,0.2,0,0,0.8,0.5,0.5,0,0.9,2.1
MA0.2EA0.8Sn0.5Pb0.5Br1.2I1.8,0.2,0,0,0.8,0.5,0.5,0,1.2,1.8
MA0.2EA0.8Sn0.5Pb0.5Br1.5I1.5,0.2,0,0,0.8,0.5,0.5,0,1.5,1.5
MA0.2EA0.8Sn0.5Pb0.5Br1.8I1.2,0.2,0,0,0.8,0.5,0.5,0,1.8,1.2
MA0.2EA0.8Sn0.5Pb0.5Br2.1I0.9,0.2,0,0,0.8,0.5,0.5,0,2.1,0.9
MA0.2EA0.8Sn0.5Pb0.5Br2.4I0.6,0.2,0,0,0.8,0.5,0.5,0,2.4,0.6
MA0.2EA0.8Sn0.5Pb0.5Br2.7I0.3,0.2,0,0,0.8,0.5,0.5,0,2.7,0.3
MA0.2EA0.8Sn0.4Pb0.6Cl0.3Br2.7,0.2,0,0,0.8,0.6,0.4,0.3,2.7,0
MA0.2EA0.8Sn0.4Pb0.6Cl0.6Br2.4,0.2,0,0,0.8,0.6,0.4,0.6,2.4,0
MA0.2EA0.8Sn0.4Pb0.6Cl0.9Br2.1,0.2,0,0,0.8,0.6,0.4,0.9,2.1,0
MA0.2EA0.8Sn0.4Pb0.6Cl1.2Br1.8,0.2,0,0,0.8,0.6,0.4,1.2,1.8,0
MA0.2EA0.8Sn0.4Pb0.6Cl1.5Br1.5,0.2,0,0,0.8,0.6,0.4,1.5,1.5,0
MA0.2EA0.8Sn0.4Pb0.6Cl1.8Br1.2,0.2,0,0,0.8,0.6,0.4,1.8,1.2,0
MA0.2EA0.8Sn0.4Pb0.6Cl2.1Br0.9,0.2,0,0,0.8,0.6,0.4,2.1,0.9,0
MA0.2EA0.8Sn0.4Pb0.6Cl2.4Br0.6,0.2,0,0,0.8,0.6,0.4,2.4,0.6,0
MA0.2EA0.8Sn0.4Pb0.6Cl2.7Br0.3,0.2,0,0,0.8,0.6,0.4,2.7,0.3,0
MA0.2EA0.8Sn0.4Pb0.6Cl0.3I2.7,0.2,0,0,0.8,0.6,0.4,0.3,0,2.7
MA0.2EA0.8Sn0.4Pb0.6Cl0.6I2.4,0.2,0,0,0.8,0.6,0.4,0.6,0,2.4
MA0.2EA0.8Sn0.4Pb0.6Cl0.9I2.1,0.2,0,0,0.8,0.6,0.4,0.9,0,2.1
MA0.2EA0.8Sn0.4Pb0.6Cl1.2I1.8,0.2,0,0,0.8,0.6,0.4,1.2,0,1.8
MA0.2EA0.8Sn0.4Pb0.6Cl1.5I1.5,0.2,0,0,0.8,0.6,0.4,1.5,0,1.5
MA0.2EA0.8Sn0.4Pb0.6Cl1.8I1.2,0.2,0,0,0.8,0.6,0.4,1.8,0,1.2
MA0.2EA0.8Sn0.4Pb0.6Cl2.1I0.9,0.2,0,0,0.8,0.6,0.4,2.1,0,0.9
MA0.2EA0.8Sn0.4Pb0.6Cl2.4I0.6,0.2,0,0,0.8,0.6,0.4,2.4,0,0.6
MA0.2EA0.8Sn0.4Pb0.6Cl2.7I0.3,0.2,0,0,0.8,0.6,0.4,2.7,0,0.3
MA0.2EA0.8Sn0.4Pb0.6Br0.3I2.7,0.2,0,0,0.8,0.6,0.4,0,0.3,2.7
MA0.2EA0.8Sn0.4Pb0.6Br0.6I2.4,0.2,0,0,0.8,0.6,0.4,0,0.6,2.4
MA0.2EA0.8Sn0.4Pb0.6Br0.9I2.1,0.2,0,0,0.8,0.6,0.4,0,0.9,2.1
MA0.2EA0.8Sn0.4Pb0.6Br1.2I1.8,0.2,0,0,0.8,0.6,0.4,0,1.2,1.8
MA0.2EA0.8Sn0.4Pb0.6Br1.5I1.5,0.2,0,0,0.8,0.6,0.4,0,1.5,1.5
MA0.2EA0.8Sn0.4Pb0.6Br1.8I1.2,0.2,0,0,0.8,0.6,0.4,0,1.8,1.2
MA0.2EA0.8Sn0.4Pb0.6Br2.1I0.9,0.2,0,0,0.8,0.6,0.4,0,2.1,0.9
MA0.2EA0.8Sn0.4Pb0.6Br2.4I0.6,0.2,0,0,0.8,0.6,0.4,0,2.4,0.6
MA0.2EA0.8Sn0.4Pb0.6Br2.7I0.3,0.2,0,0,0.8,0.6,0.4,0,2.7,0.3
MA0.2EA0.8Sn0.3Pb0.7Cl0.3Br2.7,0.2,0,0,0.8,0.7,0.3,0.3,2.7,0
MA0.2EA0.8Sn0.3Pb0.7Cl0.6Br2.4,0.2,0,0,0.8,0.7,0.3,0.6,2.4,0
MA0.2EA0.8Sn0.3Pb0.7Cl0.9Br2.1,0.2,0,0,0.8,0.7,0.3,0.9,2.1,0
MA0.2EA0.8Sn0.3Pb0.7Cl1.2Br1.8,0.2,0,0,0.8,0.7,0.3,1.2,1.8,0
MA0.2EA0.8Sn0.3Pb0.7Cl1.5Br1.5,0.2,0,0,0.8,0.7,0.3,1.5,1.5,0
MA0.2EA0.8Sn0.3Pb0.7Cl1.8Br1.2,0.2,0,0,0.8,0.7,0.3,1.8,1.2,0
MA0.2EA0.8Sn0.3Pb0.7Cl2.1Br0.9,0.2,0,0,0.8,0.7,0.3,2.1,0.9,0
MA0.2EA0.8Sn0.3Pb0.7Cl2.4Br0.6,0.2,0,0,0.8,0.7,0.3,2.4,0.6,0
MA0.2EA0.8Sn0.3Pb0.7Cl2.7Br0.3,0.2,0,0,0.8,0.7,0.3,2.7,0.3,0
MA0.2EA0.8Sn0.3Pb0.7Cl0.3I2.7,0.2,0,0,0.8,0.7,0.3,0.3,0,2.7
MA0.2EA0.8Sn0.3Pb0.7Cl0.6I2.4,0.2,0,0,0.8,0.7,0.3,0.6,0,2.4
MA0.2EA0.8Sn0.3Pb0.7Cl0.9I2.1,0.2,0,0,0.8,0.7,0.3,0.9,0,2.1
MA0.2EA0.8Sn0.3Pb0.7Cl1.2I1.8,0.2,0,0,0.8,0.7,0.3,1.2,0,1.8
MA0.2EA0.8Sn0.3Pb0.7Cl1.5I1.5,0.2,0,0,0.8,0.7,0.3,1.5,0,1.5
MA0.2EA0.8Sn0.3Pb0.7Cl1.8I1.2,0.2,0,0,0.8,0.7,0.3,1.8,0,1.2
MA0.2EA0.8Sn0.3Pb0.7Cl2.1I0.9,0.2,0,0,0.8,0.7,0.3,2.1,0,0.9
MA0.2EA0.8Sn0.3Pb0.7Cl2.4I0.6,0.2,0,0,0.8,0.7,0.3,2.4,0,0.6
MA0.2EA0.8Sn0.3Pb0.7Cl2.7I0.3,0.2,0,0,0.8,0.7,0.3,2.7,0,0.3
MA0.2EA0.8Sn0.3Pb0.7Br0.3I2.7,0.2,0,0,0.8,0.7,0.3,0,0.3,2.7
MA0.2EA0.8Sn0.3Pb0.7Br0.6I2.4,0.2,0,0,0.8,0.7,0.3,0,0.6,2.4
MA0.2EA0.8Sn0.3Pb0.7Br0.9I2.1,0.2,0,0,0.8,0.7,0.3,0,0.9,2.1
MA0.2EA0.8Sn0.3Pb0.7Br1.2I1.8,0.2,0,0,0.8,0.7,0.3,0,1.2,1.8
MA0.2EA0.8Sn0.3Pb0.7Br1.5I1.5,0.2,0,0,0.8,0.7,0.3,0,1.5,1.5
MA0.2EA0.8Sn0.3Pb0.7Br1.8I1.2,0.2,0,0,0.8,0.7,0.3,0,1.8,1.2
MA0.2EA0.8Sn0.3Pb0.7Br2.1I0.9,0.2,0,0,0.8,0.7,0.3,0,2.1,0.9
MA0.2EA0.8Sn0.3Pb0.7Br2.4I0.6,0.2,0,0,0.8,0.7,0.3,0,2.4,0.6
MA0.2EA0.8Sn0.3Pb0.7Br2.7I0.3,0.2,0,0,0.8,0.7,0.3,0,2.7,0.3
MA0.2EA0.8Sn0.2Pb0.8Cl0.3Br2.7,0.2,0,0,0.8,0.8,0.2,0.3,2.7,0
MA0.2EA0.8Sn0.2Pb0.8Cl0.6Br2.4,0.2,0,0,0.8,0.8,0.2,0.6,2.4,0
MA0.2EA0.8Sn0.2Pb0.8Cl0.9Br2.1,0.2,0,0,0.8,0.8,0.2,0.9,2.1,0
MA0.2EA0.8Sn0.2Pb0.8Cl1.2Br1.8,0.2,0,0,0.8,0.8,0.2,1.2,1.8,0
MA0.2EA0.8Sn0.2Pb0.8Cl1.5Br1.5,0.2,0,0,0.8,0.8,0.2,1.5,1.5,0
MA0.2EA0.8Sn0.2Pb0.8Cl1.8Br1.2,0.2,0,0,0.8,0.8,0.2,1.8,1.2,0
MA0.2EA0.8Sn0.2Pb0.8Cl2.1Br0.9,0.2,0,0,0.8,0.8,0.2,2.1,0.9,0
MA0.2EA0.8Sn0.2Pb0.8Cl2.4Br0.6,0.2,0,0,0.8,0.8,0.2,2.4,0.6,0
MA0.2EA0.8Sn0.2Pb0.8Cl2.7Br0.3,0.2,0,0,0.8,0.8,0.2,2.7,0.3,0
MA0.2EA0.8Sn0.2Pb0.8Cl0.3I2.7,0.2,0,0,0.8,0.8,0.2,0.3,0,2.7
MA0.2EA0.8Sn0.2Pb0.8Cl0.6I2.4,0.2,0,0,0.8,0.8,0.2,0.6,0,2.4
MA0.2EA0.8Sn0.2Pb0.8Cl0.9I2.1,0.2,0,0,0.8,0.8,0.2,0.9,0,2.1
MA0.2EA0.8Sn0.2Pb0.8Cl1.2I1.8,0.2,0,0,0.8,0.8,0.2,1.2,0,1.8
MA0.2EA0.8Sn0.2Pb0.8Cl1.5I1.5,0.2,0,0,0.8,0.8,0.2,1.5,0,1.5
MA0.2EA0.8Sn0.2Pb0.8Cl1.8I1.2,0.2,0,0,0.8,0.8,0.2,1.8,0,1.2
MA0.2EA0.8Sn0.2Pb0.8Cl2.1I0.9,0.2,0,0,0.8,0.8,0.2,2.1,0,0.9
MA0.2EA0.8Sn0.2Pb0.8Cl2.4I0.6,0.2,0,0,0.8,0.8,0.2,2.4,0,0.6
MA0.2EA0.8Sn0.2Pb0.8Cl2.7I0.3,0.2,0,0,0.8,0.8,0.2,2.7,0,0.3
MA0.2EA0.8Sn0.2Pb0.8Br0.3I2.7,0.2,0,0,0.8,0.8,0.2,0,0.3,2.7
MA0.2EA0.8Sn0.2Pb0.8Br0.6I2.4,0.2,0,0,0.8,0.8,0.2,0,0.6,2.4
MA0.2EA0.8Sn0.2Pb0.8Br0.9I2.1,0.2,0,0,0.8,0.8,0.2,0,0.9,2.1
MA0.2EA0.8Sn0.2Pb0.8Br1.2I1.8,0.2,0,0,0.8,0.8,0.2,0,1.2,1.8
MA0.2EA0.8Sn0.2Pb0.8Br1.5I1.5,0.2,0,0,0.8,0.8,0.2,0,1.5,1.5
MA0.2EA0.8Sn0.2Pb0.8Br1.8I1.2,0.2,0,0,0.8,0.8,0.2,0,1.8,1.2
MA0.2EA0.8Sn0.2Pb0.8Br2.1I0.9,0.2,0,0,0.8,0.8,0.2,0,2.1,0.9
MA0.2EA0.8Sn0.2Pb0.8Br2.4I0.6,0.2,0,0,0.8,0.8,0.2,0,2.4,0.6
MA0.2EA0.8Sn0.2Pb0.8Br2.7I0.3,0.2,0,0,0.8,0.8,0.2,0,2.7,0.3
MA0.2EA0.8Sn0.1Pb0.9Cl0.3Br2.7,0.2,0,0,0.8,0.9,0.1,0.3,2.7,0
MA0.2EA0.8Sn0.1Pb0.9Cl0.6Br2.4,0.2,0,0,0.8,0.9,0.1,0.6,2.4,0
MA0.2EA0.8Sn0.1Pb0.9Cl0.9Br2.1,0.2,0,0,0.8,0.9,0.1,0.9,2.1,0
MA0.2EA0.8Sn0.1Pb0.9Cl1.2Br1.8,0.2,0,0,0.8,0.9,0.1,1.2,1.8,0
MA0.2EA0.8Sn0.1Pb0.9Cl1.5Br1.5,0.2,0,0,0.8,0.9,0.1,1.5,1.5,0
MA0.2EA0.8Sn0.1Pb0.9Cl1.8Br1.2,0.2,0,0,0.8,0.9,0.1,1.8,1.2,0
MA0.2EA0.8Sn0.1Pb0.9Cl2.1Br0.9,0.2,0,0,0.8,0.9,0.1,2.1,0.9,0
MA0.2EA0.8Sn0.1Pb0.9Cl2.4Br0.6,0.2,0,0,0.8,0.9,0.1,2.4,0.6,0
MA0.2EA0.8Sn0.1Pb0.9Cl2.7Br0.3,0.2,0,0,0.8,0.9,0.1,2.7,0.3,0
MA0.2EA0.8Sn0.1Pb0.9Cl0.3I2.7,0.2,0,0,0.8,0.9,0.1,0.3,0,2.7
MA0.2EA0.8Sn0.1Pb0.9Cl0.6I2.4,0.2,0,0,0.8,0.9,0.1,0.6,0,2.4
MA0.2EA0.8Sn0.1Pb0.9Cl0.9I2.1,0.2,0,0,0.8,0.9,0.1,0.9,0,2.1
MA0.2EA0.8Sn0.1Pb0.9Cl1.2I1.8,0.2,0,0,0.8,0.9,0.1,1.2,0,1.8
MA0.2EA0.8Sn0.1Pb0.9Cl1.5I1.5,0.2,0,0,0.8,0.9,0.1,1.5,0,1.5
MA0.2EA0.8Sn0.1Pb0.9Cl1.8I1.2,0.2,0,0,0.8,0.9,0.1,1.8,0,1.2
MA0.2EA0.8Sn0.1Pb0.9Cl2.1I0.9,0.2,0,0,0.8,0.9,0.1,2.1,0,0.9
MA0.2EA0.8Sn0.1Pb0.9Cl2.4I0.6,0.2,0,0,0.8,0.9,0.1,2.4,0,0.6
MA0.2EA0.8Sn0.1Pb0.9Cl2.7I0.3,0.2,0,0,0.8,0.9,0.1,2.7,0,0.3
MA0.2EA0.8Sn0.1Pb0.9Br0.3I2.7,0.2,0,0,0.8,0.9,0.1,0,0.3,2.7
MA0.2EA0.8Sn0.1Pb0.9Br0.6I2.4,0.2,0,0,0.8,0.9,0.1,0,0.6,2.4
MA0.2EA0.8Sn0.1Pb0.9Br0.9I2.1,0.2,0,0,0.8,0.9,0.1,0,0.9,2.1
MA0.2EA0.8Sn0.1Pb0.9Br1.2I1.8,0.2,0,0,0.8,0.9,0.1,0,1.2,1.8
MA0.2EA0.8Sn0.1Pb0.9Br1.5I1.5,0.2,0,0,0.8,0.9,0.1,0,1.5,1.5
MA0.2EA0.8Sn0.1Pb0.9Br1.8I1.2,0.2,0,0,0.8,0.9,0.1,0,1.8,1.2
MA0.2EA0.8Sn0.1Pb0.9Br2.1I0.9,0.2,0,0,0.8,0.9,0.1,0,2.1,0.9
MA0.2EA0.8Sn0.1Pb0.9Br2.4I0.6,0.2,0,0,0.8,0.9,0.1,0,2.4,0.6
MA0.2EA0.8Sn0.1Pb0.9Br2.7I0.3,0.2,0,0,0.8,0.9,0.1,0,2.7,0.3
MA0.3EA0.7Sn0.9Pb0.1Cl0.3Br2.7,0.3,0,0,0.7,0.1,0.9,0.3,2.7,0
MA0.3EA0.7Sn0.9Pb0.1Cl0.6Br2.4,0.3,0,0,0.7,0.1,0.9,0.6,2.4,0
MA0.3EA0.7Sn0.9Pb0.1Cl0.9Br2.1,0.3,0,0,0.7,0.1,0.9,0.9,2.1,0
MA0.3EA0.7Sn0.9Pb0.1Cl1.2Br1.8,0.3,0,0,0.7,0.1,0.9,1.2,1.8,0
MA0.3EA0.7Sn0.9Pb0.1Cl1.5Br1.5,0.3,0,0,0.7,0.1,0.9,1.5,1.5,0
MA0.3EA0.7Sn0.9Pb0.1Cl1.8Br1.2,0.3,0,0,0.7,0.1,0.9,1.8,1.2,0
MA0.3EA0.7Sn0.9Pb0.1Cl2.1Br0.9,0.3,0,0,0.7,0.1,0.9,2.1,0.9,0
MA0.3EA0.7Sn0.9Pb0.1Cl2.4Br0.6,0.3,0,0,0.7,0.1,0.9,2.4,0.6,0
MA0.3EA0.7Sn0.9Pb0.1Cl2.7Br0.3,0.3,0,0,0.7,0.1,0.9,2.7,0.3,0
MA0.3EA0.7Sn0.9Pb0.1Cl0.3I2.7,0.3,0,0,0.7,0.1,0.9,0.3,0,2.7
MA0.3EA0.7Sn0.9Pb0.1Cl0.6I2.4,0.3,0,0,0.7,0.1,0.9,0.6,0,2.4
MA0.3EA0.7Sn0.9Pb0.1Cl0.9I2.1,0.3,0,0,0.7,0.1,0.9,0.9,0,2.1
MA0.3EA0.7Sn0.9Pb0.1Cl1.2I1.8,0.3,0,0,0.7,0.1,0.9,1.2,0,1.8
MA0.3EA0.7Sn0.9Pb0.1Cl1.5I1.5,0.3,0,0,0.7,0.1,0.9,1.5,0,1.5
MA0.3EA0.7Sn0.9Pb0.1Cl1.8I1.2,0.3,0,0,0.7,0.1,0.9,1.8,0,1.2
MA0.3EA0.7Sn0.9Pb0.1Cl2.1I0.9,0.3,0,0,0.7,0.1,0.9,2.1,0,0.9
MA0.3EA0.7Sn0.9Pb0.1Cl2.4I0.6,0.3,0,0,0.7,0.1,0.9,2.4,0,0.6
MA0.3EA0.7Sn0.9Pb0.1Cl2.7I0.3,0.3,0,0,0.7,0.1,0.9,2.7,0,0.3
MA0.3EA0.7Sn0.9Pb0.1Br0.3I2.7,0.3,0,0,0.7,0.1,0.9,0,0.3,2.7
MA0.3EA0.7Sn0.9Pb0.1Br0.6I2.4,0.3,0,0,0.7,0.1,0.9,0,0.6,2.4
MA0.3EA0.7Sn0.9Pb0.1Br0.9I2.1,0.3,0,0,0.7,0.1,0.9,0,0.9,2.1
MA0.3EA0.7Sn0.9Pb0.1Br1.2I1.8,0.3,0,0,0.7,0.1,0.9,0,1.2,1.8
MA0.3EA0.7Sn0.9Pb0.1Br1.5I1.5,0.3,0,0,0.7,0.1,0.9,0,1.5,1.5
MA0.3EA0.7Sn0.9Pb0.1Br1.8I1.2,0.3,0,0,0.7,0.1,0.9,0,1.8,1.2
MA0.3EA0.7Sn0.9Pb0.1Br2.1I0.9,0.3,0,0,0.7,0.1,0.9,0,2.1,0.9
MA0.3EA0.7Sn0.9Pb0.1Br2.4I0.6,0.3,0,0,0.7,0.1,0.9,0,2.4,0.6
MA0.3EA0.7Sn0.9Pb0.1Br2.7I0.3,0.3,0,0,0.7,0.1,0.9,0,2.7,0.3
MA0.3EA0.7Sn0.8Pb0.2Cl0.3Br2.7,0.3,0,0,0.7,0.2,0.8,0.3,2.7,0
MA0.3EA0.7Sn0.8Pb0.2Cl0.6Br2.4,0.3,0,0,0.7,0.2,0.8,0.6,2.4,0
MA0.3EA0.7Sn0.8Pb0.2Cl0.9Br2.1,0.3,0,0,0.7,0.2,0.8,0.9,2.1,0
MA0.3EA0.7Sn0.8Pb0.2Cl1.2Br1.8,0.3,0,0,0.7,0.2,0.8,1.2,1.8,0
MA0.3EA0.7Sn0.8Pb0.2Cl1.5Br1.5,0.3,0,0,0.7,0.2,0.8,1.5,1.5,0
MA0.3EA0.7Sn0.8Pb0.2Cl1.8Br1.2,0.3,0,0,0.7,0.2,0.8,1.8,1.2,0
MA0.3EA0.7Sn0.8Pb0.2Cl2.1Br0.9,0.3,0,0,0.7,0.2,0.8,2.1,0.9,0
MA0.3EA0.7Sn0.8Pb0.2Cl2.4Br0.6,0.3,0,0,0.7,0.2,0.8,2.4,0.6,0
MA0.3EA0.7Sn0.8Pb0.2Cl2.7Br0.3,0.3,0,0,0.7,0.2,0.8,2.7,0.3,0
MA0.3EA0.7Sn0.8Pb0.2Cl0.3I2.7,0.3,0,0,0.7,0.2,0.8,0.3,0,2.7
MA0.3EA0.7Sn0.8Pb0.2Cl0.6I2.4,0.3,0,0,0.7,0.2,0.8,0.6,0,2.4
MA0.3EA0.7Sn0.8Pb0.2Cl0.9I2.1,0.3,0,0,0.7,0.2,0.8,0.9,0,2.1
MA0.3EA0.7Sn0.8Pb0.2Cl1.2I1.8,0.3,0,0,0.7,0.2,0.8,1.2,0,1.8
MA0.3EA0.7Sn0.8Pb0.2Cl1.5I1.5,0.3,0,0,0.7,0.2,0.8,1.5,0,1.5
MA0.3EA0.7Sn0.8Pb0.2Cl1.8I1.2,0.3,0,0,0.7,0.2,0.8,1.8,0,1.2
MA0.3EA0.7Sn0.8Pb0.2Cl2.1I0.9,0.3,0,0,0.7,0.2,0.8,2.1,0,0.9
MA0.3EA0.7Sn0.8Pb0.2Cl2.4I0.6,0.3,0,0,0.7,0.2,0.8,2.4,0,0.6
MA0.3EA0.7Sn0.8Pb0.2Cl2.7I0.3,0.3,0,0,0.7,0.2,0.8,2.7,0,0.3
MA0.3EA0.7Sn0.8Pb0.2Br0.3I2.7,0.3,0,0,0.7,0.2,0.8,0,0.3,2.7
MA0.3EA0.7Sn0.8Pb0.2Br0.6I2.4,0.3,0,0,0.7,0.2,0.8,0,0.6,2.4
MA0.3EA0.7Sn0.8Pb0.2Br0.9I2.1,0.3,0,0,0.7,0.2,0.8,0,0.9,2.1
MA0.3EA0.7Sn0.8Pb0.2Br1.2I1.8,0.3,0,0,0.7,0.2,0.8,0,1.2,1.8
MA0.3EA0.7Sn0.8Pb0.2Br1.5I1.5,0.3,0,0,0.7,0.2,0.8,0,1.5,1.5
MA0.3EA0.7Sn0.8Pb0.2Br1.8I1.2,0.3,0,0,0.7,0.2,0.8,0,1.8,1.2
MA0.3EA0.7Sn0.8Pb0.2Br2.1I0.9,0.3,0,0,0.7,0.2,0.8,0,2.1,0.9
MA0.3EA0.7Sn0.8Pb0.2Br2.4I0.6,0.3,0,0,0.7,0.2,0.8,0,2.4,0.6
MA0.3EA0.7Sn0.8Pb0.2Br2.7I0.3,0.3,0,0,0.7,0.2,0.8,0,2.7,0.3
MA0.3EA0.7Sn0.7Pb0.3Cl0.3Br2.7,0.3,0,0,0.7,0.3,0.7,0.3,2.7,0
MA0.3EA0.7Sn0.7Pb0.3Cl0.6Br2.4,0.3,0,0,0.7,0.3,0.7,0.6,2.4,0
MA0.3EA0.7Sn0.7Pb0.3Cl0.9Br2.1,0.3,0,0,0.7,0.3,0.7,0.9,2.1,0
MA0.3EA0.7Sn0.7Pb0.3Cl1.2Br1.8,0.3,0,0,0.7,0.3,0.7,1.2,1.8,0
MA0.3EA0.7Sn0.7Pb0.3Cl1.5Br1.5,0.3,0,0,0.7,0.3,0.7,1.5,1.5,0
MA0.3EA0.7Sn0.7Pb0.3Cl1.8Br1.2,0.3,0,0,0.7,0.3,0.7,1.8,1.2,0
MA0.3EA0.7Sn0.7Pb0.3Cl2.1Br0.9,0.3,0,0,0.7,0.3,0.7,2.1,0.9,0
MA0.3EA0.7Sn0.7Pb0.3Cl2.4Br0.6,0.3,0,0,0.7,0.3,0.7,2.4,0.6,0
MA0.3EA0.7Sn0.7Pb0.3Cl2.7Br0.3,0.3,0,0,0.7,0.3,0.7,2.7,0.3,0
MA0.3EA0.7Sn0.7Pb0.3Cl0.3I2.7,0.3,0,0,0.7,0.3,0.7,0.3,0,2.7
MA0.3EA0.7Sn0.7Pb0.3Cl0.6I2.4,0.3,0,0,0.7,0.3,0.7,0.6,0,2.4
MA0.3EA0.7Sn0.7Pb0.3Cl0.9I2.1,0.3,0,0,0.7,0.3,0.7,0.9,0,2.1
MA0.3EA0.7Sn0.7Pb0.3Cl1.2I1.8,0.3,0,0,0.7,0.3,0.7,1.2,0,1.8
MA0.3EA0.7Sn0.7Pb0.3Cl1.5I1.5,0.3,0,0,0.7,0.3,0.7,1.5,0,1.5
MA0.3EA0.7Sn0.7Pb0.3Cl1.8I1.2,0.3,0,0,0.7,0.3,0.7,1.8,0,1.2
MA0.3EA0.7Sn0.7Pb0.3Cl2.1I0.9,0.3,0,0,0.7,0.3,0.7,2.1,0,0.9
MA0.3EA0.7Sn0.7Pb0.3Cl2.4I0.6,0.3,0,0,0.7,0.3,0.7,2.4,0,0.6
MA0.3EA0.7Sn0.7Pb0.3Cl2.7I0.3,0.3,0,0,0.7,0.3,0.7,2.7,0,0.3
MA0.3EA0.7Sn0.7Pb0.3Br0.3I2.7,0.3,0,0,0.7,0.3,0.7,0,0.3,2.7
MA0.3EA0.7Sn0.7Pb0.3Br0.6I2.4,0.3,0,0,0.7,0.3,0.7,0,0.6,2.4
MA0.3EA0.7Sn0.7Pb0.3Br0.9I2.1,0.3,0,0,0.7,0.3,0.7,0,0.9,2.1
MA0.3EA0.7Sn0.7Pb0.3Br1.2I1.8,0.3,0,0,0.7,0.3,0.7,0,1.2,1.8
MA0.3EA0.7Sn0.7Pb0.3Br1.5I1.5,0.3,0,0,0.7,0.3,0.7,0,1.5,1.5
MA0.3EA0.7Sn0.7Pb0.3Br1.8I1.2,0.3,0,0,0.7,0.3,0.7,0,1.8,1.2
MA0.3EA0.7Sn0.7Pb0.3Br2.1I0.9,0.3,0,0,0.7,0.3,0.7,0,2.1,0.9
MA0.3EA0.7Sn0.7Pb0.3Br2.4I0.6,0.3,0,0,0.7,0.3,0.7,0,2.4,0.6
MA0.3EA0.7Sn0.7Pb0.3Br2.7I0.3,0.3,0,0,0.7,0.3,0.7,0,2.7,0.3
MA0.3EA0.7Sn0.6Pb0.4Cl0.3Br2.7,0.3,0,0,0.7,0.4,0.6,0.3,2.7,0
MA0.3EA0.7Sn0.6Pb0.4Cl0.6Br2.4,0.3,0,0,0.7,0.4,0.6,0.6,2.4,0
MA0.3EA0.7Sn0.6Pb0.4Cl0.9Br2.1,0.3,0,0,0.7,0.4,0.6,0.9,2.1,0
MA0.3EA0.7Sn0.6Pb0.4Cl1.2Br1.8,0.3,0,0,0.7,0.4,0.6,1.2,1.8,0
MA0.3EA0.7Sn0.6Pb0.4Cl1.5Br1.5,0.3,0,0,0.7,0.4,0.6,1.5,1.5,0
MA0.3EA0.7Sn0.6Pb0.4Cl1.8Br1.2,0.3,0,0,0.7,0.4,0.6,1.8,1.2,0
MA0.3EA0.7Sn0.6Pb0.4Cl2.1Br0.9,0.3,0,0,0.7,0.4,0.6,2.1,0.9,0
MA0.3EA0.7Sn0.6Pb0.4Cl2.4Br0.6,0.3,0,0,0.7,0.4,0.6,2.4,0.6,0
MA0.3EA0.7Sn0.6Pb0.4Cl2.7Br0.3,0.3,0,0,0.7,0.4,0.6,2.7,0.3,0
MA0.3EA0.7Sn0.6Pb0.4Cl0.3I2.7,0.3,0,0,0.7,0.4,0.6,0.3,0,2.7
MA0.3EA0.7Sn0.6Pb0.4Cl0.6I2.4,0.3,0,0,0.7,0.4,0.6,0.6,0,2.4
MA0.3EA0.7Sn0.6Pb0.4Cl0.9I2.1,0.3,0,0,0.7,0.4,0.6,0.9,0,2.1
MA0.3EA0.7Sn0.6Pb0.4Cl1.2I1.8,0.3,0,0,0.7,0.4,0.6,1.2,0,1.8
MA0.3EA0.7Sn0.6Pb0.4Cl1.5I1.5,0.3,0,0,0.7,0.4,0.6,1.5,0,1.5
MA0.3EA0.7Sn0.6Pb0.4Cl1.8I1.2,0.3,0,0,0.7,0.4,0.6,1.8,0,1.2
MA0.3EA0.7Sn0.6Pb0.4Cl2.1I0.9,0.3,0,0,0.7,0.4,0.6,2.1,0,0.9
MA0.3EA0.7Sn0.6Pb0.4Cl2.4I0.6,0.3,0,0,0.7,0.4,0.6,2.4,0,0.6
MA0.3EA0.7Sn0.6Pb0.4Cl2.7I0.3,0.3,0,0,0.7,0.4,0.6,2.7,0,0.3
MA0.3EA0.7Sn0.6Pb0.4Br0.3I2.7,0.3,0,0,0.7,0.4,0.6,0,0.3,2.7
MA0.3EA0.7Sn0.6Pb0.4Br0.6I2.4,0.3,0,0,0.7,0.4,0.6,0,0.6,2.4
MA0.3EA0.7Sn0.6Pb0.4Br0.9I2.1,0.3,0,0,0.7,0.4,0.6,0,0.9,2.1
MA0.3EA0.7Sn0.6Pb0.4Br1.2I1.8,0.3,0,0,0.7,0.4,0.6,0,1.2,1.8
MA0.3EA0.7Sn0.6Pb0.4Br1.5I1.5,0.3,0,0,0.7,0.4,0.6,0,1.5,1.5
MA0.3EA0.7Sn0.6Pb0.4Br1.8I1.2,0.3,0,0,0.7,0.4,0.6,0,1.8,1.2
MA0.3EA0.7Sn0.6Pb0.4Br2.1I0.9,0.3,0,0,0.7,0.4,0.6,0,2.1,0.9
MA0.3EA0.7Sn0.6Pb0.4Br2.4I0.6,0.3,0,0,0.7,0.4,0.6,0,2.4,0.6
MA0.3EA0.7Sn0.6Pb0.4Br2.7I0.3,0.3,0,0,0.7,0.4,0.6,0,2.7,0.3
MA0.3EA0.7Sn0.5Pb0.5Cl0.3Br2.7,0.3,0,0,0.7,0.5,0.5,0.3,2.7,0
MA0.3EA0.7Sn0.5Pb0.5Cl0.6Br2.4,0.3,0,0,0.7,0.5,0.5,0.6,2.4,0
MA0.3EA0.7Sn0.5Pb0.5Cl0.9Br2.1,0.3,0,0,0.7,0.5,0.5,0.9,2.1,0
MA0.3EA0.7Sn0.5Pb0.5Cl1.2Br1.8,0.3,0,0,0.7,0.5,0.5,1.2,1.8,0
MA0.3EA0.7Sn0.5Pb0.5Cl1.5Br1.5,0.3,0,0,0.7,0.5,0.5,1.5,1.5,0
MA0.3EA0.7Sn0.5Pb0.5Cl1.8Br1.2,0.3,0,0,0.7,0.5,0.5,1.8,1.2,0
MA0.3EA0.7Sn0.5Pb0.5Cl2.1Br0.9,0.3,0,0,0.7,0.5,0.5,2.1,0.9,0
MA0.3EA0.7Sn0.5Pb0.5Cl2.4Br0.6,0.3,0,0,0.7,0.5,0.5,2.4,0.6,0
MA0.3EA0.7Sn0.5Pb0.5Cl2.7Br0.3,0.3,0,0,0.7,0.5,0.5,2.7,0.3,0
MA0.3EA0.7Sn0.5Pb0.5Cl0.3I2.7,0.3,0,0,0.7,0.5,0.5,0.3,0,2.7
MA0.3EA0.7Sn0.5Pb0.5Cl0.6I2.4,0.3,0,0,0.7,0.5,0.5,0.6,0,2.4
MA0.3EA0.7Sn0.5Pb0.5Cl0.9I2.1,0.3,0,0,0.7,0.5,0.5,0.9,0,2.1
MA0.3EA0.7Sn0.5Pb0.5Cl1.2I1.8,0.3,0,0,0.7,0.5,0.5,1.2,0,1.8
MA0.3EA0.7Sn0.5Pb0.5Cl1.5I1.5,0.3,0,0,0.7,0.5,0.5,1.5,0,1.5
MA0.3EA0.7Sn0.5Pb0.5Cl1.8I1.2,0.3,0,0,0.7,0.5,0.5,1.8,0,1.2
MA0.3EA0.7Sn0.5Pb0.5Cl2.1I0.9,0.3,0,0,0.7,0.5,0.5,2.1,0,0.9
MA0.3EA0.7Sn0.5Pb0.5Cl2.4I0.6,0.3,0,0,0.7,0.5,0.5,2.4,0,0.6
MA0.3EA0.7Sn0.5Pb0.5Cl2.7I0.3,0.3,0,0,0.7,0.5,0.5,2.7,0,0.3
MA0.3EA0.7Sn0.5Pb0.5Br0.3I2.7,0.3,0,0,0.7,0.5,0.5,0,0.3,2.7
MA0.3EA0.7Sn0.5Pb0.5Br0.6I2.4,0.3,0,0,0.7,0.5,0.5,0,0.6,2.4
MA0.3EA0.7Sn0.5Pb0.5Br0.9I2.1,0.3,0,0,0.7,0.5,0.5,0,0.9,2.1
MA0.3EA0.7Sn0.5Pb0.5Br1.2I1.8,0.3,0,0,0.7,0.5,0.5,0,1.2,1.8
MA0.3EA0.7Sn0.5Pb0.5Br1.5I1.5,0.3,0,0,0.7,0.5,0.5,0,1.5,1.5
MA0.3EA0.7Sn0.5Pb0.5Br1.8I1.2,0.3,0,0,0.7,0.5,0.5,0,1.8,1.2
MA0.3EA0.7Sn0.5Pb0.5Br2.1I0.9,0.3,0,0,0.7,0.5,0.5,0,2.1,0.9
MA0.3EA0.7Sn0.5Pb0.5Br2.4I0.6,0.3,0,0,0.7,0.5,0.5,0,2.4,0.6
MA0.3EA0.7Sn0.5Pb0.5Br2.7I0.3,0.3,0,0,0.7,0.5,0.5,0,2.7,0.3
MA0.3EA0.7Sn0.4Pb0.6Cl0.3Br2.7,0.3,0,0,0.7,0.6,0.4,0.3,2.7,0
MA0.3EA0.7Sn0.4Pb0.6Cl0.6Br2.4,0.3,0,0,0.7,0.6,0.4,0.6,2.4,0
MA0.3EA0.7Sn0.4Pb0.6Cl0.9Br2.1,0.3,0,0,0.7,0.6,0.4,0.9,2.1,0
MA0.3EA0.7Sn0.4Pb0.6Cl1.2Br1.8,0.3,0,0,0.7,0.6,0.4,1.2,1.8,0
MA0.3EA0.7Sn0.4Pb0.6Cl1.5Br1.5,0.3,0,0,0.7,0.6,0.4,1.5,1.5,0
MA0.3EA0.7Sn0.4Pb0.6Cl1.8Br1.2,0.3,0,0,0.7,0.6,0.4,1.8,1.2,0
MA0.3EA0.7Sn0.4Pb0.6Cl2.1Br0.9,0.3,0,0,0.7,0.6,0.4,2.1,0.9,0
MA0.3EA0.7Sn0.4Pb0.6Cl2.4Br0.6,0.3,0,0,0.7,0.6,0.4,2.4,0.6,0
MA0.3EA0.7Sn0.4Pb0.6Cl2.7Br0.3,0.3,0,0,0.7,0.6,0.4,2.7,0.3,0
MA0.3EA0.7Sn0.4Pb0.6Cl0.3I2.7,0.3,0,0,0.7,0.6,0.4,0.3,0,2.7
MA0.3EA0.7Sn0.4Pb0.6Cl0.6I2.4,0.3,0,0,0.7,0.6,0.4,0.6,0,2.4
MA0.3EA0.7Sn0.4Pb0.6Cl0.9I2.1,0.3,0,0,0.7,0.6,0.4,0.9,0,2.1
MA0.3EA0.7Sn0.4Pb0.6Cl1.2I1.8,0.3,0,0,0.7,0.6,0.4,1.2,0,1.8
MA0.3EA0.7Sn0.4Pb0.6Cl1.5I1.5,0.3,0,0,0.7,0.6,0.4,1.5,0,1.5
MA0.3EA0.7Sn0.4Pb0.6Cl1.8I1.2,0.3,0,0,0.7,0.6,0.4,1.8,0,1.2
MA0.3EA0.7Sn0.4Pb0.6Cl2.1I0.9,0.3,0,0,0.7,0.6,0.4,2.1,0,0.9
MA0.3EA0.7Sn0.4Pb0.6Cl2.4I0.6,0.3,0,0,0.7,0.6,0.4,2.4,0,0.6
MA0.3EA0.7Sn0.4Pb0.6Cl2.7I0.3,0.3,0,0,0.7,0.6,0.4,2.7,0,0.3
MA0.3EA0.7Sn0.4Pb0.6Br0.3I2.7,0.3,0,0,0.7,0.6,0.4,0,0.3,2.7
MA0.3EA0.7Sn0.4Pb0.6Br0.6I2.4,0.3,0,0,0.7,0.6,0.4,0,0.6,2.4
MA0.3EA0.7Sn0.4Pb0.6Br0.9I2.1,0.3,0,0,0.7,0.6,0.4,0,0.9,2.1
MA0.3EA0.7Sn0.4Pb0.6Br1.2I1.8,0.3,0,0,0.7,0.6,0.4,0,1.2,1.8
MA0.3EA0.7Sn0.4Pb0.6Br1.5I1.5,0.3,0,0,0.7,0.6,0.4,0,1.5,1.5
MA0.3EA0.7Sn0.4Pb0.6Br1.8I1.2,0.3,0,0,0.7,0.6,0.4,0,1.8,1.2
MA0.3EA0.7Sn0.4Pb0.6Br2.1I0.9,0.3,0,0,0.7,0.6,0.4,0,2.1,0.9
MA0.3EA0.7Sn0.4Pb0.6Br2.4I0.6,0.3,0,0,0.7,0.6,0.4,0,2.4,0.6
MA0.3EA0.7Sn0.4Pb0.6Br2.7I0.3,0.3,0,0,0.7,0.6,0.4,0,2.7,0.3
MA0.3EA0.7Sn0.3Pb0.7Cl0.3Br2.7,0.3,0,0,0.7,0.7,0.3,0.3,2.7,0
MA0.3EA0.7Sn0.3Pb0.7Cl0.6Br2.4,0.3,0,0,0.7,0.7,0.3,0.6,2.4,0
MA0.3EA0.7Sn0.3Pb0.7Cl0.9Br2.1,0.3,0,0,0.7,0.7,0.3,0.9,2.1,0
MA0.3EA0.7Sn0.3Pb0.7Cl1.2Br1.8,0.3,0,0,0.7,0.7,0.3,1.2,1.8,0
MA0.3EA0.7Sn0.3Pb0.7Cl1.5Br1.5,0.3,0,0,0.7,0.7,0.3,1.5,1.5,0
MA0.3EA0.7Sn0.3Pb0.7Cl1.8Br1.2,0.3,0,0,0.7,0.7,0.3,1.8,1.2,0
MA0.3EA0.7Sn0.3Pb0.7Cl2.1Br0.9,0.3,0,0,0.7,0.7,0.3,2.1,0.9,0
MA0.3EA0.7Sn0.3Pb0.7Cl2.4Br0.6,0.3,0,0,0.7,0.7,0.3,2.4,0.6,0
MA0.3EA0.7Sn0.3Pb0.7Cl2.7Br0.3,0.3,0,0,0.7,0.7,0.3,2.7,0.3,0
MA0.3EA0.7Sn0.3Pb0.7Cl0.3I2.7,0.3,0,0,0.7,0.7,0.3,0.3,0,2.7
MA0.3EA0.7Sn0.3Pb0.7Cl0.6I2.4,0.3,0,0,0.7,0.7,0.3,0.6,0,2.4
MA0.3EA0.7Sn0.3Pb0.7Cl0.9I2.1,0.3,0,0,0.7,0.7,0.3,0.9,0,2.1
MA0.3EA0.7Sn0.3Pb0.7Cl1.2I1.8,0.3,0,0,0.7,0.7,0.3,1.2,0,1.8
MA0.3EA0.7Sn0.3Pb0.7Cl1.5I1.5,0.3,0,0,0.7,0.7,0.3,1.5,0,1.5
MA0.3EA0.7Sn0.3Pb0.7Cl1.8I1.2,0.3,0,0,0.7,0.7,0.3,1.8,0,1.2
MA0.3EA0.7Sn0.3Pb0.7Cl2.1I0.9,0.3,0,0,0.7,0.7,0.3,2.1,0,0.9
MA0.3EA0.7Sn0.3Pb0.7Cl2.4I0.6,0.3,0,0,0.7,0.7,0.3,2.4,0,0.6
MA0.3EA0.7Sn0.3Pb0.7Cl2.7I0.3,0.3,0,0,0.7,0.7,0.3,2.7,0,0.3
MA0.3EA0.7Sn0.3Pb0.7Br0.3I2.7,0.3,0,0,0.7,0.7,0.3,0,0.3,2.7
MA0.3EA0.7Sn0.3Pb0.7Br0.6I2.4,0.3,0,0,0.7,0.7,0.3,0,0.6,2.4
MA0.3EA0.7Sn0.3Pb0.7Br0.9I2.1,0.3,0,0,0.7,0.7,0.3,0,0.9,2.1
MA0.3EA0.7Sn0.3Pb0.7Br1.2I1.8,0.3,0,0,0.7,0.7,0.3,0,1.2,1.8
MA0.3EA0.7Sn0.3Pb0.7Br1.5I1.5,0.3,0,0,0.7,0.7,0.3,0,1.5,1.5
MA0.3EA0.7Sn0.3Pb0.7Br1.8I1.2,0.3,0,0,0.7,0.7,0.3,0,1.8,1.2
MA0.3EA0.7Sn0.3Pb0.7Br2.1I0.9,0.3,0,0,0.7,0.7,0.3,0,2.1,0.9
MA0.3EA0.7Sn0.3Pb0.7Br2.4I0.6,0.3,0,0,0.7,0.7,0.3,0,2.4,0.6
MA0.3EA0.7Sn0.3Pb0.7Br2.7I0.3,0.3,0,0,0.7,0.7,0.3,0,2.7,0.3
MA0.3EA0.7Sn0.2Pb0.8Cl0.3Br2.7,0.3,0,0,0.7,0.8,0.2,0.3,2.7,0
MA0.3EA0.7Sn0.2Pb0.8Cl0.6Br2.4,0.3,0,0,0.7,0.8,0.2,0.6,2.4,0
MA0.3EA0.7Sn0.2Pb0.8Cl0.9Br2.1,0.3,0,0,0.7,0.8,0.2,0.9,2.1,0
MA0.3EA0.7Sn0.2Pb0.8Cl1.2Br1.8,0.3,0,0,0.7,0.8,0.2,1.2,1.8,0
MA0.3EA0.7Sn0.2Pb0.8Cl1.5Br1.5,0.3,0,0,0.7,0.8,0.2,1.5,1.5,0
MA0.3EA0.7Sn0.2Pb0.8Cl1.8Br1.2,0.3,0,0,0.7,0.8,0.2,1.8,1.2,0
MA0.3EA0.7Sn0.2Pb0.8Cl2.1Br0.9,0.3,0,0,0.7,0.8,0.2,2.1,0.9,0
MA0.3EA0.7Sn0.2Pb0.8Cl2.4Br0.6,0.3,0,0,0.7,0.8,0.2,2.4,0.6,0
MA0.3EA0.7Sn0.2Pb0.8Cl2.7Br0.3,0.3,0,0,0.7,0.8,0.2,2.7,0.3,0
MA0.3EA0.7Sn0.2Pb0.8Cl0.3I2.7,0.3,0,0,0.7,0.8,0.2,0.3,0,2.7
MA0.3EA0.7Sn0.2Pb0.8Cl0.6I2.4,0.3,0,0,0.7,0.8,0.2,0.6,0,2.4
MA0.3EA0.7Sn0.2Pb0.8Cl0.9I2.1,0.3,0,0,0.7,0.8,0.2,0.9,0,2.1
MA0.3EA0.7Sn0.2Pb0.8Cl1.2I1.8,0.3,0,0,0.7,0.8,0.2,1.2,0,1.8
MA0.3EA0.7Sn0.2Pb0.8Cl1.5I1.5,0.3,0,0,0.7,0.8,0.2,1.5,0,1.5
MA0.3EA0.7Sn0.2Pb0.8Cl1.8I1.2,0.3,0,0,0.7,0.8,0.2,1.8,0,1.2
MA0.3EA0.7Sn0.2Pb0.8Cl2.1I0.9,0.3,0,0,0.7,0.8,0.2,2.1,0,0.9
MA0.3EA0.7Sn0.2Pb0.8Cl2.4I0.6,0.3,0,0,0.7,0.8,0.2,2.4,0,0.6
MA0.3EA0.7Sn0.2Pb0.8Cl2.7I0.3,0.3,0,0,0.7,0.8,0.2,2.7,0,0.3
MA0.3EA0.7Sn0.2Pb0.8Br0.3I2.7,0.3,0,0,0.7,0.8,0.2,0,0.3,2.7
MA0.3EA0.7Sn0.2Pb0.8Br0.6I2.4,0.3,0,0,0.7,0.8,0.2,0,0.6,2.4
MA0.3EA0.7Sn0.2Pb0.8Br0.9I2.1,0.3,0,0,0.7,0.8,0.2,0,0.9,2.1
MA0.3EA0.7Sn0.2Pb0.8Br1.2I1.8,0.3,0,0,0.7,0.8,0.2,0,1.2,1.8
MA0.3EA0.7Sn0.2Pb0.8Br1.5I1.5,0.3,0,0,0.7,0.8,0.2,0,1.5,1.5
MA0.3EA0.7Sn0.2Pb0.8Br1.8I1.2,0.3,0,0,0.7,0.8,0.2,0,1.8,1.2
MA0.3EA0.7Sn0.2Pb0.8Br2.1I0.9,0.3,0,0,0.7,0.8,0.2,0,2.1,0.9
MA0.3EA0.7Sn0.2Pb0.8Br2.4I0.6,0.3,0,0,0.7,0.8,0.2,0,2.4,0.6
MA0.3EA0.7Sn0.2Pb0.8Br2.7I0.3,0.3,0,0,0.7,0.8,0.2,0,2.7,0.3
MA0.3EA0.7Sn0.1Pb0.9Cl0.3Br2.7,0.3,0,0,0.7,0.9,0.1,0.3,2.7,0
MA0.3EA0.7Sn0.1Pb0.9Cl0.6Br2.4,0.3,0,0,0.7,0.9,0.1,0.6,2.4,0
MA0.3EA0.7Sn0.1Pb0.9Cl0.9Br2.1,0.3,0,0,0.7,0.9,0.1,0.9,2.1,0
MA0.3EA0.7Sn0.1Pb0.9Cl1.2Br1.8,0.3,0,0,0.7,0.9,0.1,1.2,1.8,0
MA0.3EA0.7Sn0.1Pb0.9Cl1.5Br1.5,0.3,0,0,0.7,0.9,0.1,1.5,1.5,0
MA0.3EA0.7Sn0.1Pb0.9Cl1.8Br1.2,0.3,0,0,0.7,0.9,0.1,1.8,1.2,0
MA0.3EA0.7Sn0.1Pb0.9Cl2.1Br0.9,0.3,0,0,0.7,0.9,0.1,2.1,0.9,0
MA0.3EA0.7Sn0.1Pb0.9Cl2.4Br0.6,0.3,0,0,0.7,0.9,0.1,2.4,0.6,0
MA0.3EA0.7Sn0.1Pb0.9Cl2.7Br0.3,0.3,0,0,0.7,0.9,0.1,2.7,0.3,0
MA0.3EA0.7Sn0.1Pb0.9Cl0.3I2.7,0.3,0,0,0.7,0.9,0.1,0.3,0,2.7
MA0.3EA0.7Sn0.1Pb0.9Cl0.6I2.4,0.3,0,0,0.7,0.9,0.1,0.6,0,2.4
MA0.3EA0.7Sn0.1Pb0.9Cl0.9I2.1,0.3,0,0,0.7,0.9,0.1,0.9,0,2.1
MA0.3EA0.7Sn0.1Pb0.9Cl1.2I1.8,0.3,0,0,0.7,0.9,0.1,1.2,0,1.8
MA0.3EA0.7Sn0.1Pb0.9Cl1.5I1.5,0.3,0,0,0.7,0.9,0.1,1.5,0,1.5
MA0.3EA0.7Sn0.1Pb0.9Cl1.8I1.2,0.3,0,0,0.7,0.9,0.1,1.8,0,1.2
MA0.3EA0.7Sn0.1Pb0.9Cl2.1I0.9,0.3,0,0,0.7,0.9,0.1,2.1,0,0.9
MA0.3EA0.7Sn0.1Pb0.9Cl2.4I0.6,0.3,0,0,0.7,0.9,0.1,2.4,0,0.6
MA0.3EA0.7Sn0.1Pb0.9Cl2.7I0.3,0.3,0,0,0.7,0.9,0.1,2.7,0,0.3
MA0.3EA0.7Sn0.1Pb0.9Br0.3I2.7,0.3,0,0,0.7,0.9,0.1,0,0.3,2.7
MA0.3EA0.7Sn0.1Pb0.9Br0.6I2.4,0.3,0,0,0.7,0.9,0.1,0,0.6,2.4
MA0.3EA0.7Sn0.1Pb0.9Br0.9I2.1,0.3,0,0,0.7,0.9,0.1,0,0.9,2.1
MA0.3EA0.7Sn0.1Pb0.9Br1.2I1.8,0.3,0,0,0.7,0.9,0.1,0,1.2,1.8
MA0.3EA0.7Sn0.1Pb0.9Br1.5I1.5,0.3,0,0,0.7,0.9,0.1,0,1.5,1.5
MA0.3EA0.7Sn0.1Pb0.9Br1.8I1.2,0.3,0,0,0.7,0.9,0.1,0,1.8,1.2
MA0.3EA0.7Sn0.1Pb0.9Br2.1I0.9,0.3,0,0,0.7,0.9,0.1,0,2.1,0.9
MA0.3EA0.7Sn0.1Pb0.9Br2.4I0.6,0.3,0,0,0.7,0.9,0.1,0,2.4,0.6
MA0.3EA0.7Sn0.1Pb0.9Br2.7I0.3,0.3,0,0,0.7,0.9,0.1,0,2.7,0.3
MA0.4EA0.6Sn0.9Pb0.1Cl0.3Br2.7,0.4,0,0,0.6,0.1,0.9,0.3,2.7,0
MA0.4EA0.6Sn0.9Pb0.1Cl0.6Br2.4,0.4,0,0,0.6,0.1,0.9,0.6,2.4,0
MA0.4EA0.6Sn0.9Pb0.1Cl0.9Br2.1,0.4,0,0,0.6,0.1,0.9,0.9,2.1,0
MA0.4EA0.6Sn0.9Pb0.1Cl1.2Br1.8,0.4,0,0,0.6,0.1,0.9,1.2,1.8,0
MA0.4EA0.6Sn0.9Pb0.1Cl1.5Br1.5,0.4,0,0,0.6,0.1,0.9,1.5,1.5,0
MA0.4EA0.6Sn0.9Pb0.1Cl1.8Br1.2,0.4,0,0,0.6,0.1,0.9,1.8,1.2,0
MA0.4EA0.6Sn0.9Pb0.1Cl2.1Br0.9,0.4,0,0,0.6,0.1,0.9,2.1,0.9,0
MA0.4EA0.6Sn0.9Pb0.1Cl2.4Br0.6,0.4,0,0,0.6,0.1,0.9,2.4,0.6,0
MA0.4EA0.6Sn0.9Pb0.1Cl2.7Br0.3,0.4,0,0,0.6,0.1,0.9,2.7,0.3,0
MA0.4EA0.6Sn0.9Pb0.1Cl0.3I2.7,0.4,0,0,0.6,0.1,0.9,0.3,0,2.7
MA0.4EA0.6Sn0.9Pb0.1Cl0.6I2.4,0.4,0,0,0.6,0.1,0.9,0.6,0,2.4
MA0.4EA0.6Sn0.9Pb0.1Cl0.9I2.1,0.4,0,0,0.6,0.1,0.9,0.9,0,2.1
MA0.4EA0.6Sn0.9Pb0.1Cl1.2I1.8,0.4,0,0,0.6,0.1,0.9,1.2,0,1.8
MA0.4EA0.6Sn0.9Pb0.1Cl1.5I1.5,0.4,0,0,0.6,0.1,0.9,1.5,0,1.5
MA0.4EA0.6Sn0.9Pb0.1Cl1.8I1.2,0.4,0,0,0.6,0.1,0.9,1.8,0,1.2
MA0.4EA0.6Sn0.9Pb0.1Cl2.1I0.9,0.4,0,0,0.6,0.1,0.9,2.1,0,0.9
MA0.4EA0.6Sn0.9Pb0.1Cl2.4I0.6,0.4,0,0,0.6,0.1,0.9,2.4,0,0.6
MA0.4EA0.6Sn0.9Pb0.1Cl2.7I0.3,0.4,0,0,0.6,0.1,0.9,2.7,0,0.3
MA0.4EA0.6Sn0.9Pb0.1Br0.3I2.7,0.4,0,0,0.6,0.1,0.9,0,0.3,2.7
MA0.4EA0.6Sn0.9Pb0.1Br0.6I2.4,0.4,0,0,0.6,0.1,0.9,0,0.6,2.4
MA0.4EA0.6Sn0.9Pb0.1Br0.9I2.1,0.4,0,0,0.6,0.1,0.9,0,0.9,2.1
MA0.4EA0.6Sn0.9Pb0.1Br1.2I1.8,0.4,0,0,0.6,0.1,0.9,0,1.2,1.8
MA0.4EA0.6Sn0.9Pb0.1Br1.5I1.5,0.4,0,0,0.6,0.1,0.9,0,1.5,1.5
MA0.4EA0.6Sn0.9Pb0.1Br1.8I1.2,0.4,0,0,0.6,0.1,0.9,0,1.8,1.2
MA0.4EA0.6Sn0.9Pb0.1Br2.1I0.9,0.4,0,0,0.6,0.1,0.9,0,2.1,0.9
MA0.4EA0.6Sn0.9Pb0.1Br2.4I0.6,0.4,0,0,0.6,0.1,0.9,0,2.4,0.6
MA0.4EA0.6Sn0.9Pb0.1Br2.7I0.3,0.4,0,0,0.6,0.1,0.9,0,2.7,0.3
MA0.4EA0.6Sn0.8Pb0.2Cl0.3Br2.7,0.4,0,0,0.6,0.2,0.8,0.3,2.7,0
MA0.4EA0.6Sn0.8Pb0.2Cl0.6Br2.4,0.4,0,0,0.6,0.2,0.8,0.6,2.4,0
MA0.4EA0.6Sn0.8Pb0.2Cl0.9Br2.1,0.4,0,0,0.6,0.2,0.8,0.9,2.1,0
MA0.4EA0.6Sn0.8Pb0.2Cl1.2Br1.8,0.4,0,0,0.6,0.2,0.8,1.2,1.8,0
MA0.4EA0.6Sn0.8Pb0.2Cl1.5Br1.5,0.4,0,0,0.6,0.2,0.8,1.5,1.5,0
MA0.4EA0.6Sn0.8Pb0.2Cl1.8Br1.2,0.4,0,0,0.6,0.2,0.8,1.8,1.2,0
MA0.4EA0.6Sn0.8Pb0.2Cl2.1Br0.9,0.4,0,0,0.6,0.2,0.8,2.1,0.9,0
MA0.4EA0.6Sn0.8Pb0.2Cl2.4Br0.6,0.4,0,0,0.6,0.2,0.8,2.4,0.6,0
MA0.4EA0.6Sn0.8Pb0.2Cl2.7Br0.3,0.4,0,0,0.6,0.2,0.8,2.7,0.3,0
MA0.4EA0.6Sn0.8Pb0.2Cl0.3I2.7,0.4,0,0,0.6,0.2,0.8,0.3,0,2.7
MA0.4EA0.6Sn0.8Pb0.2Cl0.6I2.4,0.4,0,0,0.6,0.2,0.8,0.6,0,2.4
MA0.4EA0.6Sn0.8Pb0.2Cl0.9I2.1,0.4,0,0,0.6,0.2,0.8,0.9,0,2.1
MA0.4EA0.6Sn0.8Pb0.2Cl1.2I1.8,0.4,0,0,0.6,0.2,0.8,1.2,0,1.8
MA0.4EA0.6Sn0.8Pb0.2Cl1.5I1.5,0.4,0,0,0.6,0.2,0.8,1.5,0,1.5
MA0.4EA0.6Sn0.8Pb0.2Cl1.8I1.2,0.4,0,0,0.6,0.2,0.8,1.8,0,1.2
MA0.4EA0.6Sn0.8Pb0.2Cl2.1I0.9,0.4,0,0,0.6,0.2,0.8,2.1,0,0.9
MA0.4EA0.6Sn0.8Pb0.2Cl2.4I0.6,0.4,0,0,0.6,0.2,0.8,2.4,0,0.6
MA0.4EA0.6Sn0.8Pb0.2Cl2.7I0.3,0.4,0,0,0.6,0.2,0.8,2.7,0,0.3
MA0.4EA0.6Sn0.8Pb0.2Br0.3I2.7,0.4,0,0,0.6,0.2,0.8,0,0.3,2.7
MA0.4EA0.6Sn0.8Pb0.2Br0.6I2.4,0.4,0,0,0.6,0.2,0.8,0,0.6,2.4
MA0.4EA0.6Sn0.8Pb0.2Br0.9I2.1,0.4,0,0,0.6,0.2,0.8,0,0.9,2.1
MA0.4EA0.6Sn0.8Pb0.2Br1.2I1.8,0.4,0,0,0.6,0.2,0.8,0,1.2,1.8
MA0.4EA0.6Sn0.8Pb0.2Br1.5I1.5,0.4,0,0,0.6,0.2,0.8,0,1.5,1.5
MA0.4EA0.6Sn0.8Pb0.2Br1.8I1.2,0.4,0,0,0.6,0.2,0.8,0,1.8,1.2
MA0.4EA0.6Sn0.8Pb0.2Br2.1I0.9,0.4,0,0,0.6,0.2,0.8,0,2.1,0.9
MA0.4EA0.6Sn0.8Pb0.2Br2.4I0.6,0.4,0,0,0.6,0.2,0.8,0,2.4,0.6
MA0.4EA0.6Sn0.8Pb0.2Br2.7I0.3,0.4,0,0,0.6,0.2,0.8,0,2.7,0.3
MA0.4EA0.6Sn0.7Pb0.3Cl0.3Br2.7,0.4,0,0,0.6,0.3,0.7,0.3,2.7,0
MA0.4EA0.6Sn0.7Pb0.3Cl0.6Br2.4,0.4,0,0,0.6,0.3,0.7,0.6,2.4,0
MA0.4EA0.6Sn0.7Pb0.3Cl0.9Br2.1,0.4,0,0,0.6,0.3,0.7,0.9,2.1,0
MA0.4EA0.6Sn0.7Pb0.3Cl1.2Br1.8,0.4,0,0,0.6,0.3,0.7,1.2,1.8,0
MA0.4EA0.6Sn0.7Pb0.3Cl1.5Br1.5,0.4,0,0,0.6,0.3,0.7,1.5,1.5,0
MA0.4EA0.6Sn0.7Pb0.3Cl1.8Br1.2,0.4,0,0,0.6,0.3,0.7,1.8,1.2,0
MA0.4EA0.6Sn0.7Pb0.3Cl2.1Br0.9,0.4,0,0,0.6,0.3,0.7,2.1,0.9,0
MA0.4EA0.6Sn0.7Pb0.3Cl2.4Br0.6,0.4,0,0,0.6,0.3,0.7,2.4,0.6,0
MA0.4EA0.6Sn0.7Pb0.3Cl2.7Br0.3,0.4,0,0,0.6,0.3,0.7,2.7,0.3,0
MA0.4EA0.6Sn0.7Pb0.3Cl0.3I2.7,0.4,0,0,0.6,0.3,0.7,0.3,0,2.7
MA0.4EA0.6Sn0.7Pb0.3Cl0.6I2.4,0.4,0,0,0.6,0.3,0.7,0.6,0,2.4
MA0.4EA0.6Sn0.7Pb0.3Cl0.9I2.1,0.4,0,0,0.6,0.3,0.7,0.9,0,2.1
MA0.4EA0.6Sn0.7Pb0.3Cl1.2I1.8,0.4,0,0,0.6,0.3,0.7,1.2,0,1.8
MA0.4EA0.6Sn0.7Pb0.3Cl1.5I1.5,0.4,0,0,0.6,0.3,0.7,1.5,0,1.5
MA0.4EA0.6Sn0.7Pb0.3Cl1.8I1.2,0.4,0,0,0.6,0.3,0.7,1.8,0,1.2
MA0.4EA0.6Sn0.7Pb0.3Cl2.1I0.9,0.4,0,0,0.6,0.3,0.7,2.1,0,0.9
MA0.4EA0.6Sn0.7Pb0.3Cl2.4I0.6,0.4,0,0,0.6,0.3,0.7,2.4,0,0.6
MA0.4EA0.6Sn0.7Pb0.3Cl2.7I0.3,0.4,0,0,0.6,0.3,0.7,2.7,0,0.3
MA0.4EA0.6Sn0.7Pb0.3Br0.3I2.7,0.4,0,0,0.6,0.3,0.7,0,0.3,2.7
MA0.4EA0.6Sn0.7Pb0.3Br0.6I2.4,0.4,0,0,0.6,0.3,0.7,0,0.6,2.4
MA0.4EA0.6Sn0.7Pb0.3Br0.9I2.1,0.4,0,0,0.6,0.3,0.7,0,0.9,2.1
MA0.4EA0.6Sn0.7Pb0.3Br1.2I1.8,0.4,0,0,0.6,0.3,0.7,0,1.2,1.8
MA0.4EA0.6Sn0.7Pb0.3Br1.5I1.5,0.4,0,0,0.6,0.3,0.7,0,1.5,1.5
MA0.4EA0.6Sn0.7Pb0.3Br1.8I1.2,0.4,0,0,0.6,0.3,0.7,0,1.8,1.2
MA0.4EA0.6Sn0.7Pb0.3Br2.1I0.9,0.4,0,0,0.6,0.3,0.7,0,2.1,0.9
MA0.4EA0.6Sn0.7Pb0.3Br2.4I0.6,0.4,0,0,0.6,0.3,0.7,0,2.4,0.6
MA0.4EA0.6Sn0.7Pb0.3Br2.7I0.3,0.4,0,0,0.6,0.3,0.7,0,2.7,0.3
MA0.4EA0.6Sn0.6Pb0.4Cl0.3Br2.7,0.4,0,0,0.6,0.4,0.6,0.3,2.7,0
MA0.4EA0.6Sn0.6Pb0.4Cl0.6Br2.4,0.4,0,0,0.6,0.4,0.6,0.6,2.4,0
MA0.4EA0.6Sn0.6Pb0.4Cl0.9Br2.1,0.4,0,0,0.6,0.4,0.6,0.9,2.1,0
MA0.4EA0.6Sn0.6Pb0.4Cl1.2Br1.8,0.4,0,0,0.6,0.4,0.6,1.2,1.8,0
MA0.4EA0.6Sn0.6Pb0.4Cl1.5Br1.5,0.4,0,0,0.6,0.4,0.6,1.5,1.5,0
MA0.4EA0.6Sn0.6Pb0.4Cl1.8Br1.2,0.4,0,0,0.6,0.4,0.6,1.8,1.2,0
MA0.4EA0.6Sn0.6Pb0.4Cl2.1Br0.9,0.4,0,0,0.6,0.4,0.6,2.1,0.9,0
MA0.4EA0.6Sn0.6Pb0.4Cl2.4Br0.6,0.4,0,0,0.6,0.4,0.6,2.4,0.6,0
MA0.4EA0.6Sn0.6Pb0.4Cl2.7Br0.3,0.4,0,0,0.6,0.4,0.6,2.7,0.3,0
MA0.4EA0.6Sn0.6Pb0.4Cl0.3I2.7,0.4,0,0,0.6,0.4,0.6,0.3,0,2.7
MA0.4EA0.6Sn0.6Pb0.4Cl0.6I2.4,0.4,0,0,0.6,0.4,0.6,0.6,0,2.4
MA0.4EA0.6Sn0.6Pb0.4Cl0.9I2.1,0.4,0,0,0.6,0.4,0.6,0.9,0,2.1
MA0.4EA0.6Sn0.6Pb0.4Cl1.2I1.8,0.4,0,0,0.6,0.4,0.6,1.2,0,1.8
MA0.4EA0.6Sn0.6Pb0.4Cl1.5I1.5,0.4,0,0,0.6,0.4,0.6,1.5,0,1.5
MA0.4EA0.6Sn0.6Pb0.4Cl1.8I1.2,0.4,0,0,0.6,0.4,0.6,1.8,0,1.2
MA0.4EA0.6Sn0.6Pb0.4Cl2.1I0.9,0.4,0,0,0.6,0.4,0.6,2.1,0,0.9
MA0.4EA0.6Sn0.6Pb0.4Cl2.4I0.6,0.4,0,0,0.6,0.4,0.6,2.4,0,0.6
MA0.4EA0.6Sn0.6Pb0.4Cl2.7I0.3,0.4,0,0,0.6,0.4,0.6,2.7,0,0.3
MA0.4EA0.6Sn0.6Pb0.4Br0.3I2.7,0.4,0,0,0.6,0.4,0.6,0,0.3,2.7
MA0.4EA0.6Sn0.6Pb0.4Br0.6I2.4,0.4,0,0,0.6,0.4,0.6,0,0.6,2.4
MA0.4EA0.6Sn0.6Pb0.4Br0.9I2.1,0.4,0,0,0.6,0.4,0.6,0,0.9,2.1
MA0.4EA0.6Sn0.6Pb0.4Br1.2I1.8,0.4,0,0,0.6,0.4,0.6,0,1.2,1.8
MA0.4EA0.6Sn0.6Pb0.4Br1.5I1.5,0.4,0,0,0.6,0.4,0.6,0,1.5,1.5
MA0.4EA0.6Sn0.6Pb0.4Br1.8I1.2,0.4,0,0,0.6,0.4,0.6,0,1.8,1.2
MA0.4EA0.6Sn0.6Pb0.4Br2.1I0.9,0.4,0,0,0.6,0.4,0.6,0,2.1,0.9
MA0.4EA0.6Sn0.6Pb0.4Br2.4I0.6,0.4,0,0,0.6,0.4,0.6,0,2.4,0.6
MA0.4EA0.6Sn0.6Pb0.4Br2.7I0.3,0.4,0,0,0.6,0.4,0.6,0,2.7,0.3
MA0.4EA0.6Sn0.5Pb0.5Cl0.3Br2.7,0.4,0,0,0.6,0.5,0.5,0.3,2.7,0
MA0.4EA0.6Sn0.5Pb0.5Cl0.6Br2.4,0.4,0,0,0.6,0.5,0.5,0.6,2.4,0
MA0.4EA0.6Sn0.5Pb0.5Cl0.9Br2.1,0.4,0,0,0.6,0.5,0.5,0.9,2.1,0
MA0.4EA0.6Sn0.5Pb0.5Cl1.2Br1.8,0.4,0,0,0.6,0.5,0.5,1.2,1.8,0
MA0.4EA0.6Sn0.5Pb0.5Cl1.5Br1.5,0.4,0,0,0.6,0.5,0.5,1.5,1.5,0
MA0.4EA0.6Sn0.5Pb0.5Cl1.8Br1.2,0.4,0,0,0.6,0.5,0.5,1.8,1.2,0
MA0.4EA0.6Sn0.5Pb0.5Cl2.1Br0.9,0.4,0,0,0.6,0.5,0.5,2.1,0.9,0
MA0.4EA0.6Sn0.5Pb0.5Cl2.4Br0.6,0.4,0,0,0.6,0.5,0.5,2.4,0.6,0
MA0.4EA0.6Sn0.5Pb0.5Cl2.7Br0.3,0.4,0,0,0.6,0.5,0.5,2.7,0.3,0
MA0.4EA0.6Sn0.5Pb0.5Cl0.3I2.7,0.4,0,0,0.6,0.5,0.5,0.3,0,2.7
MA0.4EA0.6Sn0.5Pb0.5Cl0.6I2.4,0.4,0,0,0.6,0.5,0.5,0.6,0,2.4
MA0.4EA0.6Sn0.5Pb0.5Cl0.9I2.1,0.4,0,0,0.6,0.5,0.5,0.9,0,2.1
MA0.4EA0.6Sn0.5Pb0.5Cl1.2I1.8,0.4,0,0,0.6,0.5,0.5,1.2,0,1.8
MA0.4EA0.6Sn0.5Pb0.5Cl1.5I1.5,0.4,0,0,0.6,0.5,0.5,1.5,0,1.5
MA0.4EA0.6Sn0.5Pb0.5Cl1.8I1.2,0.4,0,0,0.6,0.5,0.5,1.8,0,1.2
MA0.4EA0.6Sn0.5Pb0.5Cl2.1I0.9,0.4,0,0,0.6,0.5,0.5,2.1,0,0.9
MA0.4EA0.6Sn0.5Pb0.5Cl2.4I0.6,0.4,0,0,0.6,0.5,0.5,2.4,0,0.6
MA0.4EA0.6Sn0.5Pb0.5Cl2.7I0.3,0.4,0,0,0.6,0.5,0.5,2.7,0,0.3
MA0.4EA0.6Sn0.5Pb0.5Br0.3I2.7,0.4,0,0,0.6,0.5,0.5,0,0.3,2.7
MA0.4EA0.6Sn0.5Pb0.5Br0.6I2.4,0.4,0,0,0.6,0.5,0.5,0,0.6,2.4
MA0.4EA0.6Sn0.5Pb0.5Br0.9I2.1,0.4,0,0,0.6,0.5,0.5,0,0.9,2.1
MA0.4EA0.6Sn0.5Pb0.5Br1.2I1.8,0.4,0,0,0.6,0.5,0.5,0,1.2,1.8
MA0.4EA0.6Sn0.5Pb0.5Br1.5I1.5,0.4,0,0,0.6,0.5,0.5,0,1.5,1.5
MA0.4EA0.6Sn0.5Pb0.5Br1.8I1.2,0.4,0,0,0.6,0.5,0.5,0,1.8,1.2
MA0.4EA0.6Sn0.5Pb0.5Br2.1I0.9,0.4,0,0,0.6,0.5,0.5,0,2.1,0.9
MA0.4EA0.6Sn0.5Pb0.5Br2.4I0.6,0.4,0,0,0.6,0.5,0.5,0,2.4,0.6
MA0.4EA0.6Sn0.5Pb0.5Br2.7I0.3,0.4,0,0,0.6,0.5,0.5,0,2.7,0.3
MA0.4EA0.6Sn0.4Pb0.6Cl0.3Br2.7,0.4,0,0,0.6,0.6,0.4,0.3,2.7,0
MA0.4EA0.6Sn0.4Pb0.6Cl0.6Br2.4,0.4,0,0,0.6,0.6,0.4,0.6,2.4,0
MA0.4EA0.6Sn0.4Pb0.6Cl0.9Br2.1,0.4,0,0,0.6,0.6,0.4,0.9,2.1,0
MA0.4EA0.6Sn0.4Pb0.6Cl1.2Br1.8,0.4,0,0,0.6,0.6,0.4,1.2,1.8,0
MA0.4EA0.6Sn0.4Pb0.6Cl1.5Br1.5,0.4,0,0,0.6,0.6,0.4,1.5,1.5,0
MA0.4EA0.6Sn0.4Pb0.6Cl1.8Br1.2,0.4,0,0,0.6,0.6,0.4,1.8,1.2,0
MA0.4EA0.6Sn0.4Pb0.6Cl2.1Br0.9,0.4,0,0,0.6,0.6,0.4,2.1,0.9,0
MA0.4EA0.6Sn0.4Pb0.6Cl2.4Br0.6,0.4,0,0,0.6,0.6,0.4,2.4,0.6,0
MA0.4EA0.6Sn0.4Pb0.6Cl2.7Br0.3,0.4,0,0,0.6,0.6,0.4,2.7,0.3,0
MA0.4EA0.6Sn0.4Pb0.6Cl0.3I2.7,0.4,0,0,0.6,0.6,0.4,0.3,0,2.7
MA0.4EA0.6Sn0.4Pb0.6Cl0.6I2.4,0.4,0,0,0.6,0.6,0.4,0.6,0,2.4
MA0.4EA0.6Sn0.4Pb0.6Cl0.9I2.1,0.4,0,0,0.6,0.6,0.4,0.9,0,2.1
MA0.4EA0.6Sn0.4Pb0.6Cl1.2I1.8,0.4,0,0,0.6,0.6,0.4,1.2,0,1.8
MA0.4EA0.6Sn0.4Pb0.6Cl1.5I1.5,0.4,0,0,0.6,0.6,0.4,1.5,0,1.5
MA0.4EA0.6Sn0.4Pb0.6Cl1.8I1.2,0.4,0,0,0.6,0.6,0.4,1.8,0,1.2
MA0.4EA0.6Sn0.4Pb0.6Cl2.1I0.9,0.4,0,0,0.6,0.6,0.4,2.1,0,0.9
MA0.4EA0.6Sn0.4Pb0.6Cl2.4I0.6,0.4,0,0,0.6,0.6,0.4,2.4,0,0.6
MA0.4EA0.6Sn0.4Pb0.6Cl2.7I0.3,0.4,0,0,0.6,0.6,0.4,2.7,0,0.3
MA0.4EA0.6Sn0.4Pb0.6Br0.3I2.7,0.4,0,0,0.6,0.6,0.4,0,0.3,2.7
MA0.4EA0.6Sn0.4Pb0.6Br0.6I2.4,0.4,0,0,0.6,0.6,0.4,0,0.6,2.4
MA0.4EA0.6Sn0.4Pb0.6Br0.9I2.1,0.4,0,0,0.6,0.6,0.4,0,0.9,2.1
MA0.4EA0.6Sn0.4Pb0.6Br1.2I1.8,0.4,0,0,0.6,0.6,0.4,0,1.2,1.8
MA0.4EA0.6Sn0.4Pb0.6Br1.5I1.5,0.4,0,0,0.6,0.6,0.4,0,1.5,1.5
MA0.4EA0.6Sn0.4Pb0.6Br1.8I1.2,0.4,0,0,0.6,0.6,0.4,0,1.8,1.2
MA0.4EA0.6Sn0.4Pb0.6Br2.1I0.9,0.4,0,0,0.6,0.6,0.4,0,2.1,0.9
MA0.4EA0.6Sn0.4Pb0.6Br2.4I0.6,0.4,0,0,0.6,0.6,0.4,0,2.4,0.6
MA0.4EA0.6Sn0.4Pb0.6Br2.7I0.3,0.4,0,0,0.6,0.6,0.4,0,2.7,0.3
MA0.4EA0.6Sn0.3Pb0.7Cl0.3Br2.7,0.4,0,0,0.6,0.7,0.3,0.3,2.7,0
MA0.4EA0.6Sn0.3Pb0.7Cl0.6Br2.4,0.4,0,0,0.6,0.7,0.3,0.6,2.4,0
MA0.4EA0.6Sn0.3Pb0.7Cl0.9Br2.1,0.4,0,0,0.6,0.7,0.3,0.9,2.1,0
MA0.4EA0.6Sn0.3Pb0.7Cl1.2Br1.8,0.4,0,0,0.6,0.7,0.3,1.2,1.8,0
MA0.4EA0.6Sn0.3Pb0.7Cl1.5Br1.5,0.4,0,0,0.6,0.7,0.3,1.5,1.5,0
MA0.4EA0.6Sn0.3Pb0.7Cl1.8Br1.2,0.4,0,0,0.6,0.7,0.3,1.8,1.2,0
MA0.4EA0.6Sn0.3Pb0.7Cl2.1Br0.9,0.4,0,0,0.6,0.7,0.3,2.1,0.9,0
MA0.4EA0.6Sn0.3Pb0.7Cl2.4Br0.6,0.4,0,0,0.6,0.7,0.3,2.4,0.6,0
MA0.4EA0.6Sn0.3Pb0.7Cl2.7Br0.3,0.4,0,0,0.6,0.7,0.3,2.7,0.3,0
MA0.4EA0.6Sn0.3Pb0.7Cl0.3I2.7,0.4,0,0,0.6,0.7,0.3,0.3,0,2.7
MA0.4EA0.6Sn0.3Pb0.7Cl0.6I2.4,0.4,0,0,0.6,0.7,0.3,0.6,0,2.4
MA0.4EA0.6Sn0.3Pb0.7Cl0.9I2.1,0.4,0,0,0.6,0.7,0.3,0.9,0,2.1
MA0.4EA0.6Sn0.3Pb0.7Cl1.2I1.8,0.4,0,0,0.6,0.7,0.3,1.2,0,1.8
MA0.4EA0.6Sn0.3Pb0.7Cl1.5I1.5,0.4,0,0,0.6,0.7,0.3,1.5,0,1.5
MA0.4EA0.6Sn0.3Pb0.7Cl1.8I1.2,0.4,0,0,0.6,0.7,0.3,1.8,0,1.2
MA0.4EA0.6Sn0.3Pb0.7Cl2.1I0.9,0.4,0,0,0.6,0.7,0.3,2.1,0,0.9
MA0.4EA0.6Sn0.3Pb0.7Cl2.4I0.6,0.4,0,0,0.6,0.7,0.3,2.4,0,0.6
MA0.4EA0.6Sn0.3Pb0.7Cl2.7I0.3,0.4,0,0,0.6,0.7,0.3,2.7,0,0.3
MA0.4EA0.6Sn0.3Pb0.7Br0.3I2.7,0.4,0,0,0.6,0.7,0.3,0,0.3,2.7
MA0.4EA0.6Sn0.3Pb0.7Br0.6I2.4,0.4,0,0,0.6,0.7,0.3,0,0.6,2.4
MA0.4EA0.6Sn0.3Pb0.7Br0.9I2.1,0.4,0,0,0.6,0.7,0.3,0,0.9,2.1
MA0.4EA0.6Sn0.3Pb0.7Br1.2I1.8,0.4,0,0,0.6,0.7,0.3,0,1.2,1.8
MA0.4EA0.6Sn0.3Pb0.7Br1.5I1.5,0.4,0,0,0.6,0.7,0.3,0,1.5,1.5
MA0.4EA0.6Sn0.3Pb0.7Br1.8I1.2,0.4,0,0,0.6,0.7,0.3,0,1.8,1.2
MA0.4EA0.6Sn0.3Pb0.7Br2.1I0.9,0.4,0,0,0.6,0.7,0.3,0,2.1,0.9
MA0.4EA0.6Sn0.3Pb0.7Br2.4I0.6,0.4,0,0,0.6,0.7,0.3,0,2.4,0.6
MA0.4EA0.6Sn0.3Pb0.7Br2.7I0.3,0.4,0,0,0.6,0.7,0.3,0,2.7,0.3
MA0.4EA0.6Sn0.2Pb0.8Cl0.3Br2.7,0.4,0,0,0.6,0.8,0.2,0.3,2.7,0
MA0.4EA0.6Sn0.2Pb0.8Cl0.6Br2.4,0.4,0,0,0.6,0.8,0.2,0.6,2.4,0
MA0.4EA0.6Sn0.2Pb0.8Cl0.9Br2.1,0.4,0,0,0.6,0.8,0.2,0.9,2.1,0
MA0.4EA0.6Sn0.2Pb0.8Cl1.2Br1.8,0.4,0,0,0.6,0.8,0.2,1.2,1.8,0
MA0.4EA0.6Sn0.2Pb0.8Cl1.5Br1.5,0.4,0,0,0.6,0.8,0.2,1.5,1.5,0
MA0.4EA0.6Sn0.2Pb0.8Cl1.8Br1.2,0.4,0,0,0.6,0.8,0.2,1.8,1.2,0
MA0.4EA0.6Sn0.2Pb0.8Cl2.1Br0.9,0.4,0,0,0.6,0.8,0.2,2.1,0.9,0
MA0.4EA0.6Sn0.2Pb0.8Cl2.4Br0.6,0.4,0,0,0.6,0.8,0.2,2.4,0.6,0
MA0.4EA0.6Sn0.2Pb0.8Cl2.7Br0.3,0.4,0,0,0.6,0.8,0.2,2.7,0.3,0
MA0.4EA0.6Sn0.2Pb0.8Cl0.3I2.7,0.4,0,0,0.6,0.8,0.2,0.3,0,2.7
MA0.4EA0.6Sn0.2Pb0.8Cl0.6I2.4,0.4,0,0,0.6,0.8,0.2,0.6,0,2.4
MA0.4EA0.6Sn0.2Pb0.8Cl0.9I2.1,0.4,0,0,0.6,0.8,0.2,0.9,0,2.1
MA0.4EA0.6Sn0.2Pb0.8Cl1.2I1.8,0.4,0,0,0.6,0.8,0.2,1.2,0,1.8
MA0.4EA0.6Sn0.2Pb0.8Cl1.5I1.5,0.4,0,0,0.6,0.8,0.2,1.5,0,1.5
MA0.4EA0.6Sn0.2Pb0.8Cl1.8I1.2,0.4,0,0,0.6,0.8,0.2,1.8,0,1.2
MA0.4EA0.6Sn0.2Pb0.8Cl2.1I0.9,0.4,0,0,0.6,0.8,0.2,2.1,0,0.9
MA0.4EA0.6Sn0.2Pb0.8Cl2.4I0.6,0.4,0,0,0.6,0.8,0.2,2.4,0,0.6
MA0.4EA0.6Sn0.2Pb0.8Cl2.7I0.3,0.4,0,0,0.6,0.8,0.2,2.7,0,0.3
MA0.4EA0.6Sn0.2Pb0.8Br0.3I2.7,0.4,0,0,0.6,0.8,0.2,0,0.3,2.7
MA0.4EA0.6Sn0.2Pb0.8Br0.6I2.4,0.4,0,0,0.6,0.8,0.2,0,0.6,2.4
MA0.4EA0.6Sn0.2Pb0.8Br0.9I2.1,0.4,0,0,0.6,0.8,0.2,0,0.9,2.1
MA0.4EA0.6Sn0.2Pb0.8Br1.2I1.8,0.4,0,0,0.6,0.8,0.2,0,1.2,1.8
MA0.4EA0.6Sn0.2Pb0.8Br1.5I1.5,0.4,0,0,0.6,0.8,0.2,0,1.5,1.5
MA0.4EA0.6Sn0.2Pb0.8Br1.8I1.2,0.4,0,0,0.6,0.8,0.2,0,1.8,1.2
MA0.4EA0.6Sn0.2Pb0.8Br2.1I0.9,0.4,0,0,0.6,0.8,0.2,0,2.1,0.9
MA0.4EA0.6Sn0.2Pb0.8Br2.4I0.6,0.4,0,0,0.6,0.8,0.2,0,2.4,0.6
MA0.4EA0.6Sn0.2Pb0.8Br2.7I0.3,0.4,0,0,0.6,0.8,0.2,0,2.7,0.3
MA0.4EA0.6Sn0.1Pb0.9Cl0.3Br2.7,0.4,0,0,0.6,0.9,0.1,0.3,2.7,0
MA0.4EA0.6Sn0.1Pb0.9Cl0.6Br2.4,0.4,0,0,0.6,0.9,0.1,0.6,2.4,0
MA0.4EA0.6Sn0.1Pb0.9Cl0.9Br2.1,0.4,0,0,0.6,0.9,0.1,0.9,2.1,0
MA0.4EA0.6Sn0.1Pb0.9Cl1.2Br1.8,0.4,0,0,0.6,0.9,0.1,1.2,1.8,0
MA0.4EA0.6Sn0.1Pb0.9Cl1.5Br1.5,0.4,0,0,0.6,0.9,0.1,1.5,1.5,0
MA0.4EA0.6Sn0.1Pb0.9Cl1.8Br1.2,0.4,0,0,0.6,0.9,0.1,1.8,1.2,0
MA0.4EA0.6Sn0.1Pb0.9Cl2.1Br0.9,0.4,0,0,0.6,0.9,0.1,2.1,0.9,0
MA0.4EA0.6Sn0.1Pb0.9Cl2.4Br0.6,0.4,0,0,0.6,0.9,0.1,2.4,0.6,0
MA0.4EA0.6Sn0.1Pb0.9Cl2.7Br0.3,0.4,0,0,0.6,0.9,0.1,2.7,0.3,0
MA0.4EA0.6Sn0.1Pb0.9Cl0.3I2.7,0.4,0,0,0.6,0.9,0.1,0.3,0,2.7
MA0.4EA0.6Sn0.1Pb0.9Cl0.6I2.4,0.4,0,0,0.6,0.9,0.1,0.6,0,2.4
MA0.4EA0.6Sn0.1Pb0.9Cl0.9I2.1,0.4,0,0,0.6,0.9,0.1,0.9,0,2.1
MA0.4EA0.6Sn0.1Pb0.9Cl1.2I1.8,0.4,0,0,0.6,0.9,0.1,1.2,0,1.8
MA0.4EA0.6Sn0.1Pb0.9Cl1.5I1.5,0.4,0,0,0.6,0.9,0.1,1.5,0,1.5
MA0.4EA0.6Sn0.1Pb0.9Cl1.8I1.2,0.4,0,0,0.6,0.9,0.1,1.8,0,1.2
MA0.4EA0.6Sn0.1Pb0.9Cl2.1I0.9,0.4,0,0,0.6,0.9,0.1,2.1,0,0.9
MA0.4EA0.6Sn0.1Pb0.9Cl2.4I0.6,0.4,0,0,0.6,0.9,0.1,2.4,0,0.6
MA0.4EA0.6Sn0.1Pb0.9Cl2.7I0.3,0.4,0,0,0.6,0.9,0.1,2.7,0,0.3
MA0.4EA0.6Sn0.1Pb0.9Br0.3I2.7,0.4,0,0,0.6,0.9,0.1,0,0.3,2.7
MA0.4EA0.6Sn0.1Pb0.9Br0.6I2.4,0.4,0,0,0.6,0.9,0.1,0,0.6,2.4
MA0.4EA0.6Sn0.1Pb0.9Br0.9I2.1,0.4,0,0,0.6,0.9,0.1,0,0.9,2.1
MA0.4EA0.6Sn0.1Pb0.9Br1.2I1.8,0.4,0,0,0.6,0.9,0.1,0,1.2,1.8
MA0.4EA0.6Sn0.1Pb0.9Br1.5I1.5,0.4,0,0,0.6,0.9,0.1,0,1.5,1.5
MA0.4EA0.6Sn0.1Pb0.9Br1.8I1.2,0.4,0,0,0.6,0.9,0.1,0,1.8,1.2
MA0.4EA0.6Sn0.1Pb0.9Br2.1I0.9,0.4,0,0,0.6,0.9,0.1,0,2.1,0.9
MA0.4EA0.6Sn0.1Pb0.9Br2.4I0.6,0.4,0,0,0.6,0.9,0.1,0,2.4,0.6
MA0.4EA0.6Sn0.1Pb0.9Br2.7I0.3,0.4,0,0,0.6,0.9,0.1,0,2.7,0.3
MA0.5EA0.5Sn0.9Pb0.1Cl0.3Br2.7,0.5,0,0,0.5,0.1,0.9,0.3,2.7,0
MA0.5EA0.5Sn0.9Pb0.1Cl0.6Br2.4,0.5,0,0,0.5,0.1,0.9,0.6,2.4,0
MA0.5EA0.5Sn0.9Pb0.1Cl0.9Br2.1,0.5,0,0,0.5,0.1,0.9,0.9,2.1,0
MA0.5EA0.5Sn0.9Pb0.1Cl1.2Br1.8,0.5,0,0,0.5,0.1,0.9,1.2,1.8,0
MA0.5EA0.5Sn0.9Pb0.1Cl1.5Br1.5,0.5,0,0,0.5,0.1,0.9,1.5,1.5,0
MA0.5EA0.5Sn0.9Pb0.1Cl1.8Br1.2,0.5,0,0,0.5,0.1,0.9,1.8,1.2,0
MA0.5EA0.5Sn0.9Pb0.1Cl2.1Br0.9,0.5,0,0,0.5,0.1,0.9,2.1,0.9,0
MA0.5EA0.5Sn0.9Pb0.1Cl2.4Br0.6,0.5,0,0,0.5,0.1,0.9,2.4,0.6,0
MA0.5EA0.5Sn0.9Pb0.1Cl2.7Br0.3,0.5,0,0,0.5,0.1,0.9,2.7,0.3,0
MA0.5EA0.5Sn0.9Pb0.1Cl0.3I2.7,0.5,0,0,0.5,0.1,0.9,0.3,0,2.7
MA0.5EA0.5Sn0.9Pb0.1Cl0.6I2.4,0.5,0,0,0.5,0.1,0.9,0.6,0,2.4
MA0.5EA0.5Sn0.9Pb0.1Cl0.9I2.1,0.5,0,0,0.5,0.1,0.9,0.9,0,2.1
MA0.5EA0.5Sn0.9Pb0.1Cl1.2I1.8,0.5,0,0,0.5,0.1,0.9,1.2,0,1.8
MA0.5EA0.5Sn0.9Pb0.1Cl1.5I1.5,0.5,0,0,0.5,0.1,0.9,1.5,0,1.5
MA0.5EA0.5Sn0.9Pb0.1Cl1.8I1.2,0.5,0,0,0.5,0.1,0.9,1.8,0,1.2
MA0.5EA0.5Sn0.9Pb0.1Cl2.1I0.9,0.5,0,0,0.5,0.1,0.9,2.1,0,0.9
MA0.5EA0.5Sn0.9Pb0.1Cl2.4I0.6,0.5,0,0,0.5,0.1,0.9,2.4,0,0.6
MA0.5EA0.5Sn0.9Pb0.1Cl2.7I0.3,0.5,0,0,0.5,0.1,0.9,2.7,0,0.3
MA0.5EA0.5Sn0.9Pb0.1Br0.3I2.7,0.5,0,0,0.5,0.1,0.9,0,0.3,2.7
MA0.5EA0.5Sn0.9Pb0.1Br0.6I2.4,0.5,0,0,0.5,0.1,0.9,0,0.6,2.4
MA0.5EA0.5Sn0.9Pb0.1Br0.9I2.1,0.5,0,0,0.5,0.1,0.9,0,0.9,2.1
MA0.5EA0.5Sn0.9Pb0.1Br1.2I1.8,0.5,0,0,0.5,0.1,0.9,0,1.2,1.8
MA0.5EA0.5Sn0.9Pb0.1Br1.5I1.5,0.5,0,0,0.5,0.1,0.9,0,1.5,1.5
MA0.5EA0.5Sn0.9Pb0.1Br1.8I1.2,0.5,0,0,0.5,0.1,0.9,0,1.8,1.2
MA0.5EA0.5Sn0.9Pb0.1Br2.1I0.9,0.5,0,0,0.5,0.1,0.9,0,2.1,0.9
MA0.5EA0.5Sn0.9Pb0.1Br2.4I0.6,0.5,0,0,0.5,0.1,0.9,0,2.4,0.6
MA0.5EA0.5Sn0.9Pb0.1Br2.7I0.3,0.5,0,0,0.5,0.1,0.9,0,2.7,0.3
MA0.5EA0.5Sn0.8Pb0.2Cl0.3Br2.7,0.5,0,0,0.5,0.2,0.8,0.3,2.7,0
MA0.5EA0.5Sn0.8Pb0.2Cl0.6Br2.4,0.5,0,0,0.5,0.2,0.8,0.6,2.4,0
MA0.5EA0.5Sn0.8Pb0.2Cl0.9Br2.1,0.5,0,0,0.5,0.2,0.8,0.9,2.1,0
MA0.5EA0.5Sn0.8Pb0.2Cl1.2Br1.8,0.5,0,0,0.5,0.2,0.8,1.2,1.8,0
MA0.5EA0.5Sn0.8Pb0.2Cl1.5Br1.5,0.5,0,0,0.5,0.2,0.8,1.5,1.5,0
MA0.5EA0.5Sn0.8Pb0.2Cl1.8Br1.2,0.5,0,0,0.5,0.2,0.8,1.8,1.2,0
MA0.5EA0.5Sn0.8Pb0.2Cl2.1Br0.9,0.5,0,0,0.5,0.2,0.8,2.1,0.9,0
MA0.5EA0.5Sn0.8Pb0.2Cl2.4Br0.6,0.5,0,0,0.5,0.2,0.8,2.4,0.6,0
MA0.5EA0.5Sn0.8Pb0.2Cl2.7Br0.3,0.5,0,0,0.5,0.2,0.8,2.7,0.3,0
MA0.5EA0.5Sn0.8Pb0.2Cl0.3I2.7,0.5,0,0,0.5,0.2,0.8,0.3,0,2.7
MA0.5EA0.5Sn0.8Pb0.2Cl0.6I2.4,0.5,0,0,0.5,0.2,0.8,0.6,0,2.4
MA0.5EA0.5Sn0.8Pb0.2Cl0.9I2.1,0.5,0,0,0.5,0.2,0.8,0.9,0,2.1
MA0.5EA0.5Sn0.8Pb0.2Cl1.2I1.8,0.5,0,0,0.5,0.2,0.8,1.2,0,1.8
MA0.5EA0.5Sn0.8Pb0.2Cl1.5I1.5,0.5,0,0,0.5,0.2,0.8,1.5,0,1.5
MA0.5EA0.5Sn0.8Pb0.2Cl1.8I1.2,0.5,0,0,0.5,0.2,0.8,1.8,0,1.2
MA0.5EA0.5Sn0.8Pb0.2Cl2.1I0.9,0.5,0,0,0.5,0.2,0.8,2.1,0,0.9
MA0.5EA0.5Sn0.8Pb0.2Cl2.4I0.6,0.5,0,0,0.5,0.2,0.8,2.4,0,0.6
MA0.5EA0.5Sn0.8Pb0.2Cl2.7I0.3,0.5,0,0,0.5,0.2,0.8,2.7,0,0.3
MA0.5EA0.5Sn0.8Pb0.2Br0.3I2.7,0.5,0,0,0.5,0.2,0.8,0,0.3,2.7
MA0.5EA0.5Sn0.8Pb0.2Br0.6I2.4,0.5,0,0,0.5,0.2,0.8,0,0.6,2.4
MA0.5EA0.5Sn0.8Pb0.2Br0.9I2.1,0.5,0,0,0.5,0.2,0.8,0,0.9,2.1
MA0.5EA0.5Sn0.8Pb0.2Br1.2I1.8,0.5,0,0,0.5,0.2,0.8,0,1.2,1.8
MA0.5EA0.5Sn0.8Pb0.2Br1.5I1.5,0.5,0,0,0.5,0.2,0.8,0,1.5,1.5
MA0.5EA0.5Sn0.8Pb0.2Br1.8I1.2,0.5,0,0,0.5,0.2,0.8,0,1.8,1.2
MA0.5EA0.5Sn0.8Pb0.2Br2.1I0.9,0.5,0,0,0.5,0.2,0.8,0,2.1,0.9
MA0.5EA0.5Sn0.8Pb0.2Br2.4I0.6,0.5,0,0,0.5,0.2,0.8,0,2.4,0.6
MA0.5EA0.5Sn0.8Pb0.2Br2.7I0.3,0.5,0,0,0.5,0.2,0.8,0,2.7,0.3
MA0.5EA0.5Sn0.7Pb0.3Cl0.3Br2.7,0.5,0,0,0.5,0.3,0.7,0.3,2.7,0
MA0.5EA0.5Sn0.7Pb0.3Cl0.6Br2.4,0.5,0,0,0.5,0.3,0.7,0.6,2.4,0
MA0.5EA0.5Sn0.7Pb0.3Cl0.9Br2.1,0.5,0,0,0.5,0.3,0.7,0.9,2.1,0
MA0.5EA0.5Sn0.7Pb0.3Cl1.2Br1.8,0.5,0,0,0.5,0.3,0.7,1.2,1.8,0
MA0.5EA0.5Sn0.7Pb0.3Cl1.5Br1.5,0.5,0,0,0.5,0.3,0.7,1.5,1.5,0
MA0.5EA0.5Sn0.7Pb0.3Cl1.8Br1.2,0.5,0,0,0.5,0.3,0.7,1.8,1.2,0
MA0.5EA0.5Sn0.7Pb0.3Cl2.1Br0.9,0.5,0,0,0.5,0.3,0.7,2.1,0.9,0
MA0.5EA0.5Sn0.7Pb0.3Cl2.4Br0.6,0.5,0,0,0.5,0.3,0.7,2.4,0.6,0
MA0.5EA0.5Sn0.7Pb0.3Cl2.7Br0.3,0.5,0,0,0.5,0.3,0.7,2.7,0.3,0
MA0.5EA0.5Sn0.7Pb0.3Cl0.3I2.7,0.5,0,0,0.5,0.3,0.7,0.3,0,2.7
MA0.5EA0.5Sn0.7Pb0.3Cl0.6I2.4,0.5,0,0,0.5,0.3,0.7,0.6,0,2.4
MA0.5EA0.5Sn0.7Pb0.3Cl0.9I2.1,0.5,0,0,0.5,0.3,0.7,0.9,0,2.1
MA0.5EA0.5Sn0.7Pb0.3Cl1.2I1.8,0.5,0,0,0.5,0.3,0.7,1.2,0,1.8
MA0.5EA0.5Sn0.7Pb0.3Cl1.5I1.5,0.5,0,0,0.5,0.3,0.7,1.5,0,1.5
MA0.5EA0.5Sn0.7Pb0.3Cl1.8I1.2,0.5,0,0,0.5,0.3,0.7,1.8,0,1.2
MA0.5EA0.5Sn0.7Pb0.3Cl2.1I0.9,0.5,0,0,0.5,0.3,0.7,2.1,0,0.9
MA0.5EA0.5Sn0.7Pb0.3Cl2.4I0.6,0.5,0,0,0.5,0.3,0.7,2.4,0,0.6
MA0.5EA0.5Sn0.7Pb0.3Cl2.7I0.3,0.5,0,0,0.5,0.3,0.7,2.7,0,0.3
MA0.5EA0.5Sn0.7Pb0.3Br0.3I2.7,0.5,0,0,0.5,0.3,0.7,0,0.3,2.7
MA0.5EA0.5Sn0.7Pb0.3Br0.6I2.4,0.5,0,0,0.5,0.3,0.7,0,0.6,2.4
MA0.5EA0.5Sn0.7Pb0.3Br0.9I2.1,0.5,0,0,0.5,0.3,0.7,0,0.9,2.1
MA0.5EA0.5Sn0.7Pb0.3Br1.2I1.8,0.5,0,0,0.5,0.3,0.7,0,1.2,1.8
MA0.5EA0.5Sn0.7Pb0.3Br1.5I1.5,0.5,0,0,0.5,0.3,0.7,0,1.5,1.5
MA0.5EA0.5Sn0.7Pb0.3Br1.8I1.2,0.5,0,0,0.5,0.3,0.7,0,1.8,1.2
MA0.5EA0.5Sn0.7Pb0.3Br2.1I0.9,0.5,0,0,0.5,0.3,0.7,0,2.1,0.9
MA0.5EA0.5Sn0.7Pb0.3Br2.4I0.6,0.5,0,0,0.5,0.3,0.7,0,2.4,0.6
MA0.5EA0.5Sn0.7Pb0.3Br2.7I0.3,0.5,0,0,0.5,0.3,0.7,0,2.7,0.3
MA0.5EA0.5Sn0.6Pb0.4Cl0.3Br2.7,0.5,0,0,0.5,0.4,0.6,0.3,2.7,0
MA0.5EA0.5Sn0.6Pb0.4Cl0.6Br2.4,0.5,0,0,0.5,0.4,0.6,0.6,2.4,0
MA0.5EA0.5Sn0.6Pb0.4Cl0.9Br2.1,0.5,0,0,0.5,0.4,0.6,0.9,2.1,0
MA0.5EA0.5Sn0.6Pb0.4Cl1.2Br1.8,0.5,0,0,0.5,0.4,0.6,1.2,1.8,0
MA0.5EA0.5Sn0.6Pb0.4Cl1.5Br1.5,0.5,0,0,0.5,0.4,0.6,1.5,1.5,0
MA0.5EA0.5Sn0.6Pb0.4Cl1.8Br1.2,0.5,0,0,0.5,0.4,0.6,1.8,1.2,0
MA0.5EA0.5Sn0.6Pb0.4Cl2.1Br0.9,0.5,0,0,0.5,0.4,0.6,2.1,0.9,0
MA0.5EA0.5Sn0.6Pb0.4Cl2.4Br0.6,0.5,0,0,0.5,0.4,0.6,2.4,0.6,0
MA0.5EA0.5Sn0.6Pb0.4Cl2.7Br0.3,0.5,0,0,0.5,0.4,0.6,2.7,0.3,0
MA0.5EA0.5Sn0.6Pb0.4Cl0.3I2.7,0.5,0,0,0.5,0.4,0.6,0.3,0,2.7
MA0.5EA0.5Sn0.6Pb0.4Cl0.6I2.4,0.5,0,0,0.5,0.4,0.6,0.6,0,2.4
MA0.5EA0.5Sn0.6Pb0.4Cl0.9I2.1,0.5,0,0,0.5,0.4,0.6,0.9,0,2.1
MA0.5EA0.5Sn0.6Pb0.4Cl1.2I1.8,0.5,0,0,0.5,0.4,0.6,1.2,0,1.8
MA0.5EA0.5Sn0.6Pb0.4Cl1.5I1.5,0.5,0,0,0.5,0.4,0.6,1.5,0,1.5
MA0.5EA0.5Sn0.6Pb0.4Cl1.8I1.2,0.5,0,0,0.5,0.4,0.6,1.8,0,1.2
MA0.5EA0.5Sn0.6Pb0.4Cl2.1I0.9,0.5,0,0,0.5,0.4,0.6,2.1,0,0.9
MA0.5EA0.5Sn0.6Pb0.4Cl2.4I0.6,0.5,0,0,0.5,0.4,0.6,2.4,0,0.6
MA0.5EA0.5Sn0.6Pb0.4Cl2.7I0.3,0.5,0,0,0.5,0.4,0.6,2.7,0,0.3
MA0.5EA0.5Sn0.6Pb0.4Br0.3I2.7,0.5,0,0,0.5,0.4,0.6,0,0.3,2.7
MA0.5EA0.5Sn0.6Pb0.4Br0.6I2.4,0.5,0,0,0.5,0.4,0.6,0,0.6,2.4
MA0.5EA0.5Sn0.6Pb0.4Br0.9I2.1,0.5,0,0,0.5,0.4,0.6,0,0.9,2.1
MA0.5EA0.5Sn0.6Pb0.4Br1.2I1.8,0.5,0,0,0.5,0.4,0.6,0,1.2,1.8
MA0.5EA0.5Sn0.6Pb0.4Br1.5I1.5,0.5,0,0,0.5,0.4,0.6,0,1.5,1.5
MA0.5EA0.5Sn0.6Pb0.4Br1.8I1.2,0.5,0,0,0.5,0.4,0.6,0,1.8,1.2
MA0.5EA0.5Sn0.6Pb0.4Br2.1I0.9,0.5,0,0,0.5,0.4,0.6,0,2.1,0.9
MA0.5EA0.5Sn0.6Pb0.4Br2.4I0.6,0.5,0,0,0.5,0.4,0.6,0,2.4,0.6
MA0.5EA0.5Sn0.6Pb0.4Br2.7I0.3,0.5,0,0,0.5,0.4,0.6,0,2.7,0.3
MA0.5EA0.5Sn0.5Pb0.5Cl0.3Br2.7,0.5,0,0,0.5,0.5,0.5,0.3,2.7,0
MA0.5EA0.5Sn0.5Pb0.5Cl0.6Br2.4,0.5,0,0,0.5,0.5,0.5,0.6,2.4,0
MA0.5EA0.5Sn0.5Pb0.5Cl0.9Br2.1,0.5,0,0,0.5,0.5,0.5,0.9,2.1,0
MA0.5EA0.5Sn0.5Pb0.5Cl1.2Br1.8,0.5,0,0,0.5,0.5,0.5,1.2,1.8,0
MA0.5EA0.5Sn0.5Pb0.5Cl1.5Br1.5,0.5,0,0,0.5,0.5,0.5,1.5,1.5,0
MA0.5EA0.5Sn0.5Pb0.5Cl1.8Br1.2,0.5,0,0,0.5,0.5,0.5,1.8,1.2,0
MA0.5EA0.5Sn0.5Pb0.5Cl2.1Br0.9,0.5,0,0,0.5,0.5,0.5,2.1,0.9,0
MA0.5EA0.5Sn0.5Pb0.5Cl2.4Br0.6,0.5,0,0,0.5,0.5,0.5,2.4,0.6,0
MA0.5EA0.5Sn0.5Pb0.5Cl2.7Br0.3,0.5,0,0,0.5,0.5,0.5,2.7,0.3,0
MA0.5EA0.5Sn0.5Pb0.5Cl0.3I2.7,0.5,0,0,0.5,0.5,0.5,0.3,0,2.7
MA0.5EA0.5Sn0.5Pb0.5Cl0.6I2.4,0.5,0,0,0.5,0.5,0.5,0.6,0,2.4
MA0.5EA0.5Sn0.5Pb0.5Cl0.9I2.1,0.5,0,0,0.5,0.5,0.5,0.9,0,2.1
MA0.5EA0.5Sn0.5Pb0.5Cl1.2I1.8,0.5,0,0,0.5,0.5,0.5,1.2,0,1.8
MA0.5EA0.5Sn0.5Pb0.5Cl1.5I1.5,0.5,0,0,0.5,0.5,0.5,1.5,0,1.5
MA0.5EA0.5Sn0.5Pb0.5Cl1.8I1.2,0.5,0,0,0.5,0.5,0.5,1.8,0,1.2
MA0.5EA0.5Sn0.5Pb0.5Cl2.1I0.9,0.5,0,0,0.5,0.5,0.5,2.1,0,0.9
MA0.5EA0.5Sn0.5Pb0.5Cl2.4I0.6,0.5,0,0,0.5,0.5,0.5,2.4,0,0.6
MA0.5EA0.5Sn0.5Pb0.5Cl2.7I0.3,0.5,0,0,0.5,0.5,0.5,2.7,0,0.3
MA0.5EA0.5Sn0.5Pb0.5Br0.3I2.7,0.5,0,0,0.5,0.5,0.5,0,0.3,2.7
MA0.5EA0.5Sn0.5Pb0.5Br0.6I2.4,0.5,0,0,0.5,0.5,0.5,0,0.6,2.4
MA0.5EA0.5Sn0.5Pb0.5Br0.9I2.1,0.5,0,0,0.5,0.5,0.5,0,0.9,2.1
MA0.5EA0.5Sn0.5Pb0.5Br1.2I1.8,0.5,0,0,0.5,0.5,0.5,0,1.2,1.8
MA0.5EA0.5Sn0.5Pb0.5Br1.5I1.5,0.5,0,0,0.5,0.5,0.5,0,1.5,1.5
MA0.5EA0.5Sn0.5Pb0.5Br1.8I1.2,0.5,0,0,0.5,0.5,0.5,0,1.8,1.2
MA0.5EA0.5Sn0.5Pb0.5Br2.1I0.9,0.5,0,0,0.5,0.5,0.5,0,2.1,0.9
MA0.5EA0.5Sn0.5Pb0.5Br2.4I0.6,0.5,0,0,0.5,0.5,0.5,0,2.4,0.6
MA0.5EA0.5Sn0.5Pb0.5Br2.7I0.3,0.5,0,0,0.5,0.5,0.5,0,2.7,0.3
MA0.5EA0.5Sn0.4Pb0.6Cl0.3Br2.7,0.5,0,0,0.5,0.6,0.4,0.3,2.7,0
MA0.5EA0.5Sn0.4Pb0.6Cl0.6Br2.4,0.5,0,0,0.5,0.6,0.4,0.6,2.4,0
MA0.5EA0.5Sn0.4Pb0.6Cl0.9Br2.1,0.5,0,0,0.5,0.6,0.4,0.9,2.1,0
MA0.5EA0.5Sn0.4Pb0.6Cl1.2Br1.8,0.5,0,0,0.5,0.6,0.4,1.2,1.8,0
MA0.5EA0.5Sn0.4Pb0.6Cl1.5Br1.5,0.5,0,0,0.5,0.6,0.4,1.5,1.5,0
MA0.5EA0.5Sn0.4Pb0.6Cl1.8Br1.2,0.5,0,0,0.5,0.6,0.4,1.8,1.2,0
MA0.5EA0.5Sn0.4Pb0.6Cl2.1Br0.9,0.5,0,0,0.5,0.6,0.4,2.1,0.9,0
MA0.5EA0.5Sn0.4Pb0.6Cl2.4Br0.6,0.5,0,0,0.5,0.6,0.4,2.4,0.6,0
MA0.5EA0.5Sn0.4Pb0.6Cl2.7Br0.3,0.5,0,0,0.5,0.6,0.4,2.7,0.3,0
MA0.5EA0.5Sn0.4Pb0.6Cl0.3I2.7,0.5,0,0,0.5,0.6,0.4,0.3,0,2.7
MA0.5EA0.5Sn0.4Pb0.6Cl0.6I2.4,0.5,0,0,0.5,0.6,0.4,0.6,0,2.4
MA0.5EA0.5Sn0.4Pb0.6Cl0.9I2.1,0.5,0,0,0.5,0.6,0.4,0.9,0,2.1
MA0.5EA0.5Sn0.4Pb0.6Cl1.2I1.8,0.5,0,0,0.5,0.6,0.4,1.2,0,1.8
MA0.5EA0.5Sn0.4Pb0.6Cl1.5I1.5,0.5,0,0,0.5,0.6,0.4,1.5,0,1.5
MA0.5EA0.5Sn0.4Pb0.6Cl1.8I1.2,0.5,0,0,0.5,0.6,0.4,1.8,0,1.2
MA0.5EA0.5Sn0.4Pb0.6Cl2.1I0.9,0.5,0,0,0.5,0.6,0.4,2.1,0,0.9
MA0.5EA0.5Sn0.4Pb0.6Cl2.4I0.6,0.5,0,0,0.5,0.6,0.4,2.4,0,0.6
MA0.5EA0.5Sn0.4Pb0.6Cl2.7I0.3,0.5,0,0,0.5,0.6,0.4,2.7,0,0.3
MA0.5EA0.5Sn0.4Pb0.6Br0.3I2.7,0.5,0,0,0.5,0.6,0.4,0,0.3,2.7
MA0.5EA0.5Sn0.4Pb0.6Br0.6I2.4,0.5,0,0,0.5,0.6,0.4,0,0.6,2.4
MA0.5EA0.5Sn0.4Pb0.6Br0.9I2.1,0.5,0,0,0.5,0.6,0.4,0,0.9,2.1
MA0.5EA0.5Sn0.4Pb0.6Br1.2I1.8,0.5,0,0,0.5,0.6,0.4,0,1.2,1.8
MA0.5EA0.5Sn0.4Pb0.6Br1.5I1.5,0.5,0,0,0.5,0.6,0.4,0,1.5,1.5
MA0.5EA0.5Sn0.4Pb0.6Br1.8I1.2,0.5,0,0,0.5,0.6,0.4,0,1.8,1.2
MA0.5EA0.5Sn0.4Pb0.6Br2.1I0.9,0.5,0,0,0.5,0.6,0.4,0,2.1,0.9
MA0.5EA0.5Sn0.4Pb0.6Br2.4I0.6,0.5,0,0,0.5,0.6,0.4,0,2.4,0.6
MA0.5EA0.5Sn0.4Pb0.6Br2.7I0.3,0.5,0,0,0.5,0.6,0.4,0,2.7,0.3
MA0.5EA0.5Sn0.3Pb0.7Cl0.3Br2.7,0.5,0,0,0.5,0.7,0.3,0.3,2.7,0
MA0.5EA0.5Sn0.3Pb0.7Cl0.6Br2.4,0.5,0,0,0.5,0.7,0.3,0.6,2.4,0
MA0.5EA0.5Sn0.3Pb0.7Cl0.9Br2.1,0.5,0,0,0.5,0.7,0.3,0.9,2.1,0
MA0.5EA0.5Sn0.3Pb0.7Cl1.2Br1.8,0.5,0,0,0.5,0.7,0.3,1.2,1.8,0
MA0.5EA0.5Sn0.3Pb0.7Cl1.5Br1.5,0.5,0,0,0.5,0.7,0.3,1.5,1.5,0
MA0.5EA0.5Sn0.3Pb0.7Cl1.8Br1.2,0.5,0,0,0.5,0.7,0.3,1.8,1.2,0
MA0.5EA0.5Sn0.3Pb0.7Cl2.1Br0.9,0.5,0,0,0.5,0.7,0.3,2.1,0.9,0
MA0.5EA0.5Sn0.3Pb0.7Cl2.4Br0.6,0.5,0,0,0.5,0.7,0.3,2.4,0.6,0
MA0.5EA0.5Sn0.3Pb0.7Cl2.7Br0.3,0.5,0,0,0.5,0.7,0.3,2.7,0.3,0
MA0.5EA0.5Sn0.3Pb0.7Cl0.3I2.7,0.5,0,0,0.5,0.7,0.3,0.3,0,2.7
MA0.5EA0.5Sn0.3Pb0.7Cl0.6I2.4,0.5,0,0,0.5,0.7,0.3,0.6,0,2.4
MA0.5EA0.5Sn0.3Pb0.7Cl0.9I2.1,0.5,0,0,0.5,0.7,0.3,0.9,0,2.1
MA0.5EA0.5Sn0.3Pb0.7Cl1.2I1.8,0.5,0,0,0.5,0.7,0.3,1.2,0,1.8
MA0.5EA0.5Sn0.3Pb0.7Cl1.5I1.5,0.5,0,0,0.5,0.7,0.3,1.5,0,1.5
MA0.5EA0.5Sn0.3Pb0.7Cl1.8I1.2,0.5,0,0,0.5,0.7,0.3,1.8,0,1.2
MA0.5EA0.5Sn0.3Pb0.7Cl2.1I0.9,0.5,0,0,0.5,0.7,0.3,2.1,0,0.9
MA0.5EA0.5Sn0.3Pb0.7Cl2.4I0.6,0.5,0,0,0.5,0.7,0.3,2.4,0,0.6
MA0.5EA0.5Sn0.3Pb0.7Cl2.7I0.3,0.5,0,0,0.5,0.7,0.3,2.7,0,0.3
MA0.5EA0.5Sn0.3Pb0.7Br0.3I2.7,0.5,0,0,0.5,0.7,0.3,0,0.3,2.7
MA0.5EA0.5Sn0.3Pb0.7Br0.6I2.4,0.5,0,0,0.5,0.7,0.3,0,0.6,2.4
MA0.5EA0.5Sn0.3Pb0.7Br0.9I2.1,0.5,0,0,0.5,0.7,0.3,0,0.9,2.1
MA0.5EA0.5Sn0.3Pb0.7Br1.2I1.8,0.5,0,0,0.5,0.7,0.3,0,1.2,1.8
MA0.5EA0.5Sn0.3Pb0.7Br1.5I1.5,0.5,0,0,0.5,0.7,0.3,0,1.5,1.5
MA0.5EA0.5Sn0.3Pb0.7Br1.8I1.2,0.5,0,0,0.5,0.7,0.3,0,1.8,1.2
MA0.5EA0.5Sn0.3Pb0.7Br2.1I0.9,0.5,0,0,0.5,0.7,0.3,0,2.1,0.9
MA0.5EA0.5Sn0.3Pb0.7Br2.4I0.6,0.5,0,0,0.5,0.7,0.3,0,2.4,0.6
MA0.5EA0.5Sn0.3Pb0.7Br2.7I0.3,0.5,0,0,0.5,0.7,0.3,0,2.7,0.3
MA0.5EA0.5Sn0.2Pb0.8Cl0.3Br2.7,0.5,0,0,0.5,0.8,0.2,0.3,2.7,0
MA0.5EA0.5Sn0.2Pb0.8Cl0.6Br2.4,0.5,0,0,0.5,0.8,0.2,0.6,2.4,0
MA0.5EA0.5Sn0.2Pb0.8Cl0.9Br2.1,0.5,0,0,0.5,0.8,0.2,0.9,2.1,0
MA0.5EA0.5Sn0.2Pb0.8Cl1.2Br1.8,0.5,0,0,0.5,0.8,0.2,1.2,1.8,0
MA0.5EA0.5Sn0.2Pb0.8Cl1.5Br1.5,0.5,0,0,0.5,0.8,0.2,1.5,1.5,0
MA0.5EA0.5Sn0.2Pb0.8Cl1.8Br1.2,0.5,0,0,0.5,0.8,0.2,1.8,1.2,0
MA0.5EA0.5Sn0.2Pb0.8Cl2.1Br0.9,0.5,0,0,0.5,0.8,0.2,2.1,0.9,0
MA0.5EA0.5Sn0.2Pb0.8Cl2.4Br0.6,0.5,0,0,0.5,0.8,0.2,2.4,0.6,0
MA0.5EA0.5Sn0.2Pb0.8Cl2.7Br0.3,0.5,0,0,0.5,0.8,0.2,2.7,0.3,0
MA0.5EA0.5Sn0.2Pb0.8Cl0.3I2.7,0.5,0,0,0.5,0.8,0.2,0.3,0,2.7
MA0.5EA0.5Sn0.2Pb0.8Cl0.6I2.4,0.5,0,0,0.5,0.8,0.2,0.6,0,2.4
MA0.5EA0.5Sn0.2Pb0.8Cl0.9I2.1,0.5,0,0,0.5,0.8,0.2,0.9,0,2.1
MA0.5EA0.5Sn0.2Pb0.8Cl1.2I1.8,0.5,0,0,0.5,0.8,0.2,1.2,0,1.8
MA0.5EA0.5Sn0.2Pb0.8Cl1.5I1.5,0.5,0,0,0.5,0.8,0.2,1.5,0,1.5
MA0.5EA0.5Sn0.2Pb0.8Cl1.8I1.2,0.5,0,0,0.5,0.8,0.2,1.8,0,1.2
MA0.5EA0.5Sn0.2Pb0.8Cl2.1I0.9,0.5,0,0,0.5,0.8,0.2,2.1,0,0.9
MA0.5EA0.5Sn0.2Pb0.8Cl2.4I0.6,0.5,0,0,0.5,0.8,0.2,2.4,0,0.6
MA0.5EA0.5Sn0.2Pb0.8Cl2.7I0.3,0.5,0,0,0.5,0.8,0.2,2.7,0,0.3
MA0.5EA0.5Sn0.2Pb0.8Br0.3I2.7,0.5,0,0,0.5,0.8,0.2,0,0.3,2.7
MA0.5EA0.5Sn0.2Pb0.8Br0.6I2.4,0.5,0,0,0.5,0.8,0.2,0,0.6,2.4
MA0.5EA0.5Sn0.2Pb0.8Br0.9I2.1,0.5,0,0,0.5,0.8,0.2,0,0.9,2.1
MA0.5EA0.5Sn0.2Pb0.8Br1.2I1.8,0.5,0,0,0.5,0.8,0.2,0,1.2,1.8
MA0.5EA0.5Sn0.2Pb0.8Br1.5I1.5,0.5,0,0,0.5,0.8,0.2,0,1.5,1.5
MA0.5EA0.5Sn0.2Pb0.8Br1.8I1.2,0.5,0,0,0.5,0.8,0.2,0,1.8,1.2
MA0.5EA0.5Sn0.2Pb0.8Br2.1I0.9,0.5,0,0,0.5,0.8,0.2,0,2.1,0.9
MA0.5EA0.5Sn0.2Pb0.8Br2.4I0.6,0.5,0,0,0.5,0.8,0.2,0,2.4,0.6
MA0.5EA0.5Sn0.2Pb0.8Br2.7I0.3,0.5,0,0,0.5,0.8,0.2,0,2.7,0.3
MA0.5EA0.5Sn0.1Pb0.9Cl0.3Br2.7,0.5,0,0,0.5,0.9,0.1,0.3,2.7,0
MA0.5EA0.5Sn0.1Pb0.9Cl0.6Br2.4,0.5,0,0,0.5,0.9,0.1,0.6,2.4,0
MA0.5EA0.5Sn0.1Pb0.9Cl0.9Br2.1,0.5,0,0,0.5,0.9,0.1,0.9,2.1,0
MA0.5EA0.5Sn0.1Pb0.9Cl1.2Br1.8,0.5,0,0,0.5,0.9,0.1,1.2,1.8,0
MA0.5EA0.5Sn0.1Pb0.9Cl1.5Br1.5,0.5,0,0,0.5,0.9,0.1,1.5,1.5,0
MA0.5EA0.5Sn0.1Pb0.9Cl1.8Br1.2,0.5,0,0,0.5,0.9,0.1,1.8,1.2,0
MA0.5EA0.5Sn0.1Pb0.9Cl2.1Br0.9,0.5,0,0,0.5,0.9,0.1,2.1,0.9,0
MA0.5EA0.5Sn0.1Pb0.9Cl2.4Br0.6,0.5,0,0,0.5,0.9,0.1,2.4,0.6,0
MA0.5EA0.5Sn0.1Pb0.9Cl2.7Br0.3,0.5,0,0,0.5,0.9,0.1,2.7,0.3,0
MA0.5EA0.5Sn0.1Pb0.9Cl0.3I2.7,0.5,0,0,0.5,0.9,0.1,0.3,0,2.7
MA0.5EA0.5Sn0.1Pb0.9Cl0.6I2.4,0.5,0,0,0.5,0.9,0.1,0.6,0,2.4
MA0.5EA0.5Sn0.1Pb0.9Cl0.9I2.1,0.5,0,0,0.5,0.9,0.1,0.9,0,2.1
MA0.5EA0.5Sn0.1Pb0.9Cl1.2I1.8,0.5,0,0,0.5,0.9,0.1,1.2,0,1.8
MA0.5EA0.5Sn0.1Pb0.9Cl1.5I1.5,0.5,0,0,0.5,0.9,0.1,1.5,0,1.5
MA0.5EA0.5Sn0.1Pb0.9Cl1.8I1.2,0.5,0,0,0.5,0.9,0.1,1.8,0,1.2
MA0.5EA0.5Sn0.1Pb0.9Cl2.1I0.9,0.5,0,0,0.5,0.9,0.1,2.1,0,0.9
MA0.5EA0.5Sn0.1Pb0.9Cl2.4I0.6,0.5,0,0,0.5,0.9,0.1,2.4,0,0.6
MA0.5EA0.5Sn0.1Pb0.9Cl2.7I0.3,0.5,0,0,0.5,0.9,0.1,2.7,0,0.3
MA0.5EA0.5Sn0.1Pb0.9Br0.3I2.7,0.5,0,0,0.5,0.9,0.1,0,0.3,2.7
MA0.5EA0.5Sn0.1Pb0.9Br0.6I2.4,0.5,0,0,0.5,0.9,0.1,0,0.6,2.4
MA0.5EA0.5Sn0.1Pb0.9Br0.9I2.1,0.5,0,0,0.5,0.9,0.1,0,0.9,2.1
MA0.5EA0.5Sn0.1Pb0.9Br1.2I1.8,0.5,0,0,0.5,0.9,0.1,0,1.2,1.8
MA0.5EA0.5Sn0.1Pb0.9Br1.5I1.5,0.5,0,0,0.5,0.9,0.1,0,1.5,1.5
MA0.5EA0.5Sn0.1Pb0.9Br1.8I1.2,0.5,0,0,0.5,0.9,0.1,0,1.8,1.2
MA0.5EA0.5Sn0.1Pb0.9Br2.1I0.9,0.5,0,0,0.5,0.9,0.1,0,2.1,0.9
MA0.5EA0.5Sn0.1Pb0.9Br2.4I0.6,0.5,0,0,0.5,0.9,0.1,0,2.4,0.6
MA0.5EA0.5Sn0.1Pb0.9Br2.7I0.3,0.5,0,0,0.5,0.9,0.1,0,2.7,0.3
MA0.6EA0.4Sn0.9Pb0.1Cl0.3Br2.7,0.6,0,0,0.4,0.1,0.9,0.3,2.7,0
MA0.6EA0.4Sn0.9Pb0.1Cl0.6Br2.4,0.6,0,0,0.4,0.1,0.9,0.6,2.4,0
MA0.6EA0.4Sn0.9Pb0.1Cl0.9Br2.1,0.6,0,0,0.4,0.1,0.9,0.9,2.1,0
MA0.6EA0.4Sn0.9Pb0.1Cl1.2Br1.8,0.6,0,0,0.4,0.1,0.9,1.2,1.8,0
MA0.6EA0.4Sn0.9Pb0.1Cl1.5Br1.5,0.6,0,0,0.4,0.1,0.9,1.5,1.5,0
MA0.6EA0.4Sn0.9Pb0.1Cl1.8Br1.2,0.6,0,0,0.4,0.1,0.9,1.8,1.2,0
MA0.6EA0.4Sn0.9Pb0.1Cl2.1Br0.9,0.6,0,0,0.4,0.1,0.9,2.1,0.9,0
MA0.6EA0.4Sn0.9Pb0.1Cl2.4Br0.6,0.6,0,0,0.4,0.1,0.9,2.4,0.6,0
MA0.6EA0.4Sn0.9Pb0.1Cl2.7Br0.3,0.6,0,0,0.4,0.1,0.9,2.7,0.3,0
MA0.6EA0.4Sn0.9Pb0.1Cl0.3I2.7,0.6,0,0,0.4,0.1,0.9,0.3,0,2.7
MA0.6EA0.4Sn0.9Pb0.1Cl0.6I2.4,0.6,0,0,0.4,0.1,0.9,0.6,0,2.4
MA0.6EA0.4Sn0.9Pb0.1Cl0.9I2.1,0.6,0,0,0.4,0.1,0.9,0.9,0,2.1
MA0.6EA0.4Sn0.9Pb0.1Cl1.2I1.8,0.6,0,0,0.4,0.1,0.9,1.2,0,1.8
MA0.6EA0.4Sn0.9Pb0.1Cl1.5I1.5,0.6,0,0,0.4,0.1,0.9,1.5,0,1.5
MA0.6EA0.4Sn0.9Pb0.1Cl1.8I1.2,0.6,0,0,0.4,0.1,0.9,1.8,0,1.2
MA0.6EA0.4Sn0.9Pb0.1Cl2.1I0.9,0.6,0,0,0.4,0.1,0.9,2.1,0,0.9
MA0.6EA0.4Sn0.9Pb0.1Cl2.4I0.6,0.6,0,0,0.4,0.1,0.9,2.4,0,0.6
MA0.6EA0.4Sn0.9Pb0.1Cl2.7I0.3,0.6,0,0,0.4,0.1,0.9,2.7,0,0.3
MA0.6EA0.4Sn0.9Pb0.1Br0.3I2.7,0.6,0,0,0.4,0.1,0.9,0,0.3,2.7
MA0.6EA0.4Sn0.9Pb0.1Br0.6I2.4,0.6,0,0,0.4,0.1,0.9,0,0.6,2.4
MA0.6EA0.4Sn0.9Pb0.1Br0.9I2.1,0.6,0,0,0.4,0.1,0.9,0,0.9,2.1
MA0.6EA0.4Sn0.9Pb0.1Br1.2I1.8,0.6,0,0,0.4,0.1,0.9,0,1.2,1.8
MA0.6EA0.4Sn0.9Pb0.1Br1.5I1.5,0.6,0,0,0.4,0.1,0.9,0,1.5,1.5
MA0.6EA0.4Sn0.9Pb0.1Br1.8I1.2,0.6,0,0,0.4,0.1,0.9,0,1.8,1.2
MA0.6EA0.4Sn0.9Pb0.1Br2.1I0.9,0.6,0,0,0.4,0.1,0.9,0,2.1,0.9
MA0.6EA0.4Sn0.9Pb0.1Br2.4I0.6,0.6,0,0,0.4,0.1,0.9,0,2.4,0.6
MA0.6EA0.4Sn0.9Pb0.1Br2.7I0.3,0.6,0,0,0.4,0.1,0.9,0,2.7,0.3
MA0.6EA0.4Sn0.8Pb0.2Cl0.3Br2.7,0.6,0,0,0.4,0.2,0.8,0.3,2.7,0
MA0.6EA0.4Sn0.8Pb0.2Cl0.6Br2.4,0.6,0,0,0.4,0.2,0.8,0.6,2.4,0
MA0.6EA0.4Sn0.8Pb0.2Cl0.9Br2.1,0.6,0,0,0.4,0.2,0.8,0.9,2.1,0
MA0.6EA0.4Sn0.8Pb0.2Cl1.2Br1.8,0.6,0,0,0.4,0.2,0.8,1.2,1.8,0
MA0.6EA0.4Sn0.8Pb0.2Cl1.5Br1.5,0.6,0,0,0.4,0.2,0.8,1.5,1.5,0
MA0.6EA0.4Sn0.8Pb0.2Cl1.8Br1.2,0.6,0,0,0.4,0.2,0.8,1.8,1.2,0
MA0.6EA0.4Sn0.8Pb0.2Cl2.1Br0.9,0.6,0,0,0.4,0.2,0.8,2.1,0.9,0
MA0.6EA0.4Sn0.8Pb0.2Cl2.4Br0.6,0.6,0,0,0.4,0.2,0.8,2.4,0.6,0
MA0.6EA0.4Sn0.8Pb0.2Cl2.7Br0.3,0.6,0,0,0.4,0.2,0.8,2.7,0.3,0
MA0.6EA0.4Sn0.8Pb0.2Cl0.3I2.7,0.6,0,0,0.4,0.2,0.8,0.3,0,2.7
MA0.6EA0.4Sn0.8Pb0.2Cl0.6I2.4,0.6,0,0,0.4,0.2,0.8,0.6,0,2.4
MA0.6EA0.4Sn0.8Pb0.2Cl0.9I2.1,0.6,0,0,0.4,0.2,0.8,0.9,0,2.1
MA0.6EA0.4Sn0.8Pb0.2Cl1.2I1.8,0.6,0,0,0.4,0.2,0.8,1.2,0,1.8
MA0.6EA0.4Sn0.8Pb0.2Cl1.5I1.5,0.6,0,0,0.4,0.2,0.8,1.5,0,1.5
MA0.6EA0.4Sn0.8Pb0.2Cl1.8I1.2,0.6,0,0,0.4,0.2,0.8,1.8,0,1.2
MA0.6EA0.4Sn0.8Pb0.2Cl2.1I0.9,0.6,0,0,0.4,0.2,0.8,2.1,0,0.9
MA0.6EA0.4Sn0.8Pb0.2Cl2.4I0.6,0.6,0,0,0.4,0.2,0.8,2.4,0,0.6
MA0.6EA0.4Sn0.8Pb0.2Cl2.7I0.3,0.6,0,0,0.4,0.2,0.8,2.7,0,0.3
MA0.6EA0.4Sn0.8Pb0.2Br0.3I2.7,0.6,0,0,0.4,0.2,0.8,0,0.3,2.7
MA0.6EA0.4Sn0.8Pb0.2Br0.6I2.4,0.6,0,0,0.4,0.2,0.8,0,0.6,2.4
MA0.6EA0.4Sn0.8Pb0.2Br0.9I2.1,0.6,0,0,0.4,0.2,0.8,0,0.9,2.1
MA0.6EA0.4Sn0.8Pb0.2Br1.2I1.8,0.6,0,0,0.4,0.2,0.8,0,1.2,1.8
MA0.6EA0.4Sn0.8Pb0.2Br1.5I1.5,0.6,0,0,0.4,0.2,0.8,0,1.5,1.5
MA0.6EA0.4Sn0.8Pb0.2Br1.8I1.2,0.6,0,0,0.4,0.2,0.8,0,1.8,1.2
MA0.6EA0.4Sn0.8Pb0.2Br2.1I0.9,0.6,0,0,0.4,0.2,0.8,0,2.1,0.9
MA0.6EA0.4Sn0.8Pb0.2Br2.4I0.6,0.6,0,0,0.4,0.2,0.8,0,2.4,0.6
MA0.6EA0.4Sn0.8Pb0.2Br2.7I0.3,0.6,0,0,0.4,0.2,0.8,0,2.7,0.3
MA0.6EA0.4Sn0.7Pb0.3Cl0.3Br2.7,0.6,0,0,0.4,0.3,0.7,0.3,2.7,0
MA0.6EA0.4Sn0.7Pb0.3Cl0.6Br2.4,0.6,0,0,0.4,0.3,0.7,0.6,2.4,0
MA0.6EA0.4Sn0.7Pb0.3Cl0.9Br2.1,0.6,0,0,0.4,0.3,0.7,0.9,2.1,0
MA0.6EA0.4Sn0.7Pb0.3Cl1.2Br1.8,0.6,0,0,0.4,0.3,0.7,1.2,1.8,0
MA0.6EA0.4Sn0.7Pb0.3Cl1.5Br1.5,0.6,0,0,0.4,0.3,0.7,1.5,1.5,0
MA0.6EA0.4Sn0.7Pb0.3Cl1.8Br1.2,0.6,0,0,0.4,0.3,0.7,1.8,1.2,0
MA0.6EA0.4Sn0.7Pb0.3Cl2.1Br0.9,0.6,0,0,0.4,0.3,0.7,2.1,0.9,0
MA0.6EA0.4Sn0.7Pb0.3Cl2.4Br0.6,0.6,0,0,0.4,0.3,0.7,2.4,0.6,0
MA0.6EA0.4Sn0.7Pb0.3Cl2.7Br0.3,0.6,0,0,0.4,0.3,0.7,2.7,0.3,0
MA0.6EA0.4Sn0.7Pb0.3Cl0.3I2.7,0.6,0,0,0.4,0.3,0.7,0.3,0,2.7
MA0.6EA0.4Sn0.7Pb0.3Cl0.6I2.4,0.6,0,0,0.4,0.3,0.7,0.6,0,2.4
MA0.6EA0.4Sn0.7Pb0.3Cl0.9I2.1,0.6,0,0,0.4,0.3,0.7,0.9,0,2.1
MA0.6EA0.4Sn0.7Pb0.3Cl1.2I1.8,0.6,0,0,0.4,0.3,0.7,1.2,0,1.8
MA0.6EA0.4Sn0.7Pb0.3Cl1.5I1.5,0.6,0,0,0.4,0.3,0.7,1.5,0,1.5
MA0.6EA0.4Sn0.7Pb0.3Cl1.8I1.2,0.6,0,0,0.4,0.3,0.7,1.8,0,1.2
MA0.6EA0.4Sn0.7Pb0.3Cl2.1I0.9,0.6,0,0,0.4,0.3,0.7,2.1,0,0.9
MA0.6EA0.4Sn0.7Pb0.3Cl2.4I0.6,0.6,0,0,0.4,0.3,0.7,2.4,0,0.6
MA0.6EA0.4Sn0.7Pb0.3Cl2.7I0.3,0.6,0,0,0.4,0.3,0.7,2.7,0,0.3
MA0.6EA0.4Sn0.7Pb0.3Br0.3I2.7,0.6,0,0,0.4,0.3,0.7,0,0.3,2.7
MA0.6EA0.4Sn0.7Pb0.3Br0.6I2.4,0.6,0,0,0.4,0.3,0.7,0,0.6,2.4
MA0.6EA0.4Sn0.7Pb0.3Br0.9I2.1,0.6,0,0,0.4,0.3,0.7,0,0.9,2.1
MA0.6EA0.4Sn0.7Pb0.3Br1.2I1.8,0.6,0,0,0.4,0.3,0.7,0,1.2,1.8
MA0.6EA0.4Sn0.7Pb0.3Br1.5I1.5,0.6,0,0,0.4,0.3,0.7,0,1.5,1.5
MA0.6EA0.4Sn0.7Pb0.3Br1.8I1.2,0.6,0,0,0.4,0.3,0.7,0,1.8,1.2
MA0.6EA0.4Sn0.7Pb0.3Br2.1I0.9,0.6,0,0,0.4,0.3,0.7,0,2.1,0.9
MA0.6EA0.4Sn0.7Pb0.3Br2.4I0.6,0.6,0,0,0.4,0.3,0.7,0,2.4,0.6
MA0.6EA0.4Sn0.7Pb0.3Br2.7I0.3,0.6,0,0,0.4,0.3,0.7,0,2.7,0.3
MA0.6EA0.4Sn0.6Pb0.4Cl0.3Br2.7,0.6,0,0,0.4,0.4,0.6,0.3,2.7,0
MA0.6EA0.4Sn0.6Pb0.4Cl0.6Br2.4,0.6,0,0,0.4,0.4,0.6,0.6,2.4,0
MA0.6EA0.4Sn0.6Pb0.4Cl0.9Br2.1,0.6,0,0,0.4,0.4,0.6,0.9,2.1,0
MA0.6EA0.4Sn0.6Pb0.4Cl1.2Br1.8,0.6,0,0,0.4,0.4,0.6,1.2,1.8,0
MA0.6EA0.4Sn0.6Pb0.4Cl1.5Br1.5,0.6,0,0,0.4,0.4,0.6,1.5,1.5,0
MA0.6EA0.4Sn0.6Pb0.4Cl1.8Br1.2,0.6,0,0,0.4,0.4,0.6,1.8,1.2,0
MA0.6EA0.4Sn0.6Pb0.4Cl2.1Br0.9,0.6,0,0,0.4,0.4,0.6,2.1,0.9,0
MA0.6EA0.4Sn0.6Pb0.4Cl2.4Br0.6,0.6,0,0,0.4,0.4,0.6,2.4,0.6,0
MA0.6EA0.4Sn0.6Pb0.4Cl2.7Br0.3,0.6,0,0,0.4,0.4,0.6,2.7,0.3,0
MA0.6EA0.4Sn0.6Pb0.4Cl0.3I2.7,0.6,0,0,0.4,0.4,0.6,0.3,0,2.7
MA0.6EA0.4Sn0.6Pb0.4Cl0.6I2.4,0.6,0,0,0.4,0.4,0.6,0.6,0,2.4
MA0.6EA0.4Sn0.6Pb0.4Cl0.9I2.1,0.6,0,0,0.4,0.4,0.6,0.9,0,2.1
MA0.6EA0.4Sn0.6Pb0.4Cl1.2I1.8,0.6,0,0,0.4,0.4,0.6,1.2,0,1.8
MA0.6EA0.4Sn0.6Pb0.4Cl1.5I1.5,0.6,0,0,0.4,0.4,0.6,1.5,0,1.5
MA0.6EA0.4Sn0.6Pb0.4Cl1.8I1.2,0.6,0,0,0.4,0.4,0.6,1.8,0,1.2
MA0.6EA0.4Sn0.6Pb0.4Cl2.1I0.9,0.6,0,0,0.4,0.4,0.6,2.1,0,0.9
MA0.6EA0.4Sn0.6Pb0.4Cl2.4I0.6,0.6,0,0,0.4,0.4,0.6,2.4,0,0.6
MA0.6EA0.4Sn0.6Pb0.4Cl2.7I0.3,0.6,0,0,0.4,0.4,0.6,2.7,0,0.3
MA0.6EA0.4Sn0.6Pb0.4Br0.3I2.7,0.6,0,0,0.4,0.4,0.6,0,0.3,2.7
MA0.6EA0.4Sn0.6Pb0.4Br0.6I2.4,0.6,0,0,0.4,0.4,0.6,0,0.6,2.4
MA0.6EA0.4Sn0.6Pb0.4Br0.9I2.1,0.6,0,0,0.4,0.4,0.6,0,0.9,2.1
MA0.6EA0.4Sn0.6Pb0.4Br1.2I1.8,0.6,0,0,0.4,0.4,0.6,0,1.2,1.8
MA0.6EA0.4Sn0.6Pb0.4Br1.5I1.5,0.6,0,0,0.4,0.4,0.6,0,1.5,1.5
MA0.6EA0.4Sn0.6Pb0.4Br1.8I1.2,0.6,0,0,0.4,0.4,0.6,0,1.8,1.2
MA0.6EA0.4Sn0.6Pb0.4Br2.1I0.9,0.6,0,0,0.4,0.4,0.6,0,2.1,0.9
MA0.6EA0.4Sn0.6Pb0.4Br2.4I0.6,0.6,0,0,0.4,0.4,0.6,0,2.4,0.6
MA0.6EA0.4Sn0.6Pb0.4Br2.7I0.3,0.6,0,0,0.4,0.4,0.6,0,2.7,0.3
MA0.6EA0.4Sn0.5Pb0.5Cl0.3Br2.7,0.6,0,0,0.4,0.5,0.5,0.3,2.7,0
MA0.6EA0.4Sn0.5Pb0.5Cl0.6Br2.4,0.6,0,0,0.4,0.5,0.5,0.6,2.4,0
MA0.6EA0.4Sn0.5Pb0.5Cl0.9Br2.1,0.6,0,0,0.4,0.5,0.5,0.9,2.1,0
MA0.6EA0.4Sn0.5Pb0.5Cl1.2Br1.8,0.6,0,0,0.4,0.5,0.5,1.2,1.8,0
MA0.6EA0.4Sn0.5Pb0.5Cl1.5Br1.5,0.6,0,0,0.4,0.5,0.5,1.5,1.5,0
MA0.6EA0.4Sn0.5Pb0.5Cl1.8Br1.2,0.6,0,0,0.4,0.5,0.5,1.8,1.2,0
MA0.6EA0.4Sn0.5Pb0.5Cl2.1Br0.9,0.6,0,0,0.4,0.5,0.5,2.1,0.9,0
MA0.6EA0.4Sn0.5Pb0.5Cl2.4Br0.6,0.6,0,0,0.4,0.5,0.5,2.4,0.6,0
MA0.6EA0.4Sn0.5Pb0.5Cl2.7Br0.3,0.6,0,0,0.4,0.5,0.5,2.7,0.3,0
MA0.6EA0.4Sn0.5Pb0.5Cl0.3I2.7,0.6,0,0,0.4,0.5,0.5,0.3,0,2.7
MA0.6EA0.4Sn0.5Pb0.5Cl0.6I2.4,0.6,0,0,0.4,0.5,0.5,0.6,0,2.4
MA0.6EA0.4Sn0.5Pb0.5Cl0.9I2.1,0.6,0,0,0.4,0.5,0.5,0.9,0,2.1
MA0.6EA0.4Sn0.5Pb0.5Cl1.2I1.8,0.6,0,0,0.4,0.5,0.5,1.2,0,1.8
MA0.6EA0.4Sn0.5Pb0.5Cl1.5I1.5,0.6,0,0,0.4,0.5,0.5,1.5,0,1.5
MA0.6EA0.4Sn0.5Pb0.5Cl1.8I1.2,0.6,0,0,0.4,0.5,0.5,1.8,0,1.2
MA0.6EA0.4Sn0.5Pb0.5Cl2.1I0.9,0.6,0,0,0.4,0.5,0.5,2.1,0,0.9
MA0.6EA0.4Sn0.5Pb0.5Cl2.4I0.6,0.6,0,0,0.4,0.5,0.5,2.4,0,0.6
MA0.6EA0.4Sn0.5Pb0.5Cl2.7I0.3,0.6,0,0,0.4,0.5,0.5,2.7,0,0.3
MA0.6EA0.4Sn0.5Pb0.5Br0.3I2.7,0.6,0,0,0.4,0.5,0.5,0,0.3,2.7
MA0.6EA0.4Sn0.5Pb0.5Br0.6I2.4,0.6,0,0,0.4,0.5,0.5,0,0.6,2.4
MA0.6EA0.4Sn0.5Pb0.5Br0.9I2.1,0.6,0,0,0.4,0.5,0.5,0,0.9,2.1
MA0.6EA0.4Sn0.5Pb0.5Br1.2I1.8,0.6,0,0,0.4,0.5,0.5,0,1.2,1.8
MA0.6EA0.4Sn0.5Pb0.5Br1.5I1.5,0.6,0,0,0.4,0.5,0.5,0,1.5,1.5
MA0.6EA0.4Sn0.5Pb0.5Br1.8I1.2,0.6,0,0,0.4,0.5,0.5,0,1.8,1.2
MA0.6EA0.4Sn0.5Pb0.5Br2.1I0.9,0.6,0,0,0.4,0.5,0.5,0,2.1,0.9
MA0.6EA0.4Sn0.5Pb0.5Br2.4I0.6,0.6,0,0,0.4,0.5,0.5,0,2.4,0.6
MA0.6EA0.4Sn0.5Pb0.5Br2.7I0.3,0.6,0,0,0.4,0.5,0.5,0,2.7,0.3
MA0.6EA0.4Sn0.4Pb0.6Cl0.3Br2.7,0.6,0,0,0.4,0.6,0.4,0.3,2.7,0
MA0.6EA0.4Sn0.4Pb0.6Cl0.6Br2.4,0.6,0,0,0.4,0.6,0.4,0.6,2.4,0
MA0.6EA0.4Sn0.4Pb0.6Cl0.9Br2.1,0.6,0,0,0.4,0.6,0.4,0.9,2.1,0
MA0.6EA0.4Sn0.4Pb0.6Cl1.2Br1.8,0.6,0,0,0.4,0.6,0.4,1.2,1.8,0
MA0.6EA0.4Sn0.4Pb0.6Cl1.5Br1.5,0.6,0,0,0.4,0.6,0.4,1.5,1.5,0
MA0.6EA0.4Sn0.4Pb0.6Cl1.8Br1.2,0.6,0,0,0.4,0.6,0.4,1.8,1.2,0
MA0.6EA0.4Sn0.4Pb0.6Cl2.1Br0.9,0.6,0,0,0.4,0.6,0.4,2.1,0.9,0
MA0.6EA0.4Sn0.4Pb0.6Cl2.4Br0.6,0.6,0,0,0.4,0.6,0.4,2.4,0.6,0
MA0.6EA0.4Sn0.4Pb0.6Cl2.7Br0.3,0.6,0,0,0.4,0.6,0.4,2.7,0.3,0
MA0.6EA0.4Sn0.4Pb0.6Cl0.3I2.7,0.6,0,0,0.4,0.6,0.4,0.3,0,2.7
MA0.6EA0.4Sn0.4Pb0.6Cl0.6I2.4,0.6,0,0,0.4,0.6,0.4,0.6,0,2.4
MA0.6EA0.4Sn0.4Pb0.6Cl0.9I2.1,0.6,0,0,0.4,0.6,0.4,0.9,0,2.1
MA0.6EA0.4Sn0.4Pb0.6Cl1.2I1.8,0.6,0,0,0.4,0.6,0.4,1.2,0,1.8
MA0.6EA0.4Sn0.4Pb0.6Cl1.5I1.5,0.6,0,0,0.4,0.6,0.4,1.5,0,1.5
MA0.6EA0.4Sn0.4Pb0.6Cl1.8I1.2,0.6,0,0,0.4,0.6,0.4,1.8,0,1.2
MA0.6EA0.4Sn0.4Pb0.6Cl2.1I0.9,0.6,0,0,0.4,0.6,0.4,2.1,0,0.9
MA0.6EA0.4Sn0.4Pb0.6Cl2.4I0.6,0.6,0,0,0.4,0.6,0.4,2.4,0,0.6
MA0.6EA0.4Sn0.4Pb0.6Cl2.7I0.3,0.6,0,0,0.4,0.6,0.4,2.7,0,0.3
MA0.6EA0.4Sn0.4Pb0.6Br0.3I2.7,0.6,0,0,0.4,0.6,0.4,0,0.3,2.7
MA0.6EA0.4Sn0.4Pb0.6Br0.6I2.4,0.6,0,0,0.4,0.6,0.4,0,0.6,2.4
MA0.6EA0.4Sn0.4Pb0.6Br0.9I2.1,0.6,0,0,0.4,0.6,0.4,0,0.9,2.1
MA0.6EA0.4Sn0.4Pb0.6Br1.2I1.8,0.6,0,0,0.4,0.6,0.4,0,1.2,1.8
MA0.6EA0.4Sn0.4Pb0.6Br1.5I1.5,0.6,0,0,0.4,0.6,0.4,0,1.5,1.5
MA0.6EA0.4Sn0.4Pb0.6Br1.8I1.2,0.6,0,0,0.4,0.6,0.4,0,1.8,1.2
MA0.6EA0.4Sn0.4Pb0.6Br2.1I0.9,0.6,0,0,0.4,0.6,0.4,0,2.1,0.9
MA0.6EA0.4Sn0.4Pb0.6Br2.4I0.6,0.6,0,0,0.4,0.6,0.4,0,2.4,0.6
MA0.6EA0.4Sn0.4Pb0.6Br2.7I0.3,0.6,0,0,0.4,0.6,0.4,0,2.7,0.3
MA0.6EA0.4Sn0.3Pb0.7Cl0.3Br2.7,0.6,0,0,0.4,0.7,0.3,0.3,2.7,0
MA0.6EA0.4Sn0.3Pb0.7Cl0.6Br2.4,0.6,0,0,0.4,0.7,0.3,0.6,2.4,0
MA0.6EA0.4Sn0.3Pb0.7Cl0.9Br2.1,0.6,0,0,0.4,0.7,0.3,0.9,2.1,0
MA0.6EA0.4Sn0.3Pb0.7Cl1.2Br1.8,0.6,0,0,0.4,0.7,0.3,1.2,1.8,0
MA0.6EA0.4Sn0.3Pb0.7Cl1.5Br1.5,0.6,0,0,0.4,0.7,0.3,1.5,1.5,0
MA0.6EA0.4Sn0.3Pb0.7Cl1.8Br1.2,0.6,0,0,0.4,0.7,0.3,1.8,1.2,0
MA0.6EA0.4Sn0.3Pb0.7Cl2.1Br0.9,0.6,0,0,0.4,0.7,0.3,2.1,0.9,0
MA0.6EA0.4Sn0.3Pb0.7Cl2.4Br0.6,0.6,0,0,0.4,0.7,0.3,2.4,0.6,0
MA0.6EA0.4Sn0.3Pb0.7Cl2.7Br0.3,0.6,0,0,0.4,0.7,0.3,2.7,0.3,0
MA0.6EA0.4Sn0.3Pb0.7Cl0.3I2.7,0.6,0,0,0.4,0.7,0.3,0.3,0,2.7
MA0.6EA0.4Sn0.3Pb0.7Cl0.6I2.4,0.6,0,0,0.4,0.7,0.3,0.6,0,2.4
MA0.6EA0.4Sn0.3Pb0.7Cl0.9I2.1,0.6,0,0,0.4,0.7,0.3,0.9,0,2.1
MA0.6EA0.4Sn0.3Pb0.7Cl1.2I1.8,0.6,0,0,0.4,0.7,0.3,1.2,0,1.8
MA0.6EA0.4Sn0.3Pb0.7Cl1.5I1.5,0.6,0,0,0.4,0.7,0.3,1.5,0,1.5
MA0.6EA0.4Sn0.3Pb0.7Cl1.8I1.2,0.6,0,0,0.4,0.7,0.3,1.8,0,1.2
MA0.6EA0.4Sn0.3Pb0.7Cl2.1I0.9,0.6,0,0,0.4,0.7,0.3,2.1,0,0.9
MA0.6EA0.4Sn0.3Pb0.7Cl2.4I0.6,0.6,0,0,0.4,0.7,0.3,2.4,0,0.6
MA0.6EA0.4Sn0.3Pb0.7Cl2.7I0.3,0.6,0,0,0.4,0.7,0.3,2.7,0,0.3
MA0.6EA0.4Sn0.3Pb0.7Br0.3I2.7,0.6,0,0,0.4,0.7,0.3,0,0.3,2.7
MA0.6EA0.4Sn0.3Pb0.7Br0.6I2.4,0.6,0,0,0.4,0.7,0.3,0,0.6,2.4
MA0.6EA0.4Sn0.3Pb0.7Br0.9I2.1,0.6,0,0,0.4,0.7,0.3,0,0.9,2.1
MA0.6EA0.4Sn0.3Pb0.7Br1.2I1.8,0.6,0,0,0.4,0.7,0.3,0,1.2,1.8
MA0.6EA0.4Sn0.3Pb0.7Br1.5I1.5,0.6,0,0,0.4,0.7,0.3,0,1.5,1.5
MA0.6EA0.4Sn0.3Pb0.7Br1.8I1.2,0.6,0,0,0.4,0.7,0.3,0,1.8,1.2
MA0.6EA0.4Sn0.3Pb0.7Br2.1I0.9,0.6,0,0,0.4,0.7,0.3,0,2.1,0.9
MA0.6EA0.4Sn0.3Pb0.7Br2.4I0.6,0.6,0,0,0.4,0.7,0.3,0,2.4,0.6
MA0.6EA0.4Sn0.3Pb0.7Br2.7I0.3,0.6,0,0,0.4,0.7,0.3,0,2.7,0.3
MA0.6EA0.4Sn0.2Pb0.8Cl0.3Br2.7,0.6,0,0,0.4,0.8,0.2,0.3,2.7,0
MA0.6EA0.4Sn0.2Pb0.8Cl0.6Br2.4,0.6,0,0,0.4,0.8,0.2,0.6,2.4,0
MA0.6EA0.4Sn0.2Pb0.8Cl0.9Br2.1,0.6,0,0,0.4,0.8,0.2,0.9,2.1,0
MA0.6EA0.4Sn0.2Pb0.8Cl1.2Br1.8,0.6,0,0,0.4,0.8,0.2,1.2,1.8,0
MA0.6EA0.4Sn0.2Pb0.8Cl1.5Br1.5,0.6,0,0,0.4,0.8,0.2,1.5,1.5,0
MA0.6EA0.4Sn0.2Pb0.8Cl1.8Br1.2,0.6,0,0,0.4,0.8,0.2,1.8,1.2,0
MA0.6EA0.4Sn0.2Pb0.8Cl2.1Br0.9,0.6,0,0,0.4,0.8,0.2,2.1,0.9,0
MA0.6EA0.4Sn0.2Pb0.8Cl2.4Br0.6,0.6,0,0,0.4,0.8,0.2,2.4,0.6,0
MA0.6EA0.4Sn0.2Pb0.8Cl2.7Br0.3,0.6,0,0,0.4,0.8,0.2,2.7,0.3,0
MA0.6EA0.4Sn0.2Pb0.8Cl0.3I2.7,0.6,0,0,0.4,0.8,0.2,0.3,0,2.7
MA0.6EA0.4Sn0.2Pb0.8Cl0.6I2.4,0.6,0,0,0.4,0.8,0.2,0.6,0,2.4
MA0.6EA0.4Sn0.2Pb0.8Cl0.9I2.1,0.6,0,0,0.4,0.8,0.2,0.9,0,2.1
MA0.6EA0.4Sn0.2Pb0.8Cl1.2I1.8,0.6,0,0,0.4,0.8,0.2,1.2,0,1.8
MA0.6EA0.4Sn0.2Pb0.8Cl1.5I1.5,0.6,0,0,0.4,0.8,0.2,1.5,0,1.5
MA0.6EA0.4Sn0.2Pb0.8Cl1.8I1.2,0.6,0,0,0.4,0.8,0.2,1.8,0,1.2
MA0.6EA0.4Sn0.2Pb0.8Cl2.1I0.9,0.6,0,0,0.4,0.8,0.2,2.1,0,0.9
MA0.6EA0.4Sn0.2Pb0.8Cl2.4I0.6,0.6,0,0,0.4,0.8,0.2,2.4,0,0.6
MA0.6EA0.4Sn0.2Pb0.8Cl2.7I0.3,0.6,0,0,0.4,0.8,0.2,2.7,0,0.3
MA0.6EA0.4Sn0.2Pb0.8Br0.3I2.7,0.6,0,0,0.4,0.8,0.2,0,0.3,2.7
MA0.6EA0.4Sn0.2Pb0.8Br0.6I2.4,0.6,0,0,0.4,0.8,0.2,0,0.6,2.4
MA0.6EA0.4Sn0.2Pb0.8Br0.9I2.1,0.6,0,0,0.4,0.8,0.2,0,0.9,2.1
MA0.6EA0.4Sn0.2Pb0.8Br1.2I1.8,0.6,0,0,0.4,0.8,0.2,0,1.2,1.8
MA0.6EA0.4Sn0.2Pb0.8Br1.5I1.5,0.6,0,0,0.4,0.8,0.2,0,1.5,1.5
MA0.6EA0.4Sn0.2Pb0.8Br1.8I1.2,0.6,0,0,0.4,0.8,0.2,0,1.8,1.2
MA0.6EA0.4Sn0.2Pb0.8Br2.1I0.9,0.6,0,0,0.4,0.8,0.2,0,2.1,0.9
MA0.6EA0.4Sn0.2Pb0.8Br2.4I0.6,0.6,0,0,0.4,0.8,0.2,0,2.4,0.6
MA0.6EA0.4Sn0.2Pb0.8Br2.7I0.3,0.6,0,0,0.4,0.8,0.2,0,2.7,0.3
MA0.6EA0.4Sn0.1Pb0.9Cl0.3Br2.7,0.6,0,0,0.4,0.9,0.1,0.3,2.7,0
MA0.6EA0.4Sn0.1Pb0.9Cl0.6Br2.4,0.6,0,0,0.4,0.9,0.1,0.6,2.4,0
MA0.6EA0.4Sn0.1Pb0.9Cl0.9Br2.1,0.6,0,0,0.4,0.9,0.1,0.9,2.1,0
MA0.6EA0.4Sn0.1Pb0.9Cl1.2Br1.8,0.6,0,0,0.4,0.9,0.1,1.2,1.8,0
MA0.6EA0.4Sn0.1Pb0.9Cl1.5Br1.5,0.6,0,0,0.4,0.9,0.1,1.5,1.5,0
MA0.6EA0.4Sn0.1Pb0.9Cl1.8Br1.2,0.6,0,0,0.4,0.9,0.1,1.8,1.2,0
MA0.6EA0.4Sn0.1Pb0.9Cl2.1Br0.9,0.6,0,0,0.4,0.9,0.1,2.1,0.9,0
MA0.6EA0.4Sn0.1Pb0.9Cl2.4Br0.6,0.6,0,0,0.4,0.9,0.1,2.4,0.6,0
MA0.6EA0.4Sn0.1Pb0.9Cl2.7Br0.3,0.6,0,0,0.4,0.9,0.1,2.7,0.3,0
MA0.6EA0.4Sn0.1Pb0.9Cl0.3I2.7,0.6,0,0,0.4,0.9,0.1,0.3,0,2.7
MA0.6EA0.4Sn0.1Pb0.9Cl0.6I2.4,0.6,0,0,0.4,0.9,0.1,0.6,0,2.4
MA0.6EA0.4Sn0.1Pb0.9Cl0.9I2.1,0.6,0,0,0.4,0.9,0.1,0.9,0,2.1
MA0.6EA0.4Sn0.1Pb0.9Cl1.2I1.8,0.6,0,0,0.4,0.9,0.1,1.2,0,1.8
MA0.6EA0.4Sn0.1Pb0.9Cl1.5I1.5,0.6,0,0,0.4,0.9,0.1,1.5,0,1.5
MA0.6EA0.4Sn0.1Pb0.9Cl1.8I1.2,0.6,0,0,0.4,0.9,0.1,1.8,0,1.2
MA0.6EA0.4Sn0.1Pb0.9Cl2.1I0.9,0.6,0,0,0.4,0.9,0.1,2.1,0,0.9
MA0.6EA0.4Sn0.1Pb0.9Cl2.4I0.6,0.6,0,0,0.4,0.9,0.1,2.4,0,0.6
MA0.6EA0.4Sn0.1Pb0.9Cl2.7I0.3,0.6,0,0,0.4,0.9,0.1,2.7,0,0.3
MA0.6EA0.4Sn0.1Pb0.9Br0.3I2.7,0.6,0,0,0.4,0.9,0.1,0,0.3,2.7
MA0.6EA0.4Sn0.1Pb0.9Br0.6I2.4,0.6,0,0,0.4,0.9,0.1,0,0.6,2.4
MA0.6EA0.4Sn0.1Pb0.9Br0.9I2.1,0.6,0,0,0.4,0.9,0.1,0,0.9,2.1
MA0.6EA0.4Sn0.1Pb0.9Br1.2I1.8,0.6,0,0,0.4,0.9,0.1,0,1.2,1.8
MA0.6EA0.4Sn0.1Pb0.9Br1.5I1.5,0.6,0,0,0.4,0.9,0.1,0,1.5,1.5
MA0.6EA0.4Sn0.1Pb0.9Br1.8I1.2,0.6,0,0,0.4,0.9,0.1,0,1.8,1.2
MA0.6EA0.4Sn0.1Pb0.9Br2.1I0.9,0.6,0,0,0.4,0.9,0.1,0,2.1,0.9
MA0.6EA0.4Sn0.1Pb0.9Br2.4I0.6,0.6,0,0,0.4,0.9,0.1,0,2.4,0.6
MA0.6EA0.4Sn0.1Pb0.9Br2.7I0.3,0.6,0,0,0.4,0.9,0.1,0,2.7,0.3
MA0.7EA0.3Sn0.9Pb0.1Cl0.3Br2.7,0.7,0,0,0.3,0.1,0.9,0.3,2.7,0
MA0.7EA0.3Sn0.9Pb0.1Cl0.6Br2.4,0.7,0,0,0.3,0.1,0.9,0.6,2.4,0
MA0.7EA0.3Sn0.9Pb0.1Cl0.9Br2.1,0.7,0,0,0.3,0.1,0.9,0.9,2.1,0
MA0.7EA0.3Sn0.9Pb0.1Cl1.2Br1.8,0.7,0,0,0.3,0.1,0.9,1.2,1.8,0
MA0.7EA0.3Sn0.9Pb0.1Cl1.5Br1.5,0.7,0,0,0.3,0.1,0.9,1.5,1.5,0
MA0.7EA0.3Sn0.9Pb0.1Cl1.8Br1.2,0.7,0,0,0.3,0.1,0.9,1.8,1.2,0
MA0.7EA0.3Sn0.9Pb0.1Cl2.1Br0.9,0.7,0,0,0.3,0.1,0.9,2.1,0.9,0
MA0.7EA0.3Sn0.9Pb0.1Cl2.4Br0.6,0.7,0,0,0.3,0.1,0.9,2.4,0.6,0
MA0.7EA0.3Sn0.9Pb0.1Cl2.7Br0.3,0.7,0,0,0.3,0.1,0.9,2.7,0.3,0
MA0.7EA0.3Sn0.9Pb0.1Cl0.3I2.7,0.7,0,0,0.3,0.1,0.9,0.3,0,2.7
MA0.7EA0.3Sn0.9Pb0.1Cl0.6I2.4,0.7,0,0,0.3,0.1,0.9,0.6,0,2.4
MA0.7EA0.3Sn0.9Pb0.1Cl0.9I2.1,0.7,0,0,0.3,0.1,0.9,0.9,0,2.1
MA0.7EA0.3Sn0.9Pb0.1Cl1.2I1.8,0.7,0,0,0.3,0.1,0.9,1.2,0,1.8
MA0.7EA0.3Sn0.9Pb0.1Cl1.5I1.5,0.7,0,0,0.3,0.1,0.9,1.5,0,1.5
MA0.7EA0.3Sn0.9Pb0.1Cl1.8I1.2,0.7,0,0,0.3,0.1,0.9,1.8,0,1.2
MA0.7EA0.3Sn0.9Pb0.1Cl2.1I0.9,0.7,0,0,0.3,0.1,0.9,2.1,0,0.9
MA0.7EA0.3Sn0.9Pb0.1Cl2.4I0.6,0.7,0,0,0.3,0.1,0.9,2.4,0,0.6
MA0.7EA0.3Sn0.9Pb0.1Cl2.7I0.3,0.7,0,0,0.3,0.1,0.9,2.7,0,0.3
MA0.7EA0.3Sn0.9Pb0.1Br0.3I2.7,0.7,0,0,0.3,0.1,0.9,0,0.3,2.7
MA0.7EA0.3Sn0.9Pb0.1Br0.6I2.4,0.7,0,0,0.3,0.1,0.9,0,0.6,2.4
MA0.7EA0.3Sn0.9Pb0.1Br0.9I2.1,0.7,0,0,0.3,0.1,0.9,0,0.9,2.1
MA0.7EA0.3Sn0.9Pb0.1Br1.2I1.8,0.7,0,0,0.3,0.1,0.9,0,1.2,1.8
MA0.7EA0.3Sn0.9Pb0.1Br1.5I1.5,0.7,0,0,0.3,0.1,0.9,0,1.5,1.5
MA0.7EA0.3Sn0.9Pb0.1Br1.8I1.2,0.7,0,0,0.3,0.1,0.9,0,1.8,1.2
MA0.7EA0.3Sn0.9Pb0.1Br2.1I0.9,0.7,0,0,0.3,0.1,0.9,0,2.1,0.9
MA0.7EA0.3Sn0.9Pb0.1Br2.4I0.6,0.7,0,0,0.3,0.1,0.9,0,2.4,0.6
MA0.7EA0.3Sn0.9Pb0.1Br2.7I0.3,0.7,0,0,0.3,0.1,0.9,0,2.7,0.3
MA0.7EA0.3Sn0.8Pb0.2Cl0.3Br2.7,0.7,0,0,0.3,0.2,0.8,0.3,2.7,0
MA0.7EA0.3Sn0.8Pb0.2Cl0.6Br2.4,0.7,0,0,0.3,0.2,0.8,0.6,2.4,0
MA0.7EA0.3Sn0.8Pb0.2Cl0.9Br2.1,0.7,0,0,0.3,0.2,0.8,0.9,2.1,0
MA0.7EA0.3Sn0.8Pb0.2Cl1.2Br1.8,0.7,0,0,0.3,0.2,0.8,1.2,1.8,0
MA0.7EA0.3Sn0.8Pb0.2Cl1.5Br1.5,0.7,0,0,0.3,0.2,0.8,1.5,1.5,0
MA0.7EA0.3Sn0.8Pb0.2Cl1.8Br1.2,0.7,0,0,0.3,0.2,0.8,1.8,1.2,0
MA0.7EA0.3Sn0.8Pb0.2Cl2.1Br0.9,0.7,0,0,0.3,0.2,0.8,2.1,0.9,0
MA0.7EA0.3Sn0.8Pb0.2Cl2.4Br0.6,0.7,0,0,0.3,0.2,0.8,2.4,0.6,0
MA0.7EA0.3Sn0.8Pb0.2Cl2.7Br0.3,0.7,0,0,0.3,0.2,0.8,2.7,0.3,0
MA0.7EA0.3Sn0.8Pb0.2Cl0.3I2.7,0.7,0,0,0.3,0.2,0.8,0.3,0,2.7
MA0.7EA0.3Sn0.8Pb0.2Cl0.6I2.4,0.7,0,0,0.3,0.2,0.8,0.6,0,2.4
MA0.7EA0.3Sn0.8Pb0.2Cl0.9I2.1,0.7,0,0,0.3,0.2,0.8,0.9,0,2.1
MA0.7EA0.3Sn0.8Pb0.2Cl1.2I1.8,0.7,0,0,0.3,0.2,0.8,1.2,0,1.8
MA0.7EA0.3Sn0.8Pb0.2Cl1.5I1.5,0.7,0,0,0.3,0.2,0.8,1.5,0,1.5
MA0.7EA0.3Sn0.8Pb0.2Cl1.8I1.2,0.7,0,0,0.3,0.2,0.8,1.8,0,1.2
MA0.7EA0.3Sn0.8Pb0.2Cl2.1I0.9,0.7,0,0,0.3,0.2,0.8,2.1,0,0.9
MA0.7EA0.3Sn0.8Pb0.2Cl2.4I0.6,0.7,0,0,0.3,0.2,0.8,2.4,0,0.6
MA0.7EA0.3Sn0.8Pb0.2Cl2.7I0.3,0.7,0,0,0.3,0.2,0.8,2.7,0,0.3
MA0.7EA0.3Sn0.8Pb0.2Br0.3I2.7,0.7,0,0,0.3,0.2,0.8,0,0.3,2.7
MA0.7EA0.3Sn0.8Pb0.2Br0.6I2.4,0.7,0,0,0.3,0.2,0.8,0,0.6,2.4
MA0.7EA0.3Sn0.8Pb0.2Br0.9I2.1,0.7,0,0,0.3,0.2,0.8,0,0.9,2.1
MA0.7EA0.3Sn0.8Pb0.2Br1.2I1.8,0.7,0,0,0.3,0.2,0.8,0,1.2,1.8
MA0.7EA0.3Sn0.8Pb0.2Br1.5I1.5,0.7,0,0,0.3,0.2,0.8,0,1.5,1.5
MA0.7EA0.3Sn0.8Pb0.2Br1.8I1.2,0.7,0,0,0.3,0.2,0.8,0,1.8,1.2
MA0.7EA0.3Sn0.8Pb0.2Br2.1I0.9,0.7,0,0,0.3,0.2,0.8,0,2.1,0.9
MA0.7EA0.3Sn0.8Pb0.2Br2.4I0.6,0.7,0,0,0.3,0.2,0.8,0,2.4,0.6
MA0.7EA0.3Sn0.8Pb0.2Br2.7I0.3,0.7,0,0,0.3,0.2,0.8,0,2.7,0.3
MA0.7EA0.3Sn0.7Pb0.3Cl0.3Br2.7,0.7,0,0,0.3,0.3,0.7,0.3,2.7,0
MA0.7EA0.3Sn0.7Pb0.3Cl0.6Br2.4,0.7,0,0,0.3,0.3,0.7,0.6,2.4,0
MA0.7EA0.3Sn0.7Pb0.3Cl0.9Br2.1,0.7,0,0,0.3,0.3,0.7,0.9,2.1,0
MA0.7EA0.3Sn0.7Pb0.3Cl1.2Br1.8,0.7,0,0,0.3,0.3,0.7,1.2,1.8,0
MA0.7EA0.3Sn0.7Pb0.3Cl1.5Br1.5,0.7,0,0,0.3,0.3,0.7,1.5,1.5,0
MA0.7EA0.3Sn0.7Pb0.3Cl1.8Br1.2,0.7,0,0,0.3,0.3,0.7,1.8,1.2,0
MA0.7EA0.3Sn0.7Pb0.3Cl2.1Br0.9,0.7,0,0,0.3,0.3,0.7,2.1,0.9,0
MA0.7EA0.3Sn0.7Pb0.3Cl2.4Br0.6,0.7,0,0,0.3,0.3,0.7,2.4,0.6,0
MA0.7EA0.3Sn0.7Pb0.3Cl2.7Br0.3,0.7,0,0,0.3,0.3,0.7,2.7,0.3,0
MA0.7EA0.3Sn0.7Pb0.3Cl0.3I2.7,0.7,0,0,0.3,0.3,0.7,0.3,0,2.7
MA0.7EA0.3Sn0.7Pb0.3Cl0.6I2.4,0.7,0,0,0.3,0.3,0.7,0.6,0,2.4
MA0.7EA0.3Sn0.7Pb0.3Cl0.9I2.1,0.7,0,0,0.3,0.3,0.7,0.9,0,2.1
MA0.7EA0.3Sn0.7Pb0.3Cl1.2I1.8,0.7,0,0,0.3,0.3,0.7,1.2,0,1.8
MA0.7EA0.3Sn0.7Pb0.3Cl1.5I1.5,0.7,0,0,0.3,0.3,0.7,1.5,0,1.5
MA0.7EA0.3Sn0.7Pb0.3Cl1.8I1.2,0.7,0,0,0.3,0.3,0.7,1.8,0,1.2
MA0.7EA0.3Sn0.7Pb0.3Cl2.1I0.9,0.7,0,0,0.3,0.3,0.7,2.1,0,0.9
MA0.7EA0.3Sn0.7Pb0.3Cl2.4I0.6,0.7,0,0,0.3,0.3,0.7,2.4,0,0.6
MA0.7EA0.3Sn0.7Pb0.3Cl2.7I0.3,0.7,0,0,0.3,0.3,0.7,2.7,0,0.3
MA0.7EA0.3Sn0.7Pb0.3Br0.3I2.7,0.7,0,0,0.3,0.3,0.7,0,0.3,2.7
MA0.7EA0.3Sn0.7Pb0.3Br0.6I2.4,0.7,0,0,0.3,0.3,0.7,0,0.6,2.4
MA0.7EA0.3Sn0.7Pb0.3Br0.9I2.1,0.7,0,0,0.3,0.3,0.7,0,0.9,2.1
MA0.7EA0.3Sn0.7Pb0.3Br1.2I1.8,0.7,0,0,0.3,0.3,0.7,0,1.2,1.8
MA0.7EA0.3Sn0.7Pb0.3Br1.5I1.5,0.7,0,0,0.3,0.3,0.7,0,1.5,1.5
MA0.7EA0.3Sn0.7Pb0.3Br1.8I1.2,0.7,0,0,0.3,0.3,0.7,0,1.8,1.2
MA0.7EA0.3Sn0.7Pb0.3Br2.1I0.9,0.7,0,0,0.3,0.3,0.7,0,2.1,0.9
MA0.7EA0.3Sn0.7Pb0.3Br2.4I0.6,0.7,0,0,0.3,0.3,0.7,0,2.4,0.6
MA0.7EA0.3Sn0.7Pb0.3Br2.7I0.3,0.7,0,0,0.3,0.3,0.7,0,2.7,0.3
MA0.7EA0.3Sn0.6Pb0.4Cl0.3Br2.7,0.7,0,0,0.3,0.4,0.6,0.3,2.7,0
MA0.7EA0.3Sn0.6Pb0.4Cl0.6Br2.4,0.7,0,0,0.3,0.4,0.6,0.6,2.4,0
MA0.7EA0.3Sn0.6Pb0.4Cl0.9Br2.1,0.7,0,0,0.3,0.4,0.6,0.9,2.1,0
MA0.7EA0.3Sn0.6Pb0.4Cl1.2Br1.8,0.7,0,0,0.3,0.4,0.6,1.2,1.8,0
MA0.7EA0.3Sn0.6Pb0.4Cl1.5Br1.5,0.7,0,0,0.3,0.4,0.6,1.5,1.5,0
MA0.7EA0.3Sn0.6Pb0.4Cl1.8Br1.2,0.7,0,0,0.3,0.4,0.6,1.8,1.2,0
MA0.7EA0.3Sn0.6Pb0.4Cl2.1Br0.9,0.7,0,0,0.3,0.4,0.6,2.1,0.9,0
MA0.7EA0.3Sn0.6Pb0.4Cl2.4Br0.6,0.7,0,0,0.3,0.4,0.6,2.4,0.6,0
MA0.7EA0.3Sn0.6Pb0.4Cl2.7Br0.3,0.7,0,0,0.3,0.4,0.6,2.7,0.3,0
MA0.7EA0.3Sn0.6Pb0.4Cl0.3I2.7,0.7,0,0,0.3,0.4,0.6,0.3,0,2.7
MA0.7EA0.3Sn0.6Pb0.4Cl0.6I2.4,0.7,0,0,0.3,0.4,0.6,0.6,0,2.4
MA0.7EA0.3Sn0.6Pb0.4Cl0.9I2.1,0.7,0,0,0.3,0.4,0.6,0.9,0,2.1
MA0.7EA0.3Sn0.6Pb0.4Cl1.2I1.8,0.7,0,0,0.3,0.4,0.6,1.2,0,1.8
MA0.7EA0.3Sn0.6Pb0.4Cl1.5I1.5,0.7,0,0,0.3,0.4,0.6,1.5,0,1.5
MA0.7EA0.3Sn0.6Pb0.4Cl1.8I1.2,0.7,0,0,0.3,0.4,0.6,1.8,0,1.2
MA0.7EA0.3Sn0.6Pb0.4Cl2.1I0.9,0.7,0,0,0.3,0.4,0.6,2.1,0,0.9
MA0.7EA0.3Sn0.6Pb0.4Cl2.4I0.6,0.7,0,0,0.3,0.4,0.6,2.4,0,0.6
MA0.7EA0.3Sn0.6Pb0.4Cl2.7I0.3,0.7,0,0,0.3,0.4,0.6,2.7,0,0.3
MA0.7EA0.3Sn0.6Pb0.4Br0.3I2.7,0.7,0,0,0.3,0.4,0.6,0,0.3,2.7
MA0.7EA0.3Sn0.6Pb0.4Br0.6I2.4,0.7,0,0,0.3,0.4,0.6,0,0.6,2.4
MA0.7EA0.3Sn0.6Pb0.4Br0.9I2.1,0.7,0,0,0.3,0.4,0.6,0,0.9,2.1
MA0.7EA0.3Sn0.6Pb0.4Br1.2I1.8,0.7,0,0,0.3,0.4,0.6,0,1.2,1.8
MA0.7EA0.3Sn0.6Pb0.4Br1.5I1.5,0.7,0,0,0.3,0.4,0.6,0,1.5,1.5
MA0.7EA0.3Sn0.6Pb0.4Br1.8I1.2,0.7,0,0,0.3,0.4,0.6,0,1.8,1.2
MA0.7EA0.3Sn0.6Pb0.4Br2.1I0.9,0.7,0,0,0.3,0.4,0.6,0,2.1,0.9
MA0.7EA0.3Sn0.6Pb0.4Br2.4I0.6,0.7,0,0,0.3,0.4,0.6,0,2.4,0.6
MA0.7EA0.3Sn0.6Pb0.4Br2.7I0.3,0.7,0,0,0.3,0.4,0.6,0,2.7,0.3
MA0.7EA0.3Sn0.5Pb0.5Cl0.3Br2.7,0.7,0,0,0.3,0.5,0.5,0.3,2.7,0
MA0.7EA0.3Sn0.5Pb0.5Cl0.6Br2.4,0.7,0,0,0.3,0.5,0.5,0.6,2.4,0
MA0.7EA0.3Sn0.5Pb0.5Cl0.9Br2.1,0.7,0,0,0.3,0.5,0.5,0.9,2.1,0
MA0.7EA0.3Sn0.5Pb0.5Cl1.2Br1.8,0.7,0,0,0.3,0.5,0.5,1.2,1.8,0
MA0.7EA0.3Sn0.5Pb0.5Cl1.5Br1.5,0.7,0,0,0.3,0.5,0.5,1.5,1.5,0
MA0.7EA0.3Sn0.5Pb0.5Cl1.8Br1.2,0.7,0,0,0.3,0.5,0.5,1.8,1.2,0
MA0.7EA0.3Sn0.5Pb0.5Cl2.1Br0.9,0.7,0,0,0.3,0.5,0.5,2.1,0.9,0
MA0.7EA0.3Sn0.5Pb0.5Cl2.4Br0.6,0.7,0,0,0.3,0.5,0.5,2.4,0.6,0
MA0.7EA0.3Sn0.5Pb0.5Cl2.7Br0.3,0.7,0,0,0.3,0.5,0.5,2.7,0.3,0
MA0.7EA0.3Sn0.5Pb0.5Cl0.3I2.7,0.7,0,0,0.3,0.5,0.5,0.3,0,2.7
MA0.7EA0.3Sn0.5Pb0.5Cl0.6I2.4,0.7,0,0,0.3,0.5,0.5,0.6,0,2.4
MA0.7EA0.3Sn0.5Pb0.5Cl0.9I2.1,0.7,0,0,0.3,0.5,0.5,0.9,0,2.1
MA0.7EA0.3Sn0.5Pb0.5Cl1.2I1.8,0.7,0,0,0.3,0.5,0.5,1.2,0,1.8
MA0.7EA0.3Sn0.5Pb0.5Cl1.5I1.5,0.7,0,0,0.3,0.5,0.5,1.5,0,1.5
MA0.7EA0.3Sn0.5Pb0.5Cl1.8I1.2,0.7,0,0,0.3,0.5,0.5,1.8,0,1.2
MA0.7EA0.3Sn0.5Pb0.5Cl2.1I0.9,0.7,0,0,0.3,0.5,0.5,2.1,0,0.9
MA0.7EA0.3Sn0.5Pb0.5Cl2.4I0.6,0.7,0,0,0.3,0.5,0.5,2.4,0,0.6
MA0.7EA0.3Sn0.5Pb0.5Cl2.7I0.3,0.7,0,0,0.3,0.5,0.5,2.7,0,0.3
MA0.7EA0.3Sn0.5Pb0.5Br0.3I2.7,0.7,0,0,0.3,0.5,0.5,0,0.3,2.7
MA0.7EA0.3Sn0.5Pb0.5Br0.6I2.4,0.7,0,0,0.3,0.5,0.5,0,0.6,2.4
MA0.7EA0.3Sn0.5Pb0.5Br0.9I2.1,0.7,0,0,0.3,0.5,0.5,0,0.9,2.1
MA0.7EA0.3Sn0.5Pb0.5Br1.2I1.8,0.7,0,0,0.3,0.5,0.5,0,1.2,1.8
MA0.7EA0.3Sn0.5Pb0.5Br1.5I1.5,0.7,0,0,0.3,0.5,0.5,0,1.5,1.5
MA0.7EA0.3Sn0.5Pb0.5Br1.8I1.2,0.7,0,0,0.3,0.5,0.5,0,1.8,1.2
MA0.7EA0.3Sn0.5Pb0.5Br2.1I0.9,0.7,0,0,0.3,0.5,0.5,0,2.1,0.9
MA0.7EA0.3Sn0.5Pb0.5Br2.4I0.6,0.7,0,0,0.3,0.5,0.5,0,2.4,0.6
MA0.7EA0.3Sn0.5Pb0.5Br2.7I0.3,0.7,0,0,0.3,0.5,0.5,0,2.7,0.3
MA0.7EA0.3Sn0.4Pb0.6Cl0.3Br2.7,0.7,0,0,0.3,0.6,0.4,0.3,2.7,0
MA0.7EA0.3Sn0.4Pb0.6Cl0.6Br2.4,0.7,0,0,0.3,0.6,0.4,0.6,2.4,0
MA0.7EA0.3Sn0.4Pb0.6Cl0.9Br2.1,0.7,0,0,0.3,0.6,0.4,0.9,2.1,0
MA0.7EA0.3Sn0.4Pb0.6Cl1.2Br1.8,0.7,0,0,0.3,0.6,0.4,1.2,1.8,0
MA0.7EA0.3Sn0.4Pb0.6Cl1.5Br1.5,0.7,0,0,0.3,0.6,0.4,1.5,1.5,0
MA0.7EA0.3Sn0.4Pb0.6Cl1.8Br1.2,0.7,0,0,0.3,0.6,0.4,1.8,1.2,0
MA0.7EA0.3Sn0.4Pb0.6Cl2.1Br0.9,0.7,0,0,0.3,0.6,0.4,2.1,0.9,0
MA0.7EA0.3Sn0.4Pb0.6Cl2.4Br0.6,0.7,0,0,0.3,0.6,0.4,2.4,0.6,0
MA0.7EA0.3Sn0.4Pb0.6Cl2.7Br0.3,0.7,0,0,0.3,0.6,0.4,2.7,0.3,0
MA0.7EA0.3Sn0.4Pb0.6Cl0.3I2.7,0.7,0,0,0.3,0.6,0.4,0.3,0,2.7
MA0.7EA0.3Sn0.4Pb0.6Cl0.6I2.4,0.7,0,0,0.3,0.6,0.4,0.6,0,2.4
MA0.7EA0.3Sn0.4Pb0.6Cl0.9I2.1,0.7,0,0,0.3,0.6,0.4,0.9,0,2.1
MA0.7EA0.3Sn0.4Pb0.6Cl1.2I1.8,0.7,0,0,0.3,0.6,0.4,1.2,0,1.8
MA0.7EA0.3Sn0.4Pb0.6Cl1.5I1.5,0.7,0,0,0.3,0.6,0.4,1.5,0,1.5
MA0.7EA0.3Sn0.4Pb0.6Cl1.8I1.2,0.7,0,0,0.3,0.6,0.4,1.8,0,1.2
MA0.7EA0.3Sn0.4Pb0.6Cl2.1I0.9,0.7,0,0,0.3,0.6,0.4,2.1,0,0.9
MA0.7EA0.3Sn0.4Pb0.6Cl2.4I0.6,0.7,0,0,0.3,0.6,0.4,2.4,0,0.6
MA0.7EA0.3Sn0.4Pb0.6Cl2.7I0.3,0.7,0,0,0.3,0.6,0.4,2.7,0,0.3
MA0.7EA0.3Sn0.4Pb0.6Br0.3I2.7,0.7,0,0,0.3,0.6,0.4,0,0.3,2.7
MA0.7EA0.3Sn0.4Pb0.6Br0.6I2.4,0.7,0,0,0.3,0.6,0.4,0,0.6,2.4
MA0.7EA0.3Sn0.4Pb0.6Br0.9I2.1,0.7,0,0,0.3,0.6,0.4,0,0.9,2.1
MA0.7EA0.3Sn0.4Pb0.6Br1.2I1.8,0.7,0,0,0.3,0.6,0.4,0,1.2,1.8
MA0.7EA0.3Sn0.4Pb0.6Br1.5I1.5,0.7,0,0,0.3,0.6,0.4,0,1.5,1.5
MA0.7EA0.3Sn0.4Pb0.6Br1.8I1.2,0.7,0,0,0.3,0.6,0.4,0,1.8,1.2
MA0.7EA0.3Sn0.4Pb0.6Br2.1I0.9,0.7,0,0,0.3,0.6,0.4,0,2.1,0.9
MA0.7EA0.3Sn0.4Pb0.6Br2.4I0.6,0.7,0,0,0.3,0.6,0.4,0,2.4,0.6
MA0.7EA0.3Sn0.4Pb0.6Br2.7I0.3,0.7,0,0,0.3,0.6,0.4,0,2.7,0.3
MA0.7EA0.3Sn0.3Pb0.7Cl0.3Br2.7,0.7,0,0,0.3,0.7,0.3,0.3,2.7,0
MA0.7EA0.3Sn0.3Pb0.7Cl0.6Br2.4,0.7,0,0,0.3,0.7,0.3,0.6,2.4,0
MA0.7EA0.3Sn0.3Pb0.7Cl0.9Br2.1,0.7,0,0,0.3,0.7,0.3,0.9,2.1,0
MA0.7EA0.3Sn0.3Pb0.7Cl1.2Br1.8,0.7,0,0,0.3,0.7,0.3,1.2,1.8,0
MA0.7EA0.3Sn0.3Pb0.7Cl1.5Br1.5,0.7,0,0,0.3,0.7,0.3,1.5,1.5,0
MA0.7EA0.3Sn0.3Pb0.7Cl1.8Br1.2,0.7,0,0,0.3,0.7,0.3,1.8,1.2,0
MA0.7EA0.3Sn0.3Pb0.7Cl2.1Br0.9,0.7,0,0,0.3,0.7,0.3,2.1,0.9,0
MA0.7EA0.3Sn0.3Pb0.7Cl2.4Br0.6,0.7,0,0,0.3,0.7,0.3,2.4,0.6,0
MA0.7EA0.3Sn0.3Pb0.7Cl2.7Br0.3,0.7,0,0,0.3,0.7,0.3,2.7,0.3,0
MA0.7EA0.3Sn0.3Pb0.7Cl0.3I2.7,0.7,0,0,0.3,0.7,0.3,0.3,0,2.7
MA0.7EA0.3Sn0.3Pb0.7Cl0.6I2.4,0.7,0,0,0.3,0.7,0.3,0.6,0,2.4
MA0.7EA0.3Sn0.3Pb0.7Cl0.9I2.1,0.7,0,0,0.3,0.7,0.3,0.9,0,2.1
MA0.7EA0.3Sn0.3Pb0.7Cl1.2I1.8,0.7,0,0,0.3,0.7,0.3,1.2,0,1.8
MA0.7EA0.3Sn0.3Pb0.7Cl1.5I1.5,0.7,0,0,0.3,0.7,0.3,1.5,0,1.5
MA0.7EA0.3Sn0.3Pb0.7Cl1.8I1.2,0.7,0,0,0.3,0.7,0.3,1.8,0,1.2
MA0.7EA0.3Sn0.3Pb0.7Cl2.1I0.9,0.7,0,0,0.3,0.7,0.3,2.1,0,0.9
MA0.7EA0.3Sn0.3Pb0.7Cl2.4I0.6,0.7,0,0,0.3,0.7,0.3,2.4,0,0.6
MA0.7EA0.3Sn0.3Pb0.7Cl2.7I0.3,0.7,0,0,0.3,0.7,0.3,2.7,0,0.3
MA0.7EA0.3Sn0.3Pb0.7Br0.3I2.7,0.7,0,0,0.3,0.7,0.3,0,0.3,2.7
MA0.7EA0.3Sn0.3Pb0.7Br0.6I2.4,0.7,0,0,0.3,0.7,0.3,0,0.6,2.4
MA0.7EA0.3Sn0.3Pb0.7Br0.9I2.1,0.7,0,0,0.3,0.7,0.3,0,0.9,2.1
MA0.7EA0.3Sn0.3Pb0.7Br1.2I1.8,0.7,0,0,0.3,0.7,0.3,0,1.2,1.8
MA0.7EA0.3Sn0.3Pb0.7Br1.5I1.5,0.7,0,0,0.3,0.7,0.3,0,1.5,1.5
MA0.7EA0.3Sn0.3Pb0.7Br1.8I1.2,0.7,0,0,0.3,0.7,0.3,0,1.8,1.2
MA0.7EA0.3Sn0.3Pb0.7Br2.1I0.9,0.7,0,0,0.3,0.7,0.3,0,2.1,0.9
MA0.7EA0.3Sn0.3Pb0.7Br2.4I0.6,0.7,0,0,0.3,0.7,0.3,0,2.4,0.6
MA0.7EA0.3Sn0.3Pb0.7Br2.7I0.3,0.7,0,0,0.3,0.7,0.3,0,2.7,0.3
MA0.7EA0.3Sn0.2Pb0.8Cl0.3Br2.7,0.7,0,0,0.3,0.8,0.2,0.3,2.7,0
MA0.7EA0.3Sn0.2Pb0.8Cl0.6Br2.4,0.7,0,0,0.3,0.8,0.2,0.6,2.4,0
MA0.7EA0.3Sn0.2Pb0.8Cl0.9Br2.1,0.7,0,0,0.3,0.8,0.2,0.9,2.1,0
MA0.7EA0.3Sn0.2Pb0.8Cl1.2Br1.8,0.7,0,0,0.3,0.8,0.2,1.2,1.8,0
MA0.7EA0.3Sn0.2Pb0.8Cl1.5Br1.5,0.7,0,0,0.3,0.8,0.2,1.5,1.5,0
MA0.7EA0.3Sn0.2Pb0.8Cl1.8Br1.2,0.7,0,0,0.3,0.8,0.2,1.8,1.2,0
MA0.7EA0.3Sn0.2Pb0.8Cl2.1Br0.9,0.7,0,0,0.3,0.8,0.2,2.1,0.9,0
MA0.7EA0.3Sn0.2Pb0.8Cl2.4Br0.6,0.7,0,0,0.3,0.8,0.2,2.4,0.6,0
MA0.7EA0.3Sn0.2Pb0.8Cl2.7Br0.3,0.7,0,0,0.3,0.8,0.2,2.7,0.3,0
MA0.7EA0.3Sn0.2Pb0.8Cl0.3I2.7,0.7,0,0,0.3,0.8,0.2,0.3,0,2.7
MA0.7EA0.3Sn0.2Pb0.8Cl0.6I2.4,0.7,0,0,0.3,0.8,0.2,0.6,0,2.4
MA0.7EA0.3Sn0.2Pb0.8Cl0.9I2.1,0.7,0,0,0.3,0.8,0.2,0.9,0,2.1
MA0.7EA0.3Sn0.2Pb0.8Cl1.2I1.8,0.7,0,0,0.3,0.8,0.2,1.2,0,1.8
MA0.7EA0.3Sn0.2Pb0.8Cl1.5I1.5,0.7,0,0,0.3,0.8,0.2,1.5,0,1.5
MA0.7EA0.3Sn0.2Pb0.8Cl1.8I1.2,0.7,0,0,0.3,0.8,0.2,1.8,0,1.2
MA0.7EA0.3Sn0.2Pb0.8Cl2.1I0.9,0.7,0,0,0.3,0.8,0.2,2.1,0,0.9
MA0.7EA0.3Sn0.2Pb0.8Cl2.4I0.6,0.7,0,0,0.3,0.8,0.2,2.4,0,0.6
MA0.7EA0.3Sn0.2Pb0.8Cl2.7I0.3,0.7,0,0,0.3,0.8,0.2,2.7,0,0.3
MA0.7EA0.3Sn0.2Pb0.8Br0.3I2.7,0.7,0,0,0.3,0.8,0.2,0,0.3,2.7
MA0.7EA0.3Sn0.2Pb0.8Br0.6I2.4,0.7,0,0,0.3,0.8,0.2,0,0.6,2.4
MA0.7EA0.3Sn0.2Pb0.8Br0.9I2.1,0.7,0,0,0.3,0.8,0.2,0,0.9,2.1
MA0.7EA0.3Sn0.2Pb0.8Br1.2I1.8,0.7,0,0,0.3,0.8,0.2,0,1.2,1.8
MA0.7EA0.3Sn0.2Pb0.8Br1.5I1.5,0.7,0,0,0.3,0.8,0.2,0,1.5,1.5
MA0.7EA0.3Sn0.2Pb0.8Br1.8I1.2,0.7,0,0,0.3,0.8,0.2,0,1.8,1.2
MA0.7EA0.3Sn0.2Pb0.8Br2.1I0.9,0.7,0,0,0.3,0.8,0.2,0,2.1,0.9
MA0.7EA0.3Sn0.2Pb0.8Br2.4I0.6,0.7,0,0,0.3,0.8,0.2,0,2.4,0.6
MA0.7EA0.3Sn0.2Pb0.8Br2.7I0.3,0.7,0,0,0.3,0.8,0.2,0,2.7,0.3
MA0.7EA0.3Sn0.1Pb0.9Cl0.3Br2.7,0.7,0,0,0.3,0.9,0.1,0.3,2.7,0
MA0.7EA0.3Sn0.1Pb0.9Cl0.6Br2.4,0.7,0,0,0.3,0.9,0.1,0.6,2.4,0
MA0.7EA0.3Sn0.1Pb0.9Cl0.9Br2.1,0.7,0,0,0.3,0.9,0.1,0.9,2.1,0
MA0.7EA0.3Sn0.1Pb0.9Cl1.2Br1.8,0.7,0,0,0.3,0.9,0.1,1.2,1.8,0
MA0.7EA0.3Sn0.1Pb0.9Cl1.5Br1.5,0.7,0,0,0.3,0.9,0.1,1.5,1.5,0
MA0.7EA0.3Sn0.1Pb0.9Cl1.8Br1.2,0.7,0,0,0.3,0.9,0.1,1.8,1.2,0
MA0.7EA0.3Sn0.1Pb0.9Cl2.1Br0.9,0.7,0,0,0.3,0.9,0.1,2.1,0.9,0
MA0.7EA0.3Sn0.1Pb0.9Cl2.4Br0.6,0.7,0,0,0.3,0.9,0.1,2.4,0.6,0
MA0.7EA0.3Sn0.1Pb0.9Cl2.7Br0.3,0.7,0,0,0.3,0.9,0.1,2.7,0.3,0
MA0.7EA0.3Sn0.1Pb0.9Cl0.3I2.7,0.7,0,0,0.3,0.9,0.1,0.3,0,2.7
MA0.7EA0.3Sn0.1Pb0.9Cl0.6I2.4,0.7,0,0,0.3,0.9,0.1,0.6,0,2.4
MA0.7EA0.3Sn0.1Pb0.9Cl0.9I2.1,0.7,0,0,0.3,0.9,0.1,0.9,0,2.1
MA0.7EA0.3Sn0.1Pb0.9Cl1.2I1.8,0.7,0,0,0.3,0.9,0.1,1.2,0,1.8
MA0.7EA0.3Sn0.1Pb0.9Cl1.5I1.5,0.7,0,0,0.3,0.9,0.1,1.5,0,1.5
MA0.7EA0.3Sn0.1Pb0.9Cl1.8I1.2,0.7,0,0,0.3,0.9,0.1,1.8,0,1.2
MA0.7EA0.3Sn0.1Pb0.9Cl2.1I0.9,0.7,0,0,0.3,0.9,0.1,2.1,0,0.9
MA0.7EA0.3Sn0.1Pb0.9Cl2.4I0.6,0.7,0,0,0.3,0.9,0.1,2.4,0,0.6
MA0.7EA0.3Sn0.1Pb0.9Cl2.7I0.3,0.7,0,0,0.3,0.9,0.1,2.7,0,0.3
MA0.7EA0.3Sn0.1Pb0.9Br0.3I2.7,0.7,0,0,0.3,0.9,0.1,0,0.3,2.7
MA0.7EA0.3Sn0.1Pb0.9Br0.6I2.4,0.7,0,0,0.3,0.9,0.1,0,0.6,2.4
MA0.7EA0.3Sn0.1Pb0.9Br0.9I2.1,0.7,0,0,0.3,0.9,0.1,0,0.9,2.1
MA0.7EA0.3Sn0.1Pb0.9Br1.2I1.8,0.7,0,0,0.3,0.9,0.1,0,1.2,1.8
MA0.7EA0.3Sn0.1Pb0.9Br1.5I1.5,0.7,0,0,0.3,0.9,0.1,0,1.5,1.5
MA0.7EA0.3Sn0.1Pb0.9Br1.8I1.2,0.7,0,0,0.3,0.9,0.1,0,1.8,1.2
MA0.7EA0.3Sn0.1Pb0.9Br2.1I0.9,0.7,0,0,0.3,0.9,0.1,0,2.1,0.9
MA0.7EA0.3Sn0.1Pb0.9Br2.4I0.6,0.7,0,0,0.3,0.9,0.1,0,2.4,0.6
MA0.7EA0.3Sn0.1Pb0.9Br2.7I0.3,0.7,0,0,0.3,0.9,0.1,0,2.7,0.3
MA0.8EA0.2Sn0.9Pb0.1Cl0.3Br2.7,0.8,0,0,0.2,0.1,0.9,0.3,2.7,0
MA0.8EA0.2Sn0.9Pb0.1Cl0.6Br2.4,0.8,0,0,0.2,0.1,0.9,0.6,2.4,0
MA0.8EA0.2Sn0.9Pb0.1Cl0.9Br2.1,0.8,0,0,0.2,0.1,0.9,0.9,2.1,0
MA0.8EA0.2Sn0.9Pb0.1Cl1.2Br1.8,0.8,0,0,0.2,0.1,0.9,1.2,1.8,0
MA0.8EA0.2Sn0.9Pb0.1Cl1.5Br1.5,0.8,0,0,0.2,0.1,0.9,1.5,1.5,0
MA0.8EA0.2Sn0.9Pb0.1Cl1.8Br1.2,0.8,0,0,0.2,0.1,0.9,1.8,1.2,0
MA0.8EA0.2Sn0.9Pb0.1Cl2.1Br0.9,0.8,0,0,0.2,0.1,0.9,2.1,0.9,0
MA0.8EA0.2Sn0.9Pb0.1Cl2.4Br0.6,0.8,0,0,0.2,0.1,0.9,2.4,0.6,0
MA0.8EA0.2Sn0.9Pb0.1Cl2.7Br0.3,0.8,0,0,0.2,0.1,0.9,2.7,0.3,0
MA0.8EA0.2Sn0.9Pb0.1Cl0.3I2.7,0.8,0,0,0.2,0.1,0.9,0.3,0,2.7
MA0.8EA0.2Sn0.9Pb0.1Cl0.6I2.4,0.8,0,0,0.2,0.1,0.9,0.6,0,2.4
MA0.8EA0.2Sn0.9Pb0.1Cl0.9I2.1,0.8,0,0,0.2,0.1,0.9,0.9,0,2.1
MA0.8EA0.2Sn0.9Pb0.1Cl1.2I1.8,0.8,0,0,0.2,0.1,0.9,1.2,0,1.8
MA0.8EA0.2Sn0.9Pb0.1Cl1.5I1.5,0.8,0,0,0.2,0.1,0.9,1.5,0,1.5
MA0.8EA0.2Sn0.9Pb0.1Cl1.8I1.2,0.8,0,0,0.2,0.1,0.9,1.8,0,1.2
MA0.8EA0.2Sn0.9Pb0.1Cl2.1I0.9,0.8,0,0,0.2,0.1,0.9,2.1,0,0.9
MA0.8EA0.2Sn0.9Pb0.1Cl2.4I0.6,0.8,0,0,0.2,0.1,0.9,2.4,0,0.6
MA0.8EA0.2Sn0.9Pb0.1Cl2.7I0.3,0.8,0,0,0.2,0.1,0.9,2.7,0,0.3
MA0.8EA0.2Sn0.9Pb0.1Br0.3I2.7,0.8,0,0,0.2,0.1,0.9,0,0.3,2.7
MA0.8EA0.2Sn0.9Pb0.1Br0.6I2.4,0.8,0,0,0.2,0.1,0.9,0,0.6,2.4
MA0.8EA0.2Sn0.9Pb0.1Br0.9I2.1,0.8,0,0,0.2,0.1,0.9,0,0.9,2.1
MA0.8EA0.2Sn0.9Pb0.1Br1.2I1.8,0.8,0,0,0.2,0.1,0.9,0,1.2,1.8
MA0.8EA0.2Sn0.9Pb0.1Br1.5I1.5,0.8,0,0,0.2,0.1,0.9,0,1.5,1.5
MA0.8EA0.2Sn0.9Pb0.1Br1.8I1.2,0.8,0,0,0.2,0.1,0.9,0,1.8,1.2
MA0.8EA0.2Sn0.9Pb0.1Br2.1I0.9,0.8,0,0,0.2,0.1,0.9,0,2.1,0.9
MA0.8EA0.2Sn0.9Pb0.1Br2.4I0.6,0.8,0,0,0.2,0.1,0.9,0,2.4,0.6
MA0.8EA0.2Sn0.9Pb0.1Br2.7I0.3,0.8,0,0,0.2,0.1,0.9,0,2.7,0.3
MA0.8EA0.2Sn0.8Pb0.2Cl0.3Br2.7,0.8,0,0,0.2,0.2,0.8,0.3,2.7,0
MA0.8EA0.2Sn0.8Pb0.2Cl0.6Br2.4,0.8,0,0,0.2,0.2,0.8,0.6,2.4,0
MA0.8EA0.2Sn0.8Pb0.2Cl0.9Br2.1,0.8,0,0,0.2,0.2,0.8,0.9,2.1,0
MA0.8EA0.2Sn0.8Pb0.2Cl1.2Br1.8,0.8,0,0,0.2,0.2,0.8,1.2,1.8,0
MA0.8EA0.2Sn0.8Pb0.2Cl1.5Br1.5,0.8,0,0,0.2,0.2,0.8,1.5,1.5,0
MA0.8EA0.2Sn0.8Pb0.2Cl1.8Br1.2,0.8,0,0,0.2,0.2,0.8,1.8,1.2,0
MA0.8EA0.2Sn0.8Pb0.2Cl2.1Br0.9,0.8,0,0,0.2,0.2,0.8,2.1,0.9,0
MA0.8EA0.2Sn0.8Pb0.2Cl2.4Br0.6,0.8,0,0,0.2,0.2,0.8,2.4,0.6,0
MA0.8EA0.2Sn0.8Pb0.2Cl2.7Br0.3,0.8,0,0,0.2,0.2,0.8,2.7,0.3,0
MA0.8EA0.2Sn0.8Pb0.2Cl0.3I2.7,0.8,0,0,0.2,0.2,0.8,0.3,0,2.7
MA0.8EA0.2Sn0.8Pb0.2Cl0.6I2.4,0.8,0,0,0.2,0.2,0.8,0.6,0,2.4
MA0.8EA0.2Sn0.8Pb0.2Cl0.9I2.1,0.8,0,0,0.2,0.2,0.8,0.9,0,2.1
MA0.8EA0.2Sn0.8Pb0.2Cl1.2I1.8,0.8,0,0,0.2,0.2,0.8,1.2,0,1.8
MA0.8EA0.2Sn0.8Pb0.2Cl1.5I1.5,0.8,0,0,0.2,0.2,0.8,1.5,0,1.5
MA0.8EA0.2Sn0.8Pb0.2Cl1.8I1.2,0.8,0,0,0.2,0.2,0.8,1.8,0,1.2
MA0.8EA0.2Sn0.8Pb0.2Cl2.1I0.9,0.8,0,0,0.2,0.2,0.8,2.1,0,0.9
MA0.8EA0.2Sn0.8Pb0.2Cl2.4I0.6,0.8,0,0,0.2,0.2,0.8,2.4,0,0.6
MA0.8EA0.2Sn0.8Pb0.2Cl2.7I0.3,0.8,0,0,0.2,0.2,0.8,2.7,0,0.3
MA0.8EA0.2Sn0.8Pb0.2Br0.3I2.7,0.8,0,0,0.2,0.2,0.8,0,0.3,2.7
MA0.8EA0.2Sn0.8Pb0.2Br0.6I2.4,0.8,0,0,0.2,0.2,0.8,0,0.6,2.4
MA0.8EA0.2Sn0.8Pb0.2Br0.9I2.1,0.8,0,0,0.2,0.2,0.8,0,0.9,2.1
MA0.8EA0.2Sn0.8Pb0.2Br1.2I1.8,0.8,0,0,0.2,0.2,0.8,0,1.2,1.8
MA0.8EA0.2Sn0.8Pb0.2Br1.5I1.5,0.8,0,0,0.2,0.2,0.8,0,1.5,1.5
MA0.8EA0.2Sn0.8Pb0.2Br1.8I1.2,0.8,0,0,0.2,0.2,0.8,0,1.8,1.2
MA0.8EA0.2Sn0.8Pb0.2Br2.1I0.9,0.8,0,0,0.2,0.2,0.8,0,2.1,0.9
MA0.8EA0.2Sn0.8Pb0.2Br2.4I0.6,0.8,0,0,0.2,0.2,0.8,0,2.4,0.6
MA0.8EA0.2Sn0.8Pb0.2Br2.7I0.3,0.8,0,0,0.2,0.2,0.8,0,2.7,0.3
MA0.8EA0.2Sn0.7Pb0.3Cl0.3Br2.7,0.8,0,0,0.2,0.3,0.7,0.3,2.7,0
MA0.8EA0.2Sn0.7Pb0.3Cl0.6Br2.4,0.8,0,0,0.2,0.3,0.7,0.6,2.4,0
MA0.8EA0.2Sn0.7Pb0.3Cl0.9Br2.1,0.8,0,0,0.2,0.3,0.7,0.9,2.1,0
MA0.8EA0.2Sn0.7Pb0.3Cl1.2Br1.8,0.8,0,0,0.2,0.3,0.7,1.2,1.8,0
MA0.8EA0.2Sn0.7Pb0.3Cl1.5Br1.5,0.8,0,0,0.2,0.3,0.7,1.5,1.5,0
MA0.8EA0.2Sn0.7Pb0.3Cl1.8Br1.2,0.8,0,0,0.2,0.3,0.7,1.8,1.2,0
MA0.8EA0.2Sn0.7Pb0.3Cl2.1Br0.9,0.8,0,0,0.2,0.3,0.7,2.1,0.9,0
MA0.8EA0.2Sn0.7Pb0.3Cl2.4Br0.6,0.8,0,0,0.2,0.3,0.7,2.4,0.6,0
MA0.8EA0.2Sn0.7Pb0.3Cl2.7Br0.3,0.8,0,0,0.2,0.3,0.7,2.7,0.3,0
MA0.8EA0.2Sn0.7Pb0.3Cl0.3I2.7,0.8,0,0,0.2,0.3,0.7,0.3,0,2.7
MA0.8EA0.2Sn0.7Pb0.3Cl0.6I2.4,0.8,0,0,0.2,0.3,0.7,0.6,0,2.4
MA0.8EA0.2Sn0.7Pb0.3Cl0.9I2.1,0.8,0,0,0.2,0.3,0.7,0.9,0,2.1
MA0.8EA0.2Sn0.7Pb0.3Cl1.2I1.8,0.8,0,0,0.2,0.3,0.7,1.2,0,1.8
MA0.8EA0.2Sn0.7Pb0.3Cl1.5I1.5,0.8,0,0,0.2,0.3,0.7,1.5,0,1.5
MA0.8EA0.2Sn0.7Pb0.3Cl1.8I1.2,0.8,0,0,0.2,0.3,0.7,1.8,0,1.2
MA0.8EA0.2Sn0.7Pb0.3Cl2.1I0.9,0.8,0,0,0.2,0.3,0.7,2.1,0,0.9
MA0.8EA0.2Sn0.7Pb0.3Cl2.4I0.6,0.8,0,0,0.2,0.3,0.7,2.4,0,0.6
MA0.8EA0.2Sn0.7Pb0.3Cl2.7I0.3,0.8,0,0,0.2,0.3,0.7,2.7,0,0.3
MA0.8EA0.2Sn0.7Pb0.3Br0.3I2.7,0.8,0,0,0.2,0.3,0.7,0,0.3,2.7
MA0.8EA0.2Sn0.7Pb0.3Br0.6I2.4,0.8,0,0,0.2,0.3,0.7,0,0.6,2.4
MA0.8EA0.2Sn0.7Pb0.3Br0.9I2.1,0.8,0,0,0.2,0.3,0.7,0,0.9,2.1
MA0.8EA0.2Sn0.7Pb0.3Br1.2I1.8,0.8,0,0,0.2,0.3,0.7,0,1.2,1.8
MA0.8EA0.2Sn0.7Pb0.3Br1.5I1.5,0.8,0,0,0.2,0.3,0.7,0,1.5,1.5
MA0.8EA0.2Sn0.7Pb0.3Br1.8I1.2,0.8,0,0,0.2,0.3,0.7,0,1.8,1.2
MA0.8EA0.2Sn0.7Pb0.3Br2.1I0.9,0.8,0,0,0.2,0.3,0.7,0,2.1,0.9
MA0.8EA0.2Sn0.7Pb0.3Br2.4I0.6,0.8,0,0,0.2,0.3,0.7,0,2.4,0.6
MA0.8EA0.2Sn0.7Pb0.3Br2.7I0.3,0.8,0,0,0.2,0.3,0.7,0,2.7,0.3
MA0.8EA0.2Sn0.6Pb0.4Cl0.3Br2.7,0.8,0,0,0.2,0.4,0.6,0.3,2.7,0
MA0.8EA0.2Sn0.6Pb0.4Cl0.6Br2.4,0.8,0,0,0.2,0.4,0.6,0.6,2.4,0
MA0.8EA0.2Sn0.6Pb0.4Cl0.9Br2.1,0.8,0,0,0.2,0.4,0.6,0.9,2.1,0
MA0.8EA0.2Sn0.6Pb0.4Cl1.2Br1.8,0.8,0,0,0.2,0.4,0.6,1.2,1.8,0
MA0.8EA0.2Sn0.6Pb0.4Cl1.5Br1.5,0.8,0,0,0.2,0.4,0.6,1.5,1.5,0
MA0.8EA0.2Sn0.6Pb0.4Cl1.8Br1.2,0.8,0,0,0.2,0.4,0.6,1.8,1.2,0
MA0.8EA0.2Sn0.6Pb0.4Cl2.1Br0.9,0.8,0,0,0.2,0.4,0.6,2.1,0.9,0
MA0.8EA0.2Sn0.6Pb0.4Cl2.4Br0.6,0.8,0,0,0.2,0.4,0.6,2.4,0.6,0
MA0.8EA0.2Sn0.6Pb0.4Cl2.7Br0.3,0.8,0,0,0.2,0.4,0.6,2.7,0.3,0
MA0.8EA0.2Sn0.6Pb0.4Cl0.3I2.7,0.8,0,0,0.2,0.4,0.6,0.3,0,2.7
MA0.8EA0.2Sn0.6Pb0.4Cl0.6I2.4,0.8,0,0,0.2,0.4,0.6,0.6,0,2.4
MA0.8EA0.2Sn0.6Pb0.4Cl0.9I2.1,0.8,0,0,0.2,0.4,0.6,0.9,0,2.1
MA0.8EA0.2Sn0.6Pb0.4Cl1.2I1.8,0.8,0,0,0.2,0.4,0.6,1.2,0,1.8
MA0.8EA0.2Sn0.6Pb0.4Cl1.5I1.5,0.8,0,0,0.2,0.4,0.6,1.5,0,1.5
MA0.8EA0.2Sn0.6Pb0.4Cl1.8I1.2,0.8,0,0,0.2,0.4,0.6,1.8,0,1.2
MA0.8EA0.2Sn0.6Pb0.4Cl2.1I0.9,0.8,0,0,0.2,0.4,0.6,2.1,0,0.9
MA0.8EA0.2Sn0.6Pb0.4Cl2.4I0.6,0.8,0,0,0.2,0.4,0.6,2.4,0,0.6
MA0.8EA0.2Sn0.6Pb0.4Cl2.7I0.3,0.8,0,0,0.2,0.4,0.6,2.7,0,0.3
MA0.8EA0.2Sn0.6Pb0.4Br0.3I2.7,0.8,0,0,0.2,0.4,0.6,0,0.3,2.7
MA0.8EA0.2Sn0.6Pb0.4Br0.6I2.4,0.8,0,0,0.2,0.4,0.6,0,0.6,2.4
MA0.8EA0.2Sn0.6Pb0.4Br0.9I2.1,0.8,0,0,0.2,0.4,0.6,0,0.9,2.1
MA0.8EA0.2Sn0.6Pb0.4Br1.2I1.8,0.8,0,0,0.2,0.4,0.6,0,1.2,1.8
MA0.8EA0.2Sn0.6Pb0.4Br1.5I1.5,0.8,0,0,0.2,0.4,0.6,0,1.5,1.5
MA0.8EA0.2Sn0.6Pb0.4Br1.8I1.2,0.8,0,0,0.2,0.4,0.6,0,1.8,1.2
MA0.8EA0.2Sn0.6Pb0.4Br2.1I0.9,0.8,0,0,0.2,0.4,0.6,0,2.1,0.9
MA0.8EA0.2Sn0.6Pb0.4Br2.4I0.6,0.8,0,0,0.2,0.4,0.6,0,2.4,0.6
MA0.8EA0.2Sn0.6Pb0.4Br2.7I0.3,0.8,0,0,0.2,0.4,0.6,0,2.7,0.3
MA0.8EA0.2Sn0.5Pb0.5Cl0.3Br2.7,0.8,0,0,0.2,0.5,0.5,0.3,2.7,0
MA0.8EA0.2Sn0.5Pb0.5Cl0.6Br2.4,0.8,0,0,0.2,0.5,0.5,0.6,2.4,0
MA0.8EA0.2Sn0.5Pb0.5Cl0.9Br2.1,0.8,0,0,0.2,0.5,0.5,0.9,2.1,0
MA0.8EA0.2Sn0.5Pb0.5Cl1.2Br1.8,0.8,0,0,0.2,0.5,0.5,1.2,1.8,0
MA0.8EA0.2Sn0.5Pb0.5Cl1.5Br1.5,0.8,0,0,0.2,0.5,0.5,1.5,1.5,0
MA0.8EA0.2Sn0.5Pb0.5Cl1.8Br1.2,0.8,0,0,0.2,0.5,0.5,1.8,1.2,0
MA0.8EA0.2Sn0.5Pb0.5Cl2.1Br0.9,0.8,0,0,0.2,0.5,0.5,2.1,0.9,0
MA0.8EA0.2Sn0.5Pb0.5Cl2.4Br0.6,0.8,0,0,0.2,0.5,0.5,2.4,0.6,0
MA0.8EA0.2Sn0.5Pb0.5Cl2.7Br0.3,0.8,0,0,0.2,0.5,0.5,2.7,0.3,0
MA0.8EA0.2Sn0.5Pb0.5Cl0.3I2.7,0.8,0,0,0.2,0.5,0.5,0.3,0,2.7
MA0.8EA0.2Sn0.5Pb0.5Cl0.6I2.4,0.8,0,0,0.2,0.5,0.5,0.6,0,2.4
MA0.8EA0.2Sn0.5Pb0.5Cl0.9I2.1,0.8,0,0,0.2,0.5,0.5,0.9,0,2.1
MA0.8EA0.2Sn0.5Pb0.5Cl1.2I1.8,0.8,0,0,0.2,0.5,0.5,1.2,0,1.8
MA0.8EA0.2Sn0.5Pb0.5Cl1.5I1.5,0.8,0,0,0.2,0.5,0.5,1.5,0,1.5
MA0.8EA0.2Sn0.5Pb0.5Cl1.8I1.2,0.8,0,0,0.2,0.5,0.5,1.8,0,1.2
MA0.8EA0.2Sn0.5Pb0.5Cl2.1I0.9,0.8,0,0,0.2,0.5,0.5,2.1,0,0.9
MA0.8EA0.2Sn0.5Pb0.5Cl2.4I0.6,0.8,0,0,0.2,0.5,0.5,2.4,0,0.6
MA0.8EA0.2Sn0.5Pb0.5Cl2.7I0.3,0.8,0,0,0.2,0.5,0.5,2.7,0,0.3
MA0.8EA0.2Sn0.5Pb0.5Br0.3I2.7,0.8,0,0,0.2,0.5,0.5,0,0.3,2.7
MA0.8EA0.2Sn0.5Pb0.5Br0.6I2.4,0.8,0,0,0.2,0.5,0.5,0,0.6,2.4
MA0.8EA0.2Sn0.5Pb0.5Br0.9I2.1,0.8,0,0,0.2,0.5,0.5,0,0.9,2.1
MA0.8EA0.2Sn0.5Pb0.5Br1.2I1.8,0.8,0,0,0.2,0.5,0.5,0,1.2,1.8
MA0.8EA0.2Sn0.5Pb0.5Br1.5I1.5,0.8,0,0,0.2,0.5,0.5,0,1.5,1.5
MA0.8EA0.2Sn0.5Pb0.5Br1.8I1.2,0.8,0,0,0.2,0.5,0.5,0,1.8,1.2
MA0.8EA0.2Sn0.5Pb0.5Br2.1I0.9,0.8,0,0,0.2,0.5,0.5,0,2.1,0.9
MA0.8EA0.2Sn0.5Pb0.5Br2.4I0.6,0.8,0,0,0.2,0.5,0.5,0,2.4,0.6
MA0.8EA0.2Sn0.5Pb0.5Br2.7I0.3,0.8,0,0,0.2,0.5,0.5,0,2.7,0.3
MA0.8EA0.2Sn0.4Pb0.6Cl0.3Br2.7,0.8,0,0,0.2,0.6,0.4,0.3,2.7,0
MA0.8EA0.2Sn0.4Pb0.6Cl0.6Br2.4,0.8,0,0,0.2,0.6,0.4,0.6,2.4,0
MA0.8EA0.2Sn0.4Pb0.6Cl0.9Br2.1,0.8,0,0,0.2,0.6,0.4,0.9,2.1,0
MA0.8EA0.2Sn0.4Pb0.6Cl1.2Br1.8,0.8,0,0,0.2,0.6,0.4,1.2,1.8,0
MA0.8EA0.2Sn0.4Pb0.6Cl1.5Br1.5,0.8,0,0,0.2,0.6,0.4,1.5,1.5,0
MA0.8EA0.2Sn0.4Pb0.6Cl1.8Br1.2,0.8,0,0,0.2,0.6,0.4,1.8,1.2,0
MA0.8EA0.2Sn0.4Pb0.6Cl2.1Br0.9,0.8,0,0,0.2,0.6,0.4,2.1,0.9,0
MA0.8EA0.2Sn0.4Pb0.6Cl2.4Br0.6,0.8,0,0,0.2,0.6,0.4,2.4,0.6,0
MA0.8EA0.2Sn0.4Pb0.6Cl2.7Br0.3,0.8,0,0,0.2,0.6,0.4,2.7,0.3,0
MA0.8EA0.2Sn0.4Pb0.6Cl0.3I2.7,0.8,0,0,0.2,0.6,0.4,0.3,0,2.7
MA0.8EA0.2Sn0.4Pb0.6Cl0.6I2.4,0.8,0,0,0.2,0.6,0.4,0.6,0,2.4
MA0.8EA0.2Sn0.4Pb0.6Cl0.9I2.1,0.8,0,0,0.2,0.6,0.4,0.9,0,2.1
MA0.8EA0.2Sn0.4Pb0.6Cl1.2I1.8,0.8,0,0,0.2,0.6,0.4,1.2,0,1.8
MA0.8EA0.2Sn0.4Pb0.6Cl1.5I1.5,0.8,0,0,0.2,0.6,0.4,1.5,0,1.5
MA0.8EA0.2Sn0.4Pb0.6Cl1.8I1.2,0.8,0,0,0.2,0.6,0.4,1.8,0,1.2
MA0.8EA0.2Sn0.4Pb0.6Cl2.1I0.9,0.8,0,0,0.2,0.6,0.4,2.1,0,0.9
MA0.8EA0.2Sn0.4Pb0.6Cl2.4I0.6,0.8,0,0,0.2,0.6,0.4,2.4,0,0.6
MA0.8EA0.2Sn0.4Pb0.6Cl2.7I0.3,0.8,0,0,0.2,0.6,0.4,2.7,0,0.3
MA0.8EA0.2Sn0.4Pb0.6Br0.3I2.7,0.8,0,0,0.2,0.6,0.4,0,0.3,2.7
MA0.8EA0.2Sn0.4Pb0.6Br0.6I2.4,0.8,0,0,0.2,0.6,0.4,0,0.6,2.4
MA0.8EA0.2Sn0.4Pb0.6Br0.9I2.1,0.8,0,0,0.2,0.6,0.4,0,0.9,2.1
MA0.8EA0.2Sn0.4Pb0.6Br1.2I1.8,0.8,0,0,0.2,0.6,0.4,0,1.2,1.8
MA0.8EA0.2Sn0.4Pb0.6Br1.5I1.5,0.8,0,0,0.2,0.6,0.4,0,1.5,1.5
MA0.8EA0.2Sn0.4Pb0.6Br1.8I1.2,0.8,0,0,0.2,0.6,0.4,0,1.8,1.2
MA0.8EA0.2Sn0.4Pb0.6Br2.1I0.9,0.8,0,0,0.2,0.6,0.4,0,2.1,0.9
MA0.8EA0.2Sn0.4Pb0.6Br2.4I0.6,0.8,0,0,0.2,0.6,0.4,0,2.4,0.6
MA0.8EA0.2Sn0.4Pb0.6Br2.7I0.3,0.8,0,0,0.2,0.6,0.4,0,2.7,0.3
MA0.8EA0.2Sn0.3Pb0.7Cl0.3Br2.7,0.8,0,0,0.2,0.7,0.3,0.3,2.7,0
MA0.8EA0.2Sn0.3Pb0.7Cl0.6Br2.4,0.8,0,0,0.2,0.7,0.3,0.6,2.4,0
MA0.8EA0.2Sn0.3Pb0.7Cl0.9Br2.1,0.8,0,0,0.2,0.7,0.3,0.9,2.1,0
MA0.8EA0.2Sn0.3Pb0.7Cl1.2Br1.8,0.8,0,0,0.2,0.7,0.3,1.2,1.8,0
MA0.8EA0.2Sn0.3Pb0.7Cl1.5Br1.5,0.8,0,0,0.2,0.7,0.3,1.5,1.5,0
MA0.8EA0.2Sn0.3Pb0.7Cl1.8Br1.2,0.8,0,0,0.2,0.7,0.3,1.8,1.2,0
MA0.8EA0.2Sn0.3Pb0.7Cl2.1Br0.9,0.8,0,0,0.2,0.7,0.3,2.1,0.9,0
MA0.8EA0.2Sn0.3Pb0.7Cl2.4Br0.6,0.8,0,0,0.2,0.7,0.3,2.4,0.6,0
MA0.8EA0.2Sn0.3Pb0.7Cl2.7Br0.3,0.8,0,0,0.2,0.7,0.3,2.7,0.3,0
MA0.8EA0.2Sn0.3Pb0.7Cl0.3I2.7,0.8,0,0,0.2,0.7,0.3,0.3,0,2.7
MA0.8EA0.2Sn0.3Pb0.7Cl0.6I2.4,0.8,0,0,0.2,0.7,0.3,0.6,0,2.4
MA0.8EA0.2Sn0.3Pb0.7Cl0.9I2.1,0.8,0,0,0.2,0.7,0.3,0.9,0,2.1
MA0.8EA0.2Sn0.3Pb0.7Cl1.2I1.8,0.8,0,0,0.2,0.7,0.3,1.2,0,1.8
MA0.8EA0.2Sn0.3Pb0.7Cl1.5I1.5,0.8,0,0,0.2,0.7,0.3,1.5,0,1.5
MA0.8EA0.2Sn0.3Pb0.7Cl1.8I1.2,0.8,0,0,0.2,0.7,0.3,1.8,0,1.2
MA0.8EA0.2Sn0.3Pb0.7Cl2.1I0.9,0.8,0,0,0.2,0.7,0.3,2.1,0,0.9
MA0.8EA0.2Sn0.3Pb0.7Cl2.4I0.6,0.8,0,0,0.2,0.7,0.3,2.4,0,0.6
MA0.8EA0.2Sn0.3Pb0.7Cl2.7I0.3,0.8,0,0,0.2,0.7,0.3,2.7,0,0.3
MA0.8EA0.2Sn0.3Pb0.7Br0.3I2.7,0.8,0,0,0.2,0.7,0.3,0,0.3,2.7
MA0.8EA0.2Sn0.3Pb0.7Br0.6I2.4,0.8,0,0,0.2,0.7,0.3,0,0.6,2.4
MA0.8EA0.2Sn0.3Pb0.7Br0.9I2.1,0.8,0,0,0.2,0.7,0.3,0,0.9,2.1
MA0.8EA0.2Sn0.3Pb0.7Br1.2I1.8,0.8,0,0,0.2,0.7,0.3,0,1.2,1.8
MA0.8EA0.2Sn0.3Pb0.7Br1.5I1.5,0.8,0,0,0.2,0.7,0.3,0,1.5,1.5
MA0.8EA0.2Sn0.3Pb0.7Br1.8I1.2,0.8,0,0,0.2,0.7,0.3,0,1.8,1.2
MA0.8EA0.2Sn0.3Pb0.7Br2.1I0.9,0.8,0,0,0.2,0.7,0.3,0,2.1,0.9
MA0.8EA0.2Sn0.3Pb0.7Br2.4I0.6,0.8,0,0,0.2,0.7,0.3,0,2.4,0.6
MA0.8EA0.2Sn0.3Pb0.7Br2.7I0.3,0.8,0,0,0.2,0.7,0.3,0,2.7,0.3
MA0.8EA0.2Sn0.2Pb0.8Cl0.3Br2.7,0.8,0,0,0.2,0.8,0.2,0.3,2.7,0
MA0.8EA0.2Sn0.2Pb0.8Cl0.6Br2.4,0.8,0,0,0.2,0.8,0.2,0.6,2.4,0
MA0.8EA0.2Sn0.2Pb0.8Cl0.9Br2.1,0.8,0,0,0.2,0.8,0.2,0.9,2.1,0
MA0.8EA0.2Sn0.2Pb0.8Cl1.2Br1.8,0.8,0,0,0.2,0.8,0.2,1.2,1.8,0
MA0.8EA0.2Sn0.2Pb0.8Cl1.5Br1.5,0.8,0,0,0.2,0.8,0.2,1.5,1.5,0
MA0.8EA0.2Sn0.2Pb0.8Cl1.8Br1.2,0.8,0,0,0.2,0.8,0.2,1.8,1.2,0
MA0.8EA0.2Sn0.2Pb0.8Cl2.1Br0.9,0.8,0,0,0.2,0.8,0.2,2.1,0.9,0
MA0.8EA0.2Sn0.2Pb0.8Cl2.4Br0.6,0.8,0,0,0.2,0.8,0.2,2.4,0.6,0
MA0.8EA0.2Sn0.2Pb0.8Cl2.7Br0.3,0.8,0,0,0.2,0.8,0.2,2.7,0.3,0
MA0.8EA0.2Sn0.2Pb0.8Cl0.3I2.7,0.8,0,0,0.2,0.8,0.2,0.3,0,2.7
MA0.8EA0.2Sn0.2Pb0.8Cl0.6I2.4,0.8,0,0,0.2,0.8,0.2,0.6,0,2.4
MA0.8EA0.2Sn0.2Pb0.8Cl0.9I2.1,0.8,0,0,0.2,0.8,0.2,0.9,0,2.1
MA0.8EA0.2Sn0.2Pb0.8Cl1.2I1.8,0.8,0,0,0.2,0.8,0.2,1.2,0,1.8
MA0.8EA0.2Sn0.2Pb0.8Cl1.5I1.5,0.8,0,0,0.2,0.8,0.2,1.5,0,1.5
MA0.8EA0.2Sn0.2Pb0.8Cl1.8I1.2,0.8,0,0,0.2,0.8,0.2,1.8,0,1.2
MA0.8EA0.2Sn0.2Pb0.8Cl2.1I0.9,0.8,0,0,0.2,0.8,0.2,2.1,0,0.9
MA0.8EA0.2Sn0.2Pb0.8Cl2.4I0.6,0.8,0,0,0.2,0.8,0.2,2.4,0,0.6
MA0.8EA0.2Sn0.2Pb0.8Cl2.7I0.3,0.8,0,0,0.2,0.8,0.2,2.7,0,0.3
MA0.8EA0.2Sn0.2Pb0.8Br0.3I2.7,0.8,0,0,0.2,0.8,0.2,0,0.3,2.7
MA0.8EA0.2Sn0.2Pb0.8Br0.6I2.4,0.8,0,0,0.2,0.8,0.2,0,0.6,2.4
MA0.8EA0.2Sn0.2Pb0.8Br0.9I2.1,0.8,0,0,0.2,0.8,0.2,0,0.9,2.1
MA0.8EA0.2Sn0.2Pb0.8Br1.2I1.8,0.8,0,0,0.2,0.8,0.2,0,1.2,1.8
MA0.8EA0.2Sn0.2Pb0.8Br1.5I1.5,0.8,0,0,0.2,0.8,0.2,0,1.5,1.5
MA0.8EA0.2Sn0.2Pb0.8Br1.8I1.2,0.8,0,0,0.2,0.8,0.2,0,1.8,1.2
MA0.8EA0.2Sn0.2Pb0.8Br2.1I0.9,0.8,0,0,0.2,0.8,0.2,0,2.1,0.9
MA0.8EA0.2Sn0.2Pb0.8Br2.4I0.6,0.8,0,0,0.2,0.8,0.2,0,2.4,0.6
MA0.8EA0.2Sn0.2Pb0.8Br2.7I0.3,0.8,0,0,0.2,0.8,0.2,0,2.7,0.3
MA0.8EA0.2Sn0.1Pb0.9Cl0.3Br2.7,0.8,0,0,0.2,0.9,0.1,0.3,2.7,0
MA0.8EA0.2Sn0.1Pb0.9Cl0.6Br2.4,0.8,0,0,0.2,0.9,0.1,0.6,2.4,0
MA0.8EA0.2Sn0.1Pb0.9Cl0.9Br2.1,0.8,0,0,0.2,0.9,0.1,0.9,2.1,0
MA0.8EA0.2Sn0.1Pb0.9Cl1.2Br1.8,0.8,0,0,0.2,0.9,0.1,1.2,1.8,0
MA0.8EA0.2Sn0.1Pb0.9Cl1.5Br1.5,0.8,0,0,0.2,0.9,0.1,1.5,1.5,0
MA0.8EA0.2Sn0.1Pb0.9Cl1.8Br1.2,0.8,0,0,0.2,0.9,0.1,1.8,1.2,0
MA0.8EA0.2Sn0.1Pb0.9Cl2.1Br0.9,0.8,0,0,0.2,0.9,0.1,2.1,0.9,0
MA0.8EA0.2Sn0.1Pb0.9Cl2.4Br0.6,0.8,0,0,0.2,0.9,0.1,2.4,0.6,0
MA0.8EA0.2Sn0.1Pb0.9Cl2.7Br0.3,0.8,0,0,0.2,0.9,0.1,2.7,0.3,0
MA0.8EA0.2Sn0.1Pb0.9Cl0.3I2.7,0.8,0,0,0.2,0.9,0.1,0.3,0,2.7
MA0.8EA0.2Sn0.1Pb0.9Cl0.6I2.4,0.8,0,0,0.2,0.9,0.1,0.6,0,2.4
MA0.8EA0.2Sn0.1Pb0.9Cl0.9I2.1,0.8,0,0,0.2,0.9,0.1,0.9,0,2.1
MA0.8EA0.2Sn0.1Pb0.9Cl1.2I1.8,0.8,0,0,0.2,0.9,0.1,1.2,0,1.8
MA0.8EA0.2Sn0.1Pb0.9Cl1.5I1.5,0.8,0,0,0.2,0.9,0.1,1.5,0,1.5
MA0.8EA0.2Sn0.1Pb0.9Cl1.8I1.2,0.8,0,0,0.2,0.9,0.1,1.8,0,1.2
MA0.8EA0.2Sn0.1Pb0.9Cl2.1I0.9,0.8,0,0,0.2,0.9,0.1,2.1,0,0.9
MA0.8EA0.2Sn0.1Pb0.9Cl2.4I0.6,0.8,0,0,0.2,0.9,0.1,2.4,0,0.6
MA0.8EA0.2Sn0.1Pb0.9Cl2.7I0.3,0.8,0,0,0.2,0.9,0.1,2.7,0,0.3
MA0.8EA0.2Sn0.1Pb0.9Br0.3I2.7,0.8,0,0,0.2,0.9,0.1,0,0.3,2.7
MA0.8EA0.2Sn0.1Pb0.9Br0.6I2.4,0.8,0,0,0.2,0.9,0.1,0,0.6,2.4
MA0.8EA0.2Sn0.1Pb0.9Br0.9I2.1,0.8,0,0,0.2,0.9,0.1,0,0.9,2.1
MA0.8EA0.2Sn0.1Pb0.9Br1.2I1.8,0.8,0,0,0.2,0.9,0.1,0,1.2,1.8
MA0.8EA0.2Sn0.1Pb0.9Br1.5I1.5,0.8,0,0,0.2,0.9,0.1,0,1.5,1.5
MA0.8EA0.2Sn0.1Pb0.9Br1.8I1.2,0.8,0,0,0.2,0.9,0.1,0,1.8,1.2
MA0.8EA0.2Sn0.1Pb0.9Br2.1I0.9,0.8,0,0,0.2,0.9,0.1,0,2.1,0.9
MA0.8EA0.2Sn0.1Pb0.9Br2.4I0.6,0.8,0,0,0.2,0.9,0.1,0,2.4,0.6
MA0.8EA0.2Sn0.1Pb0.9Br2.7I0.3,0.8,0,0,0.2,0.9,0.1,0,2.7,0.3
MA0.9EA0.1Sn0.9Pb0.1Cl0.3Br2.7,0.9,0,0,0.1,0.1,0.9,0.3,2.7,0
MA0.9EA0.1Sn0.9Pb0.1Cl0.6Br2.4,0.9,0,0,0.1,0.1,0.9,0.6,2.4,0
MA0.9EA0.1Sn0.9Pb0.1Cl0.9Br2.1,0.9,0,0,0.1,0.1,0.9,0.9,2.1,0
MA0.9EA0.1Sn0.9Pb0.1Cl1.2Br1.8,0.9,0,0,0.1,0.1,0.9,1.2,1.8,0
MA0.9EA0.1Sn0.9Pb0.1Cl1.5Br1.5,0.9,0,0,0.1,0.1,0.9,1.5,1.5,0
MA0.9EA0.1Sn0.9Pb0.1Cl1.8Br1.2,0.9,0,0,0.1,0.1,0.9,1.8,1.2,0
MA0.9EA0.1Sn0.9Pb0.1Cl2.1Br0.9,0.9,0,0,0.1,0.1,0.9,2.1,0.9,0
MA0.9EA0.1Sn0.9Pb0.1Cl2.4Br0.6,0.9,0,0,0.1,0.1,0.9,2.4,0.6,0
MA0.9EA0.1Sn0.9Pb0.1Cl2.7Br0.3,0.9,0,0,0.1,0.1,0.9,2.7,0.3,0
MA0.9EA0.1Sn0.9Pb0.1Cl0.3I2.7,0.9,0,0,0.1,0.1,0.9,0.3,0,2.7
MA0.9EA0.1Sn0.9Pb0.1Cl0.6I2.4,0.9,0,0,0.1,0.1,0.9,0.6,0,2.4
MA0.9EA0.1Sn0.9Pb0.1Cl0.9I2.1,0.9,0,0,0.1,0.1,0.9,0.9,0,2.1
MA0.9EA0.1Sn0.9Pb0.1Cl1.2I1.8,0.9,0,0,0.1,0.1,0.9,1.2,0,1.8
MA0.9EA0.1Sn0.9Pb0.1Cl1.5I1.5,0.9,0,0,0.1,0.1,0.9,1.5,0,1.5
MA0.9EA0.1Sn0.9Pb0.1Cl1.8I1.2,0.9,0,0,0.1,0.1,0.9,1.8,0,1.2
MA0.9EA0.1Sn0.9Pb0.1Cl2.1I0.9,0.9,0,0,0.1,0.1,0.9,2.1,0,0.9
MA0.9EA0.1Sn0.9Pb0.1Cl2.4I0.6,0.9,0,0,0.1,0.1,0.9,2.4,0,0.6
MA0.9EA0.1Sn0.9Pb0.1Cl2.7I0.3,0.9,0,0,0.1,0.1,0.9,2.7,0,0.3
MA0.9EA0.1Sn0.9Pb0.1Br0.3I2.7,0.9,0,0,0.1,0.1,0.9,0,0.3,2.7
MA0.9EA0.1Sn0.9Pb0.1Br0.6I2.4,0.9,0,0,0.1,0.1,0.9,0,0.6,2.4
MA0.9EA0.1Sn0.9Pb0.1Br0.9I2.1,0.9,0,0,0.1,0.1,0.9,0,0.9,2.1
MA0.9EA0.1Sn0.9Pb0.1Br1.2I1.8,0.9,0,0,0.1,0.1,0.9,0,1.2,1.8
MA0.9EA0.1Sn0.9Pb0.1Br1.5I1.5,0.9,0,0,0.1,0.1,0.9,0,1.5,1.5
MA0.9EA0.1Sn0.9Pb0.1Br1.8I1.2,0.9,0,0,0.1,0.1,0.9,0,1.8,1.2
MA0.9EA0.1Sn0.9Pb0.1Br2.1I0.9,0.9,0,0,0.1,0.1,0.9,0,2.1,0.9
MA0.9EA0.1Sn0.9Pb0.1Br2.4I0.6,0.9,0,0,0.1,0.1,0.9,0,2.4,0.6
MA0.9EA0.1Sn0.9Pb0.1Br2.7I0.3,0.9,0,0,0.1,0.1,0.9,0,2.7,0.3
MA0.9EA0.1Sn0.8Pb0.2Cl0.3Br2.7,0.9,0,0,0.1,0.2,0.8,0.3,2.7,0
MA0.9EA0.1Sn0.8Pb0.2Cl0.6Br2.4,0.9,0,0,0.1,0.2,0.8,0.6,2.4,0
MA0.9EA0.1Sn0.8Pb0.2Cl0.9Br2.1,0.9,0,0,0.1,0.2,0.8,0.9,2.1,0
MA0.9EA0.1Sn0.8Pb0.2Cl1.2Br1.8,0.9,0,0,0.1,0.2,0.8,1.2,1.8,0
MA0.9EA0.1Sn0.8Pb0.2Cl1.5Br1.5,0.9,0,0,0.1,0.2,0.8,1.5,1.5,0
MA0.9EA0.1Sn0.8Pb0.2Cl1.8Br1.2,0.9,0,0,0.1,0.2,0.8,1.8,1.2,0
MA0.9EA0.1Sn0.8Pb0.2Cl2.1Br0.9,0.9,0,0,0.1,0.2,0.8,2.1,0.9,0
MA0.9EA0.1Sn0.8Pb0.2Cl2.4Br0.6,0.9,0,0,0.1,0.2,0.8,2.4,0.6,0
MA0.9EA0.1Sn0.8Pb0.2Cl2.7Br0.3,0.9,0,0,0.1,0.2,0.8,2.7,0.3,0
MA0.9EA0.1Sn0.8Pb0.2Cl0.3I2.7,0.9,0,0,0.1,0.2,0.8,0.3,0,2.7
MA0.9EA0.1Sn0.8Pb0.2Cl0.6I2.4,0.9,0,0,0.1,0.2,0.8,0.6,0,2.4
MA0.9EA0.1Sn0.8Pb0.2Cl0.9I2.1,0.9,0,0,0.1,0.2,0.8,0.9,0,2.1
MA0.9EA0.1Sn0.8Pb0.2Cl1.2I1.8,0.9,0,0,0.1,0.2,0.8,1.2,0,1.8
MA0.9EA0.1Sn0.8Pb0.2Cl1.5I1.5,0.9,0,0,0.1,0.2,0.8,1.5,0,1.5
MA0.9EA0.1Sn0.8Pb0.2Cl1.8I1.2,0.9,0,0,0.1,0.2,0.8,1.8,0,1.2
MA0.9EA0.1Sn0.8Pb0.2Cl2.1I0.9,0.9,0,0,0.1,0.2,0.8,2.1,0,0.9
MA0.9EA0.1Sn0.8Pb0.2Cl2.4I0.6,0.9,0,0,0.1,0.2,0.8,2.4,0,0.6
MA0.9EA0.1Sn0.8Pb0.2Cl2.7I0.3,0.9,0,0,0.1,0.2,0.8,2.7,0,0.3
MA0.9EA0.1Sn0.8Pb0.2Br0.3I2.7,0.9,0,0,0.1,0.2,0.8,0,0.3,2.7
MA0.9EA0.1Sn0.8Pb0.2Br0.6I2.4,0.9,0,0,0.1,0.2,0.8,0,0.6,2.4
MA0.9EA0.1Sn0.8Pb0.2Br0.9I2.1,0.9,0,0,0.1,0.2,0.8,0,0.9,2.1
MA0.9EA0.1Sn0.8Pb0.2Br1.2I1.8,0.9,0,0,0.1,0.2,0.8,0,1.2,1.8
MA0.9EA0.1Sn0.8Pb0.2Br1.5I1.5,0.9,0,0,0.1,0.2,0.8,0,1.5,1.5
MA0.9EA0.1Sn0.8Pb0.2Br1.8I1.2,0.9,0,0,0.1,0.2,0.8,0,1.8,1.2
MA0.9EA0.1Sn0.8Pb0.2Br2.1I0.9,0.9,0,0,0.1,0.2,0.8,0,2.1,0.9
MA0.9EA0.1Sn0.8Pb0.2Br2.4I0.6,0.9,0,0,0.1,0.2,0.8,0,2.4,0.6
MA0.9EA0.1Sn0.8Pb0.2Br2.7I0.3,0.9,0,0,0.1,0.2,0.8,0,2.7,0.3
MA0.9EA0.1Sn0.7Pb0.3Cl0.3Br2.7,0.9,0,0,0.1,0.3,0.7,0.3,2.7,0
MA0.9EA0.1Sn0.7Pb0.3Cl0.6Br2.4,0.9,0,0,0.1,0.3,0.7,0.6,2.4,0
MA0.9EA0.1Sn0.7Pb0.3Cl0.9Br2.1,0.9,0,0,0.1,0.3,0.7,0.9,2.1,0
MA0.9EA0.1Sn0.7Pb0.3Cl1.2Br1.8,0.9,0,0,0.1,0.3,0.7,1.2,1.8,0
MA0.9EA0.1Sn0.7Pb0.3Cl1.5Br1.5,0.9,0,0,0.1,0.3,0.7,1.5,1.5,0
MA0.9EA0.1Sn0.7Pb0.3Cl1.8Br1.2,0.9,0,0,0.1,0.3,0.7,1.8,1.2,0
MA0.9EA0.1Sn0.7Pb0.3Cl2.1Br0.9,0.9,0,0,0.1,0.3,0.7,2.1,0.9,0
MA0.9EA0.1Sn0.7Pb0.3Cl2.4Br0.6,0.9,0,0,0.1,0.3,0.7,2.4,0.6,0
MA0.9EA0.1Sn0.7Pb0.3Cl2.7Br0.3,0.9,0,0,0.1,0.3,0.7,2.7,0.3,0
MA0.9EA0.1Sn0.7Pb0.3Cl0.3I2.7,0.9,0,0,0.1,0.3,0.7,0.3,0,2.7
MA0.9EA0.1Sn0.7Pb0.3Cl0.6I2.4,0.9,0,0,0.1,0.3,0.7,0.6,0,2.4
MA0.9EA0.1Sn0.7Pb0.3Cl0.9I2.1,0.9,0,0,0.1,0.3,0.7,0.9,0,2.1
MA0.9EA0.1Sn0.7Pb0.3Cl1.2I1.8,0.9,0,0,0.1,0.3,0.7,1.2,0,1.8
MA0.9EA0.1Sn0.7Pb0.3Cl1.5I1.5,0.9,0,0,0.1,0.3,0.7,1.5,0,1.5
MA0.9EA0.1Sn0.7Pb0.3Cl1.8I1.2,0.9,0,0,0.1,0.3,0.7,1.8,0,1.2
MA0.9EA0.1Sn0.7Pb0.3Cl2.1I0.9,0.9,0,0,0.1,0.3,0.7,2.1,0,0.9
MA0.9EA0.1Sn0.7Pb0.3Cl2.4I0.6,0.9,0,0,0.1,0.3,0.7,2.4,0,0.6
MA0.9EA0.1Sn0.7Pb0.3Cl2.7I0.3,0.9,0,0,0.1,0.3,0.7,2.7,0,0.3
MA0.9EA0.1Sn0.7Pb0.3Br0.3I2.7,0.9,0,0,0.1,0.3,0.7,0,0.3,2.7
MA0.9EA0.1Sn0.7Pb0.3Br0.6I2.4,0.9,0,0,0.1,0.3,0.7,0,0.6,2.4
MA0.9EA0.1Sn0.7Pb0.3Br0.9I2.1,0.9,0,0,0.1,0.3,0.7,0,0.9,2.1
MA0.9EA0.1Sn0.7Pb0.3Br1.2I1.8,0.9,0,0,0.1,0.3,0.7,0,1.2,1.8
MA0.9EA0.1Sn0.7Pb0.3Br1.5I1.5,0.9,0,0,0.1,0.3,0.7,0,1.5,1.5
MA0.9EA0.1Sn0.7Pb0.3Br1.8I1.2,0.9,0,0,0.1,0.3,0.7,0,1.8,1.2
MA0.9EA0.1Sn0.7Pb0.3Br2.1I0.9,0.9,0,0,0.1,0.3,0.7,0,2.1,0.9
MA0.9EA0.1Sn0.7Pb0.3Br2.4I0.6,0.9,0,0,0.1,0.3,0.7,0,2.4,0.6
MA0.9EA0.1Sn0.7Pb0.3Br2.7I0.3,0.9,0,0,0.1,0.3,0.7,0,2.7,0.3
MA0.9EA0.1Sn0.6Pb0.4Cl0.3Br2.7,0.9,0,0,0.1,0.4,0.6,0.3,2.7,0
MA0.9EA0.1Sn0.6Pb0.4Cl0.6Br2.4,0.9,0,0,0.1,0.4,0.6,0.6,2.4,0
MA0.9EA0.1Sn0.6Pb0.4Cl0.9Br2.1,0.9,0,0,0.1,0.4,0.6,0.9,2.1,0
MA0.9EA0.1Sn0.6Pb0.4Cl1.2Br1.8,0.9,0,0,0.1,0.4,0.6,1.2,1.8,0
MA0.9EA0.1Sn0.6Pb0.4Cl1.5Br1.5,0.9,0,0,0.1,0.4,0.6,1.5,1.5,0
MA0.9EA0.1Sn0.6Pb0.4Cl1.8Br1.2,0.9,0,0,0.1,0.4,0.6,1.8,1.2,0
MA0.9EA0.1Sn0.6Pb0.4Cl2.1Br0.9,0.9,0,0,0.1,0.4,0.6,2.1,0.9,0
MA0.9EA0.1Sn0.6Pb0.4Cl2.4Br0.6,0.9,0,0,0.1,0.4,0.6,2.4,0.6,0
MA0.9EA0.1Sn0.6Pb0.4Cl2.7Br0.3,0.9,0,0,0.1,0.4,0.6,2.7,0.3,0
MA0.9EA0.1Sn0.6Pb0.4Cl0.3I2.7,0.9,0,0,0.1,0.4,0.6,0.3,0,2.7
MA0.9EA0.1Sn0.6Pb0.4Cl0.6I2.4,0.9,0,0,0.1,0.4,0.6,0.6,0,2.4
MA0.9EA0.1Sn0.6Pb0.4Cl0.9I2.1,0.9,0,0,0.1,0.4,0.6,0.9,0,2.1
MA0.9EA0.1Sn0.6Pb0.4Cl1.2I1.8,0.9,0,0,0.1,0.4,0.6,1.2,0,1.8
MA0.9EA0.1Sn0.6Pb0.4Cl1.5I1.5,0.9,0,0,0.1,0.4,0.6,1.5,0,1.5
MA0.9EA0.1Sn0.6Pb0.4Cl1.8I1.2,0.9,0,0,0.1,0.4,0.6,1.8,0,1.2
MA0.9EA0.1Sn0.6Pb0.4Cl2.1I0.9,0.9,0,0,0.1,0.4,0.6,2.1,0,0.9
MA0.9EA0.1Sn0.6Pb0.4Cl2.4I0.6,0.9,0,0,0.1,0.4,0.6,2.4,0,0.6
MA0.9EA0.1Sn0.6Pb0.4Cl2.7I0.3,0.9,0,0,0.1,0.4,0.6,2.7,0,0.3
MA0.9EA0.1Sn0.6Pb0.4Br0.3I2.7,0.9,0,0,0.1,0.4,0.6,0,0.3,2.7
MA0.9EA0.1Sn0.6Pb0.4Br0.6I2.4,0.9,0,0,0.1,0.4,0.6,0,0.6,2.4
MA0.9EA0.1Sn0.6Pb0.4Br0.9I2.1,0.9,0,0,0.1,0.4,0.6,0,0.9,2.1
MA0.9EA0.1Sn0.6Pb0.4Br1.2I1.8,0.9,0,0,0.1,0.4,0.6,0,1.2,1.8
MA0.9EA0.1Sn0.6Pb0.4Br1.5I1.5,0.9,0,0,0.1,0.4,0.6,0,1.5,1.5
MA0.9EA0.1Sn0.6Pb0.4Br1.8I1.2,0.9,0,0,0.1,0.4,0.6,0,1.8,1.2
MA0.9EA0.1Sn0.6Pb0.4Br2.1I0.9,0.9,0,0,0.1,0.4,0.6,0,2.1,0.9
MA0.9EA0.1Sn0.6Pb0.4Br2.4I0.6,0.9,0,0,0.1,0.4,0.6,0,2.4,0.6
MA0.9EA0.1Sn0.6Pb0.4Br2.7I0.3,0.9,0,0,0.1,0.4,0.6,0,2.7,0.3
MA0.9EA0.1Sn0.5Pb0.5Cl0.3Br2.7,0.9,0,0,0.1,0.5,0.5,0.3,2.7,0
MA0.9EA0.1Sn0.5Pb0.5Cl0.6Br2.4,0.9,0,0,0.1,0.5,0.5,0.6,2.4,0
MA0.9EA0.1Sn0.5Pb0.5Cl0.9Br2.1,0.9,0,0,0.1,0.5,0.5,0.9,2.1,0
MA0.9EA0.1Sn0.5Pb0.5Cl1.2Br1.8,0.9,0,0,0.1,0.5,0.5,1.2,1.8,0
MA0.9EA0.1Sn0.5Pb0.5Cl1.5Br1.5,0.9,0,0,0.1,0.5,0.5,1.5,1.5,0
MA0.9EA0.1Sn0.5Pb0.5Cl1.8Br1.2,0.9,0,0,0.1,0.5,0.5,1.8,1.2,0
MA0.9EA0.1Sn0.5Pb0.5Cl2.1Br0.9,0.9,0,0,0.1,0.5,0.5,2.1,0.9,0
MA0.9EA0.1Sn0.5Pb0.5Cl2.4Br0.6,0.9,0,0,0.1,0.5,0.5,2.4,0.6,0
MA0.9EA0.1Sn0.5Pb0.5Cl2.7Br0.3,0.9,0,0,0.1,0.5,0.5,2.7,0.3,0
MA0.9EA0.1Sn0.5Pb0.5Cl0.3I2.7,0.9,0,0,0.1,0.5,0.5,0.3,0,2.7
MA0.9EA0.1Sn0.5Pb0.5Cl0.6I2.4,0.9,0,0,0.1,0.5,0.5,0.6,0,2.4
MA0.9EA0.1Sn0.5Pb0.5Cl0.9I2.1,0.9,0,0,0.1,0.5,0.5,0.9,0,2.1
MA0.9EA0.1Sn0.5Pb0.5Cl1.2I1.8,0.9,0,0,0.1,0.5,0.5,1.2,0,1.8
MA0.9EA0.1Sn0.5Pb0.5Cl1.5I1.5,0.9,0,0,0.1,0.5,0.5,1.5,0,1.5
MA0.9EA0.1Sn0.5Pb0.5Cl1.8I1.2,0.9,0,0,0.1,0.5,0.5,1.8,0,1.2
MA0.9EA0.1Sn0.5Pb0.5Cl2.1I0.9,0.9,0,0,0.1,0.5,0.5,2.1,0,0.9
MA0.9EA0.1Sn0.5Pb0.5Cl2.4I0.6,0.9,0,0,0.1,0.5,0.5,2.4,0,0.6
MA0.9EA0.1Sn0.5Pb0.5Cl2.7I0.3,0.9,0,0,0.1,0.5,0.5,2.7,0,0.3
MA0.9EA0.1Sn0.5Pb0.5Br0.3I2.7,0.9,0,0,0.1,0.5,0.5,0,0.3,2.7
MA0.9EA0.1Sn0.5Pb0.5Br0.6I2.4,0.9,0,0,0.1,0.5,0.5,0,0.6,2.4
MA0.9EA0.1Sn0.5Pb0.5Br0.9I2.1,0.9,0,0,0.1,0.5,0.5,0,0.9,2.1
MA0.9EA0.1Sn0.5Pb0.5Br1.2I1.8,0.9,0,0,0.1,0.5,0.5,0,1.2,1.8
MA0.9EA0.1Sn0.5Pb0.5Br1.5I1.5,0.9,0,0,0.1,0.5,0.5,0,1.5,1.5
MA0.9EA0.1Sn0.5Pb0.5Br1.8I1.2,0.9,0,0,0.1,0.5,0.5,0,1.8,1.2
MA0.9EA0.1Sn0.5Pb0.5Br2.1I0.9,0.9,0,0,0.1,0.5,0.5,0,2.1,0.9
MA0.9EA0.1Sn0.5Pb0.5Br2.4I0.6,0.9,0,0,0.1,0.5,0.5,0,2.4,0.6
MA0.9EA0.1Sn0.5Pb0.5Br2.7I0.3,0.9,0,0,0.1,0.5,0.5,0,2.7,0.3
MA0.9EA0.1Sn0.4Pb0.6Cl0.3Br2.7,0.9,0,0,0.1,0.6,0.4,0.3,2.7,0
MA0.9EA0.1Sn0.4Pb0.6Cl0.6Br2.4,0.9,0,0,0.1,0.6,0.4,0.6,2.4,0
MA0.9EA0.1Sn0.4Pb0.6Cl0.9Br2.1,0.9,0,0,0.1,0.6,0.4,0.9,2.1,0
MA0.9EA0.1Sn0.4Pb0.6Cl1.2Br1.8,0.9,0,0,0.1,0.6,0.4,1.2,1.8,0
MA0.9EA0.1Sn0.4Pb0.6Cl1.5Br1.5,0.9,0,0,0.1,0.6,0.4,1.5,1.5,0
MA0.9EA0.1Sn0.4Pb0.6Cl1.8Br1.2,0.9,0,0,0.1,0.6,0.4,1.8,1.2,0
MA0.9EA0.1Sn0.4Pb0.6Cl2.1Br0.9,0.9,0,0,0.1,0.6,0.4,2.1,0.9,0
MA0.9EA0.1Sn0.4Pb0.6Cl2.4Br0.6,0.9,0,0,0.1,0.6,0.4,2.4,0.6,0
MA0.9EA0.1Sn0.4Pb0.6Cl2.7Br0.3,0.9,0,0,0.1,0.6,0.4,2.7,0.3,0
MA0.9EA0.1Sn0.4Pb0.6Cl0.3I2.7,0.9,0,0,0.1,0.6,0.4,0.3,0,2.7
MA0.9EA0.1Sn0.4Pb0.6Cl0.6I2.4,0.9,0,0,0.1,0.6,0.4,0.6,0,2.4
MA0.9EA0.1Sn0.4Pb0.6Cl0.9I2.1,0.9,0,0,0.1,0.6,0.4,0.9,0,2.1
MA0.9EA0.1Sn0.4Pb0.6Cl1.2I1.8,0.9,0,0,0.1,0.6,0.4,1.2,0,1.8
MA0.9EA0.1Sn0.4Pb0.6Cl1.5I1.5,0.9,0,0,0.1,0.6,0.4,1.5,0,1.5
MA0.9EA0.1Sn0.4Pb0.6Cl1.8I1.2,0.9,0,0,0.1,0.6,0.4,1.8,0,1.2
MA0.9EA0.1Sn0.4Pb0.6Cl2.1I0.9,0.9,0,0,0.1,0.6,0.4,2.1,0,0.9
MA0.9EA0.1Sn0.4Pb0.6Cl2.4I0.6,0.9,0,0,0.1,0.6,0.4,2.4,0,0.6
MA0.9EA0.1Sn0.4Pb0.6Cl2.7I0.3,0.9,0,0,0.1,0.6,0.4,2.7,0,0.3
MA0.9EA0.1Sn0.4Pb0.6Br0.3I2.7,0.9,0,0,0.1,0.6,0.4,0,0.3,2.7
MA0.9EA0.1Sn0.4Pb0.6Br0.6I2.4,0.9,0,0,0.1,0.6,0.4,0,0.6,2.4
MA0.9EA0.1Sn0.4Pb0.6Br0.9I2.1,0.9,0,0,0.1,0.6,0.4,0,0.9,2.1
MA0.9EA0.1Sn0.4Pb0.6Br1.2I1.8,0.9,0,0,0.1,0.6,0.4,0,1.2,1.8
MA0.9EA0.1Sn0.4Pb0.6Br1.5I1.5,0.9,0,0,0.1,0.6,0.4,0,1.5,1.5
MA0.9EA0.1Sn0.4Pb0.6Br1.8I1.2,0.9,0,0,0.1,0.6,0.4,0,1.8,1.2
MA0.9EA0.1Sn0.4Pb0.6Br2.1I0.9,0.9,0,0,0.1,0.6,0.4,0,2.1,0.9
MA0.9EA0.1Sn0.4Pb0.6Br2.4I0.6,0.9,0,0,0.1,0.6,0.4,0,2.4,0.6
MA0.9EA0.1Sn0.4Pb0.6Br2.7I0.3,0.9,0,0,0.1,0.6,0.4,0,2.7,0.3
MA0.9EA0.1Sn0.3Pb0.7Cl0.3Br2.7,0.9,0,0,0.1,0.7,0.3,0.3,2.7,0
MA0.9EA0.1Sn0.3Pb0.7Cl0.6Br2.4,0.9,0,0,0.1,0.7,0.3,0.6,2.4,0
MA0.9EA0.1Sn0.3Pb0.7Cl0.9Br2.1,0.9,0,0,0.1,0.7,0.3,0.9,2.1,0
MA0.9EA0.1Sn0.3Pb0.7Cl1.2Br1.8,0.9,0,0,0.1,0.7,0.3,1.2,1.8,0
MA0.9EA0.1Sn0.3Pb0.7Cl1.5Br1.5,0.9,0,0,0.1,0.7,0.3,1.5,1.5,0
MA0.9EA0.1Sn0.3Pb0.7Cl1.8Br1.2,0.9,0,0,0.1,0.7,0.3,1.8,1.2,0
MA0.9EA0.1Sn0.3Pb0.7Cl2.1Br0.9,0.9,0,0,0.1,0.7,0.3,2.1,0.9,0
MA0.9EA0.1Sn0.3Pb0.7Cl2.4Br0.6,0.9,0,0,0.1,0.7,0.3,2.4,0.6,0
MA0.9EA0.1Sn0.3Pb0.7Cl2.7Br0.3,0.9,0,0,0.1,0.7,0.3,2.7,0.3,0
MA0.9EA0.1Sn0.3Pb0.7Cl0.3I2.7,0.9,0,0,0.1,0.7,0.3,0.3,0,2.7
MA0.9EA0.1Sn0.3Pb0.7Cl0.6I2.4,0.9,0,0,0.1,0.7,0.3,0.6,0,2.4
MA0.9EA0.1Sn0.3Pb0.7Cl0.9I2.1,0.9,0,0,0.1,0.7,0.3,0.9,0,2.1
MA0.9EA0.1Sn0.3Pb0.7Cl1.2I1.8,0.9,0,0,0.1,0.7,0.3,1.2,0,1.8
MA0.9EA0.1Sn0.3Pb0.7Cl1.5I1.5,0.9,0,0,0.1,0.7,0.3,1.5,0,1.5
MA0.9EA0.1Sn0.3Pb0.7Cl1.8I1.2,0.9,0,0,0.1,0.7,0.3,1.8,0,1.2
MA0.9EA0.1Sn0.3Pb0.7Cl2.1I0.9,0.9,0,0,0.1,0.7,0.3,2.1,0,0.9
MA0.9EA0.1Sn0.3Pb0.7Cl2.4I0.6,0.9,0,0,0.1,0.7,0.3,2.4,0,0.6
MA0.9EA0.1Sn0.3Pb0.7Cl2.7I0.3,0.9,0,0,0.1,0.7,0.3,2.7,0,0.3
MA0.9EA0.1Sn0.3Pb0.7Br0.3I2.7,0.9,0,0,0.1,0.7,0.3,0,0.3,2.7
MA0.9EA0.1Sn0.3Pb0.7Br0.6I2.4,0.9,0,0,0.1,0.7,0.3,0,0.6,2.4
MA0.9EA0.1Sn0.3Pb0.7Br0.9I2.1,0.9,0,0,0.1,0.7,0.3,0,0.9,2.1
MA0.9EA0.1Sn0.3Pb0.7Br1.2I1.8,0.9,0,0,0.1,0.7,0.3,0,1.2,1.8
MA0.9EA0.1Sn0.3Pb0.7Br1.5I1.5,0.9,0,0,0.1,0.7,0.3,0,1.5,1.5
MA0.9EA0.1Sn0.3Pb0.7Br1.8I1.2,0.9,0,0,0.1,0.7,0.3,0,1.8,1.2
MA0.9EA0.1Sn0.3Pb0.7Br2.1I0.9,0.9,0,0,0.1,0.7,0.3,0,2.1,0.9
MA0.9EA0.1Sn0.3Pb0.7Br2.4I0.6,0.9,0,0,0.1,0.7,0.3,0,2.4,0.6
MA0.9EA0.1Sn0.3Pb0.7Br2.7I0.3,0.9,0,0,0.1,0.7,0.3,0,2.7,0.3
MA0.9EA0.1Sn0.2Pb0.8Cl0.3Br2.7,0.9,0,0,0.1,0.8,0.2,0.3,2.7,0
MA0.9EA0.1Sn0.2Pb0.8Cl0.6Br2.4,0.9,0,0,0.1,0.8,0.2,0.6,2.4,0
MA0.9EA0.1Sn0.2Pb0.8Cl0.9Br2.1,0.9,0,0,0.1,0.8,0.2,0.9,2.1,0
MA0.9EA0.1Sn0.2Pb0.8Cl1.2Br1.8,0.9,0,0,0.1,0.8,0.2,1.2,1.8,0
MA0.9EA0.1Sn0.2Pb0.8Cl1.5Br1.5,0.9,0,0,0.1,0.8,0.2,1.5,1.5,0
MA0.9EA0.1Sn0.2Pb0.8Cl1.8Br1.2,0.9,0,0,0.1,0.8,0.2,1.8,1.2,0
MA0.9EA0.1Sn0.2Pb0.8Cl2.1Br0.9,0.9,0,0,0.1,0.8,0.2,2.1,0.9,0
MA0.9EA0.1Sn0.2Pb0.8Cl2.4Br0.6,0.9,0,0,0.1,0.8,0.2,2.4,0.6,0
MA0.9EA0.1Sn0.2Pb0.8Cl2.7Br0.3,0.9,0,0,0.1,0.8,0.2,2.7,0.3,0
MA0.9EA0.1Sn0.2Pb0.8Cl0.3I2.7,0.9,0,0,0.1,0.8,0.2,0.3,0,2.7
MA0.9EA0.1Sn0.2Pb0.8Cl0.6I2.4,0.9,0,0,0.1,0.8,0.2,0.6,0,2.4
MA0.9EA0.1Sn0.2Pb0.8Cl0.9I2.1,0.9,0,0,0.1,0.8,0.2,0.9,0,2.1
MA0.9EA0.1Sn0.2Pb0.8Cl1.2I1.8,0.9,0,0,0.1,0.8,0.2,1.2,0,1.8
MA0.9EA0.1Sn0.2Pb0.8Cl1.5I1.5,0.9,0,0,0.1,0.8,0.2,1.5,0,1.5
MA0.9EA0.1Sn0.2Pb0.8Cl1.8I1.2,0.9,0,0,0.1,0.8,0.2,1.8,0,1.2
MA0.9EA0.1Sn0.2Pb0.8Cl2.1I0.9,0.9,0,0,0.1,0.8,0.2,2.1,0,0.9
MA0.9EA0.1Sn0.2Pb0.8Cl2.4I0.6,0.9,0,0,0.1,0.8,0.2,2.4,0,0.6
MA0.9EA0.1Sn0.2Pb0.8Cl2.7I0.3,0.9,0,0,0.1,0.8,0.2,2.7,0,0.3
MA0.9EA0.1Sn0.2Pb0.8Br0.3I2.7,0.9,0,0,0.1,0.8,0.2,0,0.3,2.7
MA0.9EA0.1Sn0.2Pb0.8Br0.6I2.4,0.9,0,0,0.1,0.8,0.2,0,0.6,2.4
MA0.9EA0.1Sn0.2Pb0.8Br0.9I2.1,0.9,0,0,0.1,0.8,0.2,0,0.9,2.1
MA0.9EA0.1Sn0.2Pb0.8Br1.2I1.8,0.9,0,0,0.1,0.8,0.2,0,1.2,1.8
MA0.9EA0.1Sn0.2Pb0.8Br1.5I1.5,0.9,0,0,0.1,0.8,0.2,0,1.5,1.5
MA0.9EA0.1Sn0.2Pb0.8Br1.8I1.2,0.9,0,0,0.1,0.8,0.2,0,1.8,1.2
MA0.9EA0.1Sn0.2Pb0.8Br2.1I0.9,0.9,0,0,0.1,0.8,0.2,0,2.1,0.9
MA0.9EA0.1Sn0.2Pb0.8Br2.4I0.6,0.9,0,0,0.1,0.8,0.2,0,2.4,0.6
MA0.9EA0.1Sn0.2Pb0.8Br2.7I0.3,0.9,0,0,0.1,0.8,0.2,0,2.7,0.3
MA0.9EA0.1Sn0.1Pb0.9Cl0.3Br2.7,0.9,0,0,0.1,0.9,0.1,0.3,2.7,0
MA0.9EA0.1Sn0.1Pb0.9Cl0.6Br2.4,0.9,0,0,0.1,0.9,0.1,0.6,2.4,0
MA0.9EA0.1Sn0.1Pb0.9Cl0.9Br2.1,0.9,0,0,0.1,0.9,0.1,0.9,2.1,0
MA0.9EA0.1Sn0.1Pb0.9Cl1.2Br1.8,0.9,0,0,0.1,0.9,0.1,1.2,1.8,0
MA0.9EA0.1Sn0.1Pb0.9Cl1.5Br1.5,0.9,0,0,0.1,0.9,0.1,1.5,1.5,0
MA0.9EA0.1Sn0.1Pb0.9Cl1.8Br1.2,0.9,0,0,0.1,0.9,0.1,1.8,1.2,0
MA0.9EA0.1Sn0.1Pb0.9Cl2.1Br0.9,0.9,0,0,0.1,0.9,0.1,2.1,0.9,0
MA0.9EA0.1Sn0.1Pb0.9Cl2.4Br0.6,0.9,0,0,0.1,0.9,0.1,2.4,0.6,0
MA0.9EA0.1Sn0.1Pb0.9Cl2.7Br0.3,0.9,0,0,0.1,0.9,0.1,2.7,0.3,0
MA0.9EA0.1Sn0.1Pb0.9Cl0.3I2.7,0.9,0,0,0.1,0.9,0.1,0.3,0,2.7
MA0.9EA0.1Sn0.1Pb0.9Cl0.6I2.4,0.9,0,0,0.1,0.9,0.1,0.6,0,2.4
MA0.9EA0.1Sn0.1Pb0.9Cl0.9I2.1,0.9,0,0,0.1,0.9,0.1,0.9,0,2.1
MA0.9EA0.1Sn0.1Pb0.9Cl1.2I1.8,0.9,0,0,0.1,0.9,0.1,1.2,0,1.8
MA0.9EA0.1Sn0.1Pb0.9Cl1.5I1.5,0.9,0,0,0.1,0.9,0.1,1.5,0,1.5
MA0.9EA0.1Sn0.1Pb0.9Cl1.8I1.2,0.9,0,0,0.1,0.9,0.1,1.8,0,1.2
MA0.9EA0.1Sn0.1Pb0.9Cl2.1I0.9,0.9,0,0,0.1,0.9,0.1,2.1,0,0.9
MA0.9EA0.1Sn0.1Pb0.9Cl2.4I0.6,0.9,0,0,0.1,0.9,0.1,2.4,0,0.6
MA0.9EA0.1Sn0.1Pb0.9Cl2.7I0.3,0.9,0,0,0.1,0.9,0.1,2.7,0,0.3
MA0.9EA0.1Sn0.1Pb0.9Br0.3I2.7,0.9,0,0,0.1,0.9,0.1,0,0.3,2.7
MA0.9EA0.1Sn0.1Pb0.9Br0.6I2.4,0.9,0,0,0.1,0.9,0.1,0,0.6,2.4
MA0.9EA0.1Sn0.1Pb0.9Br0.9I2.1,0.9,0,0,0.1,0.9,0.1,0,0.9,2.1
MA0.9EA0.1Sn0.1Pb0.9Br1.2I1.8,0.9,0,0,0.1,0.9,0.1,0,1.2,1.8
MA0.9EA0.1Sn0.1Pb0.9Br1.5I1.5,0.9,0,0,0.1,0.9,0.1,0,1.5,1.5
MA0.9EA0.1Sn0.1Pb0.9Br1.8I1.2,0.9,0,0,0.1,0.9,0.1,0,1.8,1.2
MA0.9EA0.1Sn0.1Pb0.9Br2.1I0.9,0.9,0,0,0.1,0.9,0.1,0,2.1,0.9
MA0.9EA0.1Sn0.1Pb0.9Br2.4I0.6,0.9,0,0,0.1,0.9,0.1,0,2.4,0.6
MA0.9EA0.1Sn0.1Pb0.9Br2.7I0.3,0.9,0,0,0.1,0.9,0.1,0,2.7,0.3
FA0.1Cs0.9Sn0.9Pb0.1Cl0.3Br2.7,0,0.1,0.9,0,0.1,0.9,0.3,2.7,0
FA0.1Cs0.9Sn0.9Pb0.1Cl0.6Br2.4,0,0.1,0.9,0,0.1,0.9,0.6,2.4,0
FA0.1Cs0.9Sn0.9Pb0.1Cl0.9Br2.1,0,0.1,0.9,0,0.1,0.9,0.9,2.1,0
FA0.1Cs0.9Sn0.9Pb0.1Cl1.2Br1.8,0,0.1,0.9,0,0.1,0.9,1.2,1.8,0
FA0.1Cs0.9Sn0.9Pb0.1Cl1.5Br1.5,0,0.1,0.9,0,0.1,0.9,1.5,1.5,0
FA0.1Cs0.9Sn0.9Pb0.1Cl1.8Br1.2,0,0.1,0.9,0,0.1,0.9,1.8,1.2,0
FA0.1Cs0.9Sn0.9Pb0.1Cl2.1Br0.9,0,0.1,0.9,0,0.1,0.9,2.1,0.9,0
FA0.1Cs0.9Sn0.9Pb0.1Cl2.4Br0.6,0,0.1,0.9,0,0.1,0.9,2.4,0.6,0
FA0.1Cs0.9Sn0.9Pb0.1Cl2.7Br0.3,0,0.1,0.9,0,0.1,0.9,2.7,0.3,0
FA0.1Cs0.9Sn0.9Pb0.1Cl0.3I2.7,0,0.1,0.9,0,0.1,0.9,0.3,0,2.7
FA0.1Cs0.9Sn0.9Pb0.1Cl0.6I2.4,0,0.1,0.9,0,0.1,0.9,0.6,0,2.4
FA0.1Cs0.9Sn0.9Pb0.1Cl0.9I2.1,0,0.1,0.9,0,0.1,0.9,0.9,0,2.1
FA0.1Cs0.9Sn0.9Pb0.1Cl1.2I1.8,0,0.1,0.9,0,0.1,0.9,1.2,0,1.8
FA0.1Cs0.9Sn0.9Pb0.1Cl1.5I1.5,0,0.1,0.9,0,0.1,0.9,1.5,0,1.5
FA0.1Cs0.9Sn0.9Pb0.1Cl1.8I1.2,0,0.1,0.9,0,0.1,0.9,1.8,0,1.2
FA0.1Cs0.9Sn0.9Pb0.1Cl2.1I0.9,0,0.1,0.9,0,0.1,0.9,2.1,0,0.9
FA0.1Cs0.9Sn0.9Pb0.1Cl2.4I0.6,0,0.1,0.9,0,0.1,0.9,2.4,0,0.6
FA0.1Cs0.9Sn0.9Pb0.1Cl2.7I0.3,0,0.1,0.9,0,0.1,0.9,2.7,0,0.3
FA0.1Cs0.9Sn0.9Pb0.1Br0.3I2.7,0,0.1,0.9,0,0.1,0.9,0,0.3,2.7
FA0.1Cs0.9Sn0.9Pb0.1Br0.6I2.4,0,0.1,0.9,0,0.1,0.9,0,0.6,2.4
FA0.1Cs0.9Sn0.9Pb0.1Br0.9I2.1,0,0.1,0.9,0,0.1,0.9,0,0.9,2.1
FA0.1Cs0.9Sn0.9Pb0.1Br1.2I1.8,0,0.1,0.9,0,0.1,0.9,0,1.2,1.8
FA0.1Cs0.9Sn0.9Pb0.1Br1.5I1.5,0,0.1,0.9,0,0.1,0.9,0,1.5,1.5
FA0.1Cs0.9Sn0.9Pb0.1Br1.8I1.2,0,0.1,0.9,0,0.1,0.9,0,1.8,1.2
FA0.1Cs0.9Sn0.9Pb0.1Br2.1I0.9,0,0.1,0.9,0,0.1,0.9,0,2.1,0.9
FA0.1Cs0.9Sn0.9Pb0.1Br2.4I0.6,0,0.1,0.9,0,0.1,0.9,0,2.4,0.6
FA0.1Cs0.9Sn0.9Pb0.1Br2.7I0.3,0,0.1,0.9,0,0.1,0.9,0,2.7,0.3
FA0.1Cs0.9Sn0.8Pb0.2Cl0.3Br2.7,0,0.1,0.9,0,0.2,0.8,0.3,2.7,0
FA0.1Cs0.9Sn0.8Pb0.2Cl0.6Br2.4,0,0.1,0.9,0,0.2,0.8,0.6,2.4,0
FA0.1Cs0.9Sn0.8Pb0.2Cl0.9Br2.1,0,0.1,0.9,0,0.2,0.8,0.9,2.1,0
FA0.1Cs0.9Sn0.8Pb0.2Cl1.2Br1.8,0,0.1,0.9,0,0.2,0.8,1.2,1.8,0
FA0.1Cs0.9Sn0.8Pb0.2Cl1.5Br1.5,0,0.1,0.9,0,0.2,0.8,1.5,1.5,0
FA0.1Cs0.9Sn0.8Pb0.2Cl1.8Br1.2,0,0.1,0.9,0,0.2,0.8,1.8,1.2,0
FA0.1Cs0.9Sn0.8Pb0.2Cl2.1Br0.9,0,0.1,0.9,0,0.2,0.8,2.1,0.9,0
FA0.1Cs0.9Sn0.8Pb0.2Cl2.4Br0.6,0,0.1,0.9,0,0.2,0.8,2.4,0.6,0
FA0.1Cs0.9Sn0.8Pb0.2Cl2.7Br0.3,0,0.1,0.9,0,0.2,0.8,2.7,0.3,0
FA0.1Cs0.9Sn0.8Pb0.2Cl0.3I2.7,0,0.1,0.9,0,0.2,0.8,0.3,0,2.7
FA0.1Cs0.9Sn0.8Pb0.2Cl0.6I2.4,0,0.1,0.9,0,0.2,0.8,0.6,0,2.4
FA0.1Cs0.9Sn0.8Pb0.2Cl0.9I2.1,0,0.1,0.9,0,0.2,0.8,0.9,0,2.1
FA0.1Cs0.9Sn0.8Pb0.2Cl1.2I1.8,0,0.1,0.9,0,0.2,0.8,1.2,0,1.8
FA0.1Cs0.9Sn0.8Pb0.2Cl1.5I1.5,0,0.1,0.9,0,0.2,0.8,1.5,0,1.5
FA0.1Cs0.9Sn0.8Pb0.2Cl1.8I1.2,0,0.1,0.9,0,0.2,0.8,1.8,0,1.2
FA0.1Cs0.9Sn0.8Pb0.2Cl2.1I0.9,0,0.1,0.9,0,0.2,0.8,2.1,0,0.9
FA0.1Cs0.9Sn0.8Pb0.2Cl2.4I0.6,0,0.1,0.9,0,0.2,0.8,2.4,0,0.6
FA0.1Cs0.9Sn0.8Pb0.2Cl2.7I0.3,0,0.1,0.9,0,0.2,0.8,2.7,0,0.3
FA0.1Cs0.9Sn0.8Pb0.2Br0.3I2.7,0,0.1,0.9,0,0.2,0.8,0,0.3,2.7
FA0.1Cs0.9Sn0.8Pb0.2Br0.6I2.4,0,0.1,0.9,0,0.2,0.8,0,0.6,2.4
FA0.1Cs0.9Sn0.8Pb0.2Br0.9I2.1,0,0.1,0.9,0,0.2,0.8,0,0.9,2.1
FA0.1Cs0.9Sn0.8Pb0.2Br1.2I1.8,0,0.1,0.9,0,0.2,0.8,0,1.2,1.8
FA0.1Cs0.9Sn0.8Pb0.2Br1.5I1.5,0,0.1,0.9,0,0.2,0.8,0,1.5,1.5
FA0.1Cs0.9Sn0.8Pb0.2Br1.8I1.2,0,0.1,0.9,0,0.2,0.8,0,1.8,1.2
FA0.1Cs0.9Sn0.8Pb0.2Br2.1I0.9,0,0.1,0.9,0,0.2,0.8,0,2.1,0.9
FA0.1Cs0.9Sn0.8Pb0.2Br2.4I0.6,0,0.1,0.9,0,0.2,0.8,0,2.4,0.6
FA0.1Cs0.9Sn0.8Pb0.2Br2.7I0.3,0,0.1,0.9,0,0.2,0.8,0,2.7,0.3
FA0.1Cs0.9Sn0.7Pb0.3Cl0.3Br2.7,0,0.1,0.9,0,0.3,0.7,0.3,2.7,0
FA0.1Cs0.9Sn0.7Pb0.3Cl0.6Br2.4,0,0.1,0.9,0,0.3,0.7,0.6,2.4,0
FA0.1Cs0.9Sn0.7Pb0.3Cl0.9Br2.1,0,0.1,0.9,0,0.3,0.7,0.9,2.1,0
FA0.1Cs0.9Sn0.7Pb0.3Cl1.2Br1.8,0,0.1,0.9,0,0.3,0.7,1.2,1.8,0
FA0.1Cs0.9Sn0.7Pb0.3Cl1.5Br1.5,0,0.1,0.9,0,0.3,0.7,1.5,1.5,0
FA0.1Cs0.9Sn0.7Pb0.3Cl1.8Br1.2,0,0.1,0.9,0,0.3,0.7,1.8,1.2,0
FA0.1Cs0.9Sn0.7Pb0.3Cl2.1Br0.9,0,0.1,0.9,0,0.3,0.7,2.1,0.9,0
FA0.1Cs0.9Sn0.7Pb0.3Cl2.4Br0.6,0,0.1,0.9,0,0.3,0.7,2.4,0.6,0
FA0.1Cs0.9Sn0.7Pb0.3Cl2.7Br0.3,0,0.1,0.9,0,0.3,0.7,2.7,0.3,0
FA0.1Cs0.9Sn0.7Pb0.3Cl0.3I2.7,0,0.1,0.9,0,0.3,0.7,0.3,0,2.7
FA0.1Cs0.9Sn0.7Pb0.3Cl0.6I2.4,0,0.1,0.9,0,0.3,0.7,0.6,0,2.4
FA0.1Cs0.9Sn0.7Pb0.3Cl0.9I2.1,0,0.1,0.9,0,0.3,0.7,0.9,0,2.1
FA0.1Cs0.9Sn0.7Pb0.3Cl1.2I1.8,0,0.1,0.9,0,0.3,0.7,1.2,0,1.8
FA0.1Cs0.9Sn0.7Pb0.3Cl1.5I1.5,0,0.1,0.9,0,0.3,0.7,1.5,0,1.5
FA0.1Cs0.9Sn0.7Pb0.3Cl1.8I1.2,0,0.1,0.9,0,0.3,0.7,1.8,0,1.2
FA0.1Cs0.9Sn0.7Pb0.3Cl2.1I0.9,0,0.1,0.9,0,0.3,0.7,2.1,0,0.9
FA0.1Cs0.9Sn0.7Pb0.3Cl2.4I0.6,0,0.1,0.9,0,0.3,0.7,2.4,0,0.6
FA0.1Cs0.9Sn0.7Pb0.3Cl2.7I0.3,0,0.1,0.9,0,0.3,0.7,2.7,0,0.3
FA0.1Cs0.9Sn0.7Pb0.3Br0.3I2.7,0,0.1,0.9,0,0.3,0.7,0,0.3,2.7
FA0.1Cs0.9Sn0.7Pb0.3Br0.6I2.4,0,0.1,0.9,0,0.3,0.7,0,0.6,2.4
FA0.1Cs0.9Sn0.7Pb0.3Br0.9I2.1,0,0.1,0.9,0,0.3,0.7,0,0.9,2.1
FA0.1Cs0.9Sn0.7Pb0.3Br1.2I1.8,0,0.1,0.9,0,0.3,0.7,0,1.2,1.8
FA0.1Cs0.9Sn0.7Pb0.3Br1.5I1.5,0,0.1,0.9,0,0.3,0.7,0,1.5,1.5
FA0.1Cs0.9Sn0.7Pb0.3Br1.8I1.2,0,0.1,0.9,0,0.3,0.7,0,1.8,1.2
FA0.1Cs0.9Sn0.7Pb0.3Br2.1I0.9,0,0.1,0.9,0,0.3,0.7,0,2.1,0.9
FA0.1Cs0.9Sn0.7Pb0.3Br2.4I0.6,0,0.1,0.9,0,0.3,0.7,0,2.4,0.6
FA0.1Cs0.9Sn0.7Pb0.3Br2.7I0.3,0,0.1,0.9,0,0.3,0.7,0,2.7,0.3
FA0.1Cs0.9Sn0.6Pb0.4Cl0.3Br2.7,0,0.1,0.9,0,0.4,0.6,0.3,2.7,0
FA0.1Cs0.9Sn0.6Pb0.4Cl0.6Br2.4,0,0.1,0.9,0,0.4,0.6,0.6,2.4,0
FA0.1Cs0.9Sn0.6Pb0.4Cl0.9Br2.1,0,0.1,0.9,0,0.4,0.6,0.9,2.1,0
FA0.1Cs0.9Sn0.6Pb0.4Cl1.2Br1.8,0,0.1,0.9,0,0.4,0.6,1.2,1.8,0
FA0.1Cs0.9Sn0.6Pb0.4Cl1.5Br1.5,0,0.1,0.9,0,0.4,0.6,1.5,1.5,0
FA0.1Cs0.9Sn0.6Pb0.4Cl1.8Br1.2,0,0.1,0.9,0,0.4,0.6,1.8,1.2,0
FA0.1Cs0.9Sn0.6Pb0.4Cl2.1Br0.9,0,0.1,0.9,0,0.4,0.6,2.1,0.9,0
FA0.1Cs0.9Sn0.6Pb0.4Cl2.4Br0.6,0,0.1,0.9,0,0.4,0.6,2.4,0.6,0
FA0.1Cs0.9Sn0.6Pb0.4Cl2.7Br0.3,0,0.1,0.9,0,0.4,0.6,2.7,0.3,0
FA0.1Cs0.9Sn0.6Pb0.4Cl0.3I2.7,0,0.1,0.9,0,0.4,0.6,0.3,0,2.7
FA0.1Cs0.9Sn0.6Pb0.4Cl0.6I2.4,0,0.1,0.9,0,0.4,0.6,0.6,0,2.4
FA0.1Cs0.9Sn0.6Pb0.4Cl0.9I2.1,0,0.1,0.9,0,0.4,0.6,0.9,0,2.1
FA0.1Cs0.9Sn0.6Pb0.4Cl1.2I1.8,0,0.1,0.9,0,0.4,0.6,1.2,0,1.8
FA0.1Cs0.9Sn0.6Pb0.4Cl1.5I1.5,0,0.1,0.9,0,0.4,0.6,1.5,0,1.5
FA0.1Cs0.9Sn0.6Pb0.4Cl1.8I1.2,0,0.1,0.9,0,0.4,0.6,1.8,0,1.2
FA0.1Cs0.9Sn0.6Pb0.4Cl2.1I0.9,0,0.1,0.9,0,0.4,0.6,2.1,0,0.9
FA0.1Cs0.9Sn0.6Pb0.4Cl2.4I0.6,0,0.1,0.9,0,0.4,0.6,2.4,0,0.6
FA0.1Cs0.9Sn0.6Pb0.4Cl2.7I0.3,0,0.1,0.9,0,0.4,0.6,2.7,0,0.3
FA0.1Cs0.9Sn0.6Pb0.4Br0.3I2.7,0,0.1,0.9,0,0.4,0.6,0,0.3,2.7
FA0.1Cs0.9Sn0.6Pb0.4Br0.6I2.4,0,0.1,0.9,0,0.4,0.6,0,0.6,2.4
FA0.1Cs0.9Sn0.6Pb0.4Br0.9I2.1,0,0.1,0.9,0,0.4,0.6,0,0.9,2.1
FA0.1Cs0.9Sn0.6Pb0.4Br1.2I1.8,0,0.1,0.9,0,0.4,0.6,0,1.2,1.8
FA0.1Cs0.9Sn0.6Pb0.4Br1.5I1.5,0,0.1,0.9,0,0.4,0.6,0,1.5,1.5
FA0.1Cs0.9Sn0.6Pb0.4Br1.8I1.2,0,0.1,0.9,0,0.4,0.6,0,1.8,1.2
FA0.1Cs0.9Sn0.6Pb0.4Br2.1I0.9,0,0.1,0.9,0,0.4,0.6,0,2.1,0.9
FA0.1Cs0.9Sn0.6Pb0.4Br2.4I0.6,0,0.1,0.9,0,0.4,0.6,0,2.4,0.6
FA0.1Cs0.9Sn0.6Pb0.4Br2.7I0.3,0,0.1,0.9,0,0.4,0.6,0,2.7,0.3
FA0.1Cs0.9Sn0.5Pb0.5Cl0.3Br2.7,0,0.1,0.9,0,0.5,0.5,0.3,2.7,0
FA0.1Cs0.9Sn0.5Pb0.5Cl0.6Br2.4,0,0.1,0.9,0,0.5,0.5,0.6,2.4,0
FA0.1Cs0.9Sn0.5Pb0.5Cl0.9Br2.1,0,0.1,0.9,0,0.5,0.5,0.9,2.1,0
FA0.1Cs0.9Sn0.5Pb0.5Cl1.2Br1.8,0,0.1,0.9,0,0.5,0.5,1.2,1.8,0
FA0.1Cs0.9Sn0.5Pb0.5Cl1.5Br1.5,0,0.1,0.9,0,0.5,0.5,1.5,1.5,0
FA0.1Cs0.9Sn0.5Pb0.5Cl1.8Br1.2,0,0.1,0.9,0,0.5,0.5,1.8,1.2,0
FA0.1Cs0.9Sn0.5Pb0.5Cl2.1Br0.9,0,0.1,0.9,0,0.5,0.5,2.1,0.9,0
FA0.1Cs0.9Sn0.5Pb0.5Cl2.4Br0.6,0,0.1,0.9,0,0.5,0.5,2.4,0.6,0
FA0.1Cs0.9Sn0.5Pb0.5Cl2.7Br0.3,0,0.1,0.9,0,0.5,0.5,2.7,0.3,0
FA0.1Cs0.9Sn0.5Pb0.5Cl0.3I2.7,0,0.1,0.9,0,0.5,0.5,0.3,0,2.7
FA0.1Cs0.9Sn0.5Pb0.5Cl0.6I2.4,0,0.1,0.9,0,0.5,0.5,0.6,0,2.4
FA0.1Cs0.9Sn0.5Pb0.5Cl0.9I2.1,0,0.1,0.9,0,0.5,0.5,0.9,0,2.1
FA0.1Cs0.9Sn0.5Pb0.5Cl1.2I1.8,0,0.1,0.9,0,0.5,0.5,1.2,0,1.8
FA0.1Cs0.9Sn0.5Pb0.5Cl1.5I1.5,0,0.1,0.9,0,0.5,0.5,1.5,0,1.5
FA0.1Cs0.9Sn0.5Pb0.5Cl1.8I1.2,0,0.1,0.9,0,0.5,0.5,1.8,0,1.2
FA0.1Cs0.9Sn0.5Pb0.5Cl2.1I0.9,0,0.1,0.9,0,0.5,0.5,2.1,0,0.9
FA0.1Cs0.9Sn0.5Pb0.5Cl2.4I0.6,0,0.1,0.9,0,0.5,0.5,2.4,0,0.6
FA0.1Cs0.9Sn0.5Pb0.5Cl2.7I0.3,0,0.1,0.9,0,0.5,0.5,2.7,0,0.3
FA0.1Cs0.9Sn0.5Pb0.5Br0.3I2.7,0,0.1,0.9,0,0.5,0.5,0,0.3,2.7
FA0.1Cs0.9Sn0.5Pb0.5Br0.6I2.4,0,0.1,0.9,0,0.5,0.5,0,0.6,2.4
FA0.1Cs0.9Sn0.5Pb0.5Br0.9I2.1,0,0.1,0.9,0,0.5,0.5,0,0.9,2.1
FA0.1Cs0.9Sn0.5Pb0.5Br1.2I1.8,0,0.1,0.9,0,0.5,0.5,0,1.2,1.8
FA0.1Cs0.9Sn0.5Pb0.5Br1.5I1.5,0,0.1,0.9,0,0.5,0.5,0,1.5,1.5
FA0.1Cs0.9Sn0.5Pb0.5Br1.8I1.2,0,0.1,0.9,0,0.5,0.5,0,1.8,1.2
FA0.1Cs0.9Sn0.5Pb0.5Br2.1I0.9,0,0.1,0.9,0,0.5,0.5,0,2.1,0.9
FA0.1Cs0.9Sn0.5Pb0.5Br2.4I0.6,0,0.1,0.9,0,0.5,0.5,0,2.4,0.6
FA0.1Cs0.9Sn0.5Pb0.5Br2.7I0.3,0,0.1,0.9,0,0.5,0.5,0,2.7,0.3
FA0.1Cs0.9Sn0.4Pb0.6Cl0.3Br2.7,0,0.1,0.9,0,0.6,0.4,0.3,2.7,0
FA0.1Cs0.9Sn0.4Pb0.6Cl0.6Br2.4,0,0.1,0.9,0,0.6,0.4,0.6,2.4,0
FA0.1Cs0.9Sn0.4Pb0.6Cl0.9Br2.1,0,0.1,0.9,0,0.6,0.4,0.9,2.1,0
FA0.1Cs0.9Sn0.4Pb0.6Cl1.2Br1.8,0,0.1,0.9,0,0.6,0.4,1.2,1.8,0
FA0.1Cs0.9Sn0.4Pb0.6Cl1.5Br1.5,0,0.1,0.9,0,0.6,0.4,1.5,1.5,0
FA0.1Cs0.9Sn0.4Pb0.6Cl1.8Br1.2,0,0.1,0.9,0,0.6,0.4,1.8,1.2,0
FA0.1Cs0.9Sn0.4Pb0.6Cl2.1Br0.9,0,0.1,0.9,0,0.6,0.4,2.1,0.9,0
FA0.1Cs0.9Sn0.4Pb0.6Cl2.4Br0.6,0,0.1,0.9,0,0.6,0.4,2.4,0.6,0
FA0.1Cs0.9Sn0.4Pb0.6Cl2.7Br0.3,0,0.1,0.9,0,0.6,0.4,2.7,0.3,0
FA0.1Cs0.9Sn0.4Pb0.6Cl0.3I2.7,0,0.1,0.9,0,0.6,0.4,0.3,0,2.7
FA0.1Cs0.9Sn0.4Pb0.6Cl0.6I2.4,0,0.1,0.9,0,0.6,0.4,0.6,0,2.4
FA0.1Cs0.9Sn0.4Pb0.6Cl0.9I2.1,0,0.1,0.9,0,0.6,0.4,0.9,0,2.1
FA0.1Cs0.9Sn0.4Pb0.6Cl1.2I1.8,0,0.1,0.9,0,0.6,0.4,1.2,0,1.8
FA0.1Cs0.9Sn0.4Pb0.6Cl1.5I1.5,0,0.1,0.9,0,0.6,0.4,1.5,0,1.5
FA0.1Cs0.9Sn0.4Pb0.6Cl1.8I1.2,0,0.1,0.9,0,0.6,0.4,1.8,0,1.2
FA0.1Cs0.9Sn0.4Pb0.6Cl2.1I0.9,0,0.1,0.9,0,0.6,0.4,2.1,0,0.9
FA0.1Cs0.9Sn0.4Pb0.6Cl2.4I0.6,0,0.1,0.9,0,0.6,0.4,2.4,0,0.6
FA0.1Cs0.9Sn0.4Pb0.6Cl2.7I0.3,0,0.1,0.9,0,0.6,0.4,2.7,0,0.3
FA0.1Cs0.9Sn0.4Pb0.6Br0.3I2.7,0,0.1,0.9,0,0.6,0.4,0,0.3,2.7
FA0.1Cs0.9Sn0.4Pb0.6Br0.6I2.4,0,0.1,0.9,0,0.6,0.4,0,0.6,2.4
FA0.1Cs0.9Sn0.4Pb0.6Br0.9I2.1,0,0.1,0.9,0,0.6,0.4,0,0.9,2.1
FA0.1Cs0.9Sn0.4Pb0.6Br1.2I1.8,0,0.1,0.9,0,0.6,0.4,0,1.2,1.8
FA0.1Cs0.9Sn0.4Pb0.6Br1.5I1.5,0,0.1,0.9,0,0.6,0.4,0,1.5,1.5
FA0.1Cs0.9Sn0.4Pb0.6Br1.8I1.2,0,0.1,0.9,0,0.6,0.4,0,1.8,1.2
FA0.1Cs0.9Sn0.4Pb0.6Br2.1I0.9,0,0.1,0.9,0,0.6,0.4,0,2.1,0.9
FA0.1Cs0.9Sn0.4Pb0.6Br2.4I0.6,0,0.1,0.9,0,0.6,0.4,0,2.4,0.6
FA0.1Cs0.9Sn0.4Pb0.6Br2.7I0.3,0,0.1,0.9,0,0.6,0.4,0,2.7,0.3
FA0.1Cs0.9Sn0.3Pb0.7Cl0.3Br2.7,0,0.1,0.9,0,0.7,0.3,0.3,2.7,0
FA0.1Cs0.9Sn0.3Pb0.7Cl0.6Br2.4,0,0.1,0.9,0,0.7,0.3,0.6,2.4,0
FA0.1Cs0.9Sn0.3Pb0.7Cl0.9Br2.1,0,0.1,0.9,0,0.7,0.3,0.9,2.1,0
FA0.1Cs0.9Sn0.3Pb0.7Cl1.2Br1.8,0,0.1,0.9,0,0.7,0.3,1.2,1.8,0
FA0.1Cs0.9Sn0.3Pb0.7Cl1.5Br1.5,0,0.1,0.9,0,0.7,0.3,1.5,1.5,0
FA0.1Cs0.9Sn0.3Pb0.7Cl1.8Br1.2,0,0.1,0.9,0,0.7,0.3,1.8,1.2,0
FA0.1Cs0.9Sn0.3Pb0.7Cl2.1Br0.9,0,0.1,0.9,0,0.7,0.3,2.1,0.9,0
FA0.1Cs0.9Sn0.3Pb0.7Cl2.4Br0.6,0,0.1,0.9,0,0.7,0.3,2.4,0.6,0
FA0.1Cs0.9Sn0.3Pb0.7Cl2.7Br0.3,0,0.1,0.9,0,0.7,0.3,2.7,0.3,0
FA0.1Cs0.9Sn0.3Pb0.7Cl0.3I2.7,0,0.1,0.9,0,0.7,0.3,0.3,0,2.7
FA0.1Cs0.9Sn0.3Pb0.7Cl0.6I2.4,0,0.1,0.9,0,0.7,0.3,0.6,0,2.4
FA0.1Cs0.9Sn0.3Pb0.7Cl0.9I2.1,0,0.1,0.9,0,0.7,0.3,0.9,0,2.1
FA0.1Cs0.9Sn0.3Pb0.7Cl1.2I1.8,0,0.1,0.9,0,0.7,0.3,1.2,0,1.8
FA0.1Cs0.9Sn0.3Pb0.7Cl1.5I1.5,0,0.1,0.9,0,0.7,0.3,1.5,0,1.5
FA0.1Cs0.9Sn0.3Pb0.7Cl1.8I1.2,0,0.1,0.9,0,0.7,0.3,1.8,0,1.2
FA0.1Cs0.9Sn0.3Pb0.7Cl2.1I0.9,0,0.1,0.9,0,0.7,0.3,2.1,0,0.9
FA0.1Cs0.9Sn0.3Pb0.7Cl2.4I0.6,0,0.1,0.9,0,0.7,0.3,2.4,0,0.6
FA0.1Cs0.9Sn0.3Pb0.7Cl2.7I0.3,0,0.1,0.9,0,0.7,0.3,2.7,0,0.3
FA0.1Cs0.9Sn0.3Pb0.7Br0.3I2.7,0,0.1,0.9,0,0.7,0.3,0,0.3,2.7
FA0.1Cs0.9Sn0.3Pb0.7Br0.6I2.4,0,0.1,0.9,0,0.7,0.3,0,0.6,2.4
FA0.1Cs0.9Sn0.3Pb0.7Br0.9I2.1,0,0.1,0.9,0,0.7,0.3,0,0.9,2.1
FA0.1Cs0.9Sn0.3Pb0.7Br1.2I1.8,0,0.1,0.9,0,0.7,0.3,0,1.2,1.8
FA0.1Cs0.9Sn0.3Pb0.7Br1.5I1.5,0,0.1,0.9,0,0.7,0.3,0,1.5,1.5
FA0.1Cs0.9Sn0.3Pb0.7Br1.8I1.2,0,0.1,0.9,0,0.7,0.3,0,1.8,1.2
FA0.1Cs0.9Sn0.3Pb0.7Br2.1I0.9,0,0.1,0.9,0,0.7,0.3,0,2.1,0.9
FA0.1Cs0.9Sn0.3Pb0.7Br2.4I0.6,0,0.1,0.9,0,0.7,0.3,0,2.4,0.6
FA0.1Cs0.9Sn0.3Pb0.7Br2.7I0.3,0,0.1,0.9,0,0.7,0.3,0,2.7,0.3
FA0.1Cs0.9Sn0.2Pb0.8Cl0.3Br2.7,0,0.1,0.9,0,0.8,0.2,0.3,2.7,0
FA0.1Cs0.9Sn0.2Pb0.8Cl0.6Br2.4,0,0.1,0.9,0,0.8,0.2,0.6,2.4,0
FA0.1Cs0.9Sn0.2Pb0.8Cl0.9Br2.1,0,0.1,0.9,0,0.8,0.2,0.9,2.1,0
FA0.1Cs0.9Sn0.2Pb0.8Cl1.2Br1.8,0,0.1,0.9,0,0.8,0.2,1.2,1.8,0
FA0.1Cs0.9Sn0.2Pb0.8Cl1.5Br1.5,0,0.1,0.9,0,0.8,0.2,1.5,1.5,0
FA0.1Cs0.9Sn0.2Pb0.8Cl1.8Br1.2,0,0.1,0.9,0,0.8,0.2,1.8,1.2,0
FA0.1Cs0.9Sn0.2Pb0.8Cl2.1Br0.9,0,0.1,0.9,0,0.8,0.2,2.1,0.9,0
FA0.1Cs0.9Sn0.2Pb0.8Cl2.4Br0.6,0,0.1,0.9,0,0.8,0.2,2.4,0.6,0
FA0.1Cs0.9Sn0.2Pb0.8Cl2.7Br0.3,0,0.1,0.9,0,0.8,0.2,2.7,0.3,0
FA0.1Cs0.9Sn0.2Pb0.8Cl0.3I2.7,0,0.1,0.9,0,0.8,0.2,0.3,0,2.7
FA0.1Cs0.9Sn0.2Pb0.8Cl0.6I2.4,0,0.1,0.9,0,0.8,0.2,0.6,0,2.4
FA0.1Cs0.9Sn0.2Pb0.8Cl0.9I2.1,0,0.1,0.9,0,0.8,0.2,0.9,0,2.1
FA0.1Cs0.9Sn0.2Pb0.8Cl1.2I1.8,0,0.1,0.9,0,0.8,0.2,1.2,0,1.8
FA0.1Cs0.9Sn0.2Pb0.8Cl1.5I1.5,0,0.1,0.9,0,0.8,0.2,1.5,0,1.5
FA0.1Cs0.9Sn0.2Pb0.8Cl1.8I1.2,0,0.1,0.9,0,0.8,0.2,1.8,0,1.2
FA0.1Cs0.9Sn0.2Pb0.8Cl2.1I0.9,0,0.1,0.9,0,0.8,0.2,2.1,0,0.9
FA0.1Cs0.9Sn0.2Pb0.8Cl2.4I0.6,0,0.1,0.9,0,0.8,0.2,2.4,0,0.6
FA0.1Cs0.9Sn0.2Pb0.8Cl2.7I0.3,0,0.1,0.9,0,0.8,0.2,2.7,0,0.3
FA0.1Cs0.9Sn0.2Pb0.8Br0.3I2.7,0,0.1,0.9,0,0.8,0.2,0,0.3,2.7
FA0.1Cs0.9Sn0.2Pb0.8Br0.6I2.4,0,0.1,0.9,0,0.8,0.2,0,0.6,2.4
FA0.1Cs0.9Sn0.2Pb0.8Br0.9I2.1,0,0.1,0.9,0,0.8,0.2,0,0.9,2.1
FA0.1Cs0.9Sn0.2Pb0.8Br1.2I1.8,0,0.1,0.9,0,0.8,0.2,0,1.2,1.8
FA0.1Cs0.9Sn0.2Pb0.8Br1.5I1.5,0,0.1,0.9,0,0.8,0.2,0,1.5,1.5
FA0.1Cs0.9Sn0.2Pb0.8Br1.8I1.2,0,0.1,0.9,0,0.8,0.2,0,1.8,1.2
FA0.1Cs0.9Sn0.2Pb0.8Br2.1I0.9,0,0.1,0.9,0,0.8,0.2,0,2.1,0.9
FA0.1Cs0.9Sn0.2Pb0.8Br2.4I0.6,0,0.1,0.9,0,0.8,0.2,0,2.4,0.6
FA0.1Cs0.9Sn0.2Pb0.8Br2.7I0.3,0,0.1,0.9,0,0.8,0.2,0,2.7,0.3
FA0.1Cs0.9Sn0.1Pb0.9Cl0.3Br2.7,0,0.1,0.9,0,0.9,0.1,0.3,2.7,0
FA0.1Cs0.9Sn0.1Pb0.9Cl0.6Br2.4,0,0.1,0.9,0,0.9,0.1,0.6,2.4,0
FA0.1Cs0.9Sn0.1Pb0.9Cl0.9Br2.1,0,0.1,0.9,0,0.9,0.1,0.9,2.1,0
FA0.1Cs0.9Sn0.1Pb0.9Cl1.2Br1.8,0,0.1,0.9,0,0.9,0.1,1.2,1.8,0
FA0.1Cs0.9Sn0.1Pb0.9Cl1.5Br1.5,0,0.1,0.9,0,0.9,0.1,1.5,1.5,0
FA0.1Cs0.9Sn0.1Pb0.9Cl1.8Br1.2,0,0.1,0.9,0,0.9,0.1,1.8,1.2,0
FA0.1Cs0.9Sn0.1Pb0.9Cl2.1Br0.9,0,0.1,0.9,0,0.9,0.1,2.1,0.9,0
FA0.1Cs0.9Sn0.1Pb0.9Cl2.4Br0.6,0,0.1,0.9,0,0.9,0.1,2.4,0.6,0
FA0.1Cs0.9Sn0.1Pb0.9Cl2.7Br0.3,0,0.1,0.9,0,0.9,0.1,2.7,0.3,0
FA0.1Cs0.9Sn0.1Pb0.9Cl0.3I2.7,0,0.1,0.9,0,0.9,0.1,0.3,0,2.7
FA0.1Cs0.9Sn0.1Pb0.9Cl0.6I2.4,0,0.1,0.9,0,0.9,0.1,0.6,0,2.4
FA0.1Cs0.9Sn0.1Pb0.9Cl0.9I2.1,0,0.1,0.9,0,0.9,0.1,0.9,0,2.1
FA0.1Cs0.9Sn0.1Pb0.9Cl1.2I1.8,0,0.1,0.9,0,0.9,0.1,1.2,0,1.8
FA0.1Cs0.9Sn0.1Pb0.9Cl1.5I1.5,0,0.1,0.9,0,0.9,0.1,1.5,0,1.5
FA0.1Cs0.9Sn0.1Pb0.9Cl1.8I1.2,0,0.1,0.9,0,0.9,0.1,1.8,0,1.2
FA0.1Cs0.9Sn0.1Pb0.9Cl2.1I0.9,0,0.1,0.9,0,0.9,0.1,2.1,0,0.9
FA0.1Cs0.9Sn0.1Pb0.9Cl2.4I0.6,0,0.1,0.9,0,0.9,0.1,2.4,0,0.6
FA0.1Cs0.9Sn0.1Pb0.9Cl2.7I0.3,0,0.1,0.9,0,0.9,0.1,2.7,0,0.3
FA0.1Cs0.9Sn0.1Pb0.9Br0.3I2.7,0,0.1,0.9,0,0.9,0.1,0,0.3,2.7
FA0.1Cs0.9Sn0.1Pb0.9Br0.6I2.4,0,0.1,0.9,0,0.9,0.1,0,0.6,2.4
FA0.1Cs0.9Sn0.1Pb0.9Br0.9I2.1,0,0.1,0.9,0,0.9,0.1,0,0.9,2.1
FA0.1Cs0.9Sn0.1Pb0.9Br1.2I1.8,0,0.1,0.9,0,0.9,0.1,0,1.2,1.8
FA0.1Cs0.9Sn0.1Pb0.9Br1.5I1.5,0,0.1,0.9,0,0.9,0.1,0,1.5,1.5
FA0.1Cs0.9Sn0.1Pb0.9Br1.8I1.2,0,0.1,0.9,0,0.9,0.1,0,1.8,1.2
FA0.1Cs0.9Sn0.1Pb0.9Br2.1I0.9,0,0.1,0.9,0,0.9,0.1,0,2.1,0.9
FA0.1Cs0.9Sn0.1Pb0.9Br2.4I0.6,0,0.1,0.9,0,0.9,0.1,0,2.4,0.6
FA0.1Cs0.9Sn0.1Pb0.9Br2.7I0.3,0,0.1,0.9,0,0.9,0.1,0,2.7,0.3
FA0.2Cs0.8Sn0.9Pb0.1Cl0.3Br2.7,0,0.2,0.8,0,0.1,0.9,0.3,2.7,0
FA0.2Cs0.8Sn0.9Pb0.1Cl0.6Br2.4,0,0.2,0.8,0,0.1,0.9,0.6,2.4,0
FA0.2Cs0.8Sn0.9Pb0.1Cl0.9Br2.1,0,0.2,0.8,0,0.1,0.9,0.9,2.1,0
FA0.2Cs0.8Sn0.9Pb0.1Cl1.2Br1.8,0,0.2,0.8,0,0.1,0.9,1.2,1.8,0
FA0.2Cs0.8Sn0.9Pb0.1Cl1.5Br1.5,0,0.2,0.8,0,0.1,0.9,1.5,1.5,0
FA0.2Cs0.8Sn0.9Pb0.1Cl1.8Br1.2,0,0.2,0.8,0,0.1,0.9,1.8,1.2,0
FA0.2Cs0.8Sn0.9Pb0.1Cl2.1Br0.9,0,0.2,0.8,0,0.1,0.9,2.1,0.9,0
FA0.2Cs0.8Sn0.9Pb0.1Cl2.4Br0.6,0,0.2,0.8,0,0.1,0.9,2.4,0.6,0
FA0.2Cs0.8Sn0.9Pb0.1Cl2.7Br0.3,0,0.2,0.8,0,0.1,0.9,2.7,0.3,0
FA0.2Cs0.8Sn0.9Pb0.1Cl0.3I2.7,0,0.2,0.8,0,0.1,0.9,0.3,0,2.7
FA0.2Cs0.8Sn0.9Pb0.1Cl0.6I2.4,0,0.2,0.8,0,0.1,0.9,0.6,0,2.4
FA0.2Cs0.8Sn0.9Pb0.1Cl0.9I2.1,0,0.2,0.8,0,0.1,0.9,0.9,0,2.1
FA0.2Cs0.8Sn0.9Pb0.1Cl1.2I1.8,0,0.2,0.8,0,0.1,0.9,1.2,0,1.8
FA0.2Cs0.8Sn0.9Pb0.1Cl1.5I1.5,0,0.2,0.8,0,0.1,0.9,1.5,0,1.5
FA0.2Cs0.8Sn0.9Pb0.1Cl1.8I1.2,0,0.2,0.8,0,0.1,0.9,1.8,0,1.2
FA0.2Cs0.8Sn0.9Pb0.1Cl2.1I0.9,0,0.2,0.8,0,0.1,0.9,2.1,0,0.9
FA0.2Cs0.8Sn0.9Pb0.1Cl2.4I0.6,0,0.2,0.8,0,0.1,0.9,2.4,0,0.6
FA0.2Cs0.8Sn0.9Pb0.1Cl2.7I0.3,0,0.2,0.8,0,0.1,0.9,2.7,0,0.3
FA0.2Cs0.8Sn0.9Pb0.1Br0.3I2.7,0,0.2,0.8,0,0.1,0.9,0,0.3,2.7
FA0.2Cs0.8Sn0.9Pb0.1Br0.6I2.4,0,0.2,0.8,0,0.1,0.9,0,0.6,2.4
FA0.2Cs0.8Sn0.9Pb0.1Br0.9I2.1,0,0.2,0.8,0,0.1,0.9,0,0.9,2.1
FA0.2Cs0.8Sn0.9Pb0.1Br1.2I1.8,0,0.2,0.8,0,0.1,0.9,0,1.2,1.8
FA0.2Cs0.8Sn0.9Pb0.1Br1.5I1.5,0,0.2,0.8,0,0.1,0.9,0,1.5,1.5
FA0.2Cs0.8Sn0.9Pb0.1Br1.8I1.2,0,0.2,0.8,0,0.1,0.9,0,1.8,1.2
FA0.2Cs0.8Sn0.9Pb0.1Br2.1I0.9,0,0.2,0.8,0,0.1,0.9,0,2.1,0.9
FA0.2Cs0.8Sn0.9Pb0.1Br2.4I0.6,0,0.2,0.8,0,0.1,0.9,0,2.4,0.6
FA0.2Cs0.8Sn0.9Pb0.1Br2.7I0.3,0,0.2,0.8,0,0.1,0.9,0,2.7,0.3
FA0.2Cs0.8Sn0.8Pb0.2Cl0.3Br2.7,0,0.2,0.8,0,0.2,0.8,0.3,2.7,0
FA0.2Cs0.8Sn0.8Pb0.2Cl0.6Br2.4,0,0.2,0.8,0,0.2,0.8,0.6,2.4,0
FA0.2Cs0.8Sn0.8Pb0.2Cl0.9Br2.1,0,0.2,0.8,0,0.2,0.8,0.9,2.1,0
FA0.2Cs0.8Sn0.8Pb0.2Cl1.2Br1.8,0,0.2,0.8,0,0.2,0.8,1.2,1.8,0
FA0.2Cs0.8Sn0.8Pb0.2Cl1.5Br1.5,0,0.2,0.8,0,0.2,0.8,1.5,1.5,0
FA0.2Cs0.8Sn0.8Pb0.2Cl1.8Br1.2,0,0.2,0.8,0,0.2,0.8,1.8,1.2,0
FA0.2Cs0.8Sn0.8Pb0.2Cl2.1Br0.9,0,0.2,0.8,0,0.2,0.8,2.1,0.9,0
FA0.2Cs0.8Sn0.8Pb0.2Cl2.4Br0.6,0,0.2,0.8,0,0.2,0.8,2.4,0.6,0
FA0.2Cs0.8Sn0.8Pb0.2Cl2.7Br0.3,0,0.2,0.8,0,0.2,0.8,2.7,0.3,0
FA0.2Cs0.8Sn0.8Pb0.2Cl0.3I2.7,0,0.2,0.8,0,0.2,0.8,0.3,0,2.7
FA0.2Cs0.8Sn0.8Pb0.2Cl0.6I2.4,0,0.2,0.8,0,0.2,0.8,0.6,0,2.4
FA0.2Cs0.8Sn0.8Pb0.2Cl0.9I2.1,0,0.2,0.8,0,0.2,0.8,0.9,0,2.1
FA0.2Cs0.8Sn0.8Pb0.2Cl1.2I1.8,0,0.2,0.8,0,0.2,0.8,1.2,0,1.8
FA0.2Cs0.8Sn0.8Pb0.2Cl1.5I1.5,0,0.2,0.8,0,0.2,0.8,1.5,0,1.5
FA0.2Cs0.8Sn0.8Pb0.2Cl1.8I1.2,0,0.2,0.8,0,0.2,0.8,1.8,0,1.2
FA0.2Cs0.8Sn0.8Pb0.2Cl2.1I0.9,0,0.2,0.8,0,0.2,0.8,2.1,0,0.9
FA0.2Cs0.8Sn0.8Pb0.2Cl2.4I0.6,0,0.2,0.8,0,0.2,0.8,2.4,0,0.6
FA0.2Cs0.8Sn0.8Pb0.2Cl2.7I0.3,0,0.2,0.8,0,0.2,0.8,2.7,0,0.3
FA0.2Cs0.8Sn0.8Pb0.2Br0.3I2.7,0,0.2,0.8,0,0.2,0.8,0,0.3,2.7
FA0.2Cs0.8Sn0.8Pb0.2Br0.6I2.4,0,0.2,0.8,0,0.2,0.8,0,0.6,2.4
FA0.2Cs0.8Sn0.8Pb0.2Br0.9I2.1,0,0.2,0.8,0,0.2,0.8,0,0.9,2.1
FA0.2Cs0.8Sn0.8Pb0.2Br1.2I1.8,0,0.2,0.8,0,0.2,0.8,0,1.2,1.8
FA0.2Cs0.8Sn0.8Pb0.2Br1.5I1.5,0,0.2,0.8,0,0.2,0.8,0,1.5,1.5
FA0.2Cs0.8Sn0.8Pb0.2Br1.8I1.2,0,0.2,0.8,0,0.2,0.8,0,1.8,1.2
FA0.2Cs0.8Sn0.8Pb0.2Br2.1I0.9,0,0.2,0.8,0,0.2,0.8,0,2.1,0.9
FA0.2Cs0.8Sn0.8Pb0.2Br2.4I0.6,0,0.2,0.8,0,0.2,0.8,0,2.4,0.6
FA0.2Cs0.8Sn0.8Pb0.2Br2.7I0.3,0,0.2,0.8,0,0.2,0.8,0,2.7,0.3
FA0.2Cs0.8Sn0.7Pb0.3Cl0.3Br2.7,0,0.2,0.8,0,0.3,0.7,0.3,2.7,0
FA0.2Cs0.8Sn0.7Pb0.3Cl0.6Br2.4,0,0.2,0.8,0,0.3,0.7,0.6,2.4,0
FA0.2Cs0.8Sn0.7Pb0.3Cl0.9Br2.1,0,0.2,0.8,0,0.3,0.7,0.9,2.1,0
FA0.2Cs0.8Sn0.7Pb0.3Cl1.2Br1.8,0,0.2,0.8,0,0.3,0.7,1.2,1.8,0
FA0.2Cs0.8Sn0.7Pb0.3Cl1.5Br1.5,0,0.2,0.8,0,0.3,0.7,1.5,1.5,0
FA0.2Cs0.8Sn0.7Pb0.3Cl1.8Br1.2,0,0.2,0.8,0,0.3,0.7,1.8,1.2,0
FA0.2Cs0.8Sn0.7Pb0.3Cl2.1Br0.9,0,0.2,0.8,0,0.3,0.7,2.1,0.9,0
FA0.2Cs0.8Sn0.7Pb0.3Cl2.4Br0.6,0,0.2,0.8,0,0.3,0.7,2.4,0.6,0
FA0.2Cs0.8Sn0.7Pb0.3Cl2.7Br0.3,0,0.2,0.8,0,0.3,0.7,2.7,0.3,0
FA0.2Cs0.8Sn0.7Pb0.3Cl0.3I2.7,0,0.2,0.8,0,0.3,0.7,0.3,0,2.7
FA0.2Cs0.8Sn0.7Pb0.3Cl0.6I2.4,0,0.2,0.8,0,0.3,0.7,0.6,0,2.4
FA0.2Cs0.8Sn0.7Pb0.3Cl0.9I2.1,0,0.2,0.8,0,0.3,0.7,0.9,0,2.1
FA0.2Cs0.8Sn0.7Pb0.3Cl1.2I1.8,0,0.2,0.8,0,0.3,0.7,1.2,0,1.8
FA0.2Cs0.8Sn0.7Pb0.3Cl1.5I1.5,0,0.2,0.8,0,0.3,0.7,1.5,0,1.5
FA0.2Cs0.8Sn0.7Pb0.3Cl1.8I1.2,0,0.2,0.8,0,0.3,0.7,1.8,0,1.2
FA0.2Cs0.8Sn0.7Pb0.3Cl2.1I0.9,0,0.2,0.8,0,0.3,0.7,2.1,0,0.9
FA0.2Cs0.8Sn0.7Pb0.3Cl2.4I0.6,0,0.2,0.8,0,0.3,0.7,2.4,0,0.6
FA0.2Cs0.8Sn0.7Pb0.3Cl2.7I0.3,0,0.2,0.8,0,0.3,0.7,2.7,0,0.3
FA0.2Cs0.8Sn0.7Pb0.3Br0.3I2.7,0,0.2,0.8,0,0.3,0.7,0,0.3,2.7
FA0.2Cs0.8Sn0.7Pb0.3Br0.6I2.4,0,0.2,0.8,0,0.3,0.7,0,0.6,2.4
FA0.2Cs0.8Sn0.7Pb0.3Br0.9I2.1,0,0.2,0.8,0,0.3,0.7,0,0.9,2.1
FA0.2Cs0.8Sn0.7Pb0.3Br1.2I1.8,0,0.2,0.8,0,0.3,0.7,0,1.2,1.8
FA0.2Cs0.8Sn0.7Pb0.3Br1.5I1.5,0,0.2,0.8,0,0.3,0.7,0,1.5,1.5
FA0.2Cs0.8Sn0.7Pb0.3Br1.8I1.2,0,0.2,0.8,0,0.3,0.7,0,1.8,1.2
FA0.2Cs0.8Sn0.7Pb0.3Br2.1I0.9,0,0.2,0.8,0,0.3,0.7,0,2.1,0.9
FA0.2Cs0.8Sn0.7Pb0.3Br2.4I0.6,0,0.2,0.8,0,0.3,0.7,0,2.4,0.6
FA0.2Cs0.8Sn0.7Pb0.3Br2.7I0.3,0,0.2,0.8,0,0.3,0.7,0,2.7,0.3
FA0.2Cs0.8Sn0.6Pb0.4Cl0.3Br2.7,0,0.2,0.8,0,0.4,0.6,0.3,2.7,0
FA0.2Cs0.8Sn0.6Pb0.4Cl0.6Br2.4,0,0.2,0.8,0,0.4,0.6,0.6,2.4,0
FA0.2Cs0.8Sn0.6Pb0.4Cl0.9Br2.1,0,0.2,0.8,0,0.4,0.6,0.9,2.1,0
FA0.2Cs0.8Sn0.6Pb0.4Cl1.2Br1.8,0,0.2,0.8,0,0.4,0.6,1.2,1.8,0
FA0.2Cs0.8Sn0.6Pb0.4Cl1.5Br1.5,0,0.2,0.8,0,0.4,0.6,1.5,1.5,0
FA0.2Cs0.8Sn0.6Pb0.4Cl1.8Br1.2,0,0.2,0.8,0,0.4,0.6,1.8,1.2,0
FA0.2Cs0.8Sn0.6Pb0.4Cl2.1Br0.9,0,0.2,0.8,0,0.4,0.6,2.1,0.9,0
FA0.2Cs0.8Sn0.6Pb0.4Cl2.4Br0.6,0,0.2,0.8,0,0.4,0.6,2.4,0.6,0
FA0.2Cs0.8Sn0.6Pb0.4Cl2.7Br0.3,0,0.2,0.8,0,0.4,0.6,2.7,0.3,0
FA0.2Cs0.8Sn0.6Pb0.4Cl0.3I2.7,0,0.2,0.8,0,0.4,0.6,0.3,0,2.7
FA0.2Cs0.8Sn0.6Pb0.4Cl0.6I2.4,0,0.2,0.8,0,0.4,0.6,0.6,0,2.4
FA0.2Cs0.8Sn0.6Pb0.4Cl0.9I2.1,0,0.2,0.8,0,0.4,0.6,0.9,0,2.1
FA0.2Cs0.8Sn0.6Pb0.4Cl1.2I1.8,0,0.2,0.8,0,0.4,0.6,1.2,0,1.8
FA0.2Cs0.8Sn0.6Pb0.4Cl1.5I1.5,0,0.2,0.8,0,0.4,0.6,1.5,0,1.5
FA0.2Cs0.8Sn0.6Pb0.4Cl1.8I1.2,0,0.2,0.8,0,0.4,0.6,1.8,0,1.2
FA0.2Cs0.8Sn0.6Pb0.4Cl2.1I0.9,0,0.2,0.8,0,0.4,0.6,2.1,0,0.9
FA0.2Cs0.8Sn0.6Pb0.4Cl2.4I0.6,0,0.2,0.8,0,0.4,0.6,2.4,0,0.6
FA0.2Cs0.8Sn0.6Pb0.4Cl2.7I0.3,0,0.2,0.8,0,0.4,0.6,2.7,0,0.3
FA0.2Cs0.8Sn0.6Pb0.4Br0.3I2.7,0,0.2,0.8,0,0.4,0.6,0,0.3,2.7
FA0.2Cs0.8Sn0.6Pb0.4Br0.6I2.4,0,0.2,0.8,0,0.4,0.6,0,0.6,2.4
FA0.2Cs0.8Sn0.6Pb0.4Br0.9I2.1,0,0.2,0.8,0,0.4,0.6,0,0.9,2.1
FA0.2Cs0.8Sn0.6Pb0.4Br1.2I1.8,0,0.2,0.8,0,0.4,0.6,0,1.2,1.8
FA0.2Cs0.8Sn0.6Pb0.4Br1.5I1.5,0,0.2,0.8,0,0.4,0.6,0,1.5,1.5
FA0.2Cs0.8Sn0.6Pb0.4Br1.8I1.2,0,0.2,0.8,0,0.4,0.6,0,1.8,1.2
FA0.2Cs0.8Sn0.6Pb0.4Br2.1I0.9,0,0.2,0.8,0,0.4,0.6,0,2.1,0.9
FA0.2Cs0.8Sn0.6Pb0.4Br2.4I0.6,0,0.2,0.8,0,0.4,0.6,0,2.4,0.6
FA0.2Cs0.8Sn0.6Pb0.4Br2.7I0.3,0,0.2,0.8,0,0.4,0.6,0,2.7,0.3
FA0.2Cs0.8Sn0.5Pb0.5Cl0.3Br2.7,0,0.2,0.8,0,0.5,0.5,0.3,2.7,0
FA0.2Cs0.8Sn0.5Pb0.5Cl0.6Br2.4,0,0.2,0.8,0,0.5,0.5,0.6,2.4,0
FA0.2Cs0.8Sn0.5Pb0.5Cl0.9Br2.1,0,0.2,0.8,0,0.5,0.5,0.9,2.1,0
FA0.2Cs0.8Sn0.5Pb0.5Cl1.2Br1.8,0,0.2,0.8,0,0.5,0.5,1.2,1.8,0
FA0.2Cs0.8Sn0.5Pb0.5Cl1.5Br1.5,0,0.2,0.8,0,0.5,0.5,1.5,1.5,0
FA0.2Cs0.8Sn0.5Pb0.5Cl1.8Br1.2,0,0.2,0.8,0,0.5,0.5,1.8,1.2,0
FA0.2Cs0.8Sn0.5Pb0.5Cl2.1Br0.9,0,0.2,0.8,0,0.5,0.5,2.1,0.9,0
FA0.2Cs0.8Sn0.5Pb0.5Cl2.4Br0.6,0,0.2,0.8,0,0.5,0.5,2.4,0.6,0
FA0.2Cs0.8Sn0.5Pb0.5Cl2.7Br0.3,0,0.2,0.8,0,0.5,0.5,2.7,0.3,0
FA0.2Cs0.8Sn0.5Pb0.5Cl0.3I2.7,0,0.2,0.8,0,0.5,0.5,0.3,0,2.7
FA0.2Cs0.8Sn0.5Pb0.5Cl0.6I2.4,0,0.2,0.8,0,0.5,0.5,0.6,0,2.4
FA0.2Cs0.8Sn0.5Pb0.5Cl0.9I2.1,0,0.2,0.8,0,0.5,0.5,0.9,0,2.1
FA0.2Cs0.8Sn0.5Pb0.5Cl1.2I1.8,0,0.2,0.8,0,0.5,0.5,1.2,0,1.8
FA0.2Cs0.8Sn0.5Pb0.5Cl1.5I1.5,0,0.2,0.8,0,0.5,0.5,1.5,0,1.5
FA0.2Cs0.8Sn0.5Pb0.5Cl1.8I1.2,0,0.2,0.8,0,0.5,0.5,1.8,0,1.2
FA0.2Cs0.8Sn0.5Pb0.5Cl2.1I0.9,0,0.2,0.8,0,0.5,0.5,2.1,0,0.9
FA0.2Cs0.8Sn0.5Pb0.5Cl2.4I0.6,0,0.2,0.8,0,0.5,0.5,2.4,0,0.6
FA0.2Cs0.8Sn0.5Pb0.5Cl2.7I0.3,0,0.2,0.8,0,0.5,0.5,2.7,0,0.3
FA0.2Cs0.8Sn0.5Pb0.5Br0.3I2.7,0,0.2,0.8,0,0.5,0.5,0,0.3,2.7
FA0.2Cs0.8Sn0.5Pb0.5Br0.6I2.4,0,0.2,0.8,0,0.5,0.5,0,0.6,2.4
FA0.2Cs0.8Sn0.5Pb0.5Br0.9I2.1,0,0.2,0.8,0,0.5,0.5,0,0.9,2.1
FA0.2Cs0.8Sn0.5Pb0.5Br1.2I1.8,0,0.2,0.8,0,0.5,0.5,0,1.2,1.8
FA0.2Cs0.8Sn0.5Pb0.5Br1.5I1.5,0,0.2,0.8,0,0.5,0.5,0,1.5,1.5
FA0.2Cs0.8Sn0.5Pb0.5Br1.8I1.2,0,0.2,0.8,0,0.5,0.5,0,1.8,1.2
FA0.2Cs0.8Sn0.5Pb0.5Br2.1I0.9,0,0.2,0.8,0,0.5,0.5,0,2.1,0.9
FA0.2Cs0.8Sn0.5Pb0.5Br2.4I0.6,0,0.2,0.8,0,0.5,0.5,0,2.4,0.6
FA0.2Cs0.8Sn0.5Pb0.5Br2.7I0.3,0,0.2,0.8,0,0.5,0.5,0,2.7,0.3
FA0.2Cs0.8Sn0.4Pb0.6Cl0.3Br2.7,0,0.2,0.8,0,0.6,0.4,0.3,2.7,0
FA0.2Cs0.8Sn0.4Pb0.6Cl0.6Br2.4,0,0.2,0.8,0,0.6,0.4,0.6,2.4,0
FA0.2Cs0.8Sn0.4Pb0.6Cl0.9Br2.1,0,0.2,0.8,0,0.6,0.4,0.9,2.1,0
FA0.2Cs0.8Sn0.4Pb0.6Cl1.2Br1.8,0,0.2,0.8,0,0.6,0.4,1.2,1.8,0
FA0.2Cs0.8Sn0.4Pb0.6Cl1.5Br1.5,0,0.2,0.8,0,0.6,0.4,1.5,1.5,0
FA0.2Cs0.8Sn0.4Pb0.6Cl1.8Br1.2,0,0.2,0.8,0,0.6,0.4,1.8,1.2,0
FA0.2Cs0.8Sn0.4Pb0.6Cl2.1Br0.9,0,0.2,0.8,0,0.6,0.4,2.1,0.9,0
FA0.2Cs0.8Sn0.4Pb0.6Cl2.4Br0.6,0,0.2,0.8,0,0.6,0.4,2.4,0.6,0
FA0.2Cs0.8Sn0.4Pb0.6Cl2.7Br0.3,0,0.2,0.8,0,0.6,0.4,2.7,0.3,0
FA0.2Cs0.8Sn0.4Pb0.6Cl0.3I2.7,0,0.2,0.8,0,0.6,0.4,0.3,0,2.7
FA0.2Cs0.8Sn0.4Pb0.6Cl0.6I2.4,0,0.2,0.8,0,0.6,0.4,0.6,0,2.4
FA0.2Cs0.8Sn0.4Pb0.6Cl0.9I2.1,0,0.2,0.8,0,0.6,0.4,0.9,0,2.1
FA0.2Cs0.8Sn0.4Pb0.6Cl1.2I1.8,0,0.2,0.8,0,0.6,0.4,1.2,0,1.8
FA0.2Cs0.8Sn0.4Pb0.6Cl1.5I1.5,0,0.2,0.8,0,0.6,0.4,1.5,0,1.5
FA0.2Cs0.8Sn0.4Pb0.6Cl1.8I1.2,0,0.2,0.8,0,0.6,0.4,1.8,0,1.2
FA0.2Cs0.8Sn0.4Pb0.6Cl2.1I0.9,0,0.2,0.8,0,0.6,0.4,2.1,0,0.9
FA0.2Cs0.8Sn0.4Pb0.6Cl2.4I0.6,0,0.2,0.8,0,0.6,0.4,2.4,0,0.6
FA0.2Cs0.8Sn0.4Pb0.6Cl2.7I0.3,0,0.2,0.8,0,0.6,0.4,2.7,0,0.3
FA0.2Cs0.8Sn0.4Pb0.6Br0.3I2.7,0,0.2,0.8,0,0.6,0.4,0,0.3,2.7
FA0.2Cs0.8Sn0.4Pb0.6Br0.6I2.4,0,0.2,0.8,0,0.6,0.4,0,0.6,2.4
FA0.2Cs0.8Sn0.4Pb0.6Br0.9I2.1,0,0.2,0.8,0,0.6,0.4,0,0.9,2.1
FA0.2Cs0.8Sn0.4Pb0.6Br1.2I1.8,0,0.2,0.8,0,0.6,0.4,0,1.2,1.8
FA0.2Cs0.8Sn0.4Pb0.6Br1.5I1.5,0,0.2,0.8,0,0.6,0.4,0,1.5,1.5
FA0.2Cs0.8Sn0.4Pb0.6Br1.8I1.2,0,0.2,0.8,0,0.6,0.4,0,1.8,1.2
FA0.2Cs0.8Sn0.4Pb0.6Br2.1I0.9,0,0.2,0.8,0,0.6,0.4,0,2.1,0.9
FA0.2Cs0.8Sn0.4Pb0.6Br2.4I0.6,0,0.2,0.8,0,0.6,0.4,0,2.4,0.6
FA0.2Cs0.8Sn0.4Pb0.6Br2.7I0.3,0,0.2,0.8,0,0.6,0.4,0,2.7,0.3
FA0.2Cs0.8Sn0.3Pb0.7Cl0.3Br2.7,0,0.2,0.8,0,0.7,0.3,0.3,2.7,0
FA0.2Cs0.8Sn0.3Pb0.7Cl0.6Br2.4,0,0.2,0.8,0,0.7,0.3,0.6,2.4,0
FA0.2Cs0.8Sn0.3Pb0.7Cl0.9Br2.1,0,0.2,0.8,0,0.7,0.3,0.9,2.1,0
FA0.2Cs0.8Sn0.3Pb0.7Cl1.2Br1.8,0,0.2,0.8,0,0.7,0.3,1.2,1.8,0
FA0.2Cs0.8Sn0.3Pb0.7Cl1.5Br1.5,0,0.2,0.8,0,0.7,0.3,1.5,1.5,0
FA0.2Cs0.8Sn0.3Pb0.7Cl1.8Br1.2,0,0.2,0.8,0,0.7,0.3,1.8,1.2,0
FA0.2Cs0.8Sn0.3Pb0.7Cl2.1Br0.9,0,0.2,0.8,0,0.7,0.3,2.1,0.9,0
FA0.2Cs0.8Sn0.3Pb0.7Cl2.4Br0.6,0,0.2,0.8,0,0.7,0.3,2.4,0.6,0
FA0.2Cs0.8Sn0.3Pb0.7Cl2.7Br0.3,0,0.2,0.8,0,0.7,0.3,2.7,0.3,0
FA0.2Cs0.8Sn0.3Pb0.7Cl0.3I2.7,0,0.2,0.8,0,0.7,0.3,0.3,0,2.7
FA0.2Cs0.8Sn0.3Pb0.7Cl0.6I2.4,0,0.2,0.8,0,0.7,0.3,0.6,0,2.4
FA0.2Cs0.8Sn0.3Pb0.7Cl0.9I2.1,0,0.2,0.8,0,0.7,0.3,0.9,0,2.1
FA0.2Cs0.8Sn0.3Pb0.7Cl1.2I1.8,0,0.2,0.8,0,0.7,0.3,1.2,0,1.8
FA0.2Cs0.8Sn0.3Pb0.7Cl1.5I1.5,0,0.2,0.8,0,0.7,0.3,1.5,0,1.5
FA0.2Cs0.8Sn0.3Pb0.7Cl1.8I1.2,0,0.2,0.8,0,0.7,0.3,1.8,0,1.2
FA0.2Cs0.8Sn0.3Pb0.7Cl2.1I0.9,0,0.2,0.8,0,0.7,0.3,2.1,0,0.9
FA0.2Cs0.8Sn0.3Pb0.7Cl2.4I0.6,0,0.2,0.8,0,0.7,0.3,2.4,0,0.6
FA0.2Cs0.8Sn0.3Pb0.7Cl2.7I0.3,0,0.2,0.8,0,0.7,0.3,2.7,0,0.3
FA0.2Cs0.8Sn0.3Pb0.7Br0.3I2.7,0,0.2,0.8,0,0.7,0.3,0,0.3,2.7
FA0.2Cs0.8Sn0.3Pb0.7Br0.6I2.4,0,0.2,0.8,0,0.7,0.3,0,0.6,2.4
FA0.2Cs0.8Sn0.3Pb0.7Br0.9I2.1,0,0.2,0.8,0,0.7,0.3,0,0.9,2.1
FA0.2Cs0.8Sn0.3Pb0.7Br1.2I1.8,0,0.2,0.8,0,0.7,0.3,0,1.2,1.8
FA0.2Cs0.8Sn0.3Pb0.7Br1.5I1.5,0,0.2,0.8,0,0.7,0.3,0,1.5,1.5
FA0.2Cs0.8Sn0.3Pb0.7Br1.8I1.2,0,0.2,0.8,0,0.7,0.3,0,1.8,1.2
FA0.2Cs0.8Sn0.3Pb0.7Br2.1I0.9,0,0.2,0.8,0,0.7,0.3,0,2.1,0.9
FA0.2Cs0.8Sn0.3Pb0.7Br2.4I0.6,0,0.2,0.8,0,0.7,0.3,0,2.4,0.6
FA0.2Cs0.8Sn0.3Pb0.7Br2.7I0.3,0,0.2,0.8,0,0.7,0.3,0,2.7,0.3
FA0.2Cs0.8Sn0.2Pb0.8Cl0.3Br2.7,0,0.2,0.8,0,0.8,0.2,0.3,2.7,0
FA0.2Cs0.8Sn0.2Pb0.8Cl0.6Br2.4,0,0.2,0.8,0,0.8,0.2,0.6,2.4,0
FA0.2Cs0.8Sn0.2Pb0.8Cl0.9Br2.1,0,0.2,0.8,0,0.8,0.2,0.9,2.1,0
FA0.2Cs0.8Sn0.2Pb0.8Cl1.2Br1.8,0,0.2,0.8,0,0.8,0.2,1.2,1.8,0
FA0.2Cs0.8Sn0.2Pb0.8Cl1.5Br1.5,0,0.2,0.8,0,0.8,0.2,1.5,1.5,0
FA0.2Cs0.8Sn0.2Pb0.8Cl1.8Br1.2,0,0.2,0.8,0,0.8,0.2,1.8,1.2,0
FA0.2Cs0.8Sn0.2Pb0.8Cl2.1Br0.9,0,0.2,0.8,0,0.8,0.2,2.1,0.9,0
FA0.2Cs0.8Sn0.2Pb0.8Cl2.4Br0.6,0,0.2,0.8,0,0.8,0.2,2.4,0.6,0
FA0.2Cs0.8Sn0.2Pb0.8Cl2.7Br0.3,0,0.2,0.8,0,0.8,0.2,2.7,0.3,0
FA0.2Cs0.8Sn0.2Pb0.8Cl0.3I2.7,0,0.2,0.8,0,0.8,0.2,0.3,0,2.7
FA0.2Cs0.8Sn0.2Pb0.8Cl0.6I2.4,0,0.2,0.8,0,0.8,0.2,0.6,0,2.4
FA0.2Cs0.8Sn0.2Pb0.8Cl0.9I2.1,0,0.2,0.8,0,0.8,0.2,0.9,0,2.1
FA0.2Cs0.8Sn0.2Pb0.8Cl1.2I1.8,0,0.2,0.8,0,0.8,0.2,1.2,0,1.8
FA0.2Cs0.8Sn0.2Pb0.8Cl1.5I1.5,0,0.2,0.8,0,0.8,0.2,1.5,0,1.5
FA0.2Cs0.8Sn0.2Pb0.8Cl1.8I1.2,0,0.2,0.8,0,0.8,0.2,1.8,0,1.2
FA0.2Cs0.8Sn0.2Pb0.8Cl2.1I0.9,0,0.2,0.8,0,0.8,0.2,2.1,0,0.9
FA0.2Cs0.8Sn0.2Pb0.8Cl2.4I0.6,0,0.2,0.8,0,0.8,0.2,2.4,0,0.6
FA0.2Cs0.8Sn0.2Pb0.8Cl2.7I0.3,0,0.2,0.8,0,0.8,0.2,2.7,0,0.3
FA0.2Cs0.8Sn0.2Pb0.8Br0.3I2.7,0,0.2,0.8,0,0.8,0.2,0,0.3,2.7
FA0.2Cs0.8Sn0.2Pb0.8Br0.6I2.4,0,0.2,0.8,0,0.8,0.2,0,0.6,2.4
FA0.2Cs0.8Sn0.2Pb0.8Br0.9I2.1,0,0.2,0.8,0,0.8,0.2,0,0.9,2.1
FA0.2Cs0.8Sn0.2Pb0.8Br1.2I1.8,0,0.2,0.8,0,0.8,0.2,0,1.2,1.8
FA0.2Cs0.8Sn0.2Pb0.8Br1.5I1.5,0,0.2,0.8,0,0.8,0.2,0,1.5,1.5
FA0.2Cs0.8Sn0.2Pb0.8Br1.8I1.2,0,0.2,0.8,0,0.8,0.2,0,1.8,1.2
FA0.2Cs0.8Sn0.2Pb0.8Br2.1I0.9,0,0.2,0.8,0,0.8,0.2,0,2.1,0.9
FA0.2Cs0.8Sn0.2Pb0.8Br2.4I0.6,0,0.2,0.8,0,0.8,0.2,0,2.4,0.6
FA0.2Cs0.8Sn0.2Pb0.8Br2.7I0.3,0,0.2,0.8,0,0.8,0.2,0,2.7,0.3
FA0.2Cs0.8Sn0.1Pb0.9Cl0.3Br2.7,0,0.2,0.8,0,0.9,0.1,0.3,2.7,0
FA0.2Cs0.8Sn0.1Pb0.9Cl0.6Br2.4,0,0.2,0.8,0,0.9,0.1,0.6,2.4,0
FA0.2Cs0.8Sn0.1Pb0.9Cl0.9Br2.1,0,0.2,0.8,0,0.9,0.1,0.9,2.1,0
FA0.2Cs0.8Sn0.1Pb0.9Cl1.2Br1.8,0,0.2,0.8,0,0.9,0.1,1.2,1.8,0
FA0.2Cs0.8Sn0.1Pb0.9Cl1.5Br1.5,0,0.2,0.8,0,0.9,0.1,1.5,1.5,0
FA0.2Cs0.8Sn0.1Pb0.9Cl1.8Br1.2,0,0.2,0.8,0,0.9,0.1,1.8,1.2,0
FA0.2Cs0.8Sn0.1Pb0.9Cl2.1Br0.9,0,0.2,0.8,0,0.9,0.1,2.1,0.9,0
FA0.2Cs0.8Sn0.1Pb0.9Cl2.4Br0.6,0,0.2,0.8,0,0.9,0.1,2.4,0.6,0
FA0.2Cs0.8Sn0.1Pb0.9Cl2.7Br0.3,0,0.2,0.8,0,0.9,0.1,2.7,0.3,0
FA0.2Cs0.8Sn0.1Pb0.9Cl0.3I2.7,0,0.2,0.8,0,0.9,0.1,0.3,0,2.7
FA0.2Cs0.8Sn0.1Pb0.9Cl0.6I2.4,0,0.2,0.8,0,0.9,0.1,0.6,0,2.4
FA0.2Cs0.8Sn0.1Pb0.9Cl0.9I2.1,0,0.2,0.8,0,0.9,0.1,0.9,0,2.1
FA0.2Cs0.8Sn0.1Pb0.9Cl1.2I1.8,0,0.2,0.8,0,0.9,0.1,1.2,0,1.8
FA0.2Cs0.8Sn0.1Pb0.9Cl1.5I1.5,0,0.2,0.8,0,0.9,0.1,1.5,0,1.5
FA0.2Cs0.8Sn0.1Pb0.9Cl1.8I1.2,0,0.2,0.8,0,0.9,0.1,1.8,0,1.2
FA0.2Cs0.8Sn0.1Pb0.9Cl2.1I0.9,0,0.2,0.8,0,0.9,0.1,2.1,0,0.9
FA0.2Cs0.8Sn0.1Pb0.9Cl2.4I0.6,0,0.2,0.8,0,0.9,0.1,2.4,0,0.6
FA0.2Cs0.8Sn0.1Pb0.9Cl2.7I0.3,0,0.2,0.8,0,0.9,0.1,2.7,0,0.3
FA0.2Cs0.8Sn0.1Pb0.9Br0.3I2.7,0,0.2,0.8,0,0.9,0.1,0,0.3,2.7
FA0.2Cs0.8Sn0.1Pb0.9Br0.6I2.4,0,0.2,0.8,0,0.9,0.1,0,0.6,2.4
FA0.2Cs0.8Sn0.1Pb0.9Br0.9I2.1,0,0.2,0.8,0,0.9,0.1,0,0.9,2.1
FA0.2Cs0.8Sn0.1Pb0.9Br1.2I1.8,0,0.2,0.8,0,0.9,0.1,0,1.2,1.8
FA0.2Cs0.8Sn0.1Pb0.9Br1.5I1.5,0,0.2,0.8,0,0.9,0.1,0,1.5,1.5
FA0.2Cs0.8Sn0.1Pb0.9Br1.8I1.2,0,0.2,0.8,0,0.9,0.1,0,1.8,1.2
FA0.2Cs0.8Sn0.1Pb0.9Br2.1I0.9,0,0.2,0.8,0,0.9,0.1,0,2.1,0.9
FA0.2Cs0.8Sn0.1Pb0.9Br2.4I0.6,0,0.2,0.8,0,0.9,0.1,0,2.4,0.6
FA0.2Cs0.8Sn0.1Pb0.9Br2.7I0.3,0,0.2,0.8,0,0.9,0.1,0,2.7,0.3
FA0.3Cs0.7Sn0.9Pb0.1Cl0.3Br2.7,0,0.3,0.7,0,0.1,0.9,0.3,2.7,0
FA0.3Cs0.7Sn0.9Pb0.1Cl0.6Br2.4,0,0.3,0.7,0,0.1,0.9,0.6,2.4,0
FA0.3Cs0.7Sn0.9Pb0.1Cl0.9Br2.1,0,0.3,0.7,0,0.1,0.9,0.9,2.1,0
FA0.3Cs0.7Sn0.9Pb0.1Cl1.2Br1.8,0,0.3,0.7,0,0.1,0.9,1.2,1.8,0
FA0.3Cs0.7Sn0.9Pb0.1Cl1.5Br1.5,0,0.3,0.7,0,0.1,0.9,1.5,1.5,0
FA0.3Cs0.7Sn0.9Pb0.1Cl1.8Br1.2,0,0.3,0.7,0,0.1,0.9,1.8,1.2,0
FA0.3Cs0.7Sn0.9Pb0.1Cl2.1Br0.9,0,0.3,0.7,0,0.1,0.9,2.1,0.9,0
FA0.3Cs0.7Sn0.9Pb0.1Cl2.4Br0.6,0,0.3,0.7,0,0.1,0.9,2.4,0.6,0
FA0.3Cs0.7Sn0.9Pb0.1Cl2.7Br0.3,0,0.3,0.7,0,0.1,0.9,2.7,0.3,0
FA0.3Cs0.7Sn0.9Pb0.1Cl0.3I2.7,0,0.3,0.7,0,0.1,0.9,0.3,0,2.7
FA0.3Cs0.7Sn0.9Pb0.1Cl0.6I2.4,0,0.3,0.7,0,0.1,0.9,0.6,0,2.4
FA0.3Cs0.7Sn0.9Pb0.1Cl0.9I2.1,0,0.3,0.7,0,0.1,0.9,0.9,0,2.1
FA0.3Cs0.7Sn0.9Pb0.1Cl1.2I1.8,0,0.3,0.7,0,0.1,0.9,1.2,0,1.8
FA0.3Cs0.7Sn0.9Pb0.1Cl1.5I1.5,0,0.3,0.7,0,0.1,0.9,1.5,0,1.5
FA0.3Cs0.7Sn0.9Pb0.1Cl1.8I1.2,0,0.3,0.7,0,0.1,0.9,1.8,0,1.2
FA0.3Cs0.7Sn0.9Pb0.1Cl2.1I0.9,0,0.3,0.7,0,0.1,0.9,2.1,0,0.9
FA0.3Cs0.7Sn0.9Pb0.1Cl2.4I0.6,0,0.3,0.7,0,0.1,0.9,2.4,0,0.6
FA0.3Cs0.7Sn0.9Pb0.1Cl2.7I0.3,0,0.3,0.7,0,0.1,0.9,2.7,0,0.3
FA0.3Cs0.7Sn0.9Pb0.1Br0.3I2.7,0,0.3,0.7,0,0.1,0.9,0,0.3,2.7
FA0.3Cs0.7Sn0.9Pb0.1Br0.6I2.4,0,0.3,0.7,0,0.1,0.9,0,0.6,2.4
FA0.3Cs0.7Sn0.9Pb0.1Br0.9I2.1,0,0.3,0.7,0,0.1,0.9,0,0.9,2.1
FA0.3Cs0.7Sn0.9Pb0.1Br1.2I1.8,0,0.3,0.7,0,0.1,0.9,0,1.2,1.8
FA0.3Cs0.7Sn0.9Pb0.1Br1.5I1.5,0,0.3,0.7,0,0.1,0.9,0,1.5,1.5
FA0.3Cs0.7Sn0.9Pb0.1Br1.8I1.2,0,0.3,0.7,0,0.1,0.9,0,1.8,1.2
FA0.3Cs0.7Sn0.9Pb0.1Br2.1I0.9,0,0.3,0.7,0,0.1,0.9,0,2.1,0.9
FA0.3Cs0.7Sn0.9Pb0.1Br2.4I0.6,0,0.3,0.7,0,0.1,0.9,0,2.4,0.6
FA0.3Cs0.7Sn0.9Pb0.1Br2.7I0.3,0,0.3,0.7,0,0.1,0.9,0,2.7,0.3
FA0.3Cs0.7Sn0.8Pb0.2Cl0.3Br2.7,0,0.3,0.7,0,0.2,0.8,0.3,2.7,0
FA0.3Cs0.7Sn0.8Pb0.2Cl0.6Br2.4,0,0.3,0.7,0,0.2,0.8,0.6,2.4,0
FA0.3Cs0.7Sn0.8Pb0.2Cl0.9Br2.1,0,0.3,0.7,0,0.2,0.8,0.9,2.1,0
FA0.3Cs0.7Sn0.8Pb0.2Cl1.2Br1.8,0,0.3,0.7,0,0.2,0.8,1.2,1.8,0
FA0.3Cs0.7Sn0.8Pb0.2Cl1.5Br1.5,0,0.3,0.7,0,0.2,0.8,1.5,1.5,0
FA0.3Cs0.7Sn0.8Pb0.2Cl1.8Br1.2,0,0.3,0.7,0,0.2,0.8,1.8,1.2,0
FA0.3Cs0.7Sn0.8Pb0.2Cl2.1Br0.9,0,0.3,0.7,0,0.2,0.8,2.1,0.9,0
FA0.3Cs0.7Sn0.8Pb0.2Cl2.4Br0.6,0,0.3,0.7,0,0.2,0.8,2.4,0.6,0
FA0.3Cs0.7Sn0.8Pb0.2Cl2.7Br0.3,0,0.3,0.7,0,0.2,0.8,2.7,0.3,0
FA0.3Cs0.7Sn0.8Pb0.2Cl0.3I2.7,0,0.3,0.7,0,0.2,0.8,0.3,0,2.7
FA0.3Cs0.7Sn0.8Pb0.2Cl0.6I2.4,0,0.3,0.7,0,0.2,0.8,0.6,0,2.4
FA0.3Cs0.7Sn0.8Pb0.2Cl0.9I2.1,0,0.3,0.7,0,0.2,0.8,0.9,0,2.1
FA0.3Cs0.7Sn0.8Pb0.2Cl1.2I1.8,0,0.3,0.7,0,0.2,0.8,1.2,0,1.8
FA0.3Cs0.7Sn0.8Pb0.2Cl1.5I1.5,0,0.3,0.7,0,0.2,0.8,1.5,0,1.5
FA0.3Cs0.7Sn0.8Pb0.2Cl1.8I1.2,0,0.3,0.7,0,0.2,0.8,1.8,0,1.2
FA0.3Cs0.7Sn0.8Pb0.2Cl2.1I0.9,0,0.3,0.7,0,0.2,0.8,2.1,0,0.9
FA0.3Cs0.7Sn0.8Pb0.2Cl2.4I0.6,0,0.3,0.7,0,0.2,0.8,2.4,0,0.6
FA0.3Cs0.7Sn0.8Pb0.2Cl2.7I0.3,0,0.3,0.7,0,0.2,0.8,2.7,0,0.3
FA0.3Cs0.7Sn0.8Pb0.2Br0.3I2.7,0,0.3,0.7,0,0.2,0.8,0,0.3,2.7
FA0.3Cs0.7Sn0.8Pb0.2Br0.6I2.4,0,0.3,0.7,0,0.2,0.8,0,0.6,2.4
FA0.3Cs0.7Sn0.8Pb0.2Br0.9I2.1,0,0.3,0.7,0,0.2,0.8,0,0.9,2.1
FA0.3Cs0.7Sn0.8Pb0.2Br1.2I1.8,0,0.3,0.7,0,0.2,0.8,0,1.2,1.8
FA0.3Cs0.7Sn0.8Pb0.2Br1.5I1.5,0,0.3,0.7,0,0.2,0.8,0,1.5,1.5
FA0.3Cs0.7Sn0.8Pb0.2Br1.8I1.2,0,0.3,0.7,0,0.2,0.8,0,1.8,1.2
FA0.3Cs0.7Sn0.8Pb0.2Br2.1I0.9,0,0.3,0.7,0,0.2,0.8,0,2.1,0.9
FA0.3Cs0.7Sn0.8Pb0.2Br2.4I0.6,0,0.3,0.7,0,0.2,0.8,0,2.4,0.6
FA0.3Cs0.7Sn0.8Pb0.2Br2.7I0.3,0,0.3,0.7,0,0.2,0.8,0,2.7,0.3
FA0.3Cs0.7Sn0.7Pb0.3Cl0.3Br2.7,0,0.3,0.7,0,0.3,0.7,0.3,2.7,0
FA0.3Cs0.7Sn0.7Pb0.3Cl0.6Br2.4,0,0.3,0.7,0,0.3,0.7,0.6,2.4,0
FA0.3Cs0.7Sn0.7Pb0.3Cl0.9Br2.1,0,0.3,0.7,0,0.3,0.7,0.9,2.1,0
FA0.3Cs0.7Sn0.7Pb0.3Cl1.2Br1.8,0,0.3,0.7,0,0.3,0.7,1.2,1.8,0
FA0.3Cs0.7Sn0.7Pb0.3Cl1.5Br1.5,0,0.3,0.7,0,0.3,0.7,1.5,1.5,0
FA0.3Cs0.7Sn0.7Pb0.3Cl1.8Br1.2,0,0.3,0.7,0,0.3,0.7,1.8,1.2,0
FA0.3Cs0.7Sn0.7Pb0.3Cl2.1Br0.9,0,0.3,0.7,0,0.3,0.7,2.1,0.9,0
FA0.3Cs0.7Sn0.7Pb0.3Cl2.4Br0.6,0,0.3,0.7,0,0.3,0.7,2.4,0.6,0
FA0.3Cs0.7Sn0.7Pb0.3Cl2.7Br0.3,0,0.3,0.7,0,0.3,0.7,2.7,0.3,0
FA0.3Cs0.7Sn0.7Pb0.3Cl0.3I2.7,0,0.3,0.7,0,0.3,0.7,0.3,0,2.7
FA0.3Cs0.7Sn0.7Pb0.3Cl0.6I2.4,0,0.3,0.7,0,0.3,0.7,0.6,0,2.4
FA0.3Cs0.7Sn0.7Pb0.3Cl0.9I2.1,0,0.3,0.7,0,0.3,0.7,0.9,0,2.1
FA0.3Cs0.7Sn0.7Pb0.3Cl1.2I1.8,0,0.3,0.7,0,0.3,0.7,1.2,0,1.8
FA0.3Cs0.7Sn0.7Pb0.3Cl1.5I1.5,0,0.3,0.7,0,0.3,0.7,1.5,0,1.5
FA0.3Cs0.7Sn0.7Pb0.3Cl1.8I1.2,0,0.3,0.7,0,0.3,0.7,1.8,0,1.2
FA0.3Cs0.7Sn0.7Pb0.3Cl2.1I0.9,0,0.3,0.7,0,0.3,0.7,2.1,0,0.9
FA0.3Cs0.7Sn0.7Pb0.3Cl2.4I0.6,0,0.3,0.7,0,0.3,0.7,2.4,0,0.6
FA0.3Cs0.7Sn0.7Pb0.3Cl2.7I0.3,0,0.3,0.7,0,0.3,0.7,2.7,0,0.3
FA0.3Cs0.7Sn0.7Pb0.3Br0.3I2.7,0,0.3,0.7,0,0.3,0.7,0,0.3,2.7
FA0.3Cs0.7Sn0.7Pb0.3Br0.6I2.4,0,0.3,0.7,0,0.3,0.7,0,0.6,2.4
FA0.3Cs0.7Sn0.7Pb0.3Br0.9I2.1,0,0.3,0.7,0,0.3,0.7,0,0.9,2.1
FA0.3Cs0.7Sn0.7Pb0.3Br1.2I1.8,0,0.3,0.7,0,0.3,0.7,0,1.2,1.8
FA0.3Cs0.7Sn0.7Pb0.3Br1.5I1.5,0,0.3,0.7,0,0.3,0.7,0,1.5,1.5
FA0.3Cs0.7Sn0.7Pb0.3Br1.8I1.2,0,0.3,0.7,0,0.3,0.7,0,1.8,1.2
FA0.3Cs0.7Sn0.7Pb0.3Br2.1I0.9,0,0.3,0.7,0,0.3,0.7,0,2.1,0.9
FA0.3Cs0.7Sn0.7Pb0.3Br2.4I0.6,0,0.3,0.7,0,0.3,0.7,0,2.4,0.6
FA0.3Cs0.7Sn0.7Pb0.3Br2.7I0.3,0,0.3,0.7,0,0.3,0.7,0,2.7,0.3
FA0.3Cs0.7Sn0.6Pb0.4Cl0.3Br2.7,0,0.3,0.7,0,0.4,0.6,0.3,2.7,0
FA0.3Cs0.7Sn0.6Pb0.4Cl0.6Br2.4,0,0.3,0.7,0,0.4,0.6,0.6,2.4,0
FA0.3Cs0.7Sn0.6Pb0.4Cl0.9Br2.1,0,0.3,0.7,0,0.4,0.6,0.9,2.1,0
FA0.3Cs0.7Sn0.6Pb0.4Cl1.2Br1.8,0,0.3,0.7,0,0.4,0.6,1.2,1.8,0
FA0.3Cs0.7Sn0.6Pb0.4Cl1.5Br1.5,0,0.3,0.7,0,0.4,0.6,1.5,1.5,0
FA0.3Cs0.7Sn0.6Pb0.4Cl1.8Br1.2,0,0.3,0.7,0,0.4,0.6,1.8,1.2,0
FA0.3Cs0.7Sn0.6Pb0.4Cl2.1Br0.9,0,0.3,0.7,0,0.4,0.6,2.1,0.9,0
FA0.3Cs0.7Sn0.6Pb0.4Cl2.4Br0.6,0,0.3,0.7,0,0.4,0.6,2.4,0.6,0
FA0.3Cs0.7Sn0.6Pb0.4Cl2.7Br0.3,0,0.3,0.7,0,0.4,0.6,2.7,0.3,0
FA0.3Cs0.7Sn0.6Pb0.4Cl0.3I2.7,0,0.3,0.7,0,0.4,0.6,0.3,0,2.7
FA0.3Cs0.7Sn0.6Pb0.4Cl0.6I2.4,0,0.3,0.7,0,0.4,0.6,0.6,0,2.4
FA0.3Cs0.7Sn0.6Pb0.4Cl0.9I2.1,0,0.3,0.7,0,0.4,0.6,0.9,0,2.1
FA0.3Cs0.7Sn0.6Pb0.4Cl1.2I1.8,0,0.3,0.7,0,0.4,0.6,1.2,0,1.8
FA0.3Cs0.7Sn0.6Pb0.4Cl1.5I1.5,0,0.3,0.7,0,0.4,0.6,1.5,0,1.5
FA0.3Cs0.7Sn0.6Pb0.4Cl1.8I1.2,0,0.3,0.7,0,0.4,0.6,1.8,0,1.2
FA0.3Cs0.7Sn0.6Pb0.4Cl2.1I0.9,0,0.3,0.7,0,0.4,0.6,2.1,0,0.9
FA0.3Cs0.7Sn0.6Pb0.4Cl2.4I0.6,0,0.3,0.7,0,0.4,0.6,2.4,0,0.6
FA0.3Cs0.7Sn0.6Pb0.4Cl2.7I0.3,0,0.3,0.7,0,0.4,0.6,2.7,0,0.3
FA0.3Cs0.7Sn0.6Pb0.4Br0.3I2.7,0,0.3,0.7,0,0.4,0.6,0,0.3,2.7
FA0.3Cs0.7Sn0.6Pb0.4Br0.6I2.4,0,0.3,0.7,0,0.4,0.6,0,0.6,2.4
FA0.3Cs0.7Sn0.6Pb0.4Br0.9I2.1,0,0.3,0.7,0,0.4,0.6,0,0.9,2.1
FA0.3Cs0.7Sn0.6Pb0.4Br1.2I1.8,0,0.3,0.7,0,0.4,0.6,0,1.2,1.8
FA0.3Cs0.7Sn0.6Pb0.4Br1.5I1.5,0,0.3,0.7,0,0.4,0.6,0,1.5,1.5
FA0.3Cs0.7Sn0.6Pb0.4Br1.8I1.2,0,0.3,0.7,0,0.4,0.6,0,1.8,1.2
FA0.3Cs0.7Sn0.6Pb0.4Br2.1I0.9,0,0.3,0.7,0,0.4,0.6,0,2.1,0.9
FA0.3Cs0.7Sn0.6Pb0.4Br2.4I0.6,0,0.3,0.7,0,0.4,0.6,0,2.4,0.6
FA0.3Cs0.7Sn0.6Pb0.4Br2.7I0.3,0,0.3,0.7,0,0.4,0.6,0,2.7,0.3
FA0.3Cs0.7Sn0.5Pb0.5Cl0.3Br2.7,0,0.3,0.7,0,0.5,0.5,0.3,2.7,0
FA0.3Cs0.7Sn0.5Pb0.5Cl0.6Br2.4,0,0.3,0.7,0,0.5,0.5,0.6,2.4,0
FA0.3Cs0.7Sn0.5Pb0.5Cl0.9Br2.1,0,0.3,0.7,0,0.5,0.5,0.9,2.1,0
FA0.3Cs0.7Sn0.5Pb0.5Cl1.2Br1.8,0,0.3,0.7,0,0.5,0.5,1.2,1.8,0
FA0.3Cs0.7Sn0.5Pb0.5Cl1.5Br1.5,0,0.3,0.7,0,0.5,0.5,1.5,1.5,0
FA0.3Cs0.7Sn0.5Pb0.5Cl1.8Br1.2,0,0.3,0.7,0,0.5,0.5,1.8,1.2,0
FA0.3Cs0.7Sn0.5Pb0.5Cl2.1Br0.9,0,0.3,0.7,0,0.5,0.5,2.1,0.9,0
FA0.3Cs0.7Sn0.5Pb0.5Cl2.4Br0.6,0,0.3,0.7,0,0.5,0.5,2.4,0.6,0
FA0.3Cs0.7Sn0.5Pb0.5Cl2.7Br0.3,0,0.3,0.7,0,0.5,0.5,2.7,0.3,0
FA0.3Cs0.7Sn0.5Pb0.5Cl0.3I2.7,0,0.3,0.7,0,0.5,0.5,0.3,0,2.7
FA0.3Cs0.7Sn0.5Pb0.5Cl0.6I2.4,0,0.3,0.7,0,0.5,0.5,0.6,0,2.4
FA0.3Cs0.7Sn0.5Pb0.5Cl0.9I2.1,0,0.3,0.7,0,0.5,0.5,0.9,0,2.1
FA0.3Cs0.7Sn0.5Pb0.5Cl1.2I1.8,0,0.3,0.7,0,0.5,0.5,1.2,0,1.8
FA0.3Cs0.7Sn0.5Pb0.5Cl1.5I1.5,0,0.3,0.7,0,0.5,0.5,1.5,0,1.5
FA0.3Cs0.7Sn0.5Pb0.5Cl1.8I1.2,0,0.3,0.7,0,0.5,0.5,1.8,0,1.2
FA0.3Cs0.7Sn0.5Pb0.5Cl2.1I0.9,0,0.3,0.7,0,0.5,0.5,2.1,0,0.9
FA0.3Cs0.7Sn0.5Pb0.5Cl2.4I0.6,0,0.3,0.7,0,0.5,0.5,2.4,0,0.6
FA0.3Cs0.7Sn0.5Pb0.5Cl2.7I0.3,0,0.3,0.7,0,0.5,0.5,2.7,0,0.3
FA0.3Cs0.7Sn0.5Pb0.5Br0.3I2.7,0,0.3,0.7,0,0.5,0.5,0,0.3,2.7
FA0.3Cs0.7Sn0.5Pb0.5Br0.6I2.4,0,0.3,0.7,0,0.5,0.5,0,0.6,2.4
FA0.3Cs0.7Sn0.5Pb0.5Br0.9I2.1,0,0.3,0.7,0,0.5,0.5,0,0.9,2.1
FA0.3Cs0.7Sn0.5Pb0.5Br1.2I1.8,0,0.3,0.7,0,0.5,0.5,0,1.2,1.8
FA0.3Cs0.7Sn0.5Pb0.5Br1.5I1.5,0,0.3,0.7,0,0.5,0.5,0,1.5,1.5
FA0.3Cs0.7Sn0.5Pb0.5Br1.8I1.2,0,0.3,0.7,0,0.5,0.5,0,1.8,1.2
FA0.3Cs0.7Sn0.5Pb0.5Br2.1I0.9,0,0.3,0.7,0,0.5,0.5,0,2.1,0.9
FA0.3Cs0.7Sn0.5Pb0.5Br2.4I0.6,0,0.3,0.7,0,0.5,0.5,0,2.4,0.6
FA0.3Cs0.7Sn0.5Pb0.5Br2.7I0.3,0,0.3,0.7,0,0.5,0.5,0,2.7,0.3
FA0.3Cs0.7Sn0.4Pb0.6Cl0.3Br2.7,0,0.3,0.7,0,0.6,0.4,0.3,2.7,0
FA0.3Cs0.7Sn0.4Pb0.6Cl0.6Br2.4,0,0.3,0.7,0,0.6,0.4,0.6,2.4,0
FA0.3Cs0.7Sn0.4Pb0.6Cl0.9Br2.1,0,0.3,0.7,0,0.6,0.4,0.9,2.1,0
FA0.3Cs0.7Sn0.4Pb0.6Cl1.2Br1.8,0,0.3,0.7,0,0.6,0.4,1.2,1.8,0
FA0.3Cs0.7Sn0.4Pb0.6Cl1.5Br1.5,0,0.3,0.7,0,0.6,0.4,1.5,1.5,0
FA0.3Cs0.7Sn0.4Pb0.6Cl1.8Br1.2,0,0.3,0.7,0,0.6,0.4,1.8,1.2,0
FA0.3Cs0.7Sn0.4Pb0.6Cl2.1Br0.9,0,0.3,0.7,0,0.6,0.4,2.1,0.9,0
FA0.3Cs0.7Sn0.4Pb0.6Cl2.4Br0.6,0,0.3,0.7,0,0.6,0.4,2.4,0.6,0
FA0.3Cs0.7Sn0.4Pb0.6Cl2.7Br0.3,0,0.3,0.7,0,0.6,0.4,2.7,0.3,0
FA0.3Cs0.7Sn0.4Pb0.6Cl0.3I2.7,0,0.3,0.7,0,0.6,0.4,0.3,0,2.7
FA0.3Cs0.7Sn0.4Pb0.6Cl0.6I2.4,0,0.3,0.7,0,0.6,0.4,0.6,0,2.4
FA0.3Cs0.7Sn0.4Pb0.6Cl0.9I2.1,0,0.3,0.7,0,0.6,0.4,0.9,0,2.1
FA0.3Cs0.7Sn0.4Pb0.6Cl1.2I1.8,0,0.3,0.7,0,0.6,0.4,1.2,0,1.8
FA0.3Cs0.7Sn0.4Pb0.6Cl1.5I1.5,0,0.3,0.7,0,0.6,0.4,1.5,0,1.5
FA0.3Cs0.7Sn0.4Pb0.6Cl1.8I1.2,0,0.3,0.7,0,0.6,0.4,1.8,0,1.2
FA0.3Cs0.7Sn0.4Pb0.6Cl2.1I0.9,0,0.3,0.7,0,0.6,0.4,2.1,0,0.9
FA0.3Cs0.7Sn0.4Pb0.6Cl2.4I0.6,0,0.3,0.7,0,0.6,0.4,2.4,0,0.6
FA0.3Cs0.7Sn0.4Pb0.6Cl2.7I0.3,0,0.3,0.7,0,0.6,0.4,2.7,0,0.3
FA0.3Cs0.7Sn0.4Pb0.6Br0.3I2.7,0,0.3,0.7,0,0.6,0.4,0,0.3,2.7
FA0.3Cs0.7Sn0.4Pb0.6Br0.6I2.4,0,0.3,0.7,0,0.6,0.4,0,0.6,2.4
FA0.3Cs0.7Sn0.4Pb0.6Br0.9I2.1,0,0.3,0.7,0,0.6,0.4,0,0.9,2.1
FA0.3Cs0.7Sn0.4Pb0.6Br1.2I1.8,0,0.3,0.7,0,0.6,0.4,0,1.2,1.8
FA0.3Cs0.7Sn0.4Pb0.6Br1.5I1.5,0,0.3,0.7,0,0.6,0.4,0,1.5,1.5
FA0.3Cs0.7Sn0.4Pb0.6Br1.8I1.2,0,0.3,0.7,0,0.6,0.4,0,1.8,1.2
FA0.3Cs0.7Sn0.4Pb0.6Br2.1I0.9,0,0.3,0.7,0,0.6,0.4,0,2.1,0.9
FA0.3Cs0.7Sn0.4Pb0.6Br2.4I0.6,0,0.3,0.7,0,0.6,0.4,0,2.4,0.6
FA0.3Cs0.7Sn0.4Pb0.6Br2.7I0.3,0,0.3,0.7,0,0.6,0.4,0,2.7,0.3
FA0.3Cs0.7Sn0.3Pb0.7Cl0.3Br2.7,0,0.3,0.7,0,0.7,0.3,0.3,2.7,0
FA0.3Cs0.7Sn0.3Pb0.7Cl0.6Br2.4,0,0.3,0.7,0,0.7,0.3,0.6,2.4,0
FA0.3Cs0.7Sn0.3Pb0.7Cl0.9Br2.1,0,0.3,0.7,0,0.7,0.3,0.9,2.1,0
FA0.3Cs0.7Sn0.3Pb0.7Cl1.2Br1.8,0,0.3,0.7,0,0.7,0.3,1.2,1.8,0
FA0.3Cs0.7Sn0.3Pb0.7Cl1.5Br1.5,0,0.3,0.7,0,0.7,0.3,1.5,1.5,0
FA0.3Cs0.7Sn0.3Pb0.7Cl1.8Br1.2,0,0.3,0.7,0,0.7,0.3,1.8,1.2,0
FA0.3Cs0.7Sn0.3Pb0.7Cl2.1Br0.9,0,0.3,0.7,0,0.7,0.3,2.1,0.9,0
FA0.3Cs0.7Sn0.3Pb0.7Cl2.4Br0.6,0,0.3,0.7,0,0.7,0.3,2.4,0.6,0
FA0.3Cs0.7Sn0.3Pb0.7Cl2.7Br0.3,0,0.3,0.7,0,0.7,0.3,2.7,0.3,0
FA0.3Cs0.7Sn0.3Pb0.7Cl0.3I2.7,0,0.3,0.7,0,0.7,0.3,0.3,0,2.7
FA0.3Cs0.7Sn0.3Pb0.7Cl0.6I2.4,0,0.3,0.7,0,0.7,0.3,0.6,0,2.4
FA0.3Cs0.7Sn0.3Pb0.7Cl0.9I2.1,0,0.3,0.7,0,0.7,0.3,0.9,0,2.1
FA0.3Cs0.7Sn0.3Pb0.7Cl1.2I1.8,0,0.3,0.7,0,0.7,0.3,1.2,0,1.8
FA0.3Cs0.7Sn0.3Pb0.7Cl1.5I1.5,0,0.3,0.7,0,0.7,0.3,1.5,0,1.5
FA0.3Cs0.7Sn0.3Pb0.7Cl1.8I1.2,0,0.3,0.7,0,0.7,0.3,1.8,0,1.2
FA0.3Cs0.7Sn0.3Pb0.7Cl2.1I0.9,0,0.3,0.7,0,0.7,0.3,2.1,0,0.9
FA0.3Cs0.7Sn0.3Pb0.7Cl2.4I0.6,0,0.3,0.7,0,0.7,0.3,2.4,0,0.6
FA0.3Cs0.7Sn0.3Pb0.7Cl2.7I0.3,0,0.3,0.7,0,0.7,0.3,2.7,0,0.3
FA0.3Cs0.7Sn0.3Pb0.7Br0.3I2.7,0,0.3,0.7,0,0.7,0.3,0,0.3,2.7
FA0.3Cs0.7Sn0.3Pb0.7Br0.6I2.4,0,0.3,0.7,0,0.7,0.3,0,0.6,2.4
FA0.3Cs0.7Sn0.3Pb0.7Br0.9I2.1,0,0.3,0.7,0,0.7,0.3,0,0.9,2.1
FA0.3Cs0.7Sn0.3Pb0.7Br1.2I1.8,0,0.3,0.7,0,0.7,0.3,0,1.2,1.8
FA0.3Cs0.7Sn0.3Pb0.7Br1.5I1.5,0,0.3,0.7,0,0.7,0.3,0,1.5,1.5
FA0.3Cs0.7Sn0.3Pb0.7Br1.8I1.2,0,0.3,0.7,0,0.7,0.3,0,1.8,1.2
FA0.3Cs0.7Sn0.3Pb0.7Br2.1I0.9,0,0.3,0.7,0,0.7,0.3,0,2.1,0.9
FA0.3Cs0.7Sn0.3Pb0.7Br2.4I0.6,0,0.3,0.7,0,0.7,0.3,0,2.4,0.6
FA0.3Cs0.7Sn0.3Pb0.7Br2.7I0.3,0,0.3,0.7,0,0.7,0.3,0,2.7,0.3
FA0.3Cs0.7Sn0.2Pb0.8Cl0.3Br2.7,0,0.3,0.7,0,0.8,0.2,0.3,2.7,0
FA0.3Cs0.7Sn0.2Pb0.8Cl0.6Br2.4,0,0.3,0.7,0,0.8,0.2,0.6,2.4,0
FA0.3Cs0.7Sn0.2Pb0.8Cl0.9Br2.1,0,0.3,0.7,0,0.8,0.2,0.9,2.1,0
FA0.3Cs0.7Sn0.2Pb0.8Cl1.2Br1.8,0,0.3,0.7,0,0.8,0.2,1.2,1.8,0
FA0.3Cs0.7Sn0.2Pb0.8Cl1.5Br1.5,0,0.3,0.7,0,0.8,0.2,1.5,1.5,0
FA0.3Cs0.7Sn0.2Pb0.8Cl1.8Br1.2,0,0.3,0.7,0,0.8,0.2,1.8,1.2,0
FA0.3Cs0.7Sn0.2Pb0.8Cl2.1Br0.9,0,0.3,0.7,0,0.8,0.2,2.1,0.9,0
FA0.3Cs0.7Sn0.2Pb0.8Cl2.4Br0.6,0,0.3,0.7,0,0.8,0.2,2.4,0.6,0
FA0.3Cs0.7Sn0.2Pb0.8Cl2.7Br0.3,0,0.3,0.7,0,0.8,0.2,2.7,0.3,0
FA0.3Cs0.7Sn0.2Pb0.8Cl0.3I2.7,0,0.3,0.7,0,0.8,0.2,0.3,0,2.7
FA0.3Cs0.7Sn0.2Pb0.8Cl0.6I2.4,0,0.3,0.7,0,0.8,0.2,0.6,0,2.4
FA0.3Cs0.7Sn0.2Pb0.8Cl0.9I2.1,0,0.3,0.7,0,0.8,0.2,0.9,0,2.1
FA0.3Cs0.7Sn0.2Pb0.8Cl1.2I1.8,0,0.3,0.7,0,0.8,0.2,1.2,0,1.8
FA0.3Cs0.7Sn0.2Pb0.8Cl1.5I1.5,0,0.3,0.7,0,0.8,0.2,1.5,0,1.5
FA0.3Cs0.7Sn0.2Pb0.8Cl1.8I1.2,0,0.3,0.7,0,0.8,0.2,1.8,0,1.2
FA0.3Cs0.7Sn0.2Pb0.8Cl2.1I0.9,0,0.3,0.7,0,0.8,0.2,2.1,0,0.9
FA0.3Cs0.7Sn0.2Pb0.8Cl2.4I0.6,0,0.3,0.7,0,0.8,0.2,2.4,0,0.6
FA0.3Cs0.7Sn0.2Pb0.8Cl2.7I0.3,0,0.3,0.7,0,0.8,0.2,2.7,0,0.3
FA0.3Cs0.7Sn0.2Pb0.8Br0.3I2.7,0,0.3,0.7,0,0.8,0.2,0,0.3,2.7
FA0.3Cs0.7Sn0.2Pb0.8Br0.6I2.4,0,0.3,0.7,0,0.8,0.2,0,0.6,2.4
FA0.3Cs0.7Sn0.2Pb0.8Br0.9I2.1,0,0.3,0.7,0,0.8,0.2,0,0.9,2.1
FA0.3Cs0.7Sn0.2Pb0.8Br1.2I1.8,0,0.3,0.7,0,0.8,0.2,0,1.2,1.8
FA0.3Cs0.7Sn0.2Pb0.8Br1.5I1.5,0,0.3,0.7,0,0.8,0.2,0,1.5,1.5
FA0.3Cs0.7Sn0.2Pb0.8Br1.8I1.2,0,0.3,0.7,0,0.8,0.2,0,1.8,1.2
FA0.3Cs0.7Sn0.2Pb0.8Br2.1I0.9,0,0.3,0.7,0,0.8,0.2,0,2.1,0.9
FA0.3Cs0.7Sn0.2Pb0.8Br2.4I0.6,0,0.3,0.7,0,0.8,0.2,0,2.4,0.6
FA0.3Cs0.7Sn0.2Pb0.8Br2.7I0.3,0,0.3,0.7,0,0.8,0.2,0,2.7,0.3
FA0.3Cs0.7Sn0.1Pb0.9Cl0.3Br2.7,0,0.3,0.7,0,0.9,0.1,0.3,2.7,0
FA0.3Cs0.7Sn0.1Pb0.9Cl0.6Br2.4,0,0.3,0.7,0,0.9,0.1,0.6,2.4,0
FA0.3Cs0.7Sn0.1Pb0.9Cl0.9Br2.1,0,0.3,0.7,0,0.9,0.1,0.9,2.1,0
FA0.3Cs0.7Sn0.1Pb0.9Cl1.2Br1.8,0,0.3,0.7,0,0.9,0.1,1.2,1.8,0
FA0.3Cs0.7Sn0.1Pb0.9Cl1.5Br1.5,0,0.3,0.7,0,0.9,0.1,1.5,1.5,0
FA0.3Cs0.7Sn0.1Pb0.9Cl1.8Br1.2,0,0.3,0.7,0,0.9,0.1,1.8,1.2,0
FA0.3Cs0.7Sn0.1Pb0.9Cl2.1Br0.9,0,0.3,0.7,0,0.9,0.1,2.1,0.9,0
FA0.3Cs0.7Sn0.1Pb0.9Cl2.4Br0.6,0,0.3,0.7,0,0.9,0.1,2.4,0.6,0
FA0.3Cs0.7Sn0.1Pb0.9Cl2.7Br0.3,0,0.3,0.7,0,0.9,0.1,2.7,0.3,0
FA0.3Cs0.7Sn0.1Pb0.9Cl0.3I2.7,0,0.3,0.7,0,0.9,0.1,0.3,0,2.7
FA0.3Cs0.7Sn0.1Pb0.9Cl0.6I2.4,0,0.3,0.7,0,0.9,0.1,0.6,0,2.4
FA0.3Cs0.7Sn0.1Pb0.9Cl0.9I2.1,0,0.3,0.7,0,0.9,0.1,0.9,0,2.1
FA0.3Cs0.7Sn0.1Pb0.9Cl1.2I1.8,0,0.3,0.7,0,0.9,0.1,1.2,0,1.8
FA0.3Cs0.7Sn0.1Pb0.9Cl1.5I1.5,0,0.3,0.7,0,0.9,0.1,1.5,0,1.5
FA0.3Cs0.7Sn0.1Pb0.9Cl1.8I1.2,0,0.3,0.7,0,0.9,0.1,1.8,0,1.2
FA0.3Cs0.7Sn0.1Pb0.9Cl2.1I0.9,0,0.3,0.7,0,0.9,0.1,2.1,0,0.9
FA0.3Cs0.7Sn0.1Pb0.9Cl2.4I0.6,0,0.3,0.7,0,0.9,0.1,2.4,0,0.6
FA0.3Cs0.7Sn0.1Pb0.9Cl2.7I0.3,0,0.3,0.7,0,0.9,0.1,2.7,0,0.3
FA0.3Cs0.7Sn0.1Pb0.9Br0.3I2.7,0,0.3,0.7,0,0.9,0.1,0,0.3,2.7
FA0.3Cs0.7Sn0.1Pb0.9Br0.6I2.4,0,0.3,0.7,0,0.9,0.1,0,0.6,2.4
FA0.3Cs0.7Sn0.1Pb0.9Br0.9I2.1,0,0.3,0.7,0,0.9,0.1,0,0.9,2.1
FA0.3Cs0.7Sn0.1Pb0.9Br1.2I1.8,0,0.3,0.7,0,0.9,0.1,0,1.2,1.8
FA0.3Cs0.7Sn0.1Pb0.9Br1.5I1.5,0,0.3,0.7,0,0.9,0.1,0,1.5,1.5
FA0.3Cs0.7Sn0.1Pb0.9Br1.8I1.2,0,0.3,0.7,0,0.9,0.1,0,1.8,1.2
FA0.3Cs0.7Sn0.1Pb0.9Br2.1I0.9,0,0.3,0.7,0,0.9,0.1,0,2.1,0.9
FA0.3Cs0.7Sn0.1Pb0.9Br2.4I0.6,0,0.3,0.7,0,0.9,0.1,0,2.4,0.6
FA0.3Cs0.7Sn0.1Pb0.9Br2.7I0.3,0,0.3,0.7,0,0.9,0.1,0,2.7,0.3
FA0.4Cs0.6Sn0.9Pb0.1Cl0.3Br2.7,0,0.4,0.6,0,0.1,0.9,0.3,2.7,0
FA0.4Cs0.6Sn0.9Pb0.1Cl0.6Br2.4,0,0.4,0.6,0,0.1,0.9,0.6,2.4,0
FA0.4Cs0.6Sn0.9Pb0.1Cl0.9Br2.1,0,0.4,0.6,0,0.1,0.9,0.9,2.1,0
FA0.4Cs0.6Sn0.9Pb0.1Cl1.2Br1.8,0,0.4,0.6,0,0.1,0.9,1.2,1.8,0
FA0.4Cs0.6Sn0.9Pb0.1Cl1.5Br1.5,0,0.4,0.6,0,0.1,0.9,1.5,1.5,0
FA0.4Cs0.6Sn0.9Pb0.1Cl1.8Br1.2,0,0.4,0.6,0,0.1,0.9,1.8,1.2,0
FA0.4Cs0.6Sn0.9Pb0.1Cl2.1Br0.9,0,0.4,0.6,0,0.1,0.9,2.1,0.9,0
FA0.4Cs0.6Sn0.9Pb0.1Cl2.4Br0.6,0,0.4,0.6,0,0.1,0.9,2.4,0.6,0
FA0.4Cs0.6Sn0.9Pb0.1Cl2.7Br0.3,0,0.4,0.6,0,0.1,0.9,2.7,0.3,0
FA0.4Cs0.6Sn0.9Pb0.1Cl0.3I2.7,0,0.4,0.6,0,0.1,0.9,0.3,0,2.7
FA0.4Cs0.6Sn0.9Pb0.1Cl0.6I2.4,0,0.4,0.6,0,0.1,0.9,0.6,0,2.4
FA0.4Cs0.6Sn0.9Pb0.1Cl0.9I2.1,0,0.4,0.6,0,0.1,0.9,0.9,0,2.1
FA0.4Cs0.6Sn0.9Pb0.1Cl1.2I1.8,0,0.4,0.6,0,0.1,0.9,1.2,0,1.8
FA0.4Cs0.6Sn0.9Pb0.1Cl1.5I1.5,0,0.4,0.6,0,0.1,0.9,1.5,0,1.5
FA0.4Cs0.6Sn0.9Pb0.1Cl1.8I1.2,0,0.4,0.6,0,0.1,0.9,1.8,0,1.2
FA0.4Cs0.6Sn0.9Pb0.1Cl2.1I0.9,0,0.4,0.6,0,0.1,0.9,2.1,0,0.9
FA0.4Cs0.6Sn0.9Pb0.1Cl2.4I0.6,0,0.4,0.6,0,0.1,0.9,2.4,0,0.6
FA0.4Cs0.6Sn0.9Pb0.1Cl2.7I0.3,0,0.4,0.6,0,0.1,0.9,2.7,0,0.3
FA0.4Cs0.6Sn0.9Pb0.1Br0.3I2.7,0,0.4,0.6,0,0.1,0.9,0,0.3,2.7
FA0.4Cs0.6Sn0.9Pb0.1Br0.6I2.4,0,0.4,0.6,0,0.1,0.9,0,0.6,2.4
FA0.4Cs0.6Sn0.9Pb0.1Br0.9I2.1,0,0.4,0.6,0,0.1,0.9,0,0.9,2.1
FA0.4Cs0.6Sn0.9Pb0.1Br1.2I1.8,0,0.4,0.6,0,0.1,0.9,0,1.2,1.8
FA0.4Cs0.6Sn0.9Pb0.1Br1.5I1.5,0,0.4,0.6,0,0.1,0.9,0,1.5,1.5
FA0.4Cs0.6Sn0.9Pb0.1Br1.8I1.2,0,0.4,0.6,0,0.1,0.9,0,1.8,1.2
FA0.4Cs0.6Sn0.9Pb0.1Br2.1I0.9,0,0.4,0.6,0,0.1,0.9,0,2.1,0.9
FA0.4Cs0.6Sn0.9Pb0.1Br2.4I0.6,0,0.4,0.6,0,0.1,0.9,0,2.4,0.6
FA0.4Cs0.6Sn0.9Pb0.1Br2.7I0.3,0,0.4,0.6,0,0.1,0.9,0,2.7,0.3
FA0.4Cs0.6Sn0.8Pb0.2Cl0.3Br2.7,0,0.4,0.6,0,0.2,0.8,0.3,2.7,0
FA0.4Cs0.6Sn0.8Pb0.2Cl0.6Br2.4,0,0.4,0.6,0,0.2,0.8,0.6,2.4,0
FA0.4Cs0.6Sn0.8Pb0.2Cl0.9Br2.1,0,0.4,0.6,0,0.2,0.8,0.9,2.1,0
FA0.4Cs0.6Sn0.8Pb0.2Cl1.2Br1.8,0,0.4,0.6,0,0.2,0.8,1.2,1.8,0
FA0.4Cs0.6Sn0.8Pb0.2Cl1.5Br1.5,0,0.4,0.6,0,0.2,0.8,1.5,1.5,0
FA0.4Cs0.6Sn0.8Pb0.2Cl1.8Br1.2,0,0.4,0.6,0,0.2,0.8,1.8,1.2,0
FA0.4Cs0.6Sn0.8Pb0.2Cl2.1Br0.9,0,0.4,0.6,0,0.2,0.8,2.1,0.9,0
FA0.4Cs0.6Sn0.8Pb0.2Cl2.4Br0.6,0,0.4,0.6,0,0.2,0.8,2.4,0.6,0
FA0.4Cs0.6Sn0.8Pb0.2Cl2.7Br0.3,0,0.4,0.6,0,0.2,0.8,2.7,0.3,0
FA0.4Cs0.6Sn0.8Pb0.2Cl0.3I2.7,0,0.4,0.6,0,0.2,0.8,0.3,0,2.7
FA0.4Cs0.6Sn0.8Pb0.2Cl0.6I2.4,0,0.4,0.6,0,0.2,0.8,0.6,0,2.4
FA0.4Cs0.6Sn0.8Pb0.2Cl0.9I2.1,0,0.4,0.6,0,0.2,0.8,0.9,0,2.1
FA0.4Cs0.6Sn0.8Pb0.2Cl1.2I1.8,0,0.4,0.6,0,0.2,0.8,1.2,0,1.8
FA0.4Cs0.6Sn0.8Pb0.2Cl1.5I1.5,0,0.4,0.6,0,0.2,0.8,1.5,0,1.5
FA0.4Cs0.6Sn0.8Pb0.2Cl1.8I1.2,0,0.4,0.6,0,0.2,0.8,1.8,0,1.2
FA0.4Cs0.6Sn0.8Pb0.2Cl2.1I0.9,0,0.4,0.6,0,0.2,0.8,2.1,0,0.9
FA0.4Cs0.6Sn0.8Pb0.2Cl2.4I0.6,0,0.4,0.6,0,0.2,0.8,2.4,0,0.6
FA0.4Cs0.6Sn0.8Pb0.2Cl2.7I0.3,0,0.4,0.6,0,0.2,0.8,2.7,0,0.3
FA0.4Cs0.6Sn0.8Pb0.2Br0.3I2.7,0,0.4,0.6,0,0.2,0.8,0,0.3,2.7
FA0.4Cs0.6Sn0.8Pb0.2Br0.6I2.4,0,0.4,0.6,0,0.2,0.8,0,0.6,2.4
FA0.4Cs0.6Sn0.8Pb0.2Br0.9I2.1,0,0.4,0.6,0,0.2,0.8,0,0.9,2.1
FA0.4Cs0.6Sn0.8Pb0.2Br1.2I1.8,0,0.4,0.6,0,0.2,0.8,0,1.2,1.8
FA0.4Cs0.6Sn0.8Pb0.2Br1.5I1.5,0,0.4,0.6,0,0.2,0.8,0,1.5,1.5
FA0.4Cs0.6Sn0.8Pb0.2Br1.8I1.2,0,0.4,0.6,0,0.2,0.8,0,1.8,1.2
FA0.4Cs0.6Sn0.8Pb0.2Br2.1I0.9,0,0.4,0.6,0,0.2,0.8,0,2.1,0.9
FA0.4Cs0.6Sn0.8Pb0.2Br2.4I0.6,0,0.4,0.6,0,0.2,0.8,0,2.4,0.6
FA0.4Cs0.6Sn0.8Pb0.2Br2.7I0.3,0,0.4,0.6,0,0.2,0.8,0,2.7,0.3
FA0.4Cs0.6Sn0.7Pb0.3Cl0.3Br2.7,0,0.4,0.6,0,0.3,0.7,0.3,2.7,0
FA0.4Cs0.6Sn0.7Pb0.3Cl0.6Br2.4,0,0.4,0.6,0,0.3,0.7,0.6,2.4,0
FA0.4Cs0.6Sn0.7Pb0.3Cl0.9Br2.1,0,0.4,0.6,0,0.3,0.7,0.9,2.1,0
FA0.4Cs0.6Sn0.7Pb0.3Cl1.2Br1.8,0,0.4,0.6,0,0.3,0.7,1.2,1.8,0
FA0.4Cs0.6Sn0.7Pb0.3Cl1.5Br1.5,0,0.4,0.6,0,0.3,0.7,1.5,1.5,0
FA0.4Cs0.6Sn0.7Pb0.3Cl1.8Br1.2,0,0.4,0.6,0,0.3,0.7,1.8,1.2,0
FA0.4Cs0.6Sn0.7Pb0.3Cl2.1Br0.9,0,0.4,0.6,0,0.3,0.7,2.1,0.9,0
FA0.4Cs0.6Sn0.7Pb0.3Cl2.4Br0.6,0,0.4,0.6,0,0.3,0.7,2.4,0.6,0
FA0.4Cs0.6Sn0.7Pb0.3Cl2.7Br0.3,0,0.4,0.6,0,0.3,0.7,2.7,0.3,0
FA0.4Cs0.6Sn0.7Pb0.3Cl0.3I2.7,0,0.4,0.6,0,0.3,0.7,0.3,0,2.7
FA0.4Cs0.6Sn0.7Pb0.3Cl0.6I2.4,0,0.4,0.6,0,0.3,0.7,0.6,0,2.4
FA0.4Cs0.6Sn0.7Pb0.3Cl0.9I2.1,0,0.4,0.6,0,0.3,0.7,0.9,0,2.1
FA0.4Cs0.6Sn0.7Pb0.3Cl1.2I1.8,0,0.4,0.6,0,0.3,0.7,1.2,0,1.8
FA0.4Cs0.6Sn0.7Pb0.3Cl1.5I1.5,0,0.4,0.6,0,0.3,0.7,1.5,0,1.5
FA0.4Cs0.6Sn0.7Pb0.3Cl1.8I1.2,0,0.4,0.6,0,0.3,0.7,1.8,0,1.2
FA0.4Cs0.6Sn0.7Pb0.3Cl2.1I0.9,0,0.4,0.6,0,0.3,0.7,2.1,0,0.9
FA0.4Cs0.6Sn0.7Pb0.3Cl2.4I0.6,0,0.4,0.6,0,0.3,0.7,2.4,0,0.6
FA0.4Cs0.6Sn0.7Pb0.3Cl2.7I0.3,0,0.4,0.6,0,0.3,0.7,2.7,0,0.3
FA0.4Cs0.6Sn0.7Pb0.3Br0.3I2.7,0,0.4,0.6,0,0.3,0.7,0,0.3,2.7
FA0.4Cs0.6Sn0.7Pb0.3Br0.6I2.4,0,0.4,0.6,0,0.3,0.7,0,0.6,2.4
FA0.4Cs0.6Sn0.7Pb0.3Br0.9I2.1,0,0.4,0.6,0,0.3,0.7,0,0.9,2.1
FA0.4Cs0.6Sn0.7Pb0.3Br1.2I1.8,0,0.4,0.6,0,0.3,0.7,0,1.2,1.8
FA0.4Cs0.6Sn0.7Pb0.3Br1.5I1.5,0,0.4,0.6,0,0.3,0.7,0,1.5,1.5
FA0.4Cs0.6Sn0.7Pb0.3Br1.8I1.2,0,0.4,0.6,0,0.3,0.7,0,1.8,1.2
FA0.4Cs0.6Sn0.7Pb0.3Br2.1I0.9,0,0.4,0.6,0,0.3,0.7,0,2.1,0.9
FA0.4Cs0.6Sn0.7Pb0.3Br2.4I0.6,0,0.4,0.6,0,0.3,0.7,0,2.4,0.6
FA0.4Cs0.6Sn0.7Pb0.3Br2.7I0.3,0,0.4,0.6,0,0.3,0.7,0,2.7,0.3
FA0.4Cs0.6Sn0.6Pb0.4Cl0.3Br2.7,0,0.4,0.6,0,0.4,0.6,0.3,2.7,0
FA0.4Cs0.6Sn0.6Pb0.4Cl0.6Br2.4,0,0.4,0.6,0,0.4,0.6,0.6,2.4,0
FA0.4Cs0.6Sn0.6Pb0.4Cl0.9Br2.1,0,0.4,0.6,0,0.4,0.6,0.9,2.1,0
FA0.4Cs0.6Sn0.6Pb0.4Cl1.2Br1.8,0,0.4,0.6,0,0.4,0.6,1.2,1.8,0
FA0.4Cs0.6Sn0.6Pb0.4Cl1.5Br1.5,0,0.4,0.6,0,0.4,0.6,1.5,1.5,0
FA0.4Cs0.6Sn0.6Pb0.4Cl1.8Br1.2,0,0.4,0.6,0,0.4,0.6,1.8,1.2,0
FA0.4Cs0.6Sn0.6Pb0.4Cl2.1Br0.9,0,0.4,0.6,0,0.4,0.6,2.1,0.9,0
FA0.4Cs0.6Sn0.6Pb0.4Cl2.4Br0.6,0,0.4,0.6,0,0.4,0.6,2.4,0.6,0
FA0.4Cs0.6Sn0.6Pb0.4Cl2.7Br0.3,0,0.4,0.6,0,0.4,0.6,2.7,0.3,0
FA0.4Cs0.6Sn0.6Pb0.4Cl0.3I2.7,0,0.4,0.6,0,0.4,0.6,0.3,0,2.7
FA0.4Cs0.6Sn0.6Pb0.4Cl0.6I2.4,0,0.4,0.6,0,0.4,0.6,0.6,0,2.4
FA0.4Cs0.6Sn0.6Pb0.4Cl0.9I2.1,0,0.4,0.6,0,0.4,0.6,0.9,0,2.1
FA0.4Cs0.6Sn0.6Pb0.4Cl1.2I1.8,0,0.4,0.6,0,0.4,0.6,1.2,0,1.8
FA0.4Cs0.6Sn0.6Pb0.4Cl1.5I1.5,0,0.4,0.6,0,0.4,0.6,1.5,0,1.5
FA0.4Cs0.6Sn0.6Pb0.4Cl1.8I1.2,0,0.4,0.6,0,0.4,0.6,1.8,0,1.2
FA0.4Cs0.6Sn0.6Pb0.4Cl2.1I0.9,0,0.4,0.6,0,0.4,0.6,2.1,0,0.9
FA0.4Cs0.6Sn0.6Pb0.4Cl2.4I0.6,0,0.4,0.6,0,0.4,0.6,2.4,0,0.6
FA0.4Cs0.6Sn0.6Pb0.4Cl2.7I0.3,0,0.4,0.6,0,0.4,0.6,2.7,0,0.3
FA0.4Cs0.6Sn0.6Pb0.4Br0.3I2.7,0,0.4,0.6,0,0.4,0.6,0,0.3,2.7
FA0.4Cs0.6Sn0.6Pb0.4Br0.6I2.4,0,0.4,0.6,0,0.4,0.6,0,0.6,2.4
FA0.4Cs0.6Sn0.6Pb0.4Br0.9I2.1,0,0.4,0.6,0,0.4,0.6,0,0.9,2.1
FA0.4Cs0.6Sn0.6Pb0.4Br1.2I1.8,0,0.4,0.6,0,0.4,0.6,0,1.2,1.8
FA0.4Cs0.6Sn0.6Pb0.4Br1.5I1.5,0,0.4,0.6,0,0.4,0.6,0,1.5,1.5
FA0.4Cs0.6Sn0.6Pb0.4Br1.8I1.2,0,0.4,0.6,0,0.4,0.6,0,1.8,1.2
FA0.4Cs0.6Sn0.6Pb0.4Br2.1I0.9,0,0.4,0.6,0,0.4,0.6,0,2.1,0.9
FA0.4Cs0.6Sn0.6Pb0.4Br2.4I0.6,0,0.4,0.6,0,0.4,0.6,0,2.4,0.6
FA0.4Cs0.6Sn0.6Pb0.4Br2.7I0.3,0,0.4,0.6,0,0.4,0.6,0,2.7,0.3
FA0.4Cs0.6Sn0.5Pb0.5Cl0.3Br2.7,0,0.4,0.6,0,0.5,0.5,0.3,2.7,0
FA0.4Cs0.6Sn0.5Pb0.5Cl0.6Br2.4,0,0.4,0.6,0,0.5,0.5,0.6,2.4,0
FA0.4Cs0.6Sn0.5Pb0.5Cl0.9Br2.1,0,0.4,0.6,0,0.5,0.5,0.9,2.1,0
FA0.4Cs0.6Sn0.5Pb0.5Cl1.2Br1.8,0,0.4,0.6,0,0.5,0.5,1.2,1.8,0
FA0.4Cs0.6Sn0.5Pb0.5Cl1.5Br1.5,0,0.4,0.6,0,0.5,0.5,1.5,1.5,0
FA0.4Cs0.6Sn0.5Pb0.5Cl1.8Br1.2,0,0.4,0.6,0,0.5,0.5,1.8,1.2,0
FA0.4Cs0.6Sn0.5Pb0.5Cl2.1Br0.9,0,0.4,0.6,0,0.5,0.5,2.1,0.9,0
FA0.4Cs0.6Sn0.5Pb0.5Cl2.4Br0.6,0,0.4,0.6,0,0.5,0.5,2.4,0.6,0
FA0.4Cs0.6Sn0.5Pb0.5Cl2.7Br0.3,0,0.4,0.6,0,0.5,0.5,2.7,0.3,0
FA0.4Cs0.6Sn0.5Pb0.5Cl0.3I2.7,0,0.4,0.6,0,0.5,0.5,0.3,0,2.7
FA0.4Cs0.6Sn0.5Pb0.5Cl0.6I2.4,0,0.4,0.6,0,0.5,0.5,0.6,0,2.4
FA0.4Cs0.6Sn0.5Pb0.5Cl0.9I2.1,0,0.4,0.6,0,0.5,0.5,0.9,0,2.1
FA0.4Cs0.6Sn0.5Pb0.5Cl1.2I1.8,0,0.4,0.6,0,0.5,0.5,1.2,0,1.8
FA0.4Cs0.6Sn0.5Pb0.5Cl1.5I1.5,0,0.4,0.6,0,0.5,0.5,1.5,0,1.5
FA0.4Cs0.6Sn0.5Pb0.5Cl1.8I1.2,0,0.4,0.6,0,0.5,0.5,1.8,0,1.2
FA0.4Cs0.6Sn0.5Pb0.5Cl2.1I0.9,0,0.4,0.6,0,0.5,0.5,2.1,0,0.9
FA0.4Cs0.6Sn0.5Pb0.5Cl2.4I0.6,0,0.4,0.6,0,0.5,0.5,2.4,0,0.6
FA0.4Cs0.6Sn0.5Pb0.5Cl2.7I0.3,0,0.4,0.6,0,0.5,0.5,2.7,0,0.3
FA0.4Cs0.6Sn0.5Pb0.5Br0.3I2.7,0,0.4,0.6,0,0.5,0.5,0,0.3,2.7
FA0.4Cs0.6Sn0.5Pb0.5Br0.6I2.4,0,0.4,0.6,0,0.5,0.5,0,0.6,2.4
FA0.4Cs0.6Sn0.5Pb0.5Br0.9I2.1,0,0.4,0.6,0,0.5,0.5,0,0.9,2.1
FA0.4Cs0.6Sn0.5Pb0.5Br1.2I1.8,0,0.4,0.6,0,0.5,0.5,0,1.2,1.8
FA0.4Cs0.6Sn0.5Pb0.5Br1.5I1.5,0,0.4,0.6,0,0.5,0.5,0,1.5,1.5
FA0.4Cs0.6Sn0.5Pb0.5Br1.8I1.2,0,0.4,0.6,0,0.5,0.5,0,1.8,1.2
FA0.4Cs0.6Sn0.5Pb0.5Br2.1I0.9,0,0.4,0.6,0,0.5,0.5,0,2.1,0.9
FA0.4Cs0.6Sn0.5Pb0.5Br2.4I0.6,0,0.4,0.6,0,0.5,0.5,0,2.4,0.6
FA0.4Cs0.6Sn0.5Pb0.5Br2.7I0.3,0,0.4,0.6,0,0.5,0.5,0,2.7,0.3
FA0.4Cs0.6Sn0.4Pb0.6Cl0.3Br2.7,0,0.4,0.6,0,0.6,0.4,0.3,2.7,0
FA0.4Cs0.6Sn0.4Pb0.6Cl0.6Br2.4,0,0.4,0.6,0,0.6,0.4,0.6,2.4,0
FA0.4Cs0.6Sn0.4Pb0.6Cl0.9Br2.1,0,0.4,0.6,0,0.6,0.4,0.9,2.1,0
FA0.4Cs0.6Sn0.4Pb0.6Cl1.2Br1.8,0,0.4,0.6,0,0.6,0.4,1.2,1.8,0
FA0.4Cs0.6Sn0.4Pb0.6Cl1.5Br1.5,0,0.4,0.6,0,0.6,0.4,1.5,1.5,0
FA0.4Cs0.6Sn0.4Pb0.6Cl1.8Br1.2,0,0.4,0.6,0,0.6,0.4,1.8,1.2,0
FA0.4Cs0.6Sn0.4Pb0.6Cl2.1Br0.9,0,0.4,0.6,0,0.6,0.4,2.1,0.9,0
FA0.4Cs0.6Sn0.4Pb0.6Cl2.4Br0.6,0,0.4,0.6,0,0.6,0.4,2.4,0.6,0
FA0.4Cs0.6Sn0.4Pb0.6Cl2.7Br0.3,0,0.4,0.6,0,0.6,0.4,2.7,0.3,0
FA0.4Cs0.6Sn0.4Pb0.6Cl0.3I2.7,0,0.4,0.6,0,0.6,0.4,0.3,0,2.7
FA0.4Cs0.6Sn0.4Pb0.6Cl0.6I2.4,0,0.4,0.6,0,0.6,0.4,0.6,0,2.4
FA0.4Cs0.6Sn0.4Pb0.6Cl0.9I2.1,0,0.4,0.6,0,0.6,0.4,0.9,0,2.1
FA0.4Cs0.6Sn0.4Pb0.6Cl1.2I1.8,0,0.4,0.6,0,0.6,0.4,1.2,0,1.8
FA0.4Cs0.6Sn0.4Pb0.6Cl1.5I1.5,0,0.4,0.6,0,0.6,0.4,1.5,0,1.5
FA0.4Cs0.6Sn0.4Pb0.6Cl1.8I1.2,0,0.4,0.6,0,0.6,0.4,1.8,0,1.2
FA0.4Cs0.6Sn0.4Pb0.6Cl2.1I0.9,0,0.4,0.6,0,0.6,0.4,2.1,0,0.9
FA0.4Cs0.6Sn0.4Pb0.6Cl2.4I0.6,0,0.4,0.6,0,0.6,0.4,2.4,0,0.6
FA0.4Cs0.6Sn0.4Pb0.6Cl2.7I0.3,0,0.4,0.6,0,0.6,0.4,2.7,0,0.3
FA0.4Cs0.6Sn0.4Pb0.6Br0.3I2.7,0,0.4,0.6,0,0.6,0.4,0,0.3,2.7
FA0.4Cs0.6Sn0.4Pb0.6Br0.6I2.4,0,0.4,0.6,0,0.6,0.4,0,0.6,2.4
FA0.4Cs0.6Sn0.4Pb0.6Br0.9I2.1,0,0.4,0.6,0,0.6,0.4,0,0.9,2.1
FA0.4Cs0.6Sn0.4Pb0.6Br1.2I1.8,0,0.4,0.6,0,0.6,0.4,0,1.2,1.8
FA0.4Cs0.6Sn0.4Pb0.6Br1.5I1.5,0,0.4,0.6,0,0.6,0.4,0,1.5,1.5
FA0.4Cs0.6Sn0.4Pb0.6Br1.8I1.2,0,0.4,0.6,0,0.6,0.4,0,1.8,1.2
FA0.4Cs0.6Sn0.4Pb0.6Br2.1I0.9,0,0.4,0.6,0,0.6,0.4,0,2.1,0.9
FA0.4Cs0.6Sn0.4Pb0.6Br2.4I0.6,0,0.4,0.6,0,0.6,0.4,0,2.4,0.6
FA0.4Cs0.6Sn0.4Pb0.6Br2.7I0.3,0,0.4,0.6,0,0.6,0.4,0,2.7,0.3
FA0.4Cs0.6Sn0.3Pb0.7Cl0.3Br2.7,0,0.4,0.6,0,0.7,0.3,0.3,2.7,0
FA0.4Cs0.6Sn0.3Pb0.7Cl0.6Br2.4,0,0.4,0.6,0,0.7,0.3,0.6,2.4,0
FA0.4Cs0.6Sn0.3Pb0.7Cl0.9Br2.1,0,0.4,0.6,0,0.7,0.3,0.9,2.1,0
FA0.4Cs0.6Sn0.3Pb0.7Cl1.2Br1.8,0,0.4,0.6,0,0.7,0.3,1.2,1.8,0
FA0.4Cs0.6Sn0.3Pb0.7Cl1.5Br1.5,0,0.4,0.6,0,0.7,0.3,1.5,1.5,0
FA0.4Cs0.6Sn0.3Pb0.7Cl1.8Br1.2,0,0.4,0.6,0,0.7,0.3,1.8,1.2,0
FA0.4Cs0.6Sn0.3Pb0.7Cl2.1Br0.9,0,0.4,0.6,0,0.7,0.3,2.1,0.9,0
FA0.4Cs0.6Sn0.3Pb0.7Cl2.4Br0.6,0,0.4,0.6,0,0.7,0.3,2.4,0.6,0
FA0.4Cs0.6Sn0.3Pb0.7Cl2.7Br0.3,0,0.4,0.6,0,0.7,0.3,2.7,0.3,0
FA0.4Cs0.6Sn0.3Pb0.7Cl0.3I2.7,0,0.4,0.6,0,0.7,0.3,0.3,0,2.7
FA0.4Cs0.6Sn0.3Pb0.7Cl0.6I2.4,0,0.4,0.6,0,0.7,0.3,0.6,0,2.4
FA0.4Cs0.6Sn0.3Pb0.7Cl0.9I2.1,0,0.4,0.6,0,0.7,0.3,0.9,0,2.1
FA0.4Cs0.6Sn0.3Pb0.7Cl1.2I1.8,0,0.4,0.6,0,0.7,0.3,1.2,0,1.8
FA0.4Cs0.6Sn0.3Pb0.7Cl1.5I1.5,0,0.4,0.6,0,0.7,0.3,1.5,0,1.5
FA0.4Cs0.6Sn0.3Pb0.7Cl1.8I1.2,0,0.4,0.6,0,0.7,0.3,1.8,0,1.2
FA0.4Cs0.6Sn0.3Pb0.7Cl2.1I0.9,0,0.4,0.6,0,0.7,0.3,2.1,0,0.9
FA0.4Cs0.6Sn0.3Pb0.7Cl2.4I0.6,0,0.4,0.6,0,0.7,0.3,2.4,0,0.6
FA0.4Cs0.6Sn0.3Pb0.7Cl2.7I0.3,0,0.4,0.6,0,0.7,0.3,2.7,0,0.3
FA0.4Cs0.6Sn0.3Pb0.7Br0.3I2.7,0,0.4,0.6,0,0.7,0.3,0,0.3,2.7
FA0.4Cs0.6Sn0.3Pb0.7Br0.6I2.4,0,0.4,0.6,0,0.7,0.3,0,0.6,2.4
FA0.4Cs0.6Sn0.3Pb0.7Br0.9I2.1,0,0.4,0.6,0,0.7,0.3,0,0.9,2.1
FA0.4Cs0.6Sn0.3Pb0.7Br1.2I1.8,0,0.4,0.6,0,0.7,0.3,0,1.2,1.8
FA0.4Cs0.6Sn0.3Pb0.7Br1.5I1.5,0,0.4,0.6,0,0.7,0.3,0,1.5,1.5
FA0.4Cs0.6Sn0.3Pb0.7Br1.8I1.2,0,0.4,0.6,0,0.7,0.3,0,1.8,1.2
FA0.4Cs0.6Sn0.3Pb0.7Br2.1I0.9,0,0.4,0.6,0,0.7,0.3,0,2.1,0.9
FA0.4Cs0.6Sn0.3Pb0.7Br2.4I0.6,0,0.4,0.6,0,0.7,0.3,0,2.4,0.6
FA0.4Cs0.6Sn0.3Pb0.7Br2.7I0.3,0,0.4,0.6,0,0.7,0.3,0,2.7,0.3
FA0.4Cs0.6Sn0.2Pb0.8Cl0.3Br2.7,0,0.4,0.6,0,0.8,0.2,0.3,2.7,0
FA0.4Cs0.6Sn0.2Pb0.8Cl0.6Br2.4,0,0.4,0.6,0,0.8,0.2,0.6,2.4,0
FA0.4Cs0.6Sn0.2Pb0.8Cl0.9Br2.1,0,0.4,0.6,0,0.8,0.2,0.9,2.1,0
FA0.4Cs0.6Sn0.2Pb0.8Cl1.2Br1.8,0,0.4,0.6,0,0.8,0.2,1.2,1.8,0
FA0.4Cs0.6Sn0.2Pb0.8Cl1.5Br1.5,0,0.4,0.6,0,0.8,0.2,1.5,1.5,0
FA0.4Cs0.6Sn0.2Pb0.8Cl1.8Br1.2,0,0.4,0.6,0,0.8,0.2,1.8,1.2,0
FA0.4Cs0.6Sn0.2Pb0.8Cl2.1Br0.9,0,0.4,0.6,0,0.8,0.2,2.1,0.9,0
FA0.4Cs0.6Sn0.2Pb0.8Cl2.4Br0.6,0,0.4,0.6,0,0.8,0.2,2.4,0.6,0
FA0.4Cs0.6Sn0.2Pb0.8Cl2.7Br0.3,0,0.4,0.6,0,0.8,0.2,2.7,0.3,0
FA0.4Cs0.6Sn0.2Pb0.8Cl0.3I2.7,0,0.4,0.6,0,0.8,0.2,0.3,0,2.7
FA0.4Cs0.6Sn0.2Pb0.8Cl0.6I2.4,0,0.4,0.6,0,0.8,0.2,0.6,0,2.4
FA0.4Cs0.6Sn0.2Pb0.8Cl0.9I2.1,0,0.4,0.6,0,0.8,0.2,0.9,0,2.1
FA0.4Cs0.6Sn0.2Pb0.8Cl1.2I1.8,0,0.4,0.6,0,0.8,0.2,1.2,0,1.8
FA0.4Cs0.6Sn0.2Pb0.8Cl1.5I1.5,0,0.4,0.6,0,0.8,0.2,1.5,0,1.5
FA0.4Cs0.6Sn0.2Pb0.8Cl1.8I1.2,0,0.4,0.6,0,0.8,0.2,1.8,0,1.2
FA0.4Cs0.6Sn0.2Pb0.8Cl2.1I0.9,0,0.4,0.6,0,0.8,0.2,2.1,0,0.9
FA0.4Cs0.6Sn0.2Pb0.8Cl2.4I0.6,0,0.4,0.6,0,0.8,0.2,2.4,0,0.6
FA0.4Cs0.6Sn0.2Pb0.8Cl2.7I0.3,0,0.4,0.6,0,0.8,0.2,2.7,0,0.3
FA0.4Cs0.6Sn0.2Pb0.8Br0.3I2.7,0,0.4,0.6,0,0.8,0.2,0,0.3,2.7
FA0.4Cs0.6Sn0.2Pb0.8Br0.6I2.4,0,0.4,0.6,0,0.8,0.2,0,0.6,2.4
FA0.4Cs0.6Sn0.2Pb0.8Br0.9I2.1,0,0.4,0.6,0,0.8,0.2,0,0.9,2.1
FA0.4Cs0.6Sn0.2Pb0.8Br1.2I1.8,0,0.4,0.6,0,0.8,0.2,0,1.2,1.8
FA0.4Cs0.6Sn0.2Pb0.8Br1.5I1.5,0,0.4,0.6,0,0.8,0.2,0,1.5,1.5
FA0.4Cs0.6Sn0.2Pb0.8Br1.8I1.2,0,0.4,0.6,0,0.8,0.2,0,1.8,1.2
FA0.4Cs0.6Sn0.2Pb0.8Br2.1I0.9,0,0.4,0.6,0,0.8,0.2,0,2.1,0.9
FA0.4Cs0.6Sn0.2Pb0.8Br2.4I0.6,0,0.4,0.6,0,0.8,0.2,0,2.4,0.6
FA0.4Cs0.6Sn0.2Pb0.8Br2.7I0.3,0,0.4,0.6,0,0.8,0.2,0,2.7,0.3
FA0.4Cs0.6Sn0.1Pb0.9Cl0.3Br2.7,0,0.4,0.6,0,0.9,0.1,0.3,2.7,0
FA0.4Cs0.6Sn0.1Pb0.9Cl0.6Br2.4,0,0.4,0.6,0,0.9,0.1,0.6,2.4,0
FA0.4Cs0.6Sn0.1Pb0.9Cl0.9Br2.1,0,0.4,0.6,0,0.9,0.1,0.9,2.1,0
FA0.4Cs0.6Sn0.1Pb0.9Cl1.2Br1.8,0,0.4,0.6,0,0.9,0.1,1.2,1.8,0
FA0.4Cs0.6Sn0.1Pb0.9Cl1.5Br1.5,0,0.4,0.6,0,0.9,0.1,1.5,1.5,0
FA0.4Cs0.6Sn0.1Pb0.9Cl1.8Br1.2,0,0.4,0.6,0,0.9,0.1,1.8,1.2,0
FA0.4Cs0.6Sn0.1Pb0.9Cl2.1Br0.9,0,0.4,0.6,0,0.9,0.1,2.1,0.9,0
FA0.4Cs0.6Sn0.1Pb0.9Cl2.4Br0.6,0,0.4,0.6,0,0.9,0.1,2.4,0.6,0
FA0.4Cs0.6Sn0.1Pb0.9Cl2.7Br0.3,0,0.4,0.6,0,0.9,0.1,2.7,0.3,0
FA0.4Cs0.6Sn0.1Pb0.9Cl0.3I2.7,0,0.4,0.6,0,0.9,0.1,0.3,0,2.7
FA0.4Cs0.6Sn0.1Pb0.9Cl0.6I2.4,0,0.4,0.6,0,0.9,0.1,0.6,0,2.4
FA0.4Cs0.6Sn0.1Pb0.9Cl0.9I2.1,0,0.4,0.6,0,0.9,0.1,0.9,0,2.1
FA0.4Cs0.6Sn0.1Pb0.9Cl1.2I1.8,0,0.4,0.6,0,0.9,0.1,1.2,0,1.8
FA0.4Cs0.6Sn0.1Pb0.9Cl1.5I1.5,0,0.4,0.6,0,0.9,0.1,1.5,0,1.5
FA0.4Cs0.6Sn0.1Pb0.9Cl1.8I1.2,0,0.4,0.6,0,0.9,0.1,1.8,0,1.2
FA0.4Cs0.6Sn0.1Pb0.9Cl2.1I0.9,0,0.4,0.6,0,0.9,0.1,2.1,0,0.9
FA0.4Cs0.6Sn0.1Pb0.9Cl2.4I0.6,0,0.4,0.6,0,0.9,0.1,2.4,0,0.6
FA0.4Cs0.6Sn0.1Pb0.9Cl2.7I0.3,0,0.4,0.6,0,0.9,0.1,2.7,0,0.3
FA0.4Cs0.6Sn0.1Pb0.9Br0.3I2.7,0,0.4,0.6,0,0.9,0.1,0,0.3,2.7
FA0.4Cs0.6Sn0.1Pb0.9Br0.6I2.4,0,0.4,0.6,0,0.9,0.1,0,0.6,2.4
FA0.4Cs0.6Sn0.1Pb0.9Br0.9I2.1,0,0.4,0.6,0,0.9,0.1,0,0.9,2.1
FA0.4Cs0.6Sn0.1Pb0.9Br1.2I1.8,0,0.4,0.6,0,0.9,0.1,0,1.2,1.8
FA0.4Cs0.6Sn0.1Pb0.9Br1.5I1.5,0,0.4,0.6,0,0.9,0.1,0,1.5,1.5
FA0.4Cs0.6Sn0.1Pb0.9Br1.8I1.2,0,0.4,0.6,0,0.9,0.1,0,1.8,1.2
FA0.4Cs0.6Sn0.1Pb0.9Br2.1I0.9,0,0.4,0.6,0,0.9,0.1,0,2.1,0.9
FA0.4Cs0.6Sn0.1Pb0.9Br2.4I0.6,0,0.4,0.6,0,0.9,0.1,0,2.4,0.6
FA0.4Cs0.6Sn0.1Pb0.9Br2.7I0.3,0,0.4,0.6,0,0.9,0.1,0,2.7,0.3
FA0.5Cs0.5Sn0.9Pb0.1Cl0.3Br2.7,0,0.5,0.5,0,0.1,0.9,0.3,2.7,0
FA0.5Cs0.5Sn0.9Pb0.1Cl0.6Br2.4,0,0.5,0.5,0,0.1,0.9,0.6,2.4,0
FA0.5Cs0.5Sn0.9Pb0.1Cl0.9Br2.1,0,0.5,0.5,0,0.1,0.9,0.9,2.1,0
FA0.5Cs0.5Sn0.9Pb0.1Cl1.2Br1.8,0,0.5,0.5,0,0.1,0.9,1.2,1.8,0
FA0.5Cs0.5Sn0.9Pb0.1Cl1.5Br1.5,0,0.5,0.5,0,0.1,0.9,1.5,1.5,0
FA0.5Cs0.5Sn0.9Pb0.1Cl1.8Br1.2,0,0.5,0.5,0,0.1,0.9,1.8,1.2,0
FA0.5Cs0.5Sn0.9Pb0.1Cl2.1Br0.9,0,0.5,0.5,0,0.1,0.9,2.1,0.9,0
FA0.5Cs0.5Sn0.9Pb0.1Cl2.4Br0.6,0,0.5,0.5,0,0.1,0.9,2.4,0.6,0
FA0.5Cs0.5Sn0.9Pb0.1Cl2.7Br0.3,0,0.5,0.5,0,0.1,0.9,2.7,0.3,0
FA0.5Cs0.5Sn0.9Pb0.1Cl0.3I2.7,0,0.5,0.5,0,0.1,0.9,0.3,0,2.7
FA0.5Cs0.5Sn0.9Pb0.1Cl0.6I2.4,0,0.5,0.5,0,0.1,0.9,0.6,0,2.4
FA0.5Cs0.5Sn0.9Pb0.1Cl0.9I2.1,0,0.5,0.5,0,0.1,0.9,0.9,0,2.1
FA0.5Cs0.5Sn0.9Pb0.1Cl1.2I1.8,0,0.5,0.5,0,0.1,0.9,1.2,0,1.8
FA0.5Cs0.5Sn0.9Pb0.1Cl1.5I1.5,0,0.5,0.5,0,0.1,0.9,1.5,0,1.5
FA0.5Cs0.5Sn0.9Pb0.1Cl1.8I1.2,0,0.5,0.5,0,0.1,0.9,1.8,0,1.2
FA0.5Cs0.5Sn0.9Pb0.1Cl2.1I0.9,0,0.5,0.5,0,0.1,0.9,2.1,0,0.9
FA0.5Cs0.5Sn0.9Pb0.1Cl2.4I0.6,0,0.5,0.5,0,0.1,0.9,2.4,0,0.6
FA0.5Cs0.5Sn0.9Pb0.1Cl2.7I0.3,0,0.5,0.5,0,0.1,0.9,2.7,0,0.3
FA0.5Cs0.5Sn0.9Pb0.1Br0.3I2.7,0,0.5,0.5,0,0.1,0.9,0,0.3,2.7
FA0.5Cs0.5Sn0.9Pb0.1Br0.6I2.4,0,0.5,0.5,0,0.1,0.9,0,0.6,2.4
FA0.5Cs0.5Sn0.9Pb0.1Br0.9I2.1,0,0.5,0.5,0,0.1,0.9,0,0.9,2.1
FA0.5Cs0.5Sn0.9Pb0.1Br1.2I1.8,0,0.5,0.5,0,0.1,0.9,0,1.2,1.8
FA0.5Cs0.5Sn0.9Pb0.1Br1.5I1.5,0,0.5,0.5,0,0.1,0.9,0,1.5,1.5
FA0.5Cs0.5Sn0.9Pb0.1Br1.8I1.2,0,0.5,0.5,0,0.1,0.9,0,1.8,1.2
FA0.5Cs0.5Sn0.9Pb0.1Br2.1I0.9,0,0.5,0.5,0,0.1,0.9,0,2.1,0.9
FA0.5Cs0.5Sn0.9Pb0.1Br2.4I0.6,0,0.5,0.5,0,0.1,0.9,0,2.4,0.6
FA0.5Cs0.5Sn0.9Pb0.1Br2.7I0.3,0,0.5,0.5,0,0.1,0.9,0,2.7,0.3
FA0.5Cs0.5Sn0.8Pb0.2Cl0.3Br2.7,0,0.5,0.5,0,0.2,0.8,0.3,2.7,0
FA0.5Cs0.5Sn0.8Pb0.2Cl0.6Br2.4,0,0.5,0.5,0,0.2,0.8,0.6,2.4,0
FA0.5Cs0.5Sn0.8Pb0.2Cl0.9Br2.1,0,0.5,0.5,0,0.2,0.8,0.9,2.1,0
FA0.5Cs0.5Sn0.8Pb0.2Cl1.2Br1.8,0,0.5,0.5,0,0.2,0.8,1.2,1.8,0
FA0.5Cs0.5Sn0.8Pb0.2Cl1.5Br1.5,0,0.5,0.5,0,0.2,0.8,1.5,1.5,0
FA0.5Cs0.5Sn0.8Pb0.2Cl1.8Br1.2,0,0.5,0.5,0,0.2,0.8,1.8,1.2,0
FA0.5Cs0.5Sn0.8Pb0.2Cl2.1Br0.9,0,0.5,0.5,0,0.2,0.8,2.1,0.9,0
FA0.5Cs0.5Sn0.8Pb0.2Cl2.4Br0.6,0,0.5,0.5,0,0.2,0.8,2.4,0.6,0
FA0.5Cs0.5Sn0.8Pb0.2Cl2.7Br0.3,0,0.5,0.5,0,0.2,0.8,2.7,0.3,0
FA0.5Cs0.5Sn0.8Pb0.2Cl0.3I2.7,0,0.5,0.5,0,0.2,0.8,0.3,0,2.7
FA0.5Cs0.5Sn0.8Pb0.2Cl0.6I2.4,0,0.5,0.5,0,0.2,0.8,0.6,0,2.4
FA0.5Cs0.5Sn0.8Pb0.2Cl0.9I2.1,0,0.5,0.5,0,0.2,0.8,0.9,0,2.1
FA0.5Cs0.5Sn0.8Pb0.2Cl1.2I1.8,0,0.5,0.5,0,0.2,0.8,1.2,0,1.8
FA0.5Cs0.5Sn0.8Pb0.2Cl1.5I1.5,0,0.5,0.5,0,0.2,0.8,1.5,0,1.5
FA0.5Cs0.5Sn0.8Pb0.2Cl1.8I1.2,0,0.5,0.5,0,0.2,0.8,1.8,0,1.2
FA0.5Cs0.5Sn0.8Pb0.2Cl2.1I0.9,0,0.5,0.5,0,0.2,0.8,2.1,0,0.9
FA0.5Cs0.5Sn0.8Pb0.2Cl2.4I0.6,0,0.5,0.5,0,0.2,0.8,2.4,0,0.6
FA0.5Cs0.5Sn0.8Pb0.2Cl2.7I0.3,0,0.5,0.5,0,0.2,0.8,2.7,0,0.3
FA0.5Cs0.5Sn0.8Pb0.2Br0.3I2.7,0,0.5,0.5,0,0.2,0.8,0,0.3,2.7
FA0.5Cs0.5Sn0.8Pb0.2Br0.6I2.4,0,0.5,0.5,0,0.2,0.8,0,0.6,2.4
FA0.5Cs0.5Sn0.8Pb0.2Br0.9I2.1,0,0.5,0.5,0,0.2,0.8,0,0.9,2.1
FA0.5Cs0.5Sn0.8Pb0.2Br1.2I1.8,0,0.5,0.5,0,0.2,0.8,0,1.2,1.8
FA0.5Cs0.5Sn0.8Pb0.2Br1.5I1.5,0,0.5,0.5,0,0.2,0.8,0,1.5,1.5
FA0.5Cs0.5Sn0.8Pb0.2Br1.8I1.2,0,0.5,0.5,0,0.2,0.8,0,1.8,1.2
FA0.5Cs0.5Sn0.8Pb0.2Br2.1I0.9,0,0.5,0.5,0,0.2,0.8,0,2.1,0.9
FA0.5Cs0.5Sn0.8Pb0.2Br2.4I0.6,0,0.5,0.5,0,0.2,0.8,0,2.4,0.6
FA0.5Cs0.5Sn0.8Pb0.2Br2.7I0.3,0,0.5,0.5,0,0.2,0.8,0,2.7,0.3
FA0.5Cs0.5Sn0.7Pb0.3Cl0.3Br2.7,0,0.5,0.5,0,0.3,0.7,0.3,2.7,0
FA0.5Cs0.5Sn0.7Pb0.3Cl0.6Br2.4,0,0.5,0.5,0,0.3,0.7,0.6,2.4,0
FA0.5Cs0.5Sn0.7Pb0.3Cl0.9Br2.1,0,0.5,0.5,0,0.3,0.7,0.9,2.1,0
FA0.5Cs0.5Sn0.7Pb0.3Cl1.2Br1.8,0,0.5,0.5,0,0.3,0.7,1.2,1.8,0
FA0.5Cs0.5Sn0.7Pb0.3Cl1.5Br1.5,0,0.5,0.5,0,0.3,0.7,1.5,1.5,0
FA0.5Cs0.5Sn0.7Pb0.3Cl1.8Br1.2,0,0.5,0.5,0,0.3,0.7,1.8,1.2,0
FA0.5Cs0.5Sn0.7Pb0.3Cl2.1Br0.9,0,0.5,0.5,0,0.3,0.7,2.1,0.9,0
FA0.5Cs0.5Sn0.7Pb0.3Cl2.4Br0.6,0,0.5,0.5,0,0.3,0.7,2.4,0.6,0
FA0.5Cs0.5Sn0.7Pb0.3Cl2.7Br0.3,0,0.5,0.5,0,0.3,0.7,2.7,0.3,0
FA0.5Cs0.5Sn0.7Pb0.3Cl0.3I2.7,0,0.5,0.5,0,0.3,0.7,0.3,0,2.7
FA0.5Cs0.5Sn0.7Pb0.3Cl0.6I2.4,0,0.5,0.5,0,0.3,0.7,0.6,0,2.4
FA0.5Cs0.5Sn0.7Pb0.3Cl0.9I2.1,0,0.5,0.5,0,0.3,0.7,0.9,0,2.1
FA0.5Cs0.5Sn0.7Pb0.3Cl1.2I1.8,0,0.5,0.5,0,0.3,0.7,1.2,0,1.8
FA0.5Cs0.5Sn0.7Pb0.3Cl1.5I1.5,0,0.5,0.5,0,0.3,0.7,1.5,0,1.5
FA0.5Cs0.5Sn0.7Pb0.3Cl1.8I1.2,0,0.5,0.5,0,0.3,0.7,1.8,0,1.2
FA0.5Cs0.5Sn0.7Pb0.3Cl2.1I0.9,0,0.5,0.5,0,0.3,0.7,2.1,0,0.9
FA0.5Cs0.5Sn0.7Pb0.3Cl2.4I0.6,0,0.5,0.5,0,0.3,0.7,2.4,0,0.6
FA0.5Cs0.5Sn0.7Pb0.3Cl2.7I0.3,0,0.5,0.5,0,0.3,0.7,2.7,0,0.3
FA0.5Cs0.5Sn0.7Pb0.3Br0.3I2.7,0,0.5,0.5,0,0.3,0.7,0,0.3,2.7
FA0.5Cs0.5Sn0.7Pb0.3Br0.6I2.4,0,0.5,0.5,0,0.3,0.7,0,0.6,2.4
FA0.5Cs0.5Sn0.7Pb0.3Br0.9I2.1,0,0.5,0.5,0,0.3,0.7,0,0.9,2.1
FA0.5Cs0.5Sn0.7Pb0.3Br1.2I1.8,0,0.5,0.5,0,0.3,0.7,0,1.2,1.8
FA0.5Cs0.5Sn0.7Pb0.3Br1.5I1.5,0,0.5,0.5,0,0.3,0.7,0,1.5,1.5
FA0.5Cs0.5Sn0.7Pb0.3Br1.8I1.2,0,0.5,0.5,0,0.3,0.7,0,1.8,1.2
FA0.5Cs0.5Sn0.7Pb0.3Br2.1I0.9,0,0.5,0.5,0,0.3,0.7,0,2.1,0.9
FA0.5Cs0.5Sn0.7Pb0.3Br2.4I0.6,0,0.5,0.5,0,0.3,0.7,0,2.4,0.6
FA0.5Cs0.5Sn0.7Pb0.3Br2.7I0.3,0,0.5,0.5,0,0.3,0.7,0,2.7,0.3
FA0.5Cs0.5Sn0.6Pb0.4Cl0.3Br2.7,0,0.5,0.5,0,0.4,0.6,0.3,2.7,0
FA0.5Cs0.5Sn0.6Pb0.4Cl0.6Br2.4,0,0.5,0.5,0,0.4,0.6,0.6,2.4,0
FA0.5Cs0.5Sn0.6Pb0.4Cl0.9Br2.1,0,0.5,0.5,0,0.4,0.6,0.9,2.1,0
FA0.5Cs0.5Sn0.6Pb0.4Cl1.2Br1.8,0,0.5,0.5,0,0.4,0.6,1.2,1.8,0
FA0.5Cs0.5Sn0.6Pb0.4Cl1.5Br1.5,0,0.5,0.5,0,0.4,0.6,1.5,1.5,0
FA0.5Cs0.5Sn0.6Pb0.4Cl1.8Br1.2,0,0.5,0.5,0,0.4,0.6,1.8,1.2,0
FA0.5Cs0.5Sn0.6Pb0.4Cl2.1Br0.9,0,0.5,0.5,0,0.4,0.6,2.1,0.9,0
FA0.5Cs0.5Sn0.6Pb0.4Cl2.4Br0.6,0,0.5,0.5,0,0.4,0.6,2.4,0.6,0
FA0.5Cs0.5Sn0.6Pb0.4Cl2.7Br0.3,0,0.5,0.5,0,0.4,0.6,2.7,0.3,0
FA0.5Cs0.5Sn0.6Pb0.4Cl0.3I2.7,0,0.5,0.5,0,0.4,0.6,0.3,0,2.7
FA0.5Cs0.5Sn0.6Pb0.4Cl0.6I2.4,0,0.5,0.5,0,0.4,0.6,0.6,0,2.4
FA0.5Cs0.5Sn0.6Pb0.4Cl0.9I2.1,0,0.5,0.5,0,0.4,0.6,0.9,0,2.1
FA0.5Cs0.5Sn0.6Pb0.4Cl1.2I1.8,0,0.5,0.5,0,0.4,0.6,1.2,0,1.8
FA0.5Cs0.5Sn0.6Pb0.4Cl1.5I1.5,0,0.5,0.5,0,0.4,0.6,1.5,0,1.5
FA0.5Cs0.5Sn0.6Pb0.4Cl1.8I1.2,0,0.5,0.5,0,0.4,0.6,1.8,0,1.2
FA0.5Cs0.5Sn0.6Pb0.4Cl2.1I0.9,0,0.5,0.5,0,0.4,0.6,2.1,0,0.9
FA0.5Cs0.5Sn0.6Pb0.4Cl2.4I0.6,0,0.5,0.5,0,0.4,0.6,2.4,0,0.6
FA0.5Cs0.5Sn0.6Pb0.4Cl2.7I0.3,0,0.5,0.5,0,0.4,0.6,2.7,0,0.3
FA0.5Cs0.5Sn0.6Pb0.4Br0.3I2.7,0,0.5,0.5,0,0.4,0.6,0,0.3,2.7
FA0.5Cs0.5Sn0.6Pb0.4Br0.6I2.4,0,0.5,0.5,0,0.4,0.6,0,0.6,2.4
FA0.5Cs0.5Sn0.6Pb0.4Br0.9I2.1,0,0.5,0.5,0,0.4,0.6,0,0.9,2.1
FA0.5Cs0.5Sn0.6Pb0.4Br1.2I1.8,0,0.5,0.5,0,0.4,0.6,0,1.2,1.8
FA0.5Cs0.5Sn0.6Pb0.4Br1.5I1.5,0,0.5,0.5,0,0.4,0.6,0,1.5,1.5
FA0.5Cs0.5Sn0.6Pb0.4Br1.8I1.2,0,0.5,0.5,0,0.4,0.6,0,1.8,1.2
FA0.5Cs0.5Sn0.6Pb0.4Br2.1I0.9,0,0.5,0.5,0,0.4,0.6,0,2.1,0.9
FA0.5Cs0.5Sn0.6Pb0.4Br2.4I0.6,0,0.5,0.5,0,0.4,0.6,0,2.4,0.6
FA0.5Cs0.5Sn0.6Pb0.4Br2.7I0.3,0,0.5,0.5,0,0.4,0.6,0,2.7,0.3
FA0.5Cs0.5Sn0.5Pb0.5Cl0.3Br2.7,0,0.5,0.5,0,0.5,0.5,0.3,2.7,0
FA0.5Cs0.5Sn0.5Pb0.5Cl0.6Br2.4,0,0.5,0.5,0,0.5,0.5,0.6,2.4,0
FA0.5Cs0.5Sn0.5Pb0.5Cl0.9Br2.1,0,0.5,0.5,0,0.5,0.5,0.9,2.1,0
FA0.5Cs0.5Sn0.5Pb0.5Cl1.2Br1.8,0,0.5,0.5,0,0.5,0.5,1.2,1.8,0
FA0.5Cs0.5Sn0.5Pb0.5Cl1.5Br1.5,0,0.5,0.5,0,0.5,0.5,1.5,1.5,0
FA0.5Cs0.5Sn0.5Pb0.5Cl1.8Br1.2,0,0.5,0.5,0,0.5,0.5,1.8,1.2,0
FA0.5Cs0.5Sn0.5Pb0.5Cl2.1Br0.9,0,0.5,0.5,0,0.5,0.5,2.1,0.9,0
FA0.5Cs0.5Sn0.5Pb0.5Cl2.4Br0.6,0,0.5,0.5,0,0.5,0.5,2.4,0.6,0
FA0.5Cs0.5Sn0.5Pb0.5Cl2.7Br0.3,0,0.5,0.5,0,0.5,0.5,2.7,0.3,0
FA0.5Cs0.5Sn0.5Pb0.5Cl0.3I2.7,0,0.5,0.5,0,0.5,0.5,0.3,0,2.7
FA0.5Cs0.5Sn0.5Pb0.5Cl0.6I2.4,0,0.5,0.5,0,0.5,0.5,0.6,0,2.4
FA0.5Cs0.5Sn0.5Pb0.5Cl0.9I2.1,0,0.5,0.5,0,0.5,0.5,0.9,0,2.1
FA0.5Cs0.5Sn0.5Pb0.5Cl1.2I1.8,0,0.5,0.5,0,0.5,0.5,1.2,0,1.8
FA0.5Cs0.5Sn0.5Pb0.5Cl1.5I1.5,0,0.5,0.5,0,0.5,0.5,1.5,0,1.5
FA0.5Cs0.5Sn0.5Pb0.5Cl1.8I1.2,0,0.5,0.5,0,0.5,0.5,1.8,0,1.2
FA0.5Cs0.5Sn0.5Pb0.5Cl2.1I0.9,0,0.5,0.5,0,0.5,0.5,2.1,0,0.9
FA0.5Cs0.5Sn0.5Pb0.5Cl2.4I0.6,0,0.5,0.5,0,0.5,0.5,2.4,0,0.6
FA0.5Cs0.5Sn0.5Pb0.5Cl2.7I0.3,0,0.5,0.5,0,0.5,0.5,2.7,0,0.3
FA0.5Cs0.5Sn0.5Pb0.5Br0.3I2.7,0,0.5,0.5,0,0.5,0.5,0,0.3,2.7
FA0.5Cs0.5Sn0.5Pb0.5Br0.6I2.4,0,0.5,0.5,0,0.5,0.5,0,0.6,2.4
FA0.5Cs0.5Sn0.5Pb0.5Br0.9I2.1,0,0.5,0.5,0,0.5,0.5,0,0.9,2.1
FA0.5Cs0.5Sn0.5Pb0.5Br1.2I1.8,0,0.5,0.5,0,0.5,0.5,0,1.2,1.8
FA0.5Cs0.5Sn0.5Pb0.5Br1.5I1.5,0,0.5,0.5,0,0.5,0.5,0,1.5,1.5
FA0.5Cs0.5Sn0.5Pb0.5Br1.8I1.2,0,0.5,0.5,0,0.5,0.5,0,1.8,1.2
FA0.5Cs0.5Sn0.5Pb0.5Br2.1I0.9,0,0.5,0.5,0,0.5,0.5,0,2.1,0.9
FA0.5Cs0.5Sn0.5Pb0.5Br2.4I0.6,0,0.5,0.5,0,0.5,0.5,0,2.4,0.6
FA0.5Cs0.5Sn0.5Pb0.5Br2.7I0.3,0,0.5,0.5,0,0.5,0.5,0,2.7,0.3
FA0.5Cs0.5Sn0.4Pb0.6Cl0.3Br2.7,0,0.5,0.5,0,0.6,0.4,0.3,2.7,0
FA0.5Cs0.5Sn0.4Pb0.6Cl0.6Br2.4,0,0.5,0.5,0,0.6,0.4,0.6,2.4,0
FA0.5Cs0.5Sn0.4Pb0.6Cl0.9Br2.1,0,0.5,0.5,0,0.6,0.4,0.9,2.1,0
FA0.5Cs0.5Sn0.4Pb0.6Cl1.2Br1.8,0,0.5,0.5,0,0.6,0.4,1.2,1.8,0
FA0.5Cs0.5Sn0.4Pb0.6Cl1.5Br1.5,0,0.5,0.5,0,0.6,0.4,1.5,1.5,0
FA0.5Cs0.5Sn0.4Pb0.6Cl1.8Br1.2,0,0.5,0.5,0,0.6,0.4,1.8,1.2,0
FA0.5Cs0.5Sn0.4Pb0.6Cl2.1Br0.9,0,0.5,0.5,0,0.6,0.4,2.1,0.9,0
FA0.5Cs0.5Sn0.4Pb0.6Cl2.4Br0.6,0,0.5,0.5,0,0.6,0.4,2.4,0.6,0
FA0.5Cs0.5Sn0.4Pb0.6Cl2.7Br0.3,0,0.5,0.5,0,0.6,0.4,2.7,0.3,0
FA0.5Cs0.5Sn0.4Pb0.6Cl0.3I2.7,0,0.5,0.5,0,0.6,0.4,0.3,0,2.7
FA0.5Cs0.5Sn0.4Pb0.6Cl0.6I2.4,0,0.5,0.5,0,0.6,0.4,0.6,0,2.4
FA0.5Cs0.5Sn0.4Pb0.6Cl0.9I2.1,0,0.5,0.5,0,0.6,0.4,0.9,0,2.1
FA0.5Cs0.5Sn0.4Pb0.6Cl1.2I1.8,0,0.5,0.5,0,0.6,0.4,1.2,0,1.8
FA0.5Cs0.5Sn0.4Pb0.6Cl1.5I1.5,0,0.5,0.5,0,0.6,0.4,1.5,0,1.5
FA0.5Cs0.5Sn0.4Pb0.6Cl1.8I1.2,0,0.5,0.5,0,0.6,0.4,1.8,0,1.2
FA0.5Cs0.5Sn0.4Pb0.6Cl2.1I0.9,0,0.5,0.5,0,0.6,0.4,2.1,0,0.9
FA0.5Cs0.5Sn0.4Pb0.6Cl2.4I0.6,0,0.5,0.5,0,0.6,0.4,2.4,0,0.6
FA0.5Cs0.5Sn0.4Pb0.6Cl2.7I0.3,0,0.5,0.5,0,0.6,0.4,2.7,0,0.3
FA0.5Cs0.5Sn0.4Pb0.6Br0.3I2.7,0,0.5,0.5,0,0.6,0.4,0,0.3,2.7
FA0.5Cs0.5Sn0.4Pb0.6Br0.6I2.4,0,0.5,0.5,0,0.6,0.4,0,0.6,2.4
FA0.5Cs0.5Sn0.4Pb0.6Br0.9I2.1,0,0.5,0.5,0,0.6,0.4,0,0.9,2.1
FA0.5Cs0.5Sn0.4Pb0.6Br1.2I1.8,0,0.5,0.5,0,0.6,0.4,0,1.2,1.8
FA0.5Cs0.5Sn0.4Pb0.6Br1.5I1.5,0,0.5,0.5,0,0.6,0.4,0,1.5,1.5
FA0.5Cs0.5Sn0.4Pb0.6Br1.8I1.2,0,0.5,0.5,0,0.6,0.4,0,1.8,1.2
FA0.5Cs0.5Sn0.4Pb0.6Br2.1I0.9,0,0.5,0.5,0,0.6,0.4,0,2.1,0.9
FA0.5Cs0.5Sn0.4Pb0.6Br2.4I0.6,0,0.5,0.5,0,0.6,0.4,0,2.4,0.6
FA0.5Cs0.5Sn0.4Pb0.6Br2.7I0.3,0,0.5,0.5,0,0.6,0.4,0,2.7,0.3
FA0.5Cs0.5Sn0.3Pb0.7Cl0.3Br2.7,0,0.5,0.5,0,0.7,0.3,0.3,2.7,0
FA0.5Cs0.5Sn0.3Pb0.7Cl0.6Br2.4,0,0.5,0.5,0,0.7,0.3,0.6,2.4,0
FA0.5Cs0.5Sn0.3Pb0.7Cl0.9Br2.1,0,0.5,0.5,0,0.7,0.3,0.9,2.1,0
FA0.5Cs0.5Sn0.3Pb0.7Cl1.2Br1.8,0,0.5,0.5,0,0.7,0.3,1.2,1.8,0
FA0.5Cs0.5Sn0.3Pb0.7Cl1.5Br1.5,0,0.5,0.5,0,0.7,0.3,1.5,1.5,0
FA0.5Cs0.5Sn0.3Pb0.7Cl1.8Br1.2,0,0.5,0.5,0,0.7,0.3,1.8,1.2,0
FA0.5Cs0.5Sn0.3Pb0.7Cl2.1Br0.9,0,0.5,0.5,0,0.7,0.3,2.1,0.9,0
FA0.5Cs0.5Sn0.3Pb0.7Cl2.4Br0.6,0,0.5,0.5,0,0.7,0.3,2.4,0.6,0
FA0.5Cs0.5Sn0.3Pb0.7Cl2.7Br0.3,0,0.5,0.5,0,0.7,0.3,2.7,0.3,0
FA0.5Cs0.5Sn0.3Pb0.7Cl0.3I2.7,0,0.5,0.5,0,0.7,0.3,0.3,0,2.7
FA0.5Cs0.5Sn0.3Pb0.7Cl0.6I2.4,0,0.5,0.5,0,0.7,0.3,0.6,0,2.4
FA0.5Cs0.5Sn0.3Pb0.7Cl0.9I2.1,0,0.5,0.5,0,0.7,0.3,0.9,0,2.1
FA0.5Cs0.5Sn0.3Pb0.7Cl1.2I1.8,0,0.5,0.5,0,0.7,0.3,1.2,0,1.8
FA0.5Cs0.5Sn0.3Pb0.7Cl1.5I1.5,0,0.5,0.5,0,0.7,0.3,1.5,0,1.5
FA0.5Cs0.5Sn0.3Pb0.7Cl1.8I1.2,0,0.5,0.5,0,0.7,0.3,1.8,0,1.2
FA0.5Cs0.5Sn0.3Pb0.7Cl2.1I0.9,0,0.5,0.5,0,0.7,0.3,2.1,0,0.9
FA0.5Cs0.5Sn0.3Pb0.7Cl2.4I0.6,0,0.5,0.5,0,0.7,0.3,2.4,0,0.6
FA0.5Cs0.5Sn0.3Pb0.7Cl2.7I0.3,0,0.5,0.5,0,0.7,0.3,2.7,0,0.3
FA0.5Cs0.5Sn0.3Pb0.7Br0.3I2.7,0,0.5,0.5,0,0.7,0.3,0,0.3,2.7
FA0.5Cs0.5Sn0.3Pb0.7Br0.6I2.4,0,0.5,0.5,0,0.7,0.3,0,0.6,2.4
FA0.5Cs0.5Sn0.3Pb0.7Br0.9I2.1,0,0.5,0.5,0,0.7,0.3,0,0.9,2.1
FA0.5Cs0.5Sn0.3Pb0.7Br1.2I1.8,0,0.5,0.5,0,0.7,0.3,0,1.2,1.8
FA0.5Cs0.5Sn0.3Pb0.7Br1.5I1.5,0,0.5,0.5,0,0.7,0.3,0,1.5,1.5
FA0.5Cs0.5Sn0.3Pb0.7Br1.8I1.2,0,0.5,0.5,0,0.7,0.3,0,1.8,1.2
FA0.5Cs0.5Sn0.3Pb0.7Br2.1I0.9,0,0.5,0.5,0,0.7,0.3,0,2.1,0.9
FA0.5Cs0.5Sn0.3Pb0.7Br2.4I0.6,0,0.5,0.5,0,0.7,0.3,0,2.4,0.6
FA0.5Cs0.5Sn0.3Pb0.7Br2.7I0.3,0,0.5,0.5,0,0.7,0.3,0,2.7,0.3
FA0.5Cs0.5Sn0.2Pb0.8Cl0.3Br2.7,0,0.5,0.5,0,0.8,0.2,0.3,2.7,0
FA0.5Cs0.5Sn0.2Pb0.8Cl0.6Br2.4,0,0.5,0.5,0,0.8,0.2,0.6,2.4,0
FA0.5Cs0.5Sn0.2Pb0.8Cl0.9Br2.1,0,0.5,0.5,0,0.8,0.2,0.9,2.1,0
FA0.5Cs0.5Sn0.2Pb0.8Cl1.2Br1.8,0,0.5,0.5,0,0.8,0.2,1.2,1.8,0
FA0.5Cs0.5Sn0.2Pb0.8Cl1.5Br1.5,0,0.5,0.5,0,0.8,0.2,1.5,1.5,0
FA0.5Cs0.5Sn0.2Pb0.8Cl1.8Br1.2,0,0.5,0.5,0,0.8,0.2,1.8,1.2,0
FA0.5Cs0.5Sn0.2Pb0.8Cl2.1Br0.9,0,0.5,0.5,0,0.8,0.2,2.1,0.9,0
FA0.5Cs0.5Sn0.2Pb0.8Cl2.4Br0.6,0,0.5,0.5,0,0.8,0.2,2.4,0.6,0
FA0.5Cs0.5Sn0.2Pb0.8Cl2.7Br0.3,0,0.5,0.5,0,0.8,0.2,2.7,0.3,0
FA0.5Cs0.5Sn0.2Pb0.8Cl0.3I2.7,0,0.5,0.5,0,0.8,0.2,0.3,0,2.7
FA0.5Cs0.5Sn0.2Pb0.8Cl0.6I2.4,0,0.5,0.5,0,0.8,0.2,0.6,0,2.4
FA0.5Cs0.5Sn0.2Pb0.8Cl0.9I2.1,0,0.5,0.5,0,0.8,0.2,0.9,0,2.1
FA0.5Cs0.5Sn0.2Pb0.8Cl1.2I1.8,0,0.5,0.5,0,0.8,0.2,1.2,0,1.8
FA0.5Cs0.5Sn0.2Pb0.8Cl1.5I1.5,0,0.5,0.5,0,0.8,0.2,1.5,0,1.5
FA0.5Cs0.5Sn0.2Pb0.8Cl1.8I1.2,0,0.5,0.5,0,0.8,0.2,1.8,0,1.2
FA0.5Cs0.5Sn0.2Pb0.8Cl2.1I0.9,0,0.5,0.5,0,0.8,0.2,2.1,0,0.9
FA0.5Cs0.5Sn0.2Pb0.8Cl2.4I0.6,0,0.5,0.5,0,0.8,0.2,2.4,0,0.6
FA0.5Cs0.5Sn0.2Pb0.8Cl2.7I0.3,0,0.5,0.5,0,0.8,0.2,2.7,0,0.3
FA0.5Cs0.5Sn0.2Pb0.8Br0.3I2.7,0,0.5,0.5,0,0.8,0.2,0,0.3,2.7
FA0.5Cs0.5Sn0.2Pb0.8Br0.6I2.4,0,0.5,0.5,0,0.8,0.2,0,0.6,2.4
FA0.5Cs0.5Sn0.2Pb0.8Br0.9I2.1,0,0.5,0.5,0,0.8,0.2,0,0.9,2.1
FA0.5Cs0.5Sn0.2Pb0.8Br1.2I1.8,0,0.5,0.5,0,0.8,0.2,0,1.2,1.8
FA0.5Cs0.5Sn0.2Pb0.8Br1.5I1.5,0,0.5,0.5,0,0.8,0.2,0,1.5,1.5
FA0.5Cs0.5Sn0.2Pb0.8Br1.8I1.2,0,0.5,0.5,0,0.8,0.2,0,1.8,1.2
FA0.5Cs0.5Sn0.2Pb0.8Br2.1I0.9,0,0.5,0.5,0,0.8,0.2,0,2.1,0.9
FA0.5Cs0.5Sn0.2Pb0.8Br2.4I0.6,0,0.5,0.5,0,0.8,0.2,0,2.4,0.6
FA0.5Cs0.5Sn0.2Pb0.8Br2.7I0.3,0,0.5,0.5,0,0.8,0.2,0,2.7,0.3
FA0.5Cs0.5Sn0.1Pb0.9Cl0.3Br2.7,0,0.5,0.5,0,0.9,0.1,0.3,2.7,0
FA0.5Cs0.5Sn0.1Pb0.9Cl0.6Br2.4,0,0.5,0.5,0,0.9,0.1,0.6,2.4,0
FA0.5Cs0.5Sn0.1Pb0.9Cl0.9Br2.1,0,0.5,0.5,0,0.9,0.1,0.9,2.1,0
FA0.5Cs0.5Sn0.1Pb0.9Cl1.2Br1.8,0,0.5,0.5,0,0.9,0.1,1.2,1.8,0
FA0.5Cs0.5Sn0.1Pb0.9Cl1.5Br1.5,0,0.5,0.5,0,0.9,0.1,1.5,1.5,0
FA0.5Cs0.5Sn0.1Pb0.9Cl1.8Br1.2,0,0.5,0.5,0,0.9,0.1,1.8,1.2,0
FA0.5Cs0.5Sn0.1Pb0.9Cl2.1Br0.9,0,0.5,0.5,0,0.9,0.1,2.1,0.9,0
FA0.5Cs0.5Sn0.1Pb0.9Cl2.4Br0.6,0,0.5,0.5,0,0.9,0.1,2.4,0.6,0
FA0.5Cs0.5Sn0.1Pb0.9Cl2.7Br0.3,0,0.5,0.5,0,0.9,0.1,2.7,0.3,0
FA0.5Cs0.5Sn0.1Pb0.9Cl0.3I2.7,0,0.5,0.5,0,0.9,0.1,0.3,0,2.7
FA0.5Cs0.5Sn0.1Pb0.9Cl0.6I2.4,0,0.5,0.5,0,0.9,0.1,0.6,0,2.4
FA0.5Cs0.5Sn0.1Pb0.9Cl0.9I2.1,0,0.5,0.5,0,0.9,0.1,0.9,0,2.1
FA0.5Cs0.5Sn0.1Pb0.9Cl1.2I1.8,0,0.5,0.5,0,0.9,0.1,1.2,0,1.8
FA0.5Cs0.5Sn0.1Pb0.9Cl1.5I1.5,0,0.5,0.5,0,0.9,0.1,1.5,0,1.5
FA0.5Cs0.5Sn0.1Pb0.9Cl1.8I1.2,0,0.5,0.5,0,0.9,0.1,1.8,0,1.2
FA0.5Cs0.5Sn0.1Pb0.9Cl2.1I0.9,0,0.5,0.5,0,0.9,0.1,2.1,0,0.9
FA0.5Cs0.5Sn0.1Pb0.9Cl2.4I0.6,0,0.5,0.5,0,0.9,0.1,2.4,0,0.6
FA0.5Cs0.5Sn0.1Pb0.9Cl2.7I0.3,0,0.5,0.5,0,0.9,0.1,2.7,0,0.3
FA0.5Cs0.5Sn0.1Pb0.9Br0.3I2.7,0,0.5,0.5,0,0.9,0.1,0,0.3,2.7
FA0.5Cs0.5Sn0.1Pb0.9Br0.6I2.4,0,0.5,0.5,0,0.9,0.1,0,0.6,2.4
FA0.5Cs0.5Sn0.1Pb0.9Br0.9I2.1,0,0.5,0.5,0,0.9,0.1,0,0.9,2.1
FA0.5Cs0.5Sn0.1Pb0.9Br1.2I1.8,0,0.5,0.5,0,0.9,0.1,0,1.2,1.8
FA0.5Cs0.5Sn0.1Pb0.9Br1.5I1.5,0,0.5,0.5,0,0.9,0.1,0,1.5,1.5
FA0.5Cs0.5Sn0.1Pb0.9Br1.8I1.2,0,0.5,0.5,0,0.9,0.1,0,1.8,1.2
FA0.5Cs0.5Sn0.1Pb0.9Br2.1I0.9,0,0.5,0.5,0,0.9,0.1,0,2.1,0.9
FA0.5Cs0.5Sn0.1Pb0.9Br2.4I0.6,0,0.5,0.5,0,0.9,0.1,0,2.4,0.6
FA0.5Cs0.5Sn0.1Pb0.9Br2.7I0.3,0,0.5,0.5,0,0.9,0.1,0,2.7,0.3
FA0.6Cs0.4Sn0.9Pb0.1Cl0.3Br2.7,0,0.6,0.4,0,0.1,0.9,0.3,2.7,0
FA0.6Cs0.4Sn0.9Pb0.1Cl0.6Br2.4,0,0.6,0.4,0,0.1,0.9,0.6,2.4,0
FA0.6Cs0.4Sn0.9Pb0.1Cl0.9Br2.1,0,0.6,0.4,0,0.1,0.9,0.9,2.1,0
FA0.6Cs0.4Sn0.9Pb0.1Cl1.2Br1.8,0,0.6,0.4,0,0.1,0.9,1.2,1.8,0
FA0.6Cs0.4Sn0.9Pb0.1Cl1.5Br1.5,0,0.6,0.4,0,0.1,0.9,1.5,1.5,0
FA0.6Cs0.4Sn0.9Pb0.1Cl1.8Br1.2,0,0.6,0.4,0,0.1,0.9,1.8,1.2,0
FA0.6Cs0.4Sn0.9Pb0.1Cl2.1Br0.9,0,0.6,0.4,0,0.1,0.9,2.1,0.9,0
FA0.6Cs0.4Sn0.9Pb0.1Cl2.4Br0.6,0,0.6,0.4,0,0.1,0.9,2.4,0.6,0
FA0.6Cs0.4Sn0.9Pb0.1Cl2.7Br0.3,0,0.6,0.4,0,0.1,0.9,2.7,0.3,0
FA0.6Cs0.4Sn0.9Pb0.1Cl0.3I2.7,0,0.6,0.4,0,0.1,0.9,0.3,0,2.7
FA0.6Cs0.4Sn0.9Pb0.1Cl0.6I2.4,0,0.6,0.4,0,0.1,0.9,0.6,0,2.4
FA0.6Cs0.4Sn0.9Pb0.1Cl0.9I2.1,0,0.6,0.4,0,0.1,0.9,0.9,0,2.1
FA0.6Cs0.4Sn0.9Pb0.1Cl1.2I1.8,0,0.6,0.4,0,0.1,0.9,1.2,0,1.8
FA0.6Cs0.4Sn0.9Pb0.1Cl1.5I1.5,0,0.6,0.4,0,0.1,0.9,1.5,0,1.5
FA0.6Cs0.4Sn0.9Pb0.1Cl1.8I1.2,0,0.6,0.4,0,0.1,0.9,1.8,0,1.2
FA0.6Cs0.4Sn0.9Pb0.1Cl2.1I0.9,0,0.6,0.4,0,0.1,0.9,2.1,0,0.9
FA0.6Cs0.4Sn0.9Pb0.1Cl2.4I0.6,0,0.6,0.4,0,0.1,0.9,2.4,0,0.6
FA0.6Cs0.4Sn0.9Pb0.1Cl2.7I0.3,0,0.6,0.4,0,0.1,0.9,2.7,0,0.3
FA0.6Cs0.4Sn0.9Pb0.1Br0.3I2.7,0,0.6,0.4,0,0.1,0.9,0,0.3,2.7
FA0.6Cs0.4Sn0.9Pb0.1Br0.6I2.4,0,0.6,0.4,0,0.1,0.9,0,0.6,2.4
FA0.6Cs0.4Sn0.9Pb0.1Br0.9I2.1,0,0.6,0.4,0,0.1,0.9,0,0.9,2.1
FA0.6Cs0.4Sn0.9Pb0.1Br1.2I1.8,0,0.6,0.4,0,0.1,0.9,0,1.2,1.8
FA0.6Cs0.4Sn0.9Pb0.1Br1.5I1.5,0,0.6,0.4,0,0.1,0.9,0,1.5,1.5
FA0.6Cs0.4Sn0.9Pb0.1Br1.8I1.2,0,0.6,0.4,0,0.1,0.9,0,1.8,1.2
FA0.6Cs0.4Sn0.9Pb0.1Br2.1I0.9,0,0.6,0.4,0,0.1,0.9,0,2.1,0.9
FA0.6Cs0.4Sn0.9Pb0.1Br2.4I0.6,0,0.6,0.4,0,0.1,0.9,0,2.4,0.6
FA0.6Cs0.4Sn0.9Pb0.1Br2.7I0.3,0,0.6,0.4,0,0.1,0.9,0,2.7,0.3
FA0.6Cs0.4Sn0.8Pb0.2Cl0.3Br2.7,0,0.6,0.4,0,0.2,0.8,0.3,2.7,0
FA0.6Cs0.4Sn0.8Pb0.2Cl0.6Br2.4,0,0.6,0.4,0,0.2,0.8,0.6,2.4,0
FA0.6Cs0.4Sn0.8Pb0.2Cl0.9Br2.1,0,0.6,0.4,0,0.2,0.8,0.9,2.1,0
FA0.6Cs0.4Sn0.8Pb0.2Cl1.2Br1.8,0,0.6,0.4,0,0.2,0.8,1.2,1.8,0
FA0.6Cs0.4Sn0.8Pb0.2Cl1.5Br1.5,0,0.6,0.4,0,0.2,0.8,1.5,1.5,0
FA0.6Cs0.4Sn0.8Pb0.2Cl1.8Br1.2,0,0.6,0.4,0,0.2,0.8,1.8,1.2,0
FA0.6Cs0.4Sn0.8Pb0.2Cl2.1Br0.9,0,0.6,0.4,0,0.2,0.8,2.1,0.9,0
FA0.6Cs0.4Sn0.8Pb0.2Cl2.4Br0.6,0,0.6,0.4,0,0.2,0.8,2.4,0.6,0
FA0.6Cs0.4Sn0.8Pb0.2Cl2.7Br0.3,0,0.6,0.4,0,0.2,0.8,2.7,0.3,0
FA0.6Cs0.4Sn0.8Pb0.2Cl0.3I2.7,0,0.6,0.4,0,0.2,0.8,0.3,0,2.7
FA0.6Cs0.4Sn0.8Pb0.2Cl0.6I2.4,0,0.6,0.4,0,0.2,0.8,0.6,0,2.4
FA0.6Cs0.4Sn0.8Pb0.2Cl0.9I2.1,0,0.6,0.4,0,0.2,0.8,0.9,0,2.1
FA0.6Cs0.4Sn0.8Pb0.2Cl1.2I1.8,0,0.6,0.4,0,0.2,0.8,1.2,0,1.8
FA0.6Cs0.4Sn0.8Pb0.2Cl1.5I1.5,0,0.6,0.4,0,0.2,0.8,1.5,0,1.5
FA0.6Cs0.4Sn0.8Pb0.2Cl1.8I1.2,0,0.6,0.4,0,0.2,0.8,1.8,0,1.2
FA0.6Cs0.4Sn0.8Pb0.2Cl2.1I0.9,0,0.6,0.4,0,0.2,0.8,2.1,0,0.9
FA0.6Cs0.4Sn0.8Pb0.2Cl2.4I0.6,0,0.6,0.4,0,0.2,0.8,2.4,0,0.6
FA0.6Cs0.4Sn0.8Pb0.2Cl2.7I0.3,0,0.6,0.4,0,0.2,0.8,2.7,0,0.3
FA0.6Cs0.4Sn0.8Pb0.2Br0.3I2.7,0,0.6,0.4,0,0.2,0.8,0,0.3,2.7
FA0.6Cs0.4Sn0.8Pb0.2Br0.6I2.4,0,0.6,0.4,0,0.2,0.8,0,0.6,2.4
FA0.6Cs0.4Sn0.8Pb0.2Br0.9I2.1,0,0.6,0.4,0,0.2,0.8,0,0.9,2.1
FA0.6Cs0.4Sn0.8Pb0.2Br1.2I1.8,0,0.6,0.4,0,0.2,0.8,0,1.2,1.8
FA0.6Cs0.4Sn0.8Pb0.2Br1.5I1.5,0,0.6,0.4,0,0.2,0.8,0,1.5,1.5
FA0.6Cs0.4Sn0.8Pb0.2Br1.8I1.2,0,0.6,0.4,0,0.2,0.8,0,1.8,1.2
FA0.6Cs0.4Sn0.8Pb0.2Br2.1I0.9,0,0.6,0.4,0,0.2,0.8,0,2.1,0.9
FA0.6Cs0.4Sn0.8Pb0.2Br2.4I0.6,0,0.6,0.4,0,0.2,0.8,0,2.4,0.6
FA0.6Cs0.4Sn0.8Pb0.2Br2.7I0.3,0,0.6,0.4,0,0.2,0.8,0,2.7,0.3
FA0.6Cs0.4Sn0.7Pb0.3Cl0.3Br2.7,0,0.6,0.4,0,0.3,0.7,0.3,2.7,0
FA0.6Cs0.4Sn0.7Pb0.3Cl0.6Br2.4,0,0.6,0.4,0,0.3,0.7,0.6,2.4,0
FA0.6Cs0.4Sn0.7Pb0.3Cl0.9Br2.1,0,0.6,0.4,0,0.3,0.7,0.9,2.1,0
FA0.6Cs0.4Sn0.7Pb0.3Cl1.2Br1.8,0,0.6,0.4,0,0.3,0.7,1.2,1.8,0
FA0.6Cs0.4Sn0.7Pb0.3Cl1.5Br1.5,0,0.6,0.4,0,0.3,0.7,1.5,1.5,0
FA0.6Cs0.4Sn0.7Pb0.3Cl1.8Br1.2,0,0.6,0.4,0,0.3,0.7,1.8,1.2,0
FA0.6Cs0.4Sn0.7Pb0.3Cl2.1Br0.9,0,0.6,0.4,0,0.3,0.7,2.1,0.9,0
FA0.6Cs0.4Sn0.7Pb0.3Cl2.4Br0.6,0,0.6,0.4,0,0.3,0.7,2.4,0.6,0
FA0.6Cs0.4Sn0.7Pb0.3Cl2.7Br0.3,0,0.6,0.4,0,0.3,0.7,2.7,0.3,0
FA0.6Cs0.4Sn0.7Pb0.3Cl0.3I2.7,0,0.6,0.4,0,0.3,0.7,0.3,0,2.7
FA0.6Cs0.4Sn0.7Pb0.3Cl0.6I2.4,0,0.6,0.4,0,0.3,0.7,0.6,0,2.4
FA0.6Cs0.4Sn0.7Pb0.3Cl0.9I2.1,0,0.6,0.4,0,0.3,0.7,0.9,0,2.1
FA0.6Cs0.4Sn0.7Pb0.3Cl1.2I1.8,0,0.6,0.4,0,0.3,0.7,1.2,0,1.8
FA0.6Cs0.4Sn0.7Pb0.3Cl1.5I1.5,0,0.6,0.4,0,0.3,0.7,1.5,0,1.5
FA0.6Cs0.4Sn0.7Pb0.3Cl1.8I1.2,0,0.6,0.4,0,0.3,0.7,1.8,0,1.2
FA0.6Cs0.4Sn0.7Pb0.3Cl2.1I0.9,0,0.6,0.4,0,0.3,0.7,2.1,0,0.9
FA0.6Cs0.4Sn0.7Pb0.3Cl2.4I0.6,0,0.6,0.4,0,0.3,0.7,2.4,0,0.6
FA0.6Cs0.4Sn0.7Pb0.3Cl2.7I0.3,0,0.6,0.4,0,0.3,0.7,2.7,0,0.3
FA0.6Cs0.4Sn0.7Pb0.3Br0.3I2.7,0,0.6,0.4,0,0.3,0.7,0,0.3,2.7
FA0.6Cs0.4Sn0.7Pb0.3Br0.6I2.4,0,0.6,0.4,0,0.3,0.7,0,0.6,2.4
FA0.6Cs0.4Sn0.7Pb0.3Br0.9I2.1,0,0.6,0.4,0,0.3,0.7,0,0.9,2.1
FA0.6Cs0.4Sn0.7Pb0.3Br1.2I1.8,0,0.6,0.4,0,0.3,0.7,0,1.2,1.8
FA0.6Cs0.4Sn0.7Pb0.3Br1.5I1.5,0,0.6,0.4,0,0.3,0.7,0,1.5,1.5
FA0.6Cs0.4Sn0.7Pb0.3Br1.8I1.2,0,0.6,0.4,0,0.3,0.7,0,1.8,1.2
FA0.6Cs0.4Sn0.7Pb0.3Br2.1I0.9,0,0.6,0.4,0,0.3,0.7,0,2.1,0.9
FA0.6Cs0.4Sn0.7Pb0.3Br2.4I0.6,0,0.6,0.4,0,0.3,0.7,0,2.4,0.6
FA0.6Cs0.4Sn0.7Pb0.3Br2.7I0.3,0,0.6,0.4,0,0.3,0.7,0,2.7,0.3
FA0.6Cs0.4Sn0.6Pb0.4Cl0.3Br2.7,0,0.6,0.4,0,0.4,0.6,0.3,2.7,0
FA0.6Cs0.4Sn0.6Pb0.4Cl0.6Br2.4,0,0.6,0.4,0,0.4,0.6,0.6,2.4,0
FA0.6Cs0.4Sn0.6Pb0.4Cl0.9Br2.1,0,0.6,0.4,0,0.4,0.6,0.9,2.1,0
FA0.6Cs0.4Sn0.6Pb0.4Cl1.2Br1.8,0,0.6,0.4,0,0.4,0.6,1.2,1.8,0
FA0.6Cs0.4Sn0.6Pb0.4Cl1.5Br1.5,0,0.6,0.4,0,0.4,0.6,1.5,1.5,0
FA0.6Cs0.4Sn0.6Pb0.4Cl1.8Br1.2,0,0.6,0.4,0,0.4,0.6,1.8,1.2,0
FA0.6Cs0.4Sn0.6Pb0.4Cl2.1Br0.9,0,0.6,0.4,0,0.4,0.6,2.1,0.9,0
FA0.6Cs0.4Sn0.6Pb0.4Cl2.4Br0.6,0,0.6,0.4,0,0.4,0.6,2.4,0.6,0
FA0.6Cs0.4Sn0.6Pb0.4Cl2.7Br0.3,0,0.6,0.4,0,0.4,0.6,2.7,0.3,0
FA0.6Cs0.4Sn0.6Pb0.4Cl0.3I2.7,0,0.6,0.4,0,0.4,0.6,0.3,0,2.7
FA0.6Cs0.4Sn0.6Pb0.4Cl0.6I2.4,0,0.6,0.4,0,0.4,0.6,0.6,0,2.4
FA0.6Cs0.4Sn0.6Pb0.4Cl0.9I2.1,0,0.6,0.4,0,0.4,0.6,0.9,0,2.1
FA0.6Cs0.4Sn0.6Pb0.4Cl1.2I1.8,0,0.6,0.4,0,0.4,0.6,1.2,0,1.8
FA0.6Cs0.4Sn0.6Pb0.4Cl1.5I1.5,0,0.6,0.4,0,0.4,0.6,1.5,0,1.5
FA0.6Cs0.4Sn0.6Pb0.4Cl1.8I1.2,0,0.6,0.4,0,0.4,0.6,1.8,0,1.2
FA0.6Cs0.4Sn0.6Pb0.4Cl2.1I0.9,0,0.6,0.4,0,0.4,0.6,2.1,0,0.9
FA0.6Cs0.4Sn0.6Pb0.4Cl2.4I0.6,0,0.6,0.4,0,0.4,0.6,2.4,0,0.6
FA0.6Cs0.4Sn0.6Pb0.4Cl2.7I0.3,0,0.6,0.4,0,0.4,0.6,2.7,0,0.3
FA0.6Cs0.4Sn0.6Pb0.4Br0.3I2.7,0,0.6,0.4,0,0.4,0.6,0,0.3,2.7
FA0.6Cs0.4Sn0.6Pb0.4Br0.6I2.4,0,0.6,0.4,0,0.4,0.6,0,0.6,2.4
FA0.6Cs0.4Sn0.6Pb0.4Br0.9I2.1,0,0.6,0.4,0,0.4,0.6,0,0.9,2.1
FA0.6Cs0.4Sn0.6Pb0.4Br1.2I1.8,0,0.6,0.4,0,0.4,0.6,0,1.2,1.8
FA0.6Cs0.4Sn0.6Pb0.4Br1.5I1.5,0,0.6,0.4,0,0.4,0.6,0,1.5,1.5
FA0.6Cs0.4Sn0.6Pb0.4Br1.8I1.2,0,0.6,0.4,0,0.4,0.6,0,1.8,1.2
FA0.6Cs0.4Sn0.6Pb0.4Br2.1I0.9,0,0.6,0.4,0,0.4,0.6,0,2.1,0.9
FA0.6Cs0.4Sn0.6Pb0.4Br2.4I0.6,0,0.6,0.4,0,0.4,0.6,0,2.4,0.6
FA0.6Cs0.4Sn0.6Pb0.4Br2.7I0.3,0,0.6,0.4,0,0.4,0.6,0,2.7,0.3
FA0.6Cs0.4Sn0.5Pb0.5Cl0.3Br2.7,0,0.6,0.4,0,0.5,0.5,0.3,2.7,0
FA0.6Cs0.4Sn0.5Pb0.5Cl0.6Br2.4,0,0.6,0.4,0,0.5,0.5,0.6,2.4,0
FA0.6Cs0.4Sn0.5Pb0.5Cl0.9Br2.1,0,0.6,0.4,0,0.5,0.5,0.9,2.1,0
FA0.6Cs0.4Sn0.5Pb0.5Cl1.2Br1.8,0,0.6,0.4,0,0.5,0.5,1.2,1.8,0
FA0.6Cs0.4Sn0.5Pb0.5Cl1.5Br1.5,0,0.6,0.4,0,0.5,0.5,1.5,1.5,0
FA0.6Cs0.4Sn0.5Pb0.5Cl1.8Br1.2,0,0.6,0.4,0,0.5,0.5,1.8,1.2,0
FA0.6Cs0.4Sn0.5Pb0.5Cl2.1Br0.9,0,0.6,0.4,0,0.5,0.5,2.1,0.9,0
FA0.6Cs0.4Sn0.5Pb0.5Cl2.4Br0.6,0,0.6,0.4,0,0.5,0.5,2.4,0.6,0
FA0.6Cs0.4Sn0.5Pb0.5Cl2.7Br0.3,0,0.6,0.4,0,0.5,0.5,2.7,0.3,0
FA0.6Cs0.4Sn0.5Pb0.5Cl0.3I2.7,0,0.6,0.4,0,0.5,0.5,0.3,0,2.7
FA0.6Cs0.4Sn0.5Pb0.5Cl0.6I2.4,0,0.6,0.4,0,0.5,0.5,0.6,0,2.4
FA0.6Cs0.4Sn0.5Pb0.5Cl0.9I2.1,0,0.6,0.4,0,0.5,0.5,0.9,0,2.1
FA0.6Cs0.4Sn0.5Pb0.5Cl1.2I1.8,0,0.6,0.4,0,0.5,0.5,1.2,0,1.8
FA0.6Cs0.4Sn0.5Pb0.5Cl1.5I1.5,0,0.6,0.4,0,0.5,0.5,1.5,0,1.5
FA0.6Cs0.4Sn0.5Pb0.5Cl1.8I1.2,0,0.6,0.4,0,0.5,0.5,1.8,0,1.2
FA0.6Cs0.4Sn0.5Pb0.5Cl2.1I0.9,0,0.6,0.4,0,0.5,0.5,2.1,0,0.9
FA0.6Cs0.4Sn0.5Pb0.5Cl2.4I0.6,0,0.6,0.4,0,0.5,0.5,2.4,0,0.6
FA0.6Cs0.4Sn0.5Pb0.5Cl2.7I0.3,0,0.6,0.4,0,0.5,0.5,2.7,0,0.3
FA0.6Cs0.4Sn0.5Pb0.5Br0.3I2.7,0,0.6,0.4,0,0.5,0.5,0,0.3,2.7
FA0.6Cs0.4Sn0.5Pb0.5Br0.6I2.4,0,0.6,0.4,0,0.5,0.5,0,0.6,2.4
FA0.6Cs0.4Sn0.5Pb0.5Br0.9I2.1,0,0.6,0.4,0,0.5,0.5,0,0.9,2.1
FA0.6Cs0.4Sn0.5Pb0.5Br1.2I1.8,0,0.6,0.4,0,0.5,0.5,0,1.2,1.8
FA0.6Cs0.4Sn0.5Pb0.5Br1.5I1.5,0,0.6,0.4,0,0.5,0.5,0,1.5,1.5
FA0.6Cs0.4Sn0.5Pb0.5Br1.8I1.2,0,0.6,0.4,0,0.5,0.5,0,1.8,1.2
FA0.6Cs0.4Sn0.5Pb0.5Br2.1I0.9,0,0.6,0.4,0,0.5,0.5,0,2.1,0.9
FA0.6Cs0.4Sn0.5Pb0.5Br2.4I0.6,0,0.6,0.4,0,0.5,0.5,0,2.4,0.6
FA0.6Cs0.4Sn0.5Pb0.5Br2.7I0.3,0,0.6,0.4,0,0.5,0.5,0,2.7,0.3
FA0.6Cs0.4Sn0.4Pb0.6Cl0.3Br2.7,0,0.6,0.4,0,0.6,0.4,0.3,2.7,0
FA0.6Cs0.4Sn0.4Pb0.6Cl0.6Br2.4,0,0.6,0.4,0,0.6,0.4,0.6,2.4,0
FA0.6Cs0.4Sn0.4Pb0.6Cl0.9Br2.1,0,0.6,0.4,0,0.6,0.4,0.9,2.1,0
FA0.6Cs0.4Sn0.4Pb0.6Cl1.2Br1.8,0,0.6,0.4,0,0.6,0.4,1.2,1.8,0
FA0.6Cs0.4Sn0.4Pb0.6Cl1.5Br1.5,0,0.6,0.4,0,0.6,0.4,1.5,1.5,0
FA0.6Cs0.4Sn0.4Pb0.6Cl1.8Br1.2,0,0.6,0.4,0,0.6,0.4,1.8,1.2,0
FA0.6Cs0.4Sn0.4Pb0.6Cl2.1Br0.9,0,0.6,0.4,0,0.6,0.4,2.1,0.9,0
FA0.6Cs0.4Sn0.4Pb0.6Cl2.4Br0.6,0,0.6,0.4,0,0.6,0.4,2.4,0.6,0
FA0.6Cs0.4Sn0.4Pb0.6Cl2.7Br0.3,0,0.6,0.4,0,0.6,0.4,2.7,0.3,0
FA0.6Cs0.4Sn0.4Pb0.6Cl0.3I2.7,0,0.6,0.4,0,0.6,0.4,0.3,0,2.7
FA0.6Cs0.4Sn0.4Pb0.6Cl0.6I2.4,0,0.6,0.4,0,0.6,0.4,0.6,0,2.4
FA0.6Cs0.4Sn0.4Pb0.6Cl0.9I2.1,0,0.6,0.4,0,0.6,0.4,0.9,0,2.1
FA0.6Cs0.4Sn0.4Pb0.6Cl1.2I1.8,0,0.6,0.4,0,0.6,0.4,1.2,0,1.8
FA0.6Cs0.4Sn0.4Pb0.6Cl1.5I1.5,0,0.6,0.4,0,0.6,0.4,1.5,0,1.5
FA0.6Cs0.4Sn0.4Pb0.6Cl1.8I1.2,0,0.6,0.4,0,0.6,0.4,1.8,0,1.2
FA0.6Cs0.4Sn0.4Pb0.6Cl2.1I0.9,0,0.6,0.4,0,0.6,0.4,2.1,0,0.9
FA0.6Cs0.4Sn0.4Pb0.6Cl2.4I0.6,0,0.6,0.4,0,0.6,0.4,2.4,0,0.6
FA0.6Cs0.4Sn0.4Pb0.6Cl2.7I0.3,0,0.6,0.4,0,0.6,0.4,2.7,0,0.3
FA0.6Cs0.4Sn0.4Pb0.6Br0.3I2.7,0,0.6,0.4,0,0.6,0.4,0,0.3,2.7
FA0.6Cs0.4Sn0.4Pb0.6Br0.6I2.4,0,0.6,0.4,0,0.6,0.4,0,0.6,2.4
FA0.6Cs0.4Sn0.4Pb0.6Br0.9I2.1,0,0.6,0.4,0,0.6,0.4,0,0.9,2.1
FA0.6Cs0.4Sn0.4Pb0.6Br1.2I1.8,0,0.6,0.4,0,0.6,0.4,0,1.2,1.8
FA0.6Cs0.4Sn0.4Pb0.6Br1.5I1.5,0,0.6,0.4,0,0.6,0.4,0,1.5,1.5
FA0.6Cs0.4Sn0.4Pb0.6Br1.8I1.2,0,0.6,0.4,0,0.6,0.4,0,1.8,1.2
FA0.6Cs0.4Sn0.4Pb0.6Br2.1I0.9,0,0.6,0.4,0,0.6,0.4,0,2.1,0.9
FA0.6Cs0.4Sn0.4Pb0.6Br2.4I0.6,0,0.6,0.4,0,0.6,0.4,0,2.4,0.6
FA0.6Cs0.4Sn0.4Pb0.6Br2.7I0.3,0,0.6,0.4,0,0.6,0.4,0,2.7,0.3
FA0.6Cs0.4Sn0.3Pb0.7Cl0.3Br2.7,0,0.6,0.4,0,0.7,0.3,0.3,2.7,0
FA0.6Cs0.4Sn0.3Pb0.7Cl0.6Br2.4,0,0.6,0.4,0,0.7,0.3,0.6,2.4,0
FA0.6Cs0.4Sn0.3Pb0.7Cl0.9Br2.1,0,0.6,0.4,0,0.7,0.3,0.9,2.1,0
FA0.6Cs0.4Sn0.3Pb0.7Cl1.2Br1.8,0,0.6,0.4,0,0.7,0.3,1.2,1.8,0
FA0.6Cs0.4Sn0.3Pb0.7Cl1.5Br1.5,0,0.6,0.4,0,0.7,0.3,1.5,1.5,0
FA0.6Cs0.4Sn0.3Pb0.7Cl1.8Br1.2,0,0.6,0.4,0,0.7,0.3,1.8,1.2,0
FA0.6Cs0.4Sn0.3Pb0.7Cl2.1Br0.9,0,0.6,0.4,0,0.7,0.3,2.1,0.9,0
FA0.6Cs0.4Sn0.3Pb0.7Cl2.4Br0.6,0,0.6,0.4,0,0.7,0.3,2.4,0.6,0
FA0.6Cs0.4Sn0.3Pb0.7Cl2.7Br0.3,0,0.6,0.4,0,0.7,0.3,2.7,0.3,0
FA0.6Cs0.4Sn0.3Pb0.7Cl0.3I2.7,0,0.6,0.4,0,0.7,0.3,0.3,0,2.7
FA0.6Cs0.4Sn0.3Pb0.7Cl0.6I2.4,0,0.6,0.4,0,0.7,0.3,0.6,0,2.4
FA0.6Cs0.4Sn0.3Pb0.7Cl0.9I2.1,0,0.6,0.4,0,0.7,0.3,0.9,0,2.1
FA0.6Cs0.4Sn0.3Pb0.7Cl1.2I1.8,0,0.6,0.4,0,0.7,0.3,1.2,0,1.8
FA0.6Cs0.4Sn0.3Pb0.7Cl1.5I1.5,0,0.6,0.4,0,0.7,0.3,1.5,0,1.5
FA0.6Cs0.4Sn0.3Pb0.7Cl1.8I1.2,0,0.6,0.4,0,0.7,0.3,1.8,0,1.2
FA0.6Cs0.4Sn0.3Pb0.7Cl2.1I0.9,0,0.6,0.4,0,0.7,0.3,2.1,0,0.9
FA0.6Cs0.4Sn0.3Pb0.7Cl2.4I0.6,0,0.6,0.4,0,0.7,0.3,2.4,0,0.6
FA0.6Cs0.4Sn0.3Pb0.7Cl2.7I0.3,0,0.6,0.4,0,0.7,0.3,2.7,0,0.3
FA0.6Cs0.4Sn0.3Pb0.7Br0.3I2.7,0,0.6,0.4,0,0.7,0.3,0,0.3,2.7
FA0.6Cs0.4Sn0.3Pb0.7Br0.6I2.4,0,0.6,0.4,0,0.7,0.3,0,0.6,2.4
FA0.6Cs0.4Sn0.3Pb0.7Br0.9I2.1,0,0.6,0.4,0,0.7,0.3,0,0.9,2.1
FA0.6Cs0.4Sn0.3Pb0.7Br1.2I1.8,0,0.6,0.4,0,0.7,0.3,0,1.2,1.8
FA0.6Cs0.4Sn0.3Pb0.7Br1.5I1.5,0,0.6,0.4,0,0.7,0.3,0,1.5,1.5
FA0.6Cs0.4Sn0.3Pb0.7Br1.8I1.2,0,0.6,0.4,0,0.7,0.3,0,1.8,1.2
FA0.6Cs0.4Sn0.3Pb0.7Br2.1I0.9,0,0.6,0.4,0,0.7,0.3,0,2.1,0.9
FA0.6Cs0.4Sn0.3Pb0.7Br2.4I0.6,0,0.6,0.4,0,0.7,0.3,0,2.4,0.6
FA0.6Cs0.4Sn0.3Pb0.7Br2.7I0.3,0,0.6,0.4,0,0.7,0.3,0,2.7,0.3
FA0.6Cs0.4Sn0.2Pb0.8Cl0.3Br2.7,0,0.6,0.4,0,0.8,0.2,0.3,2.7,0
FA0.6Cs0.4Sn0.2Pb0.8Cl0.6Br2.4,0,0.6,0.4,0,0.8,0.2,0.6,2.4,0
FA0.6Cs0.4Sn0.2Pb0.8Cl0.9Br2.1,0,0.6,0.4,0,0.8,0.2,0.9,2.1,0
FA0.6Cs0.4Sn0.2Pb0.8Cl1.2Br1.8,0,0.6,0.4,0,0.8,0.2,1.2,1.8,0
FA0.6Cs0.4Sn0.2Pb0.8Cl1.5Br1.5,0,0.6,0.4,0,0.8,0.2,1.5,1.5,0
FA0.6Cs0.4Sn0.2Pb0.8Cl1.8Br1.2,0,0.6,0.4,0,0.8,0.2,1.8,1.2,0
FA0.6Cs0.4Sn0.2Pb0.8Cl2.1Br0.9,0,0.6,0.4,0,0.8,0.2,2.1,0.9,0
FA0.6Cs0.4Sn0.2Pb0.8Cl2.4Br0.6,0,0.6,0.4,0,0.8,0.2,2.4,0.6,0
FA0.6Cs0.4Sn0.2Pb0.8Cl2.7Br0.3,0,0.6,0.4,0,0.8,0.2,2.7,0.3,0
FA0.6Cs0.4Sn0.2Pb0.8Cl0.3I2.7,0,0.6,0.4,0,0.8,0.2,0.3,0,2.7
FA0.6Cs0.4Sn0.2Pb0.8Cl0.6I2.4,0,0.6,0.4,0,0.8,0.2,0.6,0,2.4
FA0.6Cs0.4Sn0.2Pb0.8Cl0.9I2.1,0,0.6,0.4,0,0.8,0.2,0.9,0,2.1
FA0.6Cs0.4Sn0.2Pb0.8Cl1.2I1.8,0,0.6,0.4,0,0.8,0.2,1.2,0,1.8
FA0.6Cs0.4Sn0.2Pb0.8Cl1.5I1.5,0,0.6,0.4,0,0.8,0.2,1.5,0,1.5
FA0.6Cs0.4Sn0.2Pb0.8Cl1.8I1.2,0,0.6,0.4,0,0.8,0.2,1.8,0,1.2
FA0.6Cs0.4Sn0.2Pb0.8Cl2.1I0.9,0,0.6,0.4,0,0.8,0.2,2.1,0,0.9
FA0.6Cs0.4Sn0.2Pb0.8Cl2.4I0.6,0,0.6,0.4,0,0.8,0.2,2.4,0,0.6
FA0.6Cs0.4Sn0.2Pb0.8Cl2.7I0.3,0,0.6,0.4,0,0.8,0.2,2.7,0,0.3
FA0.6Cs0.4Sn0.2Pb0.8Br0.3I2.7,0,0.6,0.4,0,0.8,0.2,0,0.3,2.7
FA0.6Cs0.4Sn0.2Pb0.8Br0.6I2.4,0,0.6,0.4,0,0.8,0.2,0,0.6,2.4
FA0.6Cs0.4Sn0.2Pb0.8Br0.9I2.1,0,0.6,0.4,0,0.8,0.2,0,0.9,2.1
FA0.6Cs0.4Sn0.2Pb0.8Br1.2I1.8,0,0.6,0.4,0,0.8,0.2,0,1.2,1.8
FA0.6Cs0.4Sn0.2Pb0.8Br1.5I1.5,0,0.6,0.4,0,0.8,0.2,0,1.5,1.5
FA0.6Cs0.4Sn0.2Pb0.8Br1.8I1.2,0,0.6,0.4,0,0.8,0.2,0,1.8,1.2
FA0.6Cs0.4Sn0.2Pb0.8Br2.1I0.9,0,0.6,0.4,0,0.8,0.2,0,2.1,0.9
FA0.6Cs0.4Sn0.2Pb0.8Br2.4I0.6,0,0.6,0.4,0,0.8,0.2,0,2.4,0.6
FA0.6Cs0.4Sn0.2Pb0.8Br2.7I0.3,0,0.6,0.4,0,0.8,0.2,0,2.7,0.3
FA0.6Cs0.4Sn0.1Pb0.9Cl0.3Br2.7,0,0.6,0.4,0,0.9,0.1,0.3,2.7,0
FA0.6Cs0.4Sn0.1Pb0.9Cl0.6Br2.4,0,0.6,0.4,0,0.9,0.1,0.6,2.4,0
FA0.6Cs0.4Sn0.1Pb0.9Cl0.9Br2.1,0,0.6,0.4,0,0.9,0.1,0.9,2.1,0
FA0.6Cs0.4Sn0.1Pb0.9Cl1.2Br1.8,0,0.6,0.4,0,0.9,0.1,1.2,1.8,0
FA0.6Cs0.4Sn0.1Pb0.9Cl1.5Br1.5,0,0.6,0.4,0,0.9,0.1,1.5,1.5,0
FA0.6Cs0.4Sn0.1Pb0.9Cl1.8Br1.2,0,0.6,0.4,0,0.9,0.1,1.8,1.2,0
FA0.6Cs0.4Sn0.1Pb0.9Cl2.1Br0.9,0,0.6,0.4,0,0.9,0.1,2.1,0.9,0
FA0.6Cs0.4Sn0.1Pb0.9Cl2.4Br0.6,0,0.6,0.4,0,0.9,0.1,2.4,0.6,0
FA0.6Cs0.4Sn0.1Pb0.9Cl2.7Br0.3,0,0.6,0.4,0,0.9,0.1,2.7,0.3,0
FA0.6Cs0.4Sn0.1Pb0.9Cl0.3I2.7,0,0.6,0.4,0,0.9,0.1,0.3,0,2.7
FA0.6Cs0.4Sn0.1Pb0.9Cl0.6I2.4,0,0.6,0.4,0,0.9,0.1,0.6,0,2.4
FA0.6Cs0.4Sn0.1Pb0.9Cl0.9I2.1,0,0.6,0.4,0,0.9,0.1,0.9,0,2.1
FA0.6Cs0.4Sn0.1Pb0.9Cl1.2I1.8,0,0.6,0.4,0,0.9,0.1,1.2,0,1.8
FA0.6Cs0.4Sn0.1Pb0.9Cl1.5I1.5,0,0.6,0.4,0,0.9,0.1,1.5,0,1.5
FA0.6Cs0.4Sn0.1Pb0.9Cl1.8I1.2,0,0.6,0.4,0,0.9,0.1,1.8,0,1.2
FA0.6Cs0.4Sn0.1Pb0.9Cl2.1I0.9,0,0.6,0.4,0,0.9,0.1,2.1,0,0.9
FA0.6Cs0.4Sn0.1Pb0.9Cl2.4I0.6,0,0.6,0.4,0,0.9,0.1,2.4,0,0.6
FA0.6Cs0.4Sn0.1Pb0.9Cl2.7I0.3,0,0.6,0.4,0,0.9,0.1,2.7,0,0.3
FA0.6Cs0.4Sn0.1Pb0.9Br0.3I2.7,0,0.6,0.4,0,0.9,0.1,0,0.3,2.7
FA0.6Cs0.4Sn0.1Pb0.9Br0.6I2.4,0,0.6,0.4,0,0.9,0.1,0,0.6,2.4
FA0.6Cs0.4Sn0.1Pb0.9Br0.9I2.1,0,0.6,0.4,0,0.9,0.1,0,0.9,2.1
FA0.6Cs0.4Sn0.1Pb0.9Br1.2I1.8,0,0.6,0.4,0,0.9,0.1,0,1.2,1.8
FA0.6Cs0.4Sn0.1Pb0.9Br1.5I1.5,0,0.6,0.4,0,0.9,0.1,0,1.5,1.5
FA0.6Cs0.4Sn0.1Pb0.9Br1.8I1.2,0,0.6,0.4,0,0.9,0.1,0,1.8,1.2
FA0.6Cs0.4Sn0.1Pb0.9Br2.1I0.9,0,0.6,0.4,0,0.9,0.1,0,2.1,0.9
FA0.6Cs0.4Sn0.1Pb0.9Br2.4I0.6,0,0.6,0.4,0,0.9,0.1,0,2.4,0.6
FA0.6Cs0.4Sn0.1Pb0.9Br2.7I0.3,0,0.6,0.4,0,0.9,0.1,0,2.7,0.3
FA0.7Cs0.3Sn0.9Pb0.1Cl0.3Br2.7,0,0.7,0.3,0,0.1,0.9,0.3,2.7,0
FA0.7Cs0.3Sn0.9Pb0.1Cl0.6Br2.4,0,0.7,0.3,0,0.1,0.9,0.6,2.4,0
FA0.7Cs0.3Sn0.9Pb0.1Cl0.9Br2.1,0,0.7,0.3,0,0.1,0.9,0.9,2.1,0
FA0.7Cs0.3Sn0.9Pb0.1Cl1.2Br1.8,0,0.7,0.3,0,0.1,0.9,1.2,1.8,0
FA0.7Cs0.3Sn0.9Pb0.1Cl1.5Br1.5,0,0.7,0.3,0,0.1,0.9,1.5,1.5,0
FA0.7Cs0.3Sn0.9Pb0.1Cl1.8Br1.2,0,0.7,0.3,0,0.1,0.9,1.8,1.2,0
FA0.7Cs0.3Sn0.9Pb0.1Cl2.1Br0.9,0,0.7,0.3,0,0.1,0.9,2.1,0.9,0
FA0.7Cs0.3Sn0.9Pb0.1Cl2.4Br0.6,0,0.7,0.3,0,0.1,0.9,2.4,0.6,0
FA0.7Cs0.3Sn0.9Pb0.1Cl2.7Br0.3,0,0.7,0.3,0,0.1,0.9,2.7,0.3,0
FA0.7Cs0.3Sn0.9Pb0.1Cl0.3I2.7,0,0.7,0.3,0,0.1,0.9,0.3,0,2.7
FA0.7Cs0.3Sn0.9Pb0.1Cl0.6I2.4,0,0.7,0.3,0,0.1,0.9,0.6,0,2.4
FA0.7Cs0.3Sn0.9Pb0.1Cl0.9I2.1,0,0.7,0.3,0,0.1,0.9,0.9,0,2.1
FA0.7Cs0.3Sn0.9Pb0.1Cl1.2I1.8,0,0.7,0.3,0,0.1,0.9,1.2,0,1.8
FA0.7Cs0.3Sn0.9Pb0.1Cl1.5I1.5,0,0.7,0.3,0,0.1,0.9,1.5,0,1.5
FA0.7Cs0.3Sn0.9Pb0.1Cl1.8I1.2,0,0.7,0.3,0,0.1,0.9,1.8,0,1.2
FA0.7Cs0.3Sn0.9Pb0.1Cl2.1I0.9,0,0.7,0.3,0,0.1,0.9,2.1,0,0.9
FA0.7Cs0.3Sn0.9Pb0.1Cl2.4I0.6,0,0.7,0.3,0,0.1,0.9,2.4,0,0.6
FA0.7Cs0.3Sn0.9Pb0.1Cl2.7I0.3,0,0.7,0.3,0,0.1,0.9,2.7,0,0.3
FA0.7Cs0.3Sn0.9Pb0.1Br0.3I2.7,0,0.7,0.3,0,0.1,0.9,0,0.3,2.7
FA0.7Cs0.3Sn0.9Pb0.1Br0.6I2.4,0,0.7,0.3,0,0.1,0.9,0,0.6,2.4
FA0.7Cs0.3Sn0.9Pb0.1Br0.9I2.1,0,0.7,0.3,0,0.1,0.9,0,0.9,2.1
FA0.7Cs0.3Sn0.9Pb0.1Br1.2I1.8,0,0.7,0.3,0,0.1,0.9,0,1.2,1.8
FA0.7Cs0.3Sn0.9Pb0.1Br1.5I1.5,0,0.7,0.3,0,0.1,0.9,0,1.5,1.5
FA0.7Cs0.3Sn0.9Pb0.1Br1.8I1.2,0,0.7,0.3,0,0.1,0.9,0,1.8,1.2
FA0.7Cs0.3Sn0.9Pb0.1Br2.1I0.9,0,0.7,0.3,0,0.1,0.9,0,2.1,0.9
FA0.7Cs0.3Sn0.9Pb0.1Br2.4I0.6,0,0.7,0.3,0,0.1,0.9,0,2.4,0.6
FA0.7Cs0.3Sn0.9Pb0.1Br2.7I0.3,0,0.7,0.3,0,0.1,0.9,0,2.7,0.3
FA0.7Cs0.3Sn0.8Pb0.2Cl0.3Br2.7,0,0.7,0.3,0,0.2,0.8,0.3,2.7,0
FA0.7Cs0.3Sn0.8Pb0.2Cl0.6Br2.4,0,0.7,0.3,0,0.2,0.8,0.6,2.4,0
FA0.7Cs0.3Sn0.8Pb0.2Cl0.9Br2.1,0,0.7,0.3,0,0.2,0.8,0.9,2.1,0
FA0.7Cs0.3Sn0.8Pb0.2Cl1.2Br1.8,0,0.7,0.3,0,0.2,0.8,1.2,1.8,0
FA0.7Cs0.3Sn0.8Pb0.2Cl1.5Br1.5,0,0.7,0.3,0,0.2,0.8,1.5,1.5,0
FA0.7Cs0.3Sn0.8Pb0.2Cl1.8Br1.2,0,0.7,0.3,0,0.2,0.8,1.8,1.2,0
FA0.7Cs0.3Sn0.8Pb0.2Cl2.1Br0.9,0,0.7,0.3,0,0.2,0.8,2.1,0.9,0
FA0.7Cs0.3Sn0.8Pb0.2Cl2.4Br0.6,0,0.7,0.3,0,0.2,0.8,2.4,0.6,0
FA0.7Cs0.3Sn0.8Pb0.2Cl2.7Br0.3,0,0.7,0.3,0,0.2,0.8,2.7,0.3,0
FA0.7Cs0.3Sn0.8Pb0.2Cl0.3I2.7,0,0.7,0.3,0,0.2,0.8,0.3,0,2.7
FA0.7Cs0.3Sn0.8Pb0.2Cl0.6I2.4,0,0.7,0.3,0,0.2,0.8,0.6,0,2.4
FA0.7Cs0.3Sn0.8Pb0.2Cl0.9I2.1,0,0.7,0.3,0,0.2,0.8,0.9,0,2.1
FA0.7Cs0.3Sn0.8Pb0.2Cl1.2I1.8,0,0.7,0.3,0,0.2,0.8,1.2,0,1.8
FA0.7Cs0.3Sn0.8Pb0.2Cl1.5I1.5,0,0.7,0.3,0,0.2,0.8,1.5,0,1.5
FA0.7Cs0.3Sn0.8Pb0.2Cl1.8I1.2,0,0.7,0.3,0,0.2,0.8,1.8,0,1.2
FA0.7Cs0.3Sn0.8Pb0.2Cl2.1I0.9,0,0.7,0.3,0,0.2,0.8,2.1,0,0.9
FA0.7Cs0.3Sn0.8Pb0.2Cl2.4I0.6,0,0.7,0.3,0,0.2,0.8,2.4,0,0.6
FA0.7Cs0.3Sn0.8Pb0.2Cl2.7I0.3,0,0.7,0.3,0,0.2,0.8,2.7,0,0.3
FA0.7Cs0.3Sn0.8Pb0.2Br0.3I2.7,0,0.7,0.3,0,0.2,0.8,0,0.3,2.7
FA0.7Cs0.3Sn0.8Pb0.2Br0.6I2.4,0,0.7,0.3,0,0.2,0.8,0,0.6,2.4
FA0.7Cs0.3Sn0.8Pb0.2Br0.9I2.1,0,0.7,0.3,0,0.2,0.8,0,0.9,2.1
FA0.7Cs0.3Sn0.8Pb0.2Br1.2I1.8,0,0.7,0.3,0,0.2,0.8,0,1.2,1.8
FA0.7Cs0.3Sn0.8Pb0.2Br1.5I1.5,0,0.7,0.3,0,0.2,0.8,0,1.5,1.5
FA0.7Cs0.3Sn0.8Pb0.2Br1.8I1.2,0,0.7,0.3,0,0.2,0.8,0,1.8,1.2
FA0.7Cs0.3Sn0.8Pb0.2Br2.1I0.9,0,0.7,0.3,0,0.2,0.8,0,2.1,0.9
FA0.7Cs0.3Sn0.8Pb0.2Br2.4I0.6,0,0.7,0.3,0,0.2,0.8,0,2.4,0.6
FA0.7Cs0.3Sn0.8Pb0.2Br2.7I0.3,0,0.7,0.3,0,0.2,0.8,0,2.7,0.3
FA0.7Cs0.3Sn0.7Pb0.3Cl0.3Br2.7,0,0.7,0.3,0,0.3,0.7,0.3,2.7,0
FA0.7Cs0.3Sn0.7Pb0.3Cl0.6Br2.4,0,0.7,0.3,0,0.3,0.7,0.6,2.4,0
FA0.7Cs0.3Sn0.7Pb0.3Cl0.9Br2.1,0,0.7,0.3,0,0.3,0.7,0.9,2.1,0
FA0.7Cs0.3Sn0.7Pb0.3Cl1.2Br1.8,0,0.7,0.3,0,0.3,0.7,1.2,1.8,0
FA0.7Cs0.3Sn0.7Pb0.3Cl1.5Br1.5,0,0.7,0.3,0,0.3,0.7,1.5,1.5,0
FA0.7Cs0.3Sn0.7Pb0.3Cl1.8Br1.2,0,0.7,0.3,0,0.3,0.7,1.8,1.2,0
FA0.7Cs0.3Sn0.7Pb0.3Cl2.1Br0.9,0,0.7,0.3,0,0.3,0.7,2.1,0.9,0
FA0.7Cs0.3Sn0.7Pb0.3Cl2.4Br0.6,0,0.7,0.3,0,0.3,0.7,2.4,0.6,0
FA0.7Cs0.3Sn0.7Pb0.3Cl2.7Br0.3,0,0.7,0.3,0,0.3,0.7,2.7,0.3,0
FA0.7Cs0.3Sn0.7Pb0.3Cl0.3I2.7,0,0.7,0.3,0,0.3,0.7,0.3,0,2.7
FA0.7Cs0.3Sn0.7Pb0.3Cl0.6I2.4,0,0.7,0.3,0,0.3,0.7,0.6,0,2.4
FA0.7Cs0.3Sn0.7Pb0.3Cl0.9I2.1,0,0.7,0.3,0,0.3,0.7,0.9,0,2.1
FA0.7Cs0.3Sn0.7Pb0.3Cl1.2I1.8,0,0.7,0.3,0,0.3,0.7,1.2,0,1.8
FA0.7Cs0.3Sn0.7Pb0.3Cl1.5I1.5,0,0.7,0.3,0,0.3,0.7,1.5,0,1.5
FA0.7Cs0.3Sn0.7Pb0.3Cl1.8I1.2,0,0.7,0.3,0,0.3,0.7,1.8,0,1.2
FA0.7Cs0.3Sn0.7Pb0.3Cl2.1I0.9,0,0.7,0.3,0,0.3,0.7,2.1,0,0.9
FA0.7Cs0.3Sn0.7Pb0.3Cl2.4I0.6,0,0.7,0.3,0,0.3,0.7,2.4,0,0.6
FA0.7Cs0.3Sn0.7Pb0.3Cl2.7I0.3,0,0.7,0.3,0,0.3,0.7,2.7,0,0.3
FA0.7Cs0.3Sn0.7Pb0.3Br0.3I2.7,0,0.7,0.3,0,0.3,0.7,0,0.3,2.7
FA0.7Cs0.3Sn0.7Pb0.3Br0.6I2.4,0,0.7,0.3,0,0.3,0.7,0,0.6,2.4
FA0.7Cs0.3Sn0.7Pb0.3Br0.9I2.1,0,0.7,0.3,0,0.3,0.7,0,0.9,2.1
FA0.7Cs0.3Sn0.7Pb0.3Br1.2I1.8,0,0.7,0.3,0,0.3,0.7,0,1.2,1.8
FA0.7Cs0.3Sn0.7Pb0.3Br1.5I1.5,0,0.7,0.3,0,0.3,0.7,0,1.5,1.5
FA0.7Cs0.3Sn0.7Pb0.3Br1.8I1.2,0,0.7,0.3,0,0.3,0.7,0,1.8,1.2
FA0.7Cs0.3Sn0.7Pb0.3Br2.1I0.9,0,0.7,0.3,0,0.3,0.7,0,2.1,0.9
FA0.7Cs0.3Sn0.7Pb0.3Br2.4I0.6,0,0.7,0.3,0,0.3,0.7,0,2.4,0.6
FA0.7Cs0.3Sn0.7Pb0.3Br2.7I0.3,0,0.7,0.3,0,0.3,0.7,0,2.7,0.3
FA0.7Cs0.3Sn0.6Pb0.4Cl0.3Br2.7,0,0.7,0.3,0,0.4,0.6,0.3,2.7,0
FA0.7Cs0.3Sn0.6Pb0.4Cl0.6Br2.4,0,0.7,0.3,0,0.4,0.6,0.6,2.4,0
FA0.7Cs0.3Sn0.6Pb0.4Cl0.9Br2.1,0,0.7,0.3,0,0.4,0.6,0.9,2.1,0
FA0.7Cs0.3Sn0.6Pb0.4Cl1.2Br1.8,0,0.7,0.3,0,0.4,0.6,1.2,1.8,0
FA0.7Cs0.3Sn0.6Pb0.4Cl1.5Br1.5,0,0.7,0.3,0,0.4,0.6,1.5,1.5,0
FA0.7Cs0.3Sn0.6Pb0.4Cl1.8Br1.2,0,0.7,0.3,0,0.4,0.6,1.8,1.2,0
FA0.7Cs0.3Sn0.6Pb0.4Cl2.1Br0.9,0,0.7,0.3,0,0.4,0.6,2.1,0.9,0
FA0.7Cs0.3Sn0.6Pb0.4Cl2.4Br0.6,0,0.7,0.3,0,0.4,0.6,2.4,0.6,0
FA0.7Cs0.3Sn0.6Pb0.4Cl2.7Br0.3,0,0.7,0.3,0,0.4,0.6,2.7,0.3,0
FA0.7Cs0.3Sn0.6Pb0.4Cl0.3I2.7,0,0.7,0.3,0,0.4,0.6,0.3,0,2.7
FA0.7Cs0.3Sn0.6Pb0.4Cl0.6I2.4,0,0.7,0.3,0,0.4,0.6,0.6,0,2.4
FA0.7Cs0.3Sn0.6Pb0.4Cl0.9I2.1,0,0.7,0.3,0,0.4,0.6,0.9,0,2.1
FA0.7Cs0.3Sn0.6Pb0.4Cl1.2I1.8,0,0.7,0.3,0,0.4,0.6,1.2,0,1.8
FA0.7Cs0.3Sn0.6Pb0.4Cl1.5I1.5,0,0.7,0.3,0,0.4,0.6,1.5,0,1.5
FA0.7Cs0.3Sn0.6Pb0.4Cl1.8I1.2,0,0.7,0.3,0,0.4,0.6,1.8,0,1.2
FA0.7Cs0.3Sn0.6Pb0.4Cl2.1I0.9,0,0.7,0.3,0,0.4,0.6,2.1,0,0.9
FA0.7Cs0.3Sn0.6Pb0.4Cl2.4I0.6,0,0.7,0.3,0,0.4,0.6,2.4,0,0.6
FA0.7Cs0.3Sn0.6Pb0.4Cl2.7I0.3,0,0.7,0.3,0,0.4,0.6,2.7,0,0.3
FA0.7Cs0.3Sn0.6Pb0.4Br0.3I2.7,0,0.7,0.3,0,0.4,0.6,0,0.3,2.7
FA0.7Cs0.3Sn0.6Pb0.4Br0.6I2.4,0,0.7,0.3,0,0.4,0.6,0,0.6,2.4
FA0.7Cs0.3Sn0.6Pb0.4Br0.9I2.1,0,0.7,0.3,0,0.4,0.6,0,0.9,2.1
FA0.7Cs0.3Sn0.6Pb0.4Br1.2I1.8,0,0.7,0.3,0,0.4,0.6,0,1.2,1.8
FA0.7Cs0.3Sn0.6Pb0.4Br1.5I1.5,0,0.7,0.3,0,0.4,0.6,0,1.5,1.5
FA0.7Cs0.3Sn0.6Pb0.4Br1.8I1.2,0,0.7,0.3,0,0.4,0.6,0,1.8,1.2
FA0.7Cs0.3Sn0.6Pb0.4Br2.1I0.9,0,0.7,0.3,0,0.4,0.6,0,2.1,0.9
FA0.7Cs0.3Sn0.6Pb0.4Br2.4I0.6,0,0.7,0.3,0,0.4,0.6,0,2.4,0.6
FA0.7Cs0.3Sn0.6Pb0.4Br2.7I0.3,0,0.7,0.3,0,0.4,0.6,0,2.7,0.3
FA0.7Cs0.3Sn0.5Pb0.5Cl0.3Br2.7,0,0.7,0.3,0,0.5,0.5,0.3,2.7,0
FA0.7Cs0.3Sn0.5Pb0.5Cl0.6Br2.4,0,0.7,0.3,0,0.5,0.5,0.6,2.4,0
FA0.7Cs0.3Sn0.5Pb0.5Cl0.9Br2.1,0,0.7,0.3,0,0.5,0.5,0.9,2.1,0
FA0.7Cs0.3Sn0.5Pb0.5Cl1.2Br1.8,0,0.7,0.3,0,0.5,0.5,1.2,1.8,0
FA0.7Cs0.3Sn0.5Pb0.5Cl1.5Br1.5,0,0.7,0.3,0,0.5,0.5,1.5,1.5,0
FA0.7Cs0.3Sn0.5Pb0.5Cl1.8Br1.2,0,0.7,0.3,0,0.5,0.5,1.8,1.2,0
FA0.7Cs0.3Sn0.5Pb0.5Cl2.1Br0.9,0,0.7,0.3,0,0.5,0.5,2.1,0.9,0
FA0.7Cs0.3Sn0.5Pb0.5Cl2.4Br0.6,0,0.7,0.3,0,0.5,0.5,2.4,0.6,0
FA0.7Cs0.3Sn0.5Pb0.5Cl2.7Br0.3,0,0.7,0.3,0,0.5,0.5,2.7,0.3,0
FA0.7Cs0.3Sn0.5Pb0.5Cl0.3I2.7,0,0.7,0.3,0,0.5,0.5,0.3,0,2.7
FA0.7Cs0.3Sn0.5Pb0.5Cl0.6I2.4,0,0.7,0.3,0,0.5,0.5,0.6,0,2.4
FA0.7Cs0.3Sn0.5Pb0.5Cl0.9I2.1,0,0.7,0.3,0,0.5,0.5,0.9,0,2.1
FA0.7Cs0.3Sn0.5Pb0.5Cl1.2I1.8,0,0.7,0.3,0,0.5,0.5,1.2,0,1.8
FA0.7Cs0.3Sn0.5Pb0.5Cl1.5I1.5,0,0.7,0.3,0,0.5,0.5,1.5,0,1.5
FA0.7Cs0.3Sn0.5Pb0.5Cl1.8I1.2,0,0.7,0.3,0,0.5,0.5,1.8,0,1.2
FA0.7Cs0.3Sn0.5Pb0.5Cl2.1I0.9,0,0.7,0.3,0,0.5,0.5,2.1,0,0.9
FA0.7Cs0.3Sn0.5Pb0.5Cl2.4I0.6,0,0.7,0.3,0,0.5,0.5,2.4,0,0.6
FA0.7Cs0.3Sn0.5Pb0.5Cl2.7I0.3,0,0.7,0.3,0,0.5,0.5,2.7,0,0.3
FA0.7Cs0.3Sn0.5Pb0.5Br0.3I2.7,0,0.7,0.3,0,0.5,0.5,0,0.3,2.7
FA0.7Cs0.3Sn0.5Pb0.5Br0.6I2.4,0,0.7,0.3,0,0.5,0.5,0,0.6,2.4
FA0.7Cs0.3Sn0.5Pb0.5Br0.9I2.1,0,0.7,0.3,0,0.5,0.5,0,0.9,2.1
FA0.7Cs0.3Sn0.5Pb0.5Br1.2I1.8,0,0.7,0.3,0,0.5,0.5,0,1.2,1.8
FA0.7Cs0.3Sn0.5Pb0.5Br1.5I1.5,0,0.7,0.3,0,0.5,0.5,0,1.5,1.5
FA0.7Cs0.3Sn0.5Pb0.5Br1.8I1.2,0,0.7,0.3,0,0.5,0.5,0,1.8,1.2
FA0.7Cs0.3Sn0.5Pb0.5Br2.1I0.9,0,0.7,0.3,0,0.5,0.5,0,2.1,0.9
FA0.7Cs0.3Sn0.5Pb0.5Br2.4I0.6,0,0.7,0.3,0,0.5,0.5,0,2.4,0.6
FA0.7Cs0.3Sn0.5Pb0.5Br2.7I0.3,0,0.7,0.3,0,0.5,0.5,0,2.7,0.3
FA0.7Cs0.3Sn0.4Pb0.6Cl0.3Br2.7,0,0.7,0.3,0,0.6,0.4,0.3,2.7,0
FA0.7Cs0.3Sn0.4Pb0.6Cl0.6Br2.4,0,0.7,0.3,0,0.6,0.4,0.6,2.4,0
FA0.7Cs0.3Sn0.4Pb0.6Cl0.9Br2.1,0,0.7,0.3,0,0.6,0.4,0.9,2.1,0
FA0.7Cs0.3Sn0.4Pb0.6Cl1.2Br1.8,0,0.7,0.3,0,0.6,0.4,1.2,1.8,0
FA0.7Cs0.3Sn0.4Pb0.6Cl1.5Br1.5,0,0.7,0.3,0,0.6,0.4,1.5,1.5,0
FA0.7Cs0.3Sn0.4Pb0.6Cl1.8Br1.2,0,0.7,0.3,0,0.6,0.4,1.8,1.2,0
FA0.7Cs0.3Sn0.4Pb0.6Cl2.1Br0.9,0,0.7,0.3,0,0.6,0.4,2.1,0.9,0
FA0.7Cs0.3Sn0.4Pb0.6Cl2.4Br0.6,0,0.7,0.3,0,0.6,0.4,2.4,0.6,0
FA0.7Cs0.3Sn0.4Pb0.6Cl2.7Br0.3,0,0.7,0.3,0,0.6,0.4,2.7,0.3,0
FA0.7Cs0.3Sn0.4Pb0.6Cl0.3I2.7,0,0.7,0.3,0,0.6,0.4,0.3,0,2.7
FA0.7Cs0.3Sn0.4Pb0.6Cl0.6I2.4,0,0.7,0.3,0,0.6,0.4,0.6,0,2.4
FA0.7Cs0.3Sn0.4Pb0.6Cl0.9I2.1,0,0.7,0.3,0,0.6,0.4,0.9,0,2.1
FA0.7Cs0.3Sn0.4Pb0.6Cl1.2I1.8,0,0.7,0.3,0,0.6,0.4,1.2,0,1.8
FA0.7Cs0.3Sn0.4Pb0.6Cl1.5I1.5,0,0.7,0.3,0,0.6,0.4,1.5,0,1.5
FA0.7Cs0.3Sn0.4Pb0.6Cl1.8I1.2,0,0.7,0.3,0,0.6,0.4,1.8,0,1.2
FA0.7Cs0.3Sn0.4Pb0.6Cl2.1I0.9,0,0.7,0.3,0,0.6,0.4,2.1,0,0.9
FA0.7Cs0.3Sn0.4Pb0.6Cl2.4I0.6,0,0.7,0.3,0,0.6,0.4,2.4,0,0.6
FA0.7Cs0.3Sn0.4Pb0.6Cl2.7I0.3,0,0.7,0.3,0,0.6,0.4,2.7,0,0.3
FA0.7Cs0.3Sn0.4Pb0.6Br0.3I2.7,0,0.7,0.3,0,0.6,0.4,0,0.3,2.7
FA0.7Cs0.3Sn0.4Pb0.6Br0.6I2.4,0,0.7,0.3,0,0.6,0.4,0,0.6,2.4
FA0.7Cs0.3Sn0.4Pb0.6Br0.9I2.1,0,0.7,0.3,0,0.6,0.4,0,0.9,2.1
FA0.7Cs0.3Sn0.4Pb0.6Br1.2I1.8,0,0.7,0.3,0,0.6,0.4,0,1.2,1.8
FA0.7Cs0.3Sn0.4Pb0.6Br1.5I1.5,0,0.7,0.3,0,0.6,0.4,0,1.5,1.5
FA0.7Cs0.3Sn0.4Pb0.6Br1.8I1.2,0,0.7,0.3,0,0.6,0.4,0,1.8,1.2
FA0.7Cs0.3Sn0.4Pb0.6Br2.1I0.9,0,0.7,0.3,0,0.6,0.4,0,2.1,0.9
FA0.7Cs0.3Sn0.4Pb0.6Br2.4I0.6,0,0.7,0.3,0,0.6,0.4,0,2.4,0.6
FA0.7Cs0.3Sn0.4Pb0.6Br2.7I0.3,0,0.7,0.3,0,0.6,0.4,0,2.7,0.3
FA0.7Cs0.3Sn0.3Pb0.7Cl0.3Br2.7,0,0.7,0.3,0,0.7,0.3,0.3,2.7,0
FA0.7Cs0.3Sn0.3Pb0.7Cl0.6Br2.4,0,0.7,0.3,0,0.7,0.3,0.6,2.4,0
FA0.7Cs0.3Sn0.3Pb0.7Cl0.9Br2.1,0,0.7,0.3,0,0.7,0.3,0.9,2.1,0
FA0.7Cs0.3Sn0.3Pb0.7Cl1.2Br1.8,0,0.7,0.3,0,0.7,0.3,1.2,1.8,0
FA0.7Cs0.3Sn0.3Pb0.7Cl1.5Br1.5,0,0.7,0.3,0,0.7,0.3,1.5,1.5,0
FA0.7Cs0.3Sn0.3Pb0.7Cl1.8Br1.2,0,0.7,0.3,0,0.7,0.3,1.8,1.2,0
FA0.7Cs0.3Sn0.3Pb0.7Cl2.1Br0.9,0,0.7,0.3,0,0.7,0.3,2.1,0.9,0
FA0.7Cs0.3Sn0.3Pb0.7Cl2.4Br0.6,0,0.7,0.3,0,0.7,0.3,2.4,0.6,0
FA0.7Cs0.3Sn0.3Pb0.7Cl2.7Br0.3,0,0.7,0.3,0,0.7,0.3,2.7,0.3,0
FA0.7Cs0.3Sn0.3Pb0.7Cl0.3I2.7,0,0.7,0.3,0,0.7,0.3,0.3,0,2.7
FA0.7Cs0.3Sn0.3Pb0.7Cl0.6I2.4,0,0.7,0.3,0,0.7,0.3,0.6,0,2.4
FA0.7Cs0.3Sn0.3Pb0.7Cl0.9I2.1,0,0.7,0.3,0,0.7,0.3,0.9,0,2.1
FA0.7Cs0.3Sn0.3Pb0.7Cl1.2I1.8,0,0.7,0.3,0,0.7,0.3,1.2,0,1.8
FA0.7Cs0.3Sn0.3Pb0.7Cl1.5I1.5,0,0.7,0.3,0,0.7,0.3,1.5,0,1.5
FA0.7Cs0.3Sn0.3Pb0.7Cl1.8I1.2,0,0.7,0.3,0,0.7,0.3,1.8,0,1.2
FA0.7Cs0.3Sn0.3Pb0.7Cl2.1I0.9,0,0.7,0.3,0,0.7,0.3,2.1,0,0.9
FA0.7Cs0.3Sn0.3Pb0.7Cl2.4I0.6,0,0.7,0.3,0,0.7,0.3,2.4,0,0.6
FA0.7Cs0.3Sn0.3Pb0.7Cl2.7I0.3,0,0.7,0.3,0,0.7,0.3,2.7,0,0.3
FA0.7Cs0.3Sn0.3Pb0.7Br0.3I2.7,0,0.7,0.3,0,0.7,0.3,0,0.3,2.7
FA0.7Cs0.3Sn0.3Pb0.7Br0.6I2.4,0,0.7,0.3,0,0.7,0.3,0,0.6,2.4
FA0.7Cs0.3Sn0.3Pb0.7Br0.9I2.1,0,0.7,0.3,0,0.7,0.3,0,0.9,2.1
FA0.7Cs0.3Sn0.3Pb0.7Br1.2I1.8,0,0.7,0.3,0,0.7,0.3,0,1.2,1.8
FA0.7Cs0.3Sn0.3Pb0.7Br1.5I1.5,0,0.7,0.3,0,0.7,0.3,0,1.5,1.5
FA0.7Cs0.3Sn0.3Pb0.7Br1.8I1.2,0,0.7,0.3,0,0.7,0.3,0,1.8,1.2
FA0.7Cs0.3Sn0.3Pb0.7Br2.1I0.9,0,0.7,0.3,0,0.7,0.3,0,2.1,0.9
FA0.7Cs0.3Sn0.3Pb0.7Br2.4I0.6,0,0.7,0.3,0,0.7,0.3,0,2.4,0.6
FA0.7Cs0.3Sn0.3Pb0.7Br2.7I0.3,0,0.7,0.3,0,0.7,0.3,0,2.7,0.3
FA0.7Cs0.3Sn0.2Pb0.8Cl0.3Br2.7,0,0.7,0.3,0,0.8,0.2,0.3,2.7,0
FA0.7Cs0.3Sn0.2Pb0.8Cl0.6Br2.4,0,0.7,0.3,0,0.8,0.2,0.6,2.4,0
FA0.7Cs0.3Sn0.2Pb0.8Cl0.9Br2.1,0,0.7,0.3,0,0.8,0.2,0.9,2.1,0
FA0.7Cs0.3Sn0.2Pb0.8Cl1.2Br1.8,0,0.7,0.3,0,0.8,0.2,1.2,1.8,0
FA0.7Cs0.3Sn0.2Pb0.8Cl1.5Br1.5,0,0.7,0.3,0,0.8,0.2,1.5,1.5,0
FA0.7Cs0.3Sn0.2Pb0.8Cl1.8Br1.2,0,0.7,0.3,0,0.8,0.2,1.8,1.2,0
FA0.7Cs0.3Sn0.2Pb0.8Cl2.1Br0.9,0,0.7,0.3,0,0.8,0.2,2.1,0.9,0
FA0.7Cs0.3Sn0.2Pb0.8Cl2.4Br0.6,0,0.7,0.3,0,0.8,0.2,2.4,0.6,0
FA0.7Cs0.3Sn0.2Pb0.8Cl2.7Br0.3,0,0.7,0.3,0,0.8,0.2,2.7,0.3,0
FA0.7Cs0.3Sn0.2Pb0.8Cl0.3I2.7,0,0.7,0.3,0,0.8,0.2,0.3,0,2.7
FA0.7Cs0.3Sn0.2Pb0.8Cl0.6I2.4,0,0.7,0.3,0,0.8,0.2,0.6,0,2.4
FA0.7Cs0.3Sn0.2Pb0.8Cl0.9I2.1,0,0.7,0.3,0,0.8,0.2,0.9,0,2.1
FA0.7Cs0.3Sn0.2Pb0.8Cl1.2I1.8,0,0.7,0.3,0,0.8,0.2,1.2,0,1.8
FA0.7Cs0.3Sn0.2Pb0.8Cl1.5I1.5,0,0.7,0.3,0,0.8,0.2,1.5,0,1.5
FA0.7Cs0.3Sn0.2Pb0.8Cl1.8I1.2,0,0.7,0.3,0,0.8,0.2,1.8,0,1.2
FA0.7Cs0.3Sn0.2Pb0.8Cl2.1I0.9,0,0.7,0.3,0,0.8,0.2,2.1,0,0.9
FA0.7Cs0.3Sn0.2Pb0.8Cl2.4I0.6,0,0.7,0.3,0,0.8,0.2,2.4,0,0.6
FA0.7Cs0.3Sn0.2Pb0.8Cl2.7I0.3,0,0.7,0.3,0,0.8,0.2,2.7,0,0.3
FA0.7Cs0.3Sn0.2Pb0.8Br0.3I2.7,0,0.7,0.3,0,0.8,0.2,0,0.3,2.7
FA0.7Cs0.3Sn0.2Pb0.8Br0.6I2.4,0,0.7,0.3,0,0.8,0.2,0,0.6,2.4
FA0.7Cs0.3Sn0.2Pb0.8Br0.9I2.1,0,0.7,0.3,0,0.8,0.2,0,0.9,2.1
FA0.7Cs0.3Sn0.2Pb0.8Br1.2I1.8,0,0.7,0.3,0,0.8,0.2,0,1.2,1.8
FA0.7Cs0.3Sn0.2Pb0.8Br1.5I1.5,0,0.7,0.3,0,0.8,0.2,0,1.5,1.5
FA0.7Cs0.3Sn0.2Pb0.8Br1.8I1.2,0,0.7,0.3,0,0.8,0.2,0,1.8,1.2
FA0.7Cs0.3Sn0.2Pb0.8Br2.1I0.9,0,0.7,0.3,0,0.8,0.2,0,2.1,0.9
FA0.7Cs0.3Sn0.2Pb0.8Br2.4I0.6,0,0.7,0.3,0,0.8,0.2,0,2.4,0.6
FA0.7Cs0.3Sn0.2Pb0.8Br2.7I0.3,0,0.7,0.3,0,0.8,0.2,0,2.7,0.3
FA0.7Cs0.3Sn0.1Pb0.9Cl0.3Br2.7,0,0.7,0.3,0,0.9,0.1,0.3,2.7,0
FA0.7Cs0.3Sn0.1Pb0.9Cl0.6Br2.4,0,0.7,0.3,0,0.9,0.1,0.6,2.4,0
FA0.7Cs0.3Sn0.1Pb0.9Cl0.9Br2.1,0,0.7,0.3,0,0.9,0.1,0.9,2.1,0
FA0.7Cs0.3Sn0.1Pb0.9Cl1.2Br1.8,0,0.7,0.3,0,0.9,0.1,1.2,1.8,0
FA0.7Cs0.3Sn0.1Pb0.9Cl1.5Br1.5,0,0.7,0.3,0,0.9,0.1,1.5,1.5,0
FA0.7Cs0.3Sn0.1Pb0.9Cl1.8Br1.2,0,0.7,0.3,0,0.9,0.1,1.8,1.2,0
FA0.7Cs0.3Sn0.1Pb0.9Cl2.1Br0.9,0,0.7,0.3,0,0.9,0.1,2.1,0.9,0
FA0.7Cs0.3Sn0.1Pb0.9Cl2.4Br0.6,0,0.7,0.3,0,0.9,0.1,2.4,0.6,0
FA0.7Cs0.3Sn0.1Pb0.9Cl2.7Br0.3,0,0.7,0.3,0,0.9,0.1,2.7,0.3,0
FA0.7Cs0.3Sn0.1Pb0.9Cl0.3I2.7,0,0.7,0.3,0,0.9,0.1,0.3,0,2.7
FA0.7Cs0.3Sn0.1Pb0.9Cl0.6I2.4,0,0.7,0.3,0,0.9,0.1,0.6,0,2.4
FA0.7Cs0.3Sn0.1Pb0.9Cl0.9I2.1,0,0.7,0.3,0,0.9,0.1,0.9,0,2.1
FA0.7Cs0.3Sn0.1Pb0.9Cl1.2I1.8,0,0.7,0.3,0,0.9,0.1,1.2,0,1.8
FA0.7Cs0.3Sn0.1Pb0.9Cl1.5I1.5,0,0.7,0.3,0,0.9,0.1,1.5,0,1.5
FA0.7Cs0.3Sn0.1Pb0.9Cl1.8I1.2,0,0.7,0.3,0,0.9,0.1,1.8,0,1.2
FA0.7Cs0.3Sn0.1Pb0.9Cl2.1I0.9,0,0.7,0.3,0,0.9,0.1,2.1,0,0.9
FA0.7Cs0.3Sn0.1Pb0.9Cl2.4I0.6,0,0.7,0.3,0,0.9,0.1,2.4,0,0.6
FA0.7Cs0.3Sn0.1Pb0.9Cl2.7I0.3,0,0.7,0.3,0,0.9,0.1,2.7,0,0.3
FA0.7Cs0.3Sn0.1Pb0.9Br0.3I2.7,0,0.7,0.3,0,0.9,0.1,0,0.3,2.7
FA0.7Cs0.3Sn0.1Pb0.9Br0.6I2.4,0,0.7,0.3,0,0.9,0.1,0,0.6,2.4
FA0.7Cs0.3Sn0.1Pb0.9Br0.9I2.1,0,0.7,0.3,0,0.9,0.1,0,0.9,2.1
FA0.7Cs0.3Sn0.1Pb0.9Br1.2I1.8,0,0.7,0.3,0,0.9,0.1,0,1.2,1.8
FA0.7Cs0.3Sn0.1Pb0.9Br1.5I1.5,0,0.7,0.3,0,0.9,0.1,0,1.5,1.5
FA0.7Cs0.3Sn0.1Pb0.9Br1.8I1.2,0,0.7,0.3,0,0.9,0.1,0,1.8,1.2
FA0.7Cs0.3Sn0.1Pb0.9Br2.1I0.9,0,0.7,0.3,0,0.9,0.1,0,2.1,0.9
FA0.7Cs0.3Sn0.1Pb0.9Br2.4I0.6,0,0.7,0.3,0,0.9,0.1,0,2.4,0.6
FA0.7Cs0.3Sn0.1Pb0.9Br2.7I0.3,0,0.7,0.3,0,0.9,0.1,0,2.7,0.3
FA0.8Cs0.2Sn0.9Pb0.1Cl0.3Br2.7,0,0.8,0.2,0,0.1,0.9,0.3,2.7,0
FA0.8Cs0.2Sn0.9Pb0.1Cl0.6Br2.4,0,0.8,0.2,0,0.1,0.9,0.6,2.4,0
FA0.8Cs0.2Sn0.9Pb0.1Cl0.9Br2.1,0,0.8,0.2,0,0.1,0.9,0.9,2.1,0
FA0.8Cs0.2Sn0.9Pb0.1Cl1.2Br1.8,0,0.8,0.2,0,0.1,0.9,1.2,1.8,0
FA0.8Cs0.2Sn0.9Pb0.1Cl1.5Br1.5,0,0.8,0.2,0,0.1,0.9,1.5,1.5,0
FA0.8Cs0.2Sn0.9Pb0.1Cl1.8Br1.2,0,0.8,0.2,0,0.1,0.9,1.8,1.2,0
FA0.8Cs0.2Sn0.9Pb0.1Cl2.1Br0.9,0,0.8,0.2,0,0.1,0.9,2.1,0.9,0
FA0.8Cs0.2Sn0.9Pb0.1Cl2.4Br0.6,0,0.8,0.2,0,0.1,0.9,2.4,0.6,0
FA0.8Cs0.2Sn0.9Pb0.1Cl2.7Br0.3,0,0.8,0.2,0,0.1,0.9,2.7,0.3,0
FA0.8Cs0.2Sn0.9Pb0.1Cl0.3I2.7,0,0.8,0.2,0,0.1,0.9,0.3,0,2.7
FA0.8Cs0.2Sn0.9Pb0.1Cl0.6I2.4,0,0.8,0.2,0,0.1,0.9,0.6,0,2.4
FA0.8Cs0.2Sn0.9Pb0.1Cl0.9I2.1,0,0.8,0.2,0,0.1,0.9,0.9,0,2.1
FA0.8Cs0.2Sn0.9Pb0.1Cl1.2I1.8,0,0.8,0.2,0,0.1,0.9,1.2,0,1.8
FA0.8Cs0.2Sn0.9Pb0.1Cl1.5I1.5,0,0.8,0.2,0,0.1,0.9,1.5,0,1.5
FA0.8Cs0.2Sn0.9Pb0.1Cl1.8I1.2,0,0.8,0.2,0,0.1,0.9,1.8,0,1.2
FA0.8Cs0.2Sn0.9Pb0.1Cl2.1I0.9,0,0.8,0.2,0,0.1,0.9,2.1,0,0.9
FA0.8Cs0.2Sn0.9Pb0.1Cl2.4I0.6,0,0.8,0.2,0,0.1,0.9,2.4,0,0.6
FA0.8Cs0.2Sn0.9Pb0.1Cl2.7I0.3,0,0.8,0.2,0,0.1,0.9,2.7,0,0.3
FA0.8Cs0.2Sn0.9Pb0.1Br0.3I2.7,0,0.8,0.2,0,0.1,0.9,0,0.3,2.7
FA0.8Cs0.2Sn0.9Pb0.1Br0.6I2.4,0,0.8,0.2,0,0.1,0.9,0,0.6,2.4
FA0.8Cs0.2Sn0.9Pb0.1Br0.9I2.1,0,0.8,0.2,0,0.1,0.9,0,0.9,2.1
FA0.8Cs0.2Sn0.9Pb0.1Br1.2I1.8,0,0.8,0.2,0,0.1,0.9,0,1.2,1.8
FA0.8Cs0.2Sn0.9Pb0.1Br1.5I1.5,0,0.8,0.2,0,0.1,0.9,0,1.5,1.5
FA0.8Cs0.2Sn0.9Pb0.1Br1.8I1.2,0,0.8,0.2,0,0.1,0.9,0,1.8,1.2
FA0.8Cs0.2Sn0.9Pb0.1Br2.1I0.9,0,0.8,0.2,0,0.1,0.9,0,2.1,0.9
FA0.8Cs0.2Sn0.9Pb0.1Br2.4I0.6,0,0.8,0.2,0,0.1,0.9,0,2.4,0.6
FA0.8Cs0.2Sn0.9Pb0.1Br2.7I0.3,0,0.8,0.2,0,0.1,0.9,0,2.7,0.3
FA0.8Cs0.2Sn0.8Pb0.2Cl0.3Br2.7,0,0.8,0.2,0,0.2,0.8,0.3,2.7,0
FA0.8Cs0.2Sn0.8Pb0.2Cl0.6Br2.4,0,0.8,0.2,0,0.2,0.8,0.6,2.4,0
FA0.8Cs0.2Sn0.8Pb0.2Cl0.9Br2.1,0,0.8,0.2,0,0.2,0.8,0.9,2.1,0
FA0.8Cs0.2Sn0.8Pb0.2Cl1.2Br1.8,0,0.8,0.2,0,0.2,0.8,1.2,1.8,0
FA0.8Cs0.2Sn0.8Pb0.2Cl1.5Br1.5,0,0.8,0.2,0,0.2,0.8,1.5,1.5,0
FA0.8Cs0.2Sn0.8Pb0.2Cl1.8Br1.2,0,0.8,0.2,0,0.2,0.8,1.8,1.2,0
FA0.8Cs0.2Sn0.8Pb0.2Cl2.1Br0.9,0,0.8,0.2,0,0.2,0.8,2.1,0.9,0
FA0.8Cs0.2Sn0.8Pb0.2Cl2.4Br0.6,0,0.8,0.2,0,0.2,0.8,2.4,0.6,0
FA0.8Cs0.2Sn0.8Pb0.2Cl2.7Br0.3,0,0.8,0.2,0,0.2,0.8,2.7,0.3,0
FA0.8Cs0.2Sn0.8Pb0.2Cl0.3I2.7,0,0.8,0.2,0,0.2,0.8,0.3,0,2.7
FA0.8Cs0.2Sn0.8Pb0.2Cl0.6I2.4,0,0.8,0.2,0,0.2,0.8,0.6,0,2.4
FA0.8Cs0.2Sn0.8Pb0.2Cl0.9I2.1,0,0.8,0.2,0,0.2,0.8,0.9,0,2.1
FA0.8Cs0.2Sn0.8Pb0.2Cl1.2I1.8,0,0.8,0.2,0,0.2,0.8,1.2,0,1.8
FA0.8Cs0.2Sn0.8Pb0.2Cl1.5I1.5,0,0.8,0.2,0,0.2,0.8,1.5,0,1.5
FA0.8Cs0.2Sn0.8Pb0.2Cl1.8I1.2,0,0.8,0.2,0,0.2,0.8,1.8,0,1.2
FA0.8Cs0.2Sn0.8Pb0.2Cl2.1I0.9,0,0.8,0.2,0,0.2,0.8,2.1,0,0.9
FA0.8Cs0.2Sn0.8Pb0.2Cl2.4I0.6,0,0.8,0.2,0,0.2,0.8,2.4,0,0.6
FA0.8Cs0.2Sn0.8Pb0.2Cl2.7I0.3,0,0.8,0.2,0,0.2,0.8,2.7,0,0.3
FA0.8Cs0.2Sn0.8Pb0.2Br0.3I2.7,0,0.8,0.2,0,0.2,0.8,0,0.3,2.7
FA0.8Cs0.2Sn0.8Pb0.2Br0.6I2.4,0,0.8,0.2,0,0.2,0.8,0,0.6,2.4
FA0.8Cs0.2Sn0.8Pb0.2Br0.9I2.1,0,0.8,0.2,0,0.2,0.8,0,0.9,2.1
FA0.8Cs0.2Sn0.8Pb0.2Br1.2I1.8,0,0.8,0.2,0,0.2,0.8,0,1.2,1.8
FA0.8Cs0.2Sn0.8Pb0.2Br1.5I1.5,0,0.8,0.2,0,0.2,0.8,0,1.5,1.5
FA0.8Cs0.2Sn0.8Pb0.2Br1.8I1.2,0,0.8,0.2,0,0.2,0.8,0,1.8,1.2
FA0.8Cs0.2Sn0.8Pb0.2Br2.1I0.9,0,0.8,0.2,0,0.2,0.8,0,2.1,0.9
FA0.8Cs0.2Sn0.8Pb0.2Br2.4I0.6,0,0.8,0.2,0,0.2,0.8,0,2.4,0.6
FA0.8Cs0.2Sn0.8Pb0.2Br2.7I0.3,0,0.8,0.2,0,0.2,0.8,0,2.7,0.3
FA0.8Cs0.2Sn0.7Pb0.3Cl0.3Br2.7,0,0.8,0.2,0,0.3,0.7,0.3,2.7,0
FA0.8Cs0.2Sn0.7Pb0.3Cl0.6Br2.4,0,0.8,0.2,0,0.3,0.7,0.6,2.4,0
FA0.8Cs0.2Sn0.7Pb0.3Cl0.9Br2.1,0,0.8,0.2,0,0.3,0.7,0.9,2.1,0
FA0.8Cs0.2Sn0.7Pb0.3Cl1.2Br1.8,0,0.8,0.2,0,0.3,0.7,1.2,1.8,0
FA0.8Cs0.2Sn0.7Pb0.3Cl1.5Br1.5,0,0.8,0.2,0,0.3,0.7,1.5,1.5,0
FA0.8Cs0.2Sn0.7Pb0.3Cl1.8Br1.2,0,0.8,0.2,0,0.3,0.7,1.8,1.2,0
FA0.8Cs0.2Sn0.7Pb0.3Cl2.1Br0.9,0,0.8,0.2,0,0.3,0.7,2.1,0.9,0
FA0.8Cs0.2Sn0.7Pb0.3Cl2.4Br0.6,0,0.8,0.2,0,0.3,0.7,2.4,0.6,0
FA0.8Cs0.2Sn0.7Pb0.3Cl2.7Br0.3,0,0.8,0.2,0,0.3,0.7,2.7,0.3,0
FA0.8Cs0.2Sn0.7Pb0.3Cl0.3I2.7,0,0.8,0.2,0,0.3,0.7,0.3,0,2.7
FA0.8Cs0.2Sn0.7Pb0.3Cl0.6I2.4,0,0.8,0.2,0,0.3,0.7,0.6,0,2.4
FA0.8Cs0.2Sn0.7Pb0.3Cl0.9I2.1,0,0.8,0.2,0,0.3,0.7,0.9,0,2.1
FA0.8Cs0.2Sn0.7Pb0.3Cl1.2I1.8,0,0.8,0.2,0,0.3,0.7,1.2,0,1.8
FA0.8Cs0.2Sn0.7Pb0.3Cl1.5I1.5,0,0.8,0.2,0,0.3,0.7,1.5,0,1.5
FA0.8Cs0.2Sn0.7Pb0.3Cl1.8I1.2,0,0.8,0.2,0,0.3,0.7,1.8,0,1.2
FA0.8Cs0.2Sn0.7Pb0.3Cl2.1I0.9,0,0.8,0.2,0,0.3,0.7,2.1,0,0.9
FA0.8Cs0.2Sn0.7Pb0.3Cl2.4I0.6,0,0.8,0.2,0,0.3,0.7,2.4,0,0.6
FA0.8Cs0.2Sn0.7Pb0.3Cl2.7I0.3,0,0.8,0.2,0,0.3,0.7,2.7,0,0.3
FA0.8Cs0.2Sn0.7Pb0.3Br0.3I2.7,0,0.8,0.2,0,0.3,0.7,0,0.3,2.7
FA0.8Cs0.2Sn0.7Pb0.3Br0.6I2.4,0,0.8,0.2,0,0.3,0.7,0,0.6,2.4
FA0.8Cs0.2Sn0.7Pb0.3Br0.9I2.1,0,0.8,0.2,0,0.3,0.7,0,0.9,2.1
FA0.8Cs0.2Sn0.7Pb0.3Br1.2I1.8,0,0.8,0.2,0,0.3,0.7,0,1.2,1.8
FA0.8Cs0.2Sn0.7Pb0.3Br1.5I1.5,0,0.8,0.2,0,0.3,0.7,0,1.5,1.5
FA0.8Cs0.2Sn0.7Pb0.3Br1.8I1.2,0,0.8,0.2,0,0.3,0.7,0,1.8,1.2
FA0.8Cs0.2Sn0.7Pb0.3Br2.1I0.9,0,0.8,0.2,0,0.3,0.7,0,2.1,0.9
FA0.8Cs0.2Sn0.7Pb0.3Br2.4I0.6,0,0.8,0.2,0,0.3,0.7,0,2.4,0.6
FA0.8Cs0.2Sn0.7Pb0.3Br2.7I0.3,0,0.8,0.2,0,0.3,0.7,0,2.7,0.3
FA0.8Cs0.2Sn0.6Pb0.4Cl0.3Br2.7,0,0.8,0.2,0,0.4,0.6,0.3,2.7,0
FA0.8Cs0.2Sn0.6Pb0.4Cl0.6Br2.4,0,0.8,0.2,0,0.4,0.6,0.6,2.4,0
FA0.8Cs0.2Sn0.6Pb0.4Cl0.9Br2.1,0,0.8,0.2,0,0.4,0.6,0.9,2.1,0
FA0.8Cs0.2Sn0.6Pb0.4Cl1.2Br1.8,0,0.8,0.2,0,0.4,0.6,1.2,1.8,0
FA0.8Cs0.2Sn0.6Pb0.4Cl1.5Br1.5,0,0.8,0.2,0,0.4,0.6,1.5,1.5,0
FA0.8Cs0.2Sn0.6Pb0.4Cl1.8Br1.2,0,0.8,0.2,0,0.4,0.6,1.8,1.2,0
FA0.8Cs0.2Sn0.6Pb0.4Cl2.1Br0.9,0,0.8,0.2,0,0.4,0.6,2.1,0.9,0
FA0.8Cs0.2Sn0.6Pb0.4Cl2.4Br0.6,0,0.8,0.2,0,0.4,0.6,2.4,0.6,0
FA0.8Cs0.2Sn0.6Pb0.4Cl2.7Br0.3,0,0.8,0.2,0,0.4,0.6,2.7,0.3,0
FA0.8Cs0.2Sn0.6Pb0.4Cl0.3I2.7,0,0.8,0.2,0,0.4,0.6,0.3,0,2.7
FA0.8Cs0.2Sn0.6Pb0.4Cl0.6I2.4,0,0.8,0.2,0,0.4,0.6,0.6,0,2.4
FA0.8Cs0.2Sn0.6Pb0.4Cl0.9I2.1,0,0.8,0.2,0,0.4,0.6,0.9,0,2.1
FA0.8Cs0.2Sn0.6Pb0.4Cl1.2I1.8,0,0.8,0.2,0,0.4,0.6,1.2,0,1.8
FA0.8Cs0.2Sn0.6Pb0.4Cl1.5I1.5,0,0.8,0.2,0,0.4,0.6,1.5,0,1.5
FA0.8Cs0.2Sn0.6Pb0.4Cl1.8I1.2,0,0.8,0.2,0,0.4,0.6,1.8,0,1.2
FA0.8Cs0.2Sn0.6Pb0.4Cl2.1I0.9,0,0.8,0.2,0,0.4,0.6,2.1,0,0.9
FA0.8Cs0.2Sn0.6Pb0.4Cl2.4I0.6,0,0.8,0.2,0,0.4,0.6,2.4,0,0.6
FA0.8Cs0.2Sn0.6Pb0.4Cl2.7I0.3,0,0.8,0.2,0,0.4,0.6,2.7,0,0.3
FA0.8Cs0.2Sn0.6Pb0.4Br0.3I2.7,0,0.8,0.2,0,0.4,0.6,0,0.3,2.7
FA0.8Cs0.2Sn0.6Pb0.4Br0.6I2.4,0,0.8,0.2,0,0.4,0.6,0,0.6,2.4
FA0.8Cs0.2Sn0.6Pb0.4Br0.9I2.1,0,0.8,0.2,0,0.4,0.6,0,0.9,2.1
FA0.8Cs0.2Sn0.6Pb0.4Br1.2I1.8,0,0.8,0.2,0,0.4,0.6,0,1.2,1.8
FA0.8Cs0.2Sn0.6Pb0.4Br1.5I1.5,0,0.8,0.2,0,0.4,0.6,0,1.5,1.5
FA0.8Cs0.2Sn0.6Pb0.4Br1.8I1.2,0,0.8,0.2,0,0.4,0.6,0,1.8,1.2
FA0.8Cs0.2Sn0.6Pb0.4Br2.1I0.9,0,0.8,0.2,0,0.4,0.6,0,2.1,0.9
FA0.8Cs0.2Sn0.6Pb0.4Br2.4I0.6,0,0.8,0.2,0,0.4,0.6,0,2.4,0.6
FA0.8Cs0.2Sn0.6Pb0.4Br2.7I0.3,0,0.8,0.2,0,0.4,0.6,0,2.7,0.3
FA0.8Cs0.2Sn0.5Pb0.5Cl0.3Br2.7,0,0.8,0.2,0,0.5,0.5,0.3,2.7,0
FA0.8Cs0.2Sn0.5Pb0.5Cl0.6Br2.4,0,0.8,0.2,0,0.5,0.5,0.6,2.4,0
FA0.8Cs0.2Sn0.5Pb0.5Cl0.9Br2.1,0,0.8,0.2,0,0.5,0.5,0.9,2.1,0
FA0.8Cs0.2Sn0.5Pb0.5Cl1.2Br1.8,0,0.8,0.2,0,0.5,0.5,1.2,1.8,0
FA0.8Cs0.2Sn0.5Pb0.5Cl1.5Br1.5,0,0.8,0.2,0,0.5,0.5,1.5,1.5,0
FA0.8Cs0.2Sn0.5Pb0.5Cl1.8Br1.2,0,0.8,0.2,0,0.5,0.5,1.8,1.2,0
FA0.8Cs0.2Sn0.5Pb0.5Cl2.1Br0.9,0,0.8,0.2,0,0.5,0.5,2.1,0.9,0
FA0.8Cs0.2Sn0.5Pb0.5Cl2.4Br0.6,0,0.8,0.2,0,0.5,0.5,2.4,0.6,0
FA0.8Cs0.2Sn0.5Pb0.5Cl2.7Br0.3,0,0.8,0.2,0,0.5,0.5,2.7,0.3,0
FA0.8Cs0.2Sn0.5Pb0.5Cl0.3I2.7,0,0.8,0.2,0,0.5,0.5,0.3,0,2.7
FA0.8Cs0.2Sn0.5Pb0.5Cl0.6I2.4,0,0.8,0.2,0,0.5,0.5,0.6,0,2.4
FA0.8Cs0.2Sn0.5Pb0.5Cl0.9I2.1,0,0.8,0.2,0,0.5,0.5,0.9,0,2.1
FA0.8Cs0.2Sn0.5Pb0.5Cl1.2I1.8,0,0.8,0.2,0,0.5,0.5,1.2,0,1.8
FA0.8Cs0.2Sn0.5Pb0.5Cl1.5I1.5,0,0.8,0.2,0,0.5,0.5,1.5,0,1.5
FA0.8Cs0.2Sn0.5Pb0.5Cl1.8I1.2,0,0.8,0.2,0,0.5,0.5,1.8,0,1.2
FA0.8Cs0.2Sn0.5Pb0.5Cl2.1I0.9,0,0.8,0.2,0,0.5,0.5,2.1,0,0.9
FA0.8Cs0.2Sn0.5Pb0.5Cl2.4I0.6,0,0.8,0.2,0,0.5,0.5,2.4,0,0.6
FA0.8Cs0.2Sn0.5Pb0.5Cl2.7I0.3,0,0.8,0.2,0,0.5,0.5,2.7,0,0.3
FA0.8Cs0.2Sn0.5Pb0.5Br0.3I2.7,0,0.8,0.2,0,0.5,0.5,0,0.3,2.7
FA0.8Cs0.2Sn0.5Pb0.5Br0.6I2.4,0,0.8,0.2,0,0.5,0.5,0,0.6,2.4
FA0.8Cs0.2Sn0.5Pb0.5Br0.9I2.1,0,0.8,0.2,0,0.5,0.5,0,0.9,2.1
FA0.8Cs0.2Sn0.5Pb0.5Br1.2I1.8,0,0.8,0.2,0,0.5,0.5,0,1.2,1.8
FA0.8Cs0.2Sn0.5Pb0.5Br1.5I1.5,0,0.8,0.2,0,0.5,0.5,0,1.5,1.5
FA0.8Cs0.2Sn0.5Pb0.5Br1.8I1.2,0,0.8,0.2,0,0.5,0.5,0,1.8,1.2
FA0.8Cs0.2Sn0.5Pb0.5Br2.1I0.9,0,0.8,0.2,0,0.5,0.5,0,2.1,0.9
FA0.8Cs0.2Sn0.5Pb0.5Br2.4I0.6,0,0.8,0.2,0,0.5,0.5,0,2.4,0.6
FA0.8Cs0.2Sn0.5Pb0.5Br2.7I0.3,0,0.8,0.2,0,0.5,0.5,0,2.7,0.3
FA0.8Cs0.2Sn0.4Pb0.6Cl0.3Br2.7,0,0.8,0.2,0,0.6,0.4,0.3,2.7,0
FA0.8Cs0.2Sn0.4Pb0.6Cl0.6Br2.4,0,0.8,0.2,0,0.6,0.4,0.6,2.4,0
FA0.8Cs0.2Sn0.4Pb0.6Cl0.9Br2.1,0,0.8,0.2,0,0.6,0.4,0.9,2.1,0
FA0.8Cs0.2Sn0.4Pb0.6Cl1.2Br1.8,0,0.8,0.2,0,0.6,0.4,1.2,1.8,0
FA0.8Cs0.2Sn0.4Pb0.6Cl1.5Br1.5,0,0.8,0.2,0,0.6,0.4,1.5,1.5,0
FA0.8Cs0.2Sn0.4Pb0.6Cl1.8Br1.2,0,0.8,0.2,0,0.6,0.4,1.8,1.2,0
FA0.8Cs0.2Sn0.4Pb0.6Cl2.1Br0.9,0,0.8,0.2,0,0.6,0.4,2.1,0.9,0
FA0.8Cs0.2Sn0.4Pb0.6Cl2.4Br0.6,0,0.8,0.2,0,0.6,0.4,2.4,0.6,0
FA0.8Cs0.2Sn0.4Pb0.6Cl2.7Br0.3,0,0.8,0.2,0,0.6,0.4,2.7,0.3,0
FA0.8Cs0.2Sn0.4Pb0.6Cl0.3I2.7,0,0.8,0.2,0,0.6,0.4,0.3,0,2.7
FA0.8Cs0.2Sn0.4Pb0.6Cl0.6I2.4,0,0.8,0.2,0,0.6,0.4,0.6,0,2.4
FA0.8Cs0.2Sn0.4Pb0.6Cl0.9I2.1,0,0.8,0.2,0,0.6,0.4,0.9,0,2.1
FA0.8Cs0.2Sn0.4Pb0.6Cl1.2I1.8,0,0.8,0.2,0,0.6,0.4,1.2,0,1.8
FA0.8Cs0.2Sn0.4Pb0.6Cl1.5I1.5,0,0.8,0.2,0,0.6,0.4,1.5,0,1.5
FA0.8Cs0.2Sn0.4Pb0.6Cl1.8I1.2,0,0.8,0.2,0,0.6,0.4,1.8,0,1.2
FA0.8Cs0.2Sn0.4Pb0.6Cl2.1I0.9,0,0.8,0.2,0,0.6,0.4,2.1,0,0.9
FA0.8Cs0.2Sn0.4Pb0.6Cl2.4I0.6,0,0.8,0.2,0,0.6,0.4,2.4,0,0.6
FA0.8Cs0.2Sn0.4Pb0.6Cl2.7I0.3,0,0.8,0.2,0,0.6,0.4,2.7,0,0.3
FA0.8Cs0.2Sn0.4Pb0.6Br0.3I2.7,0,0.8,0.2,0,0.6,0.4,0,0.3,2.7
FA0.8Cs0.2Sn0.4Pb0.6Br0.6I2.4,0,0.8,0.2,0,0.6,0.4,0,0.6,2.4
FA0.8Cs0.2Sn0.4Pb0.6Br0.9I2.1,0,0.8,0.2,0,0.6,0.4,0,0.9,2.1
FA0.8Cs0.2Sn0.4Pb0.6Br1.2I1.8,0,0.8,0.2,0,0.6,0.4,0,1.2,1.8
FA0.8Cs0.2Sn0.4Pb0.6Br1.5I1.5,0,0.8,0.2,0,0.6,0.4,0,1.5,1.5
FA0.8Cs0.2Sn0.4Pb0.6Br1.8I1.2,0,0.8,0.2,0,0.6,0.4,0,1.8,1.2
FA0.8Cs0.2Sn0.4Pb0.6Br2.1I0.9,0,0.8,0.2,0,0.6,0.4,0,2.1,0.9
FA0.8Cs0.2Sn0.4Pb0.6Br2.4I0.6,0,0.8,0.2,0,0.6,0.4,0,2.4,0.6
FA0.8Cs0.2Sn0.4Pb0.6Br2.7I0.3,0,0.8,0.2,0,0.6,0.4,0,2.7,0.3
FA0.8Cs0.2Sn0.3Pb0.7Cl0.3Br2.7,0,0.8,0.2,0,0.7,0.3,0.3,2.7,0
FA0.8Cs0.2Sn0.3Pb0.7Cl0.6Br2.4,0,0.8,0.2,0,0.7,0.3,0.6,2.4,0
FA0.8Cs0.2Sn0.3Pb0.7Cl0.9Br2.1,0,0.8,0.2,0,0.7,0.3,0.9,2.1,0
FA0.8Cs0.2Sn0.3Pb0.7Cl1.2Br1.8,0,0.8,0.2,0,0.7,0.3,1.2,1.8,0
FA0.8Cs0.2Sn0.3Pb0.7Cl1.5Br1.5,0,0.8,0.2,0,0.7,0.3,1.5,1.5,0
FA0.8Cs0.2Sn0.3Pb0.7Cl1.8Br1.2,0,0.8,0.2,0,0.7,0.3,1.8,1.2,0
FA0.8Cs0.2Sn0.3Pb0.7Cl2.1Br0.9,0,0.8,0.2,0,0.7,0.3,2.1,0.9,0
FA0.8Cs0.2Sn0.3Pb0.7Cl2.4Br0.6,0,0.8,0.2,0,0.7,0.3,2.4,0.6,0
FA0.8Cs0.2Sn0.3Pb0.7Cl2.7Br0.3,0,0.8,0.2,0,0.7,0.3,2.7,0.3,0
FA0.8Cs0.2Sn0.3Pb0.7Cl0.3I2.7,0,0.8,0.2,0,0.7,0.3,0.3,0,2.7
FA0.8Cs0.2Sn0.3Pb0.7Cl0.6I2.4,0,0.8,0.2,0,0.7,0.3,0.6,0,2.4
FA0.8Cs0.2Sn0.3Pb0.7Cl0.9I2.1,0,0.8,0.2,0,0.7,0.3,0.9,0,2.1
FA0.8Cs0.2Sn0.3Pb0.7Cl1.2I1.8,0,0.8,0.2,0,0.7,0.3,1.2,0,1.8
FA0.8Cs0.2Sn0.3Pb0.7Cl1.5I1.5,0,0.8,0.2,0,0.7,0.3,1.5,0,1.5
FA0.8Cs0.2Sn0.3Pb0.7Cl1.8I1.2,0,0.8,0.2,0,0.7,0.3,1.8,0,1.2
FA0.8Cs0.2Sn0.3Pb0.7Cl2.1I0.9,0,0.8,0.2,0,0.7,0.3,2.1,0,0.9
FA0.8Cs0.2Sn0.3Pb0.7Cl2.4I0.6,0,0.8,0.2,0,0.7,0.3,2.4,0,0.6
FA0.8Cs0.2Sn0.3Pb0.7Cl2.7I0.3,0,0.8,0.2,0,0.7,0.3,2.7,0,0.3
FA0.8Cs0.2Sn0.3Pb0.7Br0.3I2.7,0,0.8,0.2,0,0.7,0.3,0,0.3,2.7
FA0.8Cs0.2Sn0.3Pb0.7Br0.6I2.4,0,0.8,0.2,0,0.7,0.3,0,0.6,2.4
FA0.8Cs0.2Sn0.3Pb0.7Br0.9I2.1,0,0.8,0.2,0,0.7,0.3,0,0.9,2.1
FA0.8Cs0.2Sn0.3Pb0.7Br1.2I1.8,0,0.8,0.2,0,0.7,0.3,0,1.2,1.8
FA0.8Cs0.2Sn0.3Pb0.7Br1.5I1.5,0,0.8,0.2,0,0.7,0.3,0,1.5,1.5
FA0.8Cs0.2Sn0.3Pb0.7Br1.8I1.2,0,0.8,0.2,0,0.7,0.3,0,1.8,1.2
FA0.8Cs0.2Sn0.3Pb0.7Br2.1I0.9,0,0.8,0.2,0,0.7,0.3,0,2.1,0.9
FA0.8Cs0.2Sn0.3Pb0.7Br2.4I0.6,0,0.8,0.2,0,0.7,0.3,0,2.4,0.6
FA0.8Cs0.2Sn0.3Pb0.7Br2.7I0.3,0,0.8,0.2,0,0.7,0.3,0,2.7,0.3
FA0.8Cs0.2Sn0.2Pb0.8Cl0.3Br2.7,0,0.8,0.2,0,0.8,0.2,0.3,2.7,0
FA0.8Cs0.2Sn0.2Pb0.8Cl0.6Br2.4,0,0.8,0.2,0,0.8,0.2,0.6,2.4,0
FA0.8Cs0.2Sn0.2Pb0.8Cl0.9Br2.1,0,0.8,0.2,0,0.8,0.2,0.9,2.1,0
FA0.8Cs0.2Sn0.2Pb0.8Cl1.2Br1.8,0,0.8,0.2,0,0.8,0.2,1.2,1.8,0
FA0.8Cs0.2Sn0.2Pb0.8Cl1.5Br1.5,0,0.8,0.2,0,0.8,0.2,1.5,1.5,0
FA0.8Cs0.2Sn0.2Pb0.8Cl1.8Br1.2,0,0.8,0.2,0,0.8,0.2,1.8,1.2,0
FA0.8Cs0.2Sn0.2Pb0.8Cl2.1Br0.9,0,0.8,0.2,0,0.8,0.2,2.1,0.9,0
FA0.8Cs0.2Sn0.2Pb0.8Cl2.4Br0.6,0,0.8,0.2,0,0.8,0.2,2.4,0.6,0
FA0.8Cs0.2Sn0.2Pb0.8Cl2.7Br0.3,0,0.8,0.2,0,0.8,0.2,2.7,0.3,0
FA0.8Cs0.2Sn0.2Pb0.8Cl0.3I2.7,0,0.8,0.2,0,0.8,0.2,0.3,0,2.7
FA0.8Cs0.2Sn0.2Pb0.8Cl0.6I2.4,0,0.8,0.2,0,0.8,0.2,0.6,0,2.4
FA0.8Cs0.2Sn0.2Pb0.8Cl0.9I2.1,0,0.8,0.2,0,0.8,0.2,0.9,0,2.1
FA0.8Cs0.2Sn0.2Pb0.8Cl1.2I1.8,0,0.8,0.2,0,0.8,0.2,1.2,0,1.8
FA0.8Cs0.2Sn0.2Pb0.8Cl1.5I1.5,0,0.8,0.2,0,0.8,0.2,1.5,0,1.5
FA0.8Cs0.2Sn0.2Pb0.8Cl1.8I1.2,0,0.8,0.2,0,0.8,0.2,1.8,0,1.2
FA0.8Cs0.2Sn0.2Pb0.8Cl2.1I0.9,0,0.8,0.2,0,0.8,0.2,2.1,0,0.9
FA0.8Cs0.2Sn0.2Pb0.8Cl2.4I0.6,0,0.8,0.2,0,0.8,0.2,2.4,0,0.6
FA0.8Cs0.2Sn0.2Pb0.8Cl2.7I0.3,0,0.8,0.2,0,0.8,0.2,2.7,0,0.3
FA0.8Cs0.2Sn0.2Pb0.8Br0.3I2.7,0,0.8,0.2,0,0.8,0.2,0,0.3,2.7
FA0.8Cs0.2Sn0.2Pb0.8Br0.6I2.4,0,0.8,0.2,0,0.8,0.2,0,0.6,2.4
FA0.8Cs0.2Sn0.2Pb0.8Br0.9I2.1,0,0.8,0.2,0,0.8,0.2,0,0.9,2.1
FA0.8Cs0.2Sn0.2Pb0.8Br1.2I1.8,0,0.8,0.2,0,0.8,0.2,0,1.2,1.8
FA0.8Cs0.2Sn0.2Pb0.8Br1.5I1.5,0,0.8,0.2,0,0.8,0.2,0,1.5,1.5
FA0.8Cs0.2Sn0.2Pb0.8Br1.8I1.2,0,0.8,0.2,0,0.8,0.2,0,1.8,1.2
FA0.8Cs0.2Sn0.2Pb0.8Br2.1I0.9,0,0.8,0.2,0,0.8,0.2,0,2.1,0.9
FA0.8Cs0.2Sn0.2Pb0.8Br2.4I0.6,0,0.8,0.2,0,0.8,0.2,0,2.4,0.6
FA0.8Cs0.2Sn0.2Pb0.8Br2.7I0.3,0,0.8,0.2,0,0.8,0.2,0,2.7,0.3
FA0.8Cs0.2Sn0.1Pb0.9Cl0.3Br2.7,0,0.8,0.2,0,0.9,0.1,0.3,2.7,0
FA0.8Cs0.2Sn0.1Pb0.9Cl0.6Br2.4,0,0.8,0.2,0,0.9,0.1,0.6,2.4,0
FA0.8Cs0.2Sn0.1Pb0.9Cl0.9Br2.1,0,0.8,0.2,0,0.9,0.1,0.9,2.1,0
FA0.8Cs0.2Sn0.1Pb0.9Cl1.2Br1.8,0,0.8,0.2,0,0.9,0.1,1.2,1.8,0
FA0.8Cs0.2Sn0.1Pb0.9Cl1.5Br1.5,0,0.8,0.2,0,0.9,0.1,1.5,1.5,0
FA0.8Cs0.2Sn0.1Pb0.9Cl1.8Br1.2,0,0.8,0.2,0,0.9,0.1,1.8,1.2,0
FA0.8Cs0.2Sn0.1Pb0.9Cl2.1Br0.9,0,0.8,0.2,0,0.9,0.1,2.1,0.9,0
FA0.8Cs0.2Sn0.1Pb0.9Cl2.4Br0.6,0,0.8,0.2,0,0.9,0.1,2.4,0.6,0
FA0.8Cs0.2Sn0.1Pb0.9Cl2.7Br0.3,0,0.8,0.2,0,0.9,0.1,2.7,0.3,0
FA0.8Cs0.2Sn0.1Pb0.9Cl0.3I2.7,0,0.8,0.2,0,0.9,0.1,0.3,0,2.7
FA0.8Cs0.2Sn0.1Pb0.9Cl0.6I2.4,0,0.8,0.2,0,0.9,0.1,0.6,0,2.4
FA0.8Cs0.2Sn0.1Pb0.9Cl0.9I2.1,0,0.8,0.2,0,0.9,0.1,0.9,0,2.1
FA0.8Cs0.2Sn0.1Pb0.9Cl1.2I1.8,0,0.8,0.2,0,0.9,0.1,1.2,0,1.8
FA0.8Cs0.2Sn0.1Pb0.9Cl1.5I1.5,0,0.8,0.2,0,0.9,0.1,1.5,0,1.5
FA0.8Cs0.2Sn0.1Pb0.9Cl1.8I1.2,0,0.8,0.2,0,0.9,0.1,1.8,0,1.2
FA0.8Cs0.2Sn0.1Pb0.9Cl2.1I0.9,0,0.8,0.2,0,0.9,0.1,2.1,0,0.9
FA0.8Cs0.2Sn0.1Pb0.9Cl2.4I0.6,0,0.8,0.2,0,0.9,0.1,2.4,0,0.6
FA0.8Cs0.2Sn0.1Pb0.9Cl2.7I0.3,0,0.8,0.2,0,0.9,0.1,2.7,0,0.3
FA0.8Cs0.2Sn0.1Pb0.9Br0.3I2.7,0,0.8,0.2,0,0.9,0.1,0,0.3,2.7
FA0.8Cs0.2Sn0.1Pb0.9Br0.6I2.4,0,0.8,0.2,0,0.9,0.1,0,0.6,2.4
FA0.8Cs0.2Sn0.1Pb0.9Br0.9I2.1,0,0.8,0.2,0,0.9,0.1,0,0.9,2.1
FA0.8Cs0.2Sn0.1Pb0.9Br1.2I1.8,0,0.8,0.2,0,0.9,0.1,0,1.2,1.8
FA0.8Cs0.2Sn0.1Pb0.9Br1.5I1.5,0,0.8,0.2,0,0.9,0.1,0,1.5,1.5
FA0.8Cs0.2Sn0.1Pb0.9Br1.8I1.2,0,0.8,0.2,0,0.9,0.1,0,1.8,1.2
FA0.8Cs0.2Sn0.1Pb0.9Br2.1I0.9,0,0.8,0.2,0,0.9,0.1,0,2.1,0.9
FA0.8Cs0.2Sn0.1Pb0.9Br2.4I0.6,0,0.8,0.2,0,0.9,0.1,0,2.4,0.6
FA0.8Cs0.2Sn0.1Pb0.9Br2.7I0.3,0,0.8,0.2,0,0.9,0.1,0,2.7,0.3
FA0.9Cs0.1Sn0.9Pb0.1Cl0.3Br2.7,0,0.9,0.1,0,0.1,0.9,0.3,2.7,0
FA0.9Cs0.1Sn0.9Pb0.1Cl0.6Br2.4,0,0.9,0.1,0,0.1,0.9,0.6,2.4,0
FA0.9Cs0.1Sn0.9Pb0.1Cl0.9Br2.1,0,0.9,0.1,0,0.1,0.9,0.9,2.1,0
FA0.9Cs0.1Sn0.9Pb0.1Cl1.2Br1.8,0,0.9,0.1,0,0.1,0.9,1.2,1.8,0
FA0.9Cs0.1Sn0.9Pb0.1Cl1.5Br1.5,0,0.9,0.1,0,0.1,0.9,1.5,1.5,0
FA0.9Cs0.1Sn0.9Pb0.1Cl1.8Br1.2,0,0.9,0.1,0,0.1,0.9,1.8,1.2,0
FA0.9Cs0.1Sn0.9Pb0.1Cl2.1Br0.9,0,0.9,0.1,0,0.1,0.9,2.1,0.9,0
FA0.9Cs0.1Sn0.9Pb0.1Cl2.4Br0.6,0,0.9,0.1,0,0.1,0.9,2.4,0.6,0
FA0.9Cs0.1Sn0.9Pb0.1Cl2.7Br0.3,0,0.9,0.1,0,0.1,0.9,2.7,0.3,0
FA0.9Cs0.1Sn0.9Pb0.1Cl0.3I2.7,0,0.9,0.1,0,0.1,0.9,0.3,0,2.7
FA0.9Cs0.1Sn0.9Pb0.1Cl0.6I2.4,0,0.9,0.1,0,0.1,0.9,0.6,0,2.4
FA0.9Cs0.1Sn0.9Pb0.1Cl0.9I2.1,0,0.9,0.1,0,0.1,0.9,0.9,0,2.1
FA0.9Cs0.1Sn0.9Pb0.1Cl1.2I1.8,0,0.9,0.1,0,0.1,0.9,1.2,0,1.8
FA0.9Cs0.1Sn0.9Pb0.1Cl1.5I1.5,0,0.9,0.1,0,0.1,0.9,1.5,0,1.5
FA0.9Cs0.1Sn0.9Pb0.1Cl1.8I1.2,0,0.9,0.1,0,0.1,0.9,1.8,0,1.2
FA0.9Cs0.1Sn0.9Pb0.1Cl2.1I0.9,0,0.9,0.1,0,0.1,0.9,2.1,0,0.9
FA0.9Cs0.1Sn0.9Pb0.1Cl2.4I0.6,0,0.9,0.1,0,0.1,0.9,2.4,0,0.6
FA0.9Cs0.1Sn0.9Pb0.1Cl2.7I0.3,0,0.9,0.1,0,0.1,0.9,2.7,0,0.3
FA0.9Cs0.1Sn0.9Pb0.1Br0.3I2.7,0,0.9,0.1,0,0.1,0.9,0,0.3,2.7
FA0.9Cs0.1Sn0.9Pb0.1Br0.6I2.4,0,0.9,0.1,0,0.1,0.9,0,0.6,2.4
FA0.9Cs0.1Sn0.9Pb0.1Br0.9I2.1,0,0.9,0.1,0,0.1,0.9,0,0.9,2.1
FA0.9Cs0.1Sn0.9Pb0.1Br1.2I1.8,0,0.9,0.1,0,0.1,0.9,0,1.2,1.8
FA0.9Cs0.1Sn0.9Pb0.1Br1.5I1.5,0,0.9,0.1,0,0.1,0.9,0,1.5,1.5
FA0.9Cs0.1Sn0.9Pb0.1Br1.8I1.2,0,0.9,0.1,0,0.1,0.9,0,1.8,1.2
FA0.9Cs0.1Sn0.9Pb0.1Br2.1I0.9,0,0.9,0.1,0,0.1,0.9,0,2.1,0.9
FA0.9Cs0.1Sn0.9Pb0.1Br2.4I0.6,0,0.9,0.1,0,0.1,0.9,0,2.4,0.6
FA0.9Cs0.1Sn0.9Pb0.1Br2.7I0.3,0,0.9,0.1,0,0.1,0.9,0,2.7,0.3
FA0.9Cs0.1Sn0.8Pb0.2Cl0.3Br2.7,0,0.9,0.1,0,0.2,0.8,0.3,2.7,0
FA0.9Cs0.1Sn0.8Pb0.2Cl0.6Br2.4,0,0.9,0.1,0,0.2,0.8,0.6,2.4,0
FA0.9Cs0.1Sn0.8Pb0.2Cl0.9Br2.1,0,0.9,0.1,0,0.2,0.8,0.9,2.1,0
FA0.9Cs0.1Sn0.8Pb0.2Cl1.2Br1.8,0,0.9,0.1,0,0.2,0.8,1.2,1.8,0
FA0.9Cs0.1Sn0.8Pb0.2Cl1.5Br1.5,0,0.9,0.1,0,0.2,0.8,1.5,1.5,0
FA0.9Cs0.1Sn0.8Pb0.2Cl1.8Br1.2,0,0.9,0.1,0,0.2,0.8,1.8,1.2,0
FA0.9Cs0.1Sn0.8Pb0.2Cl2.1Br0.9,0,0.9,0.1,0,0.2,0.8,2.1,0.9,0
FA0.9Cs0.1Sn0.8Pb0.2Cl2.4Br0.6,0,0.9,0.1,0,0.2,0.8,2.4,0.6,0
FA0.9Cs0.1Sn0.8Pb0.2Cl2.7Br0.3,0,0.9,0.1,0,0.2,0.8,2.7,0.3,0
FA0.9Cs0.1Sn0.8Pb0.2Cl0.3I2.7,0,0.9,0.1,0,0.2,0.8,0.3,0,2.7
FA0.9Cs0.1Sn0.8Pb0.2Cl0.6I2.4,0,0.9,0.1,0,0.2,0.8,0.6,0,2.4
FA0.9Cs0.1Sn0.8Pb0.2Cl0.9I2.1,0,0.9,0.1,0,0.2,0.8,0.9,0,2.1
FA0.9Cs0.1Sn0.8Pb0.2Cl1.2I1.8,0,0.9,0.1,0,0.2,0.8,1.2,0,1.8
FA0.9Cs0.1Sn0.8Pb0.2Cl1.5I1.5,0,0.9,0.1,0,0.2,0.8,1.5,0,1.5
FA0.9Cs0.1Sn0.8Pb0.2Cl1.8I1.2,0,0.9,0.1,0,0.2,0.8,1.8,0,1.2
FA0.9Cs0.1Sn0.8Pb0.2Cl2.1I0.9,0,0.9,0.1,0,0.2,0.8,2.1,0,0.9
FA0.9Cs0.1Sn0.8Pb0.2Cl2.4I0.6,0,0.9,0.1,0,0.2,0.8,2.4,0,0.6
FA0.9Cs0.1Sn0.8Pb0.2Cl2.7I0.3,0,0.9,0.1,0,0.2,0.8,2.7,0,0.3
FA0.9Cs0.1Sn0.8Pb0.2Br0.3I2.7,0,0.9,0.1,0,0.2,0.8,0,0.3,2.7
FA0.9Cs0.1Sn0.8Pb0.2Br0.6I2.4,0,0.9,0.1,0,0.2,0.8,0,0.6,2.4
FA0.9Cs0.1Sn0.8Pb0.2Br0.9I2.1,0,0.9,0.1,0,0.2,0.8,0,0.9,2.1
FA0.9Cs0.1Sn0.8Pb0.2Br1.2I1.8,0,0.9,0.1,0,0.2,0.8,0,1.2,1.8
FA0.9Cs0.1Sn0.8Pb0.2Br1.5I1.5,0,0.9,0.1,0,0.2,0.8,0,1.5,1.5
FA0.9Cs0.1Sn0.8Pb0.2Br1.8I1.2,0,0.9,0.1,0,0.2,0.8,0,1.8,1.2
FA0.9Cs0.1Sn0.8Pb0.2Br2.1I0.9,0,0.9,0.1,0,0.2,0.8,0,2.1,0.9
FA0.9Cs0.1Sn0.8Pb0.2Br2.4I0.6,0,0.9,0.1,0,0.2,0.8,0,2.4,0.6
FA0.9Cs0.1Sn0.8Pb0.2Br2.7I0.3,0,0.9,0.1,0,0.2,0.8,0,2.7,0.3
FA0.9Cs0.1Sn0.7Pb0.3Cl0.3Br2.7,0,0.9,0.1,0,0.3,0.7,0.3,2.7,0
FA0.9Cs0.1Sn0.7Pb0.3Cl0.6Br2.4,0,0.9,0.1,0,0.3,0.7,0.6,2.4,0
FA0.9Cs0.1Sn0.7Pb0.3Cl0.9Br2.1,0,0.9,0.1,0,0.3,0.7,0.9,2.1,0
FA0.9Cs0.1Sn0.7Pb0.3Cl1.2Br1.8,0,0.9,0.1,0,0.3,0.7,1.2,1.8,0
FA0.9Cs0.1Sn0.7Pb0.3Cl1.5Br1.5,0,0.9,0.1,0,0.3,0.7,1.5,1.5,0
FA0.9Cs0.1Sn0.7Pb0.3Cl1.8Br1.2,0,0.9,0.1,0,0.3,0.7,1.8,1.2,0
FA0.9Cs0.1Sn0.7Pb0.3Cl2.1Br0.9,0,0.9,0.1,0,0.3,0.7,2.1,0.9,0
FA0.9Cs0.1Sn0.7Pb0.3Cl2.4Br0.6,0,0.9,0.1,0,0.3,0.7,2.4,0.6,0
FA0.9Cs0.1Sn0.7Pb0.3Cl2.7Br0.3,0,0.9,0.1,0,0.3,0.7,2.7,0.3,0
FA0.9Cs0.1Sn0.7Pb0.3Cl0.3I2.7,0,0.9,0.1,0,0.3,0.7,0.3,0,2.7
FA0.9Cs0.1Sn0.7Pb0.3Cl0.6I2.4,0,0.9,0.1,0,0.3,0.7,0.6,0,2.4
FA0.9Cs0.1Sn0.7Pb0.3Cl0.9I2.1,0,0.9,0.1,0,0.3,0.7,0.9,0,2.1
FA0.9Cs0.1Sn0.7Pb0.3Cl1.2I1.8,0,0.9,0.1,0,0.3,0.7,1.2,0,1.8
FA0.9Cs0.1Sn0.7Pb0.3Cl1.5I1.5,0,0.9,0.1,0,0.3,0.7,1.5,0,1.5
FA0.9Cs0.1Sn0.7Pb0.3Cl1.8I1.2,0,0.9,0.1,0,0.3,0.7,1.8,0,1.2
FA0.9Cs0.1Sn0.7Pb0.3Cl2.1I0.9,0,0.9,0.1,0,0.3,0.7,2.1,0,0.9
FA0.9Cs0.1Sn0.7Pb0.3Cl2.4I0.6,0,0.9,0.1,0,0.3,0.7,2.4,0,0.6
FA0.9Cs0.1Sn0.7Pb0.3Cl2.7I0.3,0,0.9,0.1,0,0.3,0.7,2.7,0,0.3
FA0.9Cs0.1Sn0.7Pb0.3Br0.3I2.7,0,0.9,0.1,0,0.3,0.7,0,0.3,2.7
FA0.9Cs0.1Sn0.7Pb0.3Br0.6I2.4,0,0.9,0.1,0,0.3,0.7,0,0.6,2.4
FA0.9Cs0.1Sn0.7Pb0.3Br0.9I2.1,0,0.9,0.1,0,0.3,0.7,0,0.9,2.1
FA0.9Cs0.1Sn0.7Pb0.3Br1.2I1.8,0,0.9,0.1,0,0.3,0.7,0,1.2,1.8
FA0.9Cs0.1Sn0.7Pb0.3Br1.5I1.5,0,0.9,0.1,0,0.3,0.7,0,1.5,1.5
FA0.9Cs0.1Sn0.7Pb0.3Br1.8I1.2,0,0.9,0.1,0,0.3,0.7,0,1.8,1.2
FA0.9Cs0.1Sn0.7Pb0.3Br2.1I0.9,0,0.9,0.1,0,0.3,0.7,0,2.1,0.9
FA0.9Cs0.1Sn0.7Pb0.3Br2.4I0.6,0,0.9,0.1,0,0.3,0.7,0,2.4,0.6
FA0.9Cs0.1Sn0.7Pb0.3Br2.7I0.3,0,0.9,0.1,0,0.3,0.7,0,2.7,0.3
FA0.9Cs0.1Sn0.6Pb0.4Cl0.3Br2.7,0,0.9,0.1,0,0.4,0.6,0.3,2.7,0
FA0.9Cs0.1Sn0.6Pb0.4Cl0.6Br2.4,0,0.9,0.1,0,0.4,0.6,0.6,2.4,0
FA0.9Cs0.1Sn0.6Pb0.4Cl0.9Br2.1,0,0.9,0.1,0,0.4,0.6,0.9,2.1,0
FA0.9Cs0.1Sn0.6Pb0.4Cl1.2Br1.8,0,0.9,0.1,0,0.4,0.6,1.2,1.8,0
FA0.9Cs0.1Sn0.6Pb0.4Cl1.5Br1.5,0,0.9,0.1,0,0.4,0.6,1.5,1.5,0
FA0.9Cs0.1Sn0.6Pb0.4Cl1.8Br1.2,0,0.9,0.1,0,0.4,0.6,1.8,1.2,0
FA0.9Cs0.1Sn0.6Pb0.4Cl2.1Br0.9,0,0.9,0.1,0,0.4,0.6,2.1,0.9,0
FA0.9Cs0.1Sn0.6Pb0.4Cl2.4Br0.6,0,0.9,0.1,0,0.4,0.6,2.4,0.6,0
FA0.9Cs0.1Sn0.6Pb0.4Cl2.7Br0.3,0,0.9,0.1,0,0.4,0.6,2.7,0.3,0
FA0.9Cs0.1Sn0.6Pb0.4Cl0.3I2.7,0,0.9,0.1,0,0.4,0.6,0.3,0,2.7
FA0.9Cs0.1Sn0.6Pb0.4Cl0.6I2.4,0,0.9,0.1,0,0.4,0.6,0.6,0,2.4
FA0.9Cs0.1Sn0.6Pb0.4Cl0.9I2.1,0,0.9,0.1,0,0.4,0.6,0.9,0,2.1
FA0.9Cs0.1Sn0.6Pb0.4Cl1.2I1.8,0,0.9,0.1,0,0.4,0.6,1.2,0,1.8
FA0.9Cs0.1Sn0.6Pb0.4Cl1.5I1.5,0,0.9,0.1,0,0.4,0.6,1.5,0,1.5
FA0.9Cs0.1Sn0.6Pb0.4Cl1.8I1.2,0,0.9,0.1,0,0.4,0.6,1.8,0,1.2
FA0.9Cs0.1Sn0.6Pb0.4Cl2.1I0.9,0,0.9,0.1,0,0.4,0.6,2.1,0,0.9
FA0.9Cs0.1Sn0.6Pb0.4Cl2.4I0.6,0,0.9,0.1,0,0.4,0.6,2.4,0,0.6
FA0.9Cs0.1Sn0.6Pb0.4Cl2.7I0.3,0,0.9,0.1,0,0.4,0.6,2.7,0,0.3
FA0.9Cs0.1Sn0.6Pb0.4Br0.3I2.7,0,0.9,0.1,0,0.4,0.6,0,0.3,2.7
FA0.9Cs0.1Sn0.6Pb0.4Br0.6I2.4,0,0.9,0.1,0,0.4,0.6,0,0.6,2.4
FA0.9Cs0.1Sn0.6Pb0.4Br0.9I2.1,0,0.9,0.1,0,0.4,0.6,0,0.9,2.1
FA0.9Cs0.1Sn0.6Pb0.4Br1.2I1.8,0,0.9,0.1,0,0.4,0.6,0,1.2,1.8
FA0.9Cs0.1Sn0.6Pb0.4Br1.5I1.5,0,0.9,0.1,0,0.4,0.6,0,1.5,1.5
FA0.9Cs0.1Sn0.6Pb0.4Br1.8I1.2,0,0.9,0.1,0,0.4,0.6,0,1.8,1.2
FA0.9Cs0.1Sn0.6Pb0.4Br2.1I0.9,0,0.9,0.1,0,0.4,0.6,0,2.1,0.9
FA0.9Cs0.1Sn0.6Pb0.4Br2.4I0.6,0,0.9,0.1,0,0.4,0.6,0,2.4,0.6
FA0.9Cs0.1Sn0.6Pb0.4Br2.7I0.3,0,0.9,0.1,0,0.4,0.6,0,2.7,0.3
FA0.9Cs0.1Sn0.5Pb0.5Cl0.3Br2.7,0,0.9,0.1,0,0.5,0.5,0.3,2.7,0
FA0.9Cs0.1Sn0.5Pb0.5Cl0.6Br2.4,0,0.9,0.1,0,0.5,0.5,0.6,2.4,0
FA0.9Cs0.1Sn0.5Pb0.5Cl0.9Br2.1,0,0.9,0.1,0,0.5,0.5,0.9,2.1,0
FA0.9Cs0.1Sn0.5Pb0.5Cl1.2Br1.8,0,0.9,0.1,0,0.5,0.5,1.2,1.8,0
FA0.9Cs0.1Sn0.5Pb0.5Cl1.5Br1.5,0,0.9,0.1,0,0.5,0.5,1.5,1.5,0
FA0.9Cs0.1Sn0.5Pb0.5Cl1.8Br1.2,0,0.9,0.1,0,0.5,0.5,1.8,1.2,0
FA0.9Cs0.1Sn0.5Pb0.5Cl2.1Br0.9,0,0.9,0.1,0,0.5,0.5,2.1,0.9,0
FA0.9Cs0.1Sn0.5Pb0.5Cl2.4Br0.6,0,0.9,0.1,0,0.5,0.5,2.4,0.6,0
FA0.9Cs0.1Sn0.5Pb0.5Cl2.7Br0.3,0,0.9,0.1,0,0.5,0.5,2.7,0.3,0
FA0.9Cs0.1Sn0.5Pb0.5Cl0.3I2.7,0,0.9,0.1,0,0.5,0.5,0.3,0,2.7
FA0.9Cs0.1Sn0.5Pb0.5Cl0.6I2.4,0,0.9,0.1,0,0.5,0.5,0.6,0,2.4
FA0.9Cs0.1Sn0.5Pb0.5Cl0.9I2.1,0,0.9,0.1,0,0.5,0.5,0.9,0,2.1
FA0.9Cs0.1Sn0.5Pb0.5Cl1.2I1.8,0,0.9,0.1,0,0.5,0.5,1.2,0,1.8
FA0.9Cs0.1Sn0.5Pb0.5Cl1.5I1.5,0,0.9,0.1,0,0.5,0.5,1.5,0,1.5
FA0.9Cs0.1Sn0.5Pb0.5Cl1.8I1.2,0,0.9,0.1,0,0.5,0.5,1.8,0,1.2
FA0.9Cs0.1Sn0.5Pb0.5Cl2.1I0.9,0,0.9,0.1,0,0.5,0.5,2.1,0,0.9
FA0.9Cs0.1Sn0.5Pb0.5Cl2.4I0.6,0,0.9,0.1,0,0.5,0.5,2.4,0,0.6
FA0.9Cs0.1Sn0.5Pb0.5Cl2.7I0.3,0,0.9,0.1,0,0.5,0.5,2.7,0,0.3
FA0.9Cs0.1Sn0.5Pb0.5Br0.3I2.7,0,0.9,0.1,0,0.5,0.5,0,0.3,2.7
FA0.9Cs0.1Sn0.5Pb0.5Br0.6I2.4,0,0.9,0.1,0,0.5,0.5,0,0.6,2.4
FA0.9Cs0.1Sn0.5Pb0.5Br0.9I2.1,0,0.9,0.1,0,0.5,0.5,0,0.9,2.1
FA0.9Cs0.1Sn0.5Pb0.5Br1.2I1.8,0,0.9,0.1,0,0.5,0.5,0,1.2,1.8
FA0.9Cs0.1Sn0.5Pb0.5Br1.5I1.5,0,0.9,0.1,0,0.5,0.5,0,1.5,1.5
FA0.9Cs0.1Sn0.5Pb0.5Br1.8I1.2,0,0.9,0.1,0,0.5,0.5,0,1.8,1.2
FA0.9Cs0.1Sn0.5Pb0.5Br2.1I0.9,0,0.9,0.1,0,0.5,0.5,0,2.1,0.9
FA0.9Cs0.1Sn0.5Pb0.5Br2.4I0.6,0,0.9,0.1,0,0.5,0.5,0,2.4,0.6
FA0.9Cs0.1Sn0.5Pb0.5Br2.7I0.3,0,0.9,0.1,0,0.5,0.5,0,2.7,0.3
FA0.9Cs0.1Sn0.4Pb0.6Cl0.3Br2.7,0,0.9,0.1,0,0.6,0.4,0.3,2.7,0
FA0.9Cs0.1Sn0.4Pb0.6Cl0.6Br2.4,0,0.9,0.1,0,0.6,0.4,0.6,2.4,0
FA0.9Cs0.1Sn0.4Pb0.6Cl0.9Br2.1,0,0.9,0.1,0,0.6,0.4,0.9,2.1,0
FA0.9Cs0.1Sn0.4Pb0.6Cl1.2Br1.8,0,0.9,0.1,0,0.6,0.4,1.2,1.8,0
FA0.9Cs0.1Sn0.4Pb0.6Cl1.5Br1.5,0,0.9,0.1,0,0.6,0.4,1.5,1.5,0
FA0.9Cs0.1Sn0.4Pb0.6Cl1.8Br1.2,0,0.9,0.1,0,0.6,0.4,1.8,1.2,0
FA0.9Cs0.1Sn0.4Pb0.6Cl2.1Br0.9,0,0.9,0.1,0,0.6,0.4,2.1,0.9,0
FA0.9Cs0.1Sn0.4Pb0.6Cl2.4Br0.6,0,0.9,0.1,0,0.6,0.4,2.4,0.6,0
FA0.9Cs0.1Sn0.4Pb0.6Cl2.7Br0.3,0,0.9,0.1,0,0.6,0.4,2.7,0.3,0
FA0.9Cs0.1Sn0.4Pb0.6Cl0.3I2.7,0,0.9,0.1,0,0.6,0.4,0.3,0,2.7
FA0.9Cs0.1Sn0.4Pb0.6Cl0.6I2.4,0,0.9,0.1,0,0.6,0.4,0.6,0,2.4
FA0.9Cs0.1Sn0.4Pb0.6Cl0.9I2.1,0,0.9,0.1,0,0.6,0.4,0.9,0,2.1
FA0.9Cs0.1Sn0.4Pb0.6Cl1.2I1.8,0,0.9,0.1,0,0.6,0.4,1.2,0,1.8
FA0.9Cs0.1Sn0.4Pb0.6Cl1.5I1.5,0,0.9,0.1,0,0.6,0.4,1.5,0,1.5
FA0.9Cs0.1Sn0.4Pb0.6Cl1.8I1.2,0,0.9,0.1,0,0.6,0.4,1.8,0,1.2
FA0.9Cs0.1Sn0.4Pb0.6Cl2.1I0.9,0,0.9,0.1,0,0.6,0.4,2.1,0,0.9
FA0.9Cs0.1Sn0.4Pb0.6Cl2.4I0.6,0,0.9,0.1,0,0.6,0.4,2.4,0,0.6
FA0.9Cs0.1Sn0.4Pb0.6Cl2.7I0.3,0,0.9,0.1,0,0.6,0.4,2.7,0,0.3
FA0.9Cs0.1Sn0.4Pb0.6Br0.3I2.7,0,0.9,0.1,0,0.6,0.4,0,0.3,2.7
FA0.9Cs0.1Sn0.4Pb0.6Br0.6I2.4,0,0.9,0.1,0,0.6,0.4,0,0.6,2.4
FA0.9Cs0.1Sn0.4Pb0.6Br0.9I2.1,0,0.9,0.1,0,0.6,0.4,0,0.9,2.1
FA0.9Cs0.1Sn0.4Pb0.6Br1.2I1.8,0,0.9,0.1,0,0.6,0.4,0,1.2,1.8
FA0.9Cs0.1Sn0.4Pb0.6Br1.5I1.5,0,0.9,0.1,0,0.6,0.4,0,1.5,1.5
FA0.9Cs0.1Sn0.4Pb0.6Br1.8I1.2,0,0.9,0.1,0,0.6,0.4,0,1.8,1.2
FA0.9Cs0.1Sn0.4Pb0.6Br2.1I0.9,0,0.9,0.1,0,0.6,0.4,0,2.1,0.9
FA0.9Cs0.1Sn0.4Pb0.6Br2.4I0.6,0,0.9,0.1,0,0.6,0.4,0,2.4,0.6
FA0.9Cs0.1Sn0.4Pb0.6Br2.7I0.3,0,0.9,0.1,0,0.6,0.4,0,2.7,0.3
FA0.9Cs0.1Sn0.3Pb0.7Cl0.3Br2.7,0,0.9,0.1,0,0.7,0.3,0.3,2.7,0
FA0.9Cs0.1Sn0.3Pb0.7Cl0.6Br2.4,0,0.9,0.1,0,0.7,0.3,0.6,2.4,0
FA0.9Cs0.1Sn0.3Pb0.7Cl0.9Br2.1,0,0.9,0.1,0,0.7,0.3,0.9,2.1,0
FA0.9Cs0.1Sn0.3Pb0.7Cl1.2Br1.8,0,0.9,0.1,0,0.7,0.3,1.2,1.8,0
FA0.9Cs0.1Sn0.3Pb0.7Cl1.5Br1.5,0,0.9,0.1,0,0.7,0.3,1.5,1.5,0
FA0.9Cs0.1Sn0.3Pb0.7Cl1.8Br1.2,0,0.9,0.1,0,0.7,0.3,1.8,1.2,0
FA0.9Cs0.1Sn0.3Pb0.7Cl2.1Br0.9,0,0.9,0.1,0,0.7,0.3,2.1,0.9,0
FA0.9Cs0.1Sn0.3Pb0.7Cl2.4Br0.6,0,0.9,0.1,0,0.7,0.3,2.4,0.6,0
FA0.9Cs0.1Sn0.3Pb0.7Cl2.7Br0.3,0,0.9,0.1,0,0.7,0.3,2.7,0.3,0
FA0.9Cs0.1Sn0.3Pb0.7Cl0.3I2.7,0,0.9,0.1,0,0.7,0.3,0.3,0,2.7
FA0.9Cs0.1Sn0.3Pb0.7Cl0.6I2.4,0,0.9,0.1,0,0.7,0.3,0.6,0,2.4
FA0.9Cs0.1Sn0.3Pb0.7Cl0.9I2.1,0,0.9,0.1,0,0.7,0.3,0.9,0,2.1
FA0.9Cs0.1Sn0.3Pb0.7Cl1.2I1.8,0,0.9,0.1,0,0.7,0.3,1.2,0,1.8
FA0.9Cs0.1Sn0.3Pb0.7Cl1.5I1.5,0,0.9,0.1,0,0.7,0.3,1.5,0,1.5
FA0.9Cs0.1Sn0.3Pb0.7Cl1.8I1.2,0,0.9,0.1,0,0.7,0.3,1.8,0,1.2
FA0.9Cs0.1Sn0.3Pb0.7Cl2.1I0.9,0,0.9,0.1,0,0.7,0.3,2.1,0,0.9
FA0.9Cs0.1Sn0.3Pb0.7Cl2.4I0.6,0,0.9,0.1,0,0.7,0.3,2.4,0,0.6
FA0.9Cs0.1Sn0.3Pb0.7Cl2.7I0.3,0,0.9,0.1,0,0.7,0.3,2.7,0,0.3
FA0.9Cs0.1Sn0.3Pb0.7Br0.3I2.7,0,0.9,0.1,0,0.7,0.3,0,0.3,2.7
FA0.9Cs0.1Sn0.3Pb0.7Br0.6I2.4,0,0.9,0.1,0,0.7,0.3,0,0.6,2.4
FA0.9Cs0.1Sn0.3Pb0.7Br0.9I2.1,0,0.9,0.1,0,0.7,0.3,0,0.9,2.1
FA0.9Cs0.1Sn0.3Pb0.7Br1.2I1.8,0,0.9,0.1,0,0.7,0.3,0,1.2,1.8
FA0.9Cs0.1Sn0.3Pb0.7Br1.5I1.5,0,0.9,0.1,0,0.7,0.3,0,1.5,1.5
FA0.9Cs0.1Sn0.3Pb0.7Br1.8I1.2,0,0.9,0.1,0,0.7,0.3,0,1.8,1.2
FA0.9Cs0.1Sn0.3Pb0.7Br2.1I0.9,0,0.9,0.1,0,0.7,0.3,0,2.1,0.9
FA0.9Cs0.1Sn0.3Pb0.7Br2.4I0.6,0,0.9,0.1,0,0.7,0.3,0,2.4,0.6
FA0.9Cs0.1Sn0.3Pb0.7Br2.7I0.3,0,0.9,0.1,0,0.7,0.3,0,2.7,0.3
FA0.9Cs0.1Sn0.2Pb0.8Cl0.3Br2.7,0,0.9,0.1,0,0.8,0.2,0.3,2.7,0
FA0.9Cs0.1Sn0.2Pb0.8Cl0.6Br2.4,0,0.9,0.1,0,0.8,0.2,0.6,2.4,0
FA0.9Cs0.1Sn0.2Pb0.8Cl0.9Br2.1,0,0.9,0.1,0,0.8,0.2,0.9,2.1,0
FA0.9Cs0.1Sn0.2Pb0.8Cl1.2Br1.8,0,0.9,0.1,0,0.8,0.2,1.2,1.8,0
FA0.9Cs0.1Sn0.2Pb0.8Cl1.5Br1.5,0,0.9,0.1,0,0.8,0.2,1.5,1.5,0
FA0.9Cs0.1Sn0.2Pb0.8Cl1.8Br1.2,0,0.9,0.1,0,0.8,0.2,1.8,1.2,0
FA0.9Cs0.1Sn0.2Pb0.8Cl2.1Br0.9,0,0.9,0.1,0,0.8,0.2,2.1,0.9,0
FA0.9Cs0.1Sn0.2Pb0.8Cl2.4Br0.6,0,0.9,0.1,0,0.8,0.2,2.4,0.6,0
FA0.9Cs0.1Sn0.2Pb0.8Cl2.7Br0.3,0,0.9,0.1,0,0.8,0.2,2.7,0.3,0
FA0.9Cs0.1Sn0.2Pb0.8Cl0.3I2.7,0,0.9,0.1,0,0.8,0.2,0.3,0,2.7
FA0.9Cs0.1Sn0.2Pb0.8Cl0.6I2.4,0,0.9,0.1,0,0.8,0.2,0.6,0,2.4
FA0.9Cs0.1Sn0.2Pb0.8Cl0.9I2.1,0,0.9,0.1,0,0.8,0.2,0.9,0,2.1
FA0.9Cs0.1Sn0.2Pb0.8Cl1.2I1.8,0,0.9,0.1,0,0.8,0.2,1.2,0,1.8
FA0.9Cs0.1Sn0.2Pb0.8Cl1.5I1.5,0,0.9,0.1,0,0.8,0.2,1.5,0,1.5
FA0.9Cs0.1Sn0.2Pb0.8Cl1.8I1.2,0,0.9,0.1,0,0.8,0.2,1.8,0,1.2
FA0.9Cs0.1Sn0.2Pb0.8Cl2.1I0.9,0,0.9,0.1,0,0.8,0.2,2.1,0,0.9
FA0.9Cs0.1Sn0.2Pb0.8Cl2.4I0.6,0,0.9,0.1,0,0.8,0.2,2.4,0,0.6
FA0.9Cs0.1Sn0.2Pb0.8Cl2.7I0.3,0,0.9,0.1,0,0.8,0.2,2.7,0,0.3
FA0.9Cs0.1Sn0.2Pb0.8Br0.3I2.7,0,0.9,0.1,0,0.8,0.2,0,0.3,2.7
FA0.9Cs0.1Sn0.2Pb0.8Br0.6I2.4,0,0.9,0.1,0,0.8,0.2,0,0.6,2.4
FA0.9Cs0.1Sn0.2Pb0.8Br0.9I2.1,0,0.9,0.1,0,0.8,0.2,0,0.9,2.1
FA0.9Cs0.1Sn0.2Pb0.8Br1.2I1.8,0,0.9,0.1,0,0.8,0.2,0,1.2,1.8
FA0.9Cs0.1Sn0.2Pb0.8Br1.5I1.5,0,0.9,0.1,0,0.8,0.2,0,1.5,1.5
FA0.9Cs0.1Sn0.2Pb0.8Br1.8I1.2,0,0.9,0.1,0,0.8,0.2,0,1.8,1.2
FA0.9Cs0.1Sn0.2Pb0.8Br2.1I0.9,0,0.9,0.1,0,0.8,0.2,0,2.1,0.9
FA0.9Cs0.1Sn0.2Pb0.8Br2.4I0.6,0,0.9,0.1,0,0.8,0.2,0,2.4,0.6
FA0.9Cs0.1Sn0.2Pb0.8Br2.7I0.3,0,0.9,0.1,0,0.8,0.2,0,2.7,0.3
FA0.9Cs0.1Sn0.1Pb0.9Cl0.3Br2.7,0,0.9,0.1,0,0.9,0.1,0.3,2.7,0
FA0.9Cs0.1Sn0.1Pb0.9Cl0.6Br2.4,0,0.9,0.1,0,0.9,0.1,0.6,2.4,0
FA0.9Cs0.1Sn0.1Pb0.9Cl0.9Br2.1,0,0.9,0.1,0,0.9,0.1,0.9,2.1,0
FA0.9Cs0.1Sn0.1Pb0.9Cl1.2Br1.8,0,0.9,0.1,0,0.9,0.1,1.2,1.8,0
FA0.9Cs0.1Sn0.1Pb0.9Cl1.5Br1.5,0,0.9,0.1,0,0.9,0.1,1.5,1.5,0
FA0.9Cs0.1Sn0.1Pb0.9Cl1.8Br1.2,0,0.9,0.1,0,0.9,0.1,1.8,1.2,0
FA0.9Cs0.1Sn0.1Pb0.9Cl2.1Br0.9,0,0.9,0.1,0,0.9,0.1,2.1,0.9,0
FA0.9Cs0.1Sn0.1Pb0.9Cl2.4Br0.6,0,0.9,0.1,0,0.9,0.1,2.4,0.6,0
FA0.9Cs0.1Sn0.1Pb0.9Cl2.7Br0.3,0,0.9,0.1,0,0.9,0.1,2.7,0.3,0
FA0.9Cs0.1Sn0.1Pb0.9Cl0.3I2.7,0,0.9,0.1,0,0.9,0.1,0.3,0,2.7
FA0.9Cs0.1Sn0.1Pb0.9Cl0.6I2.4,0,0.9,0.1,0,0.9,0.1,0.6,0,2.4
FA0.9Cs0.1Sn0.1Pb0.9Cl0.9I2.1,0,0.9,0.1,0,0.9,0.1,0.9,0,2.1
FA0.9Cs0.1Sn0.1Pb0.9Cl1.2I1.8,0,0.9,0.1,0,0.9,0.1,1.2,0,1.8
FA0.9Cs0.1Sn0.1Pb0.9Cl1.5I1.5,0,0.9,0.1,0,0.9,0.1,1.5,0,1.5
FA0.9Cs0.1Sn0.1Pb0.9Cl1.8I1.2,0,0.9,0.1,0,0.9,0.1,1.8,0,1.2
FA0.9Cs0.1Sn0.1Pb0.9Cl2.1I0.9,0,0.9,0.1,0,0.9,0.1,2.1,0,0.9
FA0.9Cs0.1Sn0.1Pb0.9Cl2.4I0.6,0,0.9,0.1,0,0.9,0.1,2.4,0,0.6
FA0.9Cs0.1Sn0.1Pb0.9Cl2.7I0.3,0,0.9,0.1,0,0.9,0.1,2.7,0,0.3
FA0.9Cs0.1Sn0.1Pb0.9Br0.3I2.7,0,0.9,0.1,0,0.9,0.1,0,0.3,2.7
FA0.9Cs0.1Sn0.1Pb0.9Br0.6I2.4,0,0.9,0.1,0,0.9,0.1,0,0.6,2.4
FA0.9Cs0.1Sn0.1Pb0.9Br0.9I2.1,0,0.9,0.1,0,0.9,0.1,0,0.9,2.1
FA0.9Cs0.1Sn0.1Pb0.9Br1.2I1.8,0,0.9,0.1,0,0.9,0.1,0,1.2,1.8
FA0.9Cs0.1Sn0.1Pb0.9Br1.5I1.5,0,0.9,0.1,0,0.9,0.1,0,1.5,1.5
FA0.9Cs0.1Sn0.1Pb0.9Br1.8I1.2,0,0.9,0.1,0,0.9,0.1,0,1.8,1.2
FA0.9Cs0.1Sn0.1Pb0.9Br2.1I0.9,0,0.9,0.1,0,0.9,0.1,0,2.1,0.9
FA0.9Cs0.1Sn0.1Pb0.9Br2.4I0.6,0,0.9,0.1,0,0.9,0.1,0,2.4,0.6
FA0.9Cs0.1Sn0.1Pb0.9Br2.7I0.3,0,0.9,0.1,0,0.9,0.1,0,2.7,0.3
FA0.1EA0.9Sn0.9Pb0.1Cl0.3Br2.7,0,0.1,0,0.9,0.1,0.9,0.3,2.7,0
FA0.1EA0.9Sn0.9Pb0.1Cl0.6Br2.4,0,0.1,0,0.9,0.1,0.9,0.6,2.4,0
FA0.1EA0.9Sn0.9Pb0.1Cl0.9Br2.1,0,0.1,0,0.9,0.1,0.9,0.9,2.1,0
FA0.1EA0.9Sn0.9Pb0.1Cl1.2Br1.8,0,0.1,0,0.9,0.1,0.9,1.2,1.8,0
FA0.1EA0.9Sn0.9Pb0.1Cl1.5Br1.5,0,0.1,0,0.9,0.1,0.9,1.5,1.5,0
FA0.1EA0.9Sn0.9Pb0.1Cl1.8Br1.2,0,0.1,0,0.9,0.1,0.9,1.8,1.2,0
FA0.1EA0.9Sn0.9Pb0.1Cl2.1Br0.9,0,0.1,0,0.9,0.1,0.9,2.1,0.9,0
FA0.1EA0.9Sn0.9Pb0.1Cl2.4Br0.6,0,0.1,0,0.9,0.1,0.9,2.4,0.6,0
FA0.1EA0.9Sn0.9Pb0.1Cl2.7Br0.3,0,0.1,0,0.9,0.1,0.9,2.7,0.3,0
FA0.1EA0.9Sn0.9Pb0.1Cl0.3I2.7,0,0.1,0,0.9,0.1,0.9,0.3,0,2.7
FA0.1EA0.9Sn0.9Pb0.1Cl0.6I2.4,0,0.1,0,0.9,0.1,0.9,0.6,0,2.4
FA0.1EA0.9Sn0.9Pb0.1Cl0.9I2.1,0,0.1,0,0.9,0.1,0.9,0.9,0,2.1
FA0.1EA0.9Sn0.9Pb0.1Cl1.2I1.8,0,0.1,0,0.9,0.1,0.9,1.2,0,1.8
FA0.1EA0.9Sn0.9Pb0.1Cl1.5I1.5,0,0.1,0,0.9,0.1,0.9,1.5,0,1.5
FA0.1EA0.9Sn0.9Pb0.1Cl1.8I1.2,0,0.1,0,0.9,0.1,0.9,1.8,0,1.2
FA0.1EA0.9Sn0.9Pb0.1Cl2.1I0.9,0,0.1,0,0.9,0.1,0.9,2.1,0,0.9
FA0.1EA0.9Sn0.9Pb0.1Cl2.4I0.6,0,0.1,0,0.9,0.1,0.9,2.4,0,0.6
FA0.1EA0.9Sn0.9Pb0.1Cl2.7I0.3,0,0.1,0,0.9,0.1,0.9,2.7,0,0.3
FA0.1EA0.9Sn0.9Pb0.1Br0.3I2.7,0,0.1,0,0.9,0.1,0.9,0,0.3,2.7
FA0.1EA0.9Sn0.9Pb0.1Br0.6I2.4,0,0.1,0,0.9,0.1,0.9,0,0.6,2.4
FA0.1EA0.9Sn0.9Pb0.1Br0.9I2.1,0,0.1,0,0.9,0.1,0.9,0,0.9,2.1
FA0.1EA0.9Sn0.9Pb0.1Br1.2I1.8,0,0.1,0,0.9,0.1,0.9,0,1.2,1.8
FA0.1EA0.9Sn0.9Pb0.1Br1.5I1.5,0,0.1,0,0.9,0.1,0.9,0,1.5,1.5
FA0.1EA0.9Sn0.9Pb0.1Br1.8I1.2,0,0.1,0,0.9,0.1,0.9,0,1.8,1.2
FA0.1EA0.9Sn0.9Pb0.1Br2.1I0.9,0,0.1,0,0.9,0.1,0.9,0,2.1,0.9
FA0.1EA0.9Sn0.9Pb0.1Br2.4I0.6,0,0.1,0,0.9,0.1,0.9,0,2.4,0.6
FA0.1EA0.9Sn0.9Pb0.1Br2.7I0.3,0,0.1,0,0.9,0.1,0.9,0,2.7,0.3
FA0.1EA0.9Sn0.8Pb0.2Cl0.3Br2.7,0,0.1,0,0.9,0.2,0.8,0.3,2.7,0
FA0.1EA0.9Sn0.8Pb0.2Cl0.6Br2.4,0,0.1,0,0.9,0.2,0.8,0.6,2.4,0
FA0.1EA0.9Sn0.8Pb0.2Cl0.9Br2.1,0,0.1,0,0.9,0.2,0.8,0.9,2.1,0
FA0.1EA0.9Sn0.8Pb0.2Cl1.2Br1.8,0,0.1,0,0.9,0.2,0.8,1.2,1.8,0
FA0.1EA0.9Sn0.8Pb0.2Cl1.5Br1.5,0,0.1,0,0.9,0.2,0.8,1.5,1.5,0
FA0.1EA0.9Sn0.8Pb0.2Cl1.8Br1.2,0,0.1,0,0.9,0.2,0.8,1.8,1.2,0
FA0.1EA0.9Sn0.8Pb0.2Cl2.1Br0.9,0,0.1,0,0.9,0.2,0.8,2.1,0.9,0
FA0.1EA0.9Sn0.8Pb0.2Cl2.4Br0.6,0,0.1,0,0.9,0.2,0.8,2.4,0.6,0
FA0.1EA0.9Sn0.8Pb0.2Cl2.7Br0.3,0,0.1,0,0.9,0.2,0.8,2.7,0.3,0
FA0.1EA0.9Sn0.8Pb0.2Cl0.3I2.7,0,0.1,0,0.9,0.2,0.8,0.3,0,2.7
FA0.1EA0.9Sn0.8Pb0.2Cl0.6I2.4,0,0.1,0,0.9,0.2,0.8,0.6,0,2.4
FA0.1EA0.9Sn0.8Pb0.2Cl0.9I2.1,0,0.1,0,0.9,0.2,0.8,0.9,0,2.1
FA0.1EA0.9Sn0.8Pb0.2Cl1.2I1.8,0,0.1,0,0.9,0.2,0.8,1.2,0,1.8
FA0.1EA0.9Sn0.8Pb0.2Cl1.5I1.5,0,0.1,0,0.9,0.2,0.8,1.5,0,1.5
FA0.1EA0.9Sn0.8Pb0.2Cl1.8I1.2,0,0.1,0,0.9,0.2,0.8,1.8,0,1.2
FA0.1EA0.9Sn0.8Pb0.2Cl2.1I0.9,0,0.1,0,0.9,0.2,0.8,2.1,0,0.9
FA0.1EA0.9Sn0.8Pb0.2Cl2.4I0.6,0,0.1,0,0.9,0.2,0.8,2.4,0,0.6
FA0.1EA0.9Sn0.8Pb0.2Cl2.7I0.3,0,0.1,0,0.9,0.2,0.8,2.7,0,0.3
FA0.1EA0.9Sn0.8Pb0.2Br0.3I2.7,0,0.1,0,0.9,0.2,0.8,0,0.3,2.7
FA0.1EA0.9Sn0.8Pb0.2Br0.6I2.4,0,0.1,0,0.9,0.2,0.8,0,0.6,2.4
FA0.1EA0.9Sn0.8Pb0.2Br0.9I2.1,0,0.1,0,0.9,0.2,0.8,0,0.9,2.1
FA0.1EA0.9Sn0.8Pb0.2Br1.2I1.8,0,0.1,0,0.9,0.2,0.8,0,1.2,1.8
FA0.1EA0.9Sn0.8Pb0.2Br1.5I1.5,0,0.1,0,0.9,0.2,0.8,0,1.5,1.5
FA0.1EA0.9Sn0.8Pb0.2Br1.8I1.2,0,0.1,0,0.9,0.2,0.8,0,1.8,1.2
FA0.1EA0.9Sn0.8Pb0.2Br2.1I0.9,0,0.1,0,0.9,0.2,0.8,0,2.1,0.9
FA0.1EA0.9Sn0.8Pb0.2Br2.4I0.6,0,0.1,0,0.9,0.2,0.8,0,2.4,0.6
FA0.1EA0.9Sn0.8Pb0.2Br2.7I0.3,0,0.1,0,0.9,0.2,0.8,0,2.7,0.3
FA0.1EA0.9Sn0.7Pb0.3Cl0.3Br2.7,0,0.1,0,0.9,0.3,0.7,0.3,2.7,0
FA0.1EA0.9Sn0.7Pb0.3Cl0.6Br2.4,0,0.1,0,0.9,0.3,0.7,0.6,2.4,0
FA0.1EA0.9Sn0.7Pb0.3Cl0.9Br2.1,0,0.1,0,0.9,0.3,0.7,0.9,2.1,0
FA0.1EA0.9Sn0.7Pb0.3Cl1.2Br1.8,0,0.1,0,0.9,0.3,0.7,1.2,1.8,0
FA0.1EA0.9Sn0.7Pb0.3Cl1.5Br1.5,0,0.1,0,0.9,0.3,0.7,1.5,1.5,0
FA0.1EA0.9Sn0.7Pb0.3Cl1.8Br1.2,0,0.1,0,0.9,0.3,0.7,1.8,1.2,0
FA0.1EA0.9Sn0.7Pb0.3Cl2.1Br0.9,0,0.1,0,0.9,0.3,0.7,2.1,0.9,0
FA0.1EA0.9Sn0.7Pb0.3Cl2.4Br0.6,0,0.1,0,0.9,0.3,0.7,2.4,0.6,0
FA0.1EA0.9Sn0.7Pb0.3Cl2.7Br0.3,0,0.1,0,0.9,0.3,0.7,2.7,0.3,0
FA0.1EA0.9Sn0.7Pb0.3Cl0.3I2.7,0,0.1,0,0.9,0.3,0.7,0.3,0,2.7
FA0.1EA0.9Sn0.7Pb0.3Cl0.6I2.4,0,0.1,0,0.9,0.3,0.7,0.6,0,2.4
FA0.1EA0.9Sn0.7Pb0.3Cl0.9I2.1,0,0.1,0,0.9,0.3,0.7,0.9,0,2.1
FA0.1EA0.9Sn0.7Pb0.3Cl1.2I1.8,0,0.1,0,0.9,0.3,0.7,1.2,0,1.8
FA0.1EA0.9Sn0.7Pb0.3Cl1.5I1.5,0,0.1,0,0.9,0.3,0.7,1.5,0,1.5
FA0.1EA0.9Sn0.7Pb0.3Cl1.8I1.2,0,0.1,0,0.9,0.3,0.7,1.8,0,1.2
FA0.1EA0.9Sn0.7Pb0.3Cl2.1I0.9,0,0.1,0,0.9,0.3,0.7,2.1,0,0.9
FA0.1EA0.9Sn0.7Pb0.3Cl2.4I0.6,0,0.1,0,0.9,0.3,0.7,2.4,0,0.6
FA0.1EA0.9Sn0.7Pb0.3Cl2.7I0.3,0,0.1,0,0.9,0.3,0.7,2.7,0,0.3
FA0.1EA0.9Sn0.7Pb0.3Br0.3I2.7,0,0.1,0,0.9,0.3,0.7,0,0.3,2.7
FA0.1EA0.9Sn0.7Pb0.3Br0.6I2.4,0,0.1,0,0.9,0.3,0.7,0,0.6,2.4
FA0.1EA0.9Sn0.7Pb0.3Br0.9I2.1,0,0.1,0,0.9,0.3,0.7,0,0.9,2.1
FA0.1EA0.9Sn0.7Pb0.3Br1.2I1.8,0,0.1,0,0.9,0.3,0.7,0,1.2,1.8
FA0.1EA0.9Sn0.7Pb0.3Br1.5I1.5,0,0.1,0,0.9,0.3,0.7,0,1.5,1.5
FA0.1EA0.9Sn0.7Pb0.3Br1.8I1.2,0,0.1,0,0.9,0.3,0.7,0,1.8,1.2
FA0.1EA0.9Sn0.7Pb0.3Br2.1I0.9,0,0.1,0,0.9,0.3,0.7,0,2.1,0.9
FA0.1EA0.9Sn0.7Pb0.3Br2.4I0.6,0,0.1,0,0.9,0.3,0.7,0,2.4,0.6
FA0.1EA0.9Sn0.7Pb0.3Br2.7I0.3,0,0.1,0,0.9,0.3,0.7,0,2.7,0.3
FA0.1EA0.9Sn0.6Pb0.4Cl0.3Br2.7,0,0.1,0,0.9,0.4,0.6,0.3,2.7,0
FA0.1EA0.9Sn0.6Pb0.4Cl0.6Br2.4,0,0.1,0,0.9,0.4,0.6,0.6,2.4,0
FA0.1EA0.9Sn0.6Pb0.4Cl0.9Br2.1,0,0.1,0,0.9,0.4,0.6,0.9,2.1,0
FA0.1EA0.9Sn0.6Pb0.4Cl1.2Br1.8,0,0.1,0,0.9,0.4,0.6,1.2,1.8,0
FA0.1EA0.9Sn0.6Pb0.4Cl1.5Br1.5,0,0.1,0,0.9,0.4,0.6,1.5,1.5,0
FA0.1EA0.9Sn0.6Pb0.4Cl1.8Br1.2,0,0.1,0,0.9,0.4,0.6,1.8,1.2,0
FA0.1EA0.9Sn0.6Pb0.4Cl2.1Br0.9,0,0.1,0,0.9,0.4,0.6,2.1,0.9,0
FA0.1EA0.9Sn0.6Pb0.4Cl2.4Br0.6,0,0.1,0,0.9,0.4,0.6,2.4,0.6,0
FA0.1EA0.9Sn0.6Pb0.4Cl2.7Br0.3,0,0.1,0,0.9,0.4,0.6,2.7,0.3,0
FA0.1EA0.9Sn0.6Pb0.4Cl0.3I2.7,0,0.1,0,0.9,0.4,0.6,0.3,0,2.7
FA0.1EA0.9Sn0.6Pb0.4Cl0.6I2.4,0,0.1,0,0.9,0.4,0.6,0.6,0,2.4
FA0.1EA0.9Sn0.6Pb0.4Cl0.9I2.1,0,0.1,0,0.9,0.4,0.6,0.9,0,2.1
FA0.1EA0.9Sn0.6Pb0.4Cl1.2I1.8,0,0.1,0,0.9,0.4,0.6,1.2,0,1.8
FA0.1EA0.9Sn0.6Pb0.4Cl1.5I1.5,0,0.1,0,0.9,0.4,0.6,1.5,0,1.5
FA0.1EA0.9Sn0.6Pb0.4Cl1.8I1.2,0,0.1,0,0.9,0.4,0.6,1.8,0,1.2
FA0.1EA0.9Sn0.6Pb0.4Cl2.1I0.9,0,0.1,0,0.9,0.4,0.6,2.1,0,0.9
FA0.1EA0.9Sn0.6Pb0.4Cl2.4I0.6,0,0.1,0,0.9,0.4,0.6,2.4,0,0.6
FA0.1EA0.9Sn0.6Pb0.4Cl2.7I0.3,0,0.1,0,0.9,0.4,0.6,2.7,0,0.3
FA0.1EA0.9Sn0.6Pb0.4Br0.3I2.7,0,0.1,0,0.9,0.4,0.6,0,0.3,2.7
FA0.1EA0.9Sn0.6Pb0.4Br0.6I2.4,0,0.1,0,0.9,0.4,0.6,0,0.6,2.4
FA0.1EA0.9Sn0.6Pb0.4Br0.9I2.1,0,0.1,0,0.9,0.4,0.6,0,0.9,2.1
FA0.1EA0.9Sn0.6Pb0.4Br1.2I1.8,0,0.1,0,0.9,0.4,0.6,0,1.2,1.8
FA0.1EA0.9Sn0.6Pb0.4Br1.5I1.5,0,0.1,0,0.9,0.4,0.6,0,1.5,1.5
FA0.1EA0.9Sn0.6Pb0.4Br1.8I1.2,0,0.1,0,0.9,0.4,0.6,0,1.8,1.2
FA0.1EA0.9Sn0.6Pb0.4Br2.1I0.9,0,0.1,0,0.9,0.4,0.6,0,2.1,0.9
FA0.1EA0.9Sn0.6Pb0.4Br2.4I0.6,0,0.1,0,0.9,0.4,0.6,0,2.4,0.6
FA0.1EA0.9Sn0.6Pb0.4Br2.7I0.3,0,0.1,0,0.9,0.4,0.6,0,2.7,0.3
FA0.1EA0.9Sn0.5Pb0.5Cl0.3Br2.7,0,0.1,0,0.9,0.5,0.5,0.3,2.7,0
FA0.1EA0.9Sn0.5Pb0.5Cl0.6Br2.4,0,0.1,0,0.9,0.5,0.5,0.6,2.4,0
FA0.1EA0.9Sn0.5Pb0.5Cl0.9Br2.1,0,0.1,0,0.9,0.5,0.5,0.9,2.1,0
FA0.1EA0.9Sn0.5Pb0.5Cl1.2Br1.8,0,0.1,0,0.9,0.5,0.5,1.2,1.8,0
FA0.1EA0.9Sn0.5Pb0.5Cl1.5Br1.5,0,0.1,0,0.9,0.5,0.5,1.5,1.5,0
FA0.1EA0.9Sn0.5Pb0.5Cl1.8Br1.2,0,0.1,0,0.9,0.5,0.5,1.8,1.2,0
FA0.1EA0.9Sn0.5Pb0.5Cl2.1Br0.9,0,0.1,0,0.9,0.5,0.5,2.1,0.9,0
FA0.1EA0.9Sn0.5Pb0.5Cl2.4Br0.6,0,0.1,0,0.9,0.5,0.5,2.4,0.6,0
FA0.1EA0.9Sn0.5Pb0.5Cl2.7Br0.3,0,0.1,0,0.9,0.5,0.5,2.7,0.3,0
FA0.1EA0.9Sn0.5Pb0.5Cl0.3I2.7,0,0.1,0,0.9,0.5,0.5,0.3,0,2.7
FA0.1EA0.9Sn0.5Pb0.5Cl0.6I2.4,0,0.1,0,0.9,0.5,0.5,0.6,0,2.4
FA0.1EA0.9Sn0.5Pb0.5Cl0.9I2.1,0,0.1,0,0.9,0.5,0.5,0.9,0,2.1
FA0.1EA0.9Sn0.5Pb0.5Cl1.2I1.8,0,0.1,0,0.9,0.5,0.5,1.2,0,1.8
FA0.1EA0.9Sn0.5Pb0.5Cl1.5I1.5,0,0.1,0,0.9,0.5,0.5,1.5,0,1.5
FA0.1EA0.9Sn0.5Pb0.5Cl1.8I1.2,0,0.1,0,0.9,0.5,0.5,1.8,0,1.2
FA0.1EA0.9Sn0.5Pb0.5Cl2.1I0.9,0,0.1,0,0.9,0.5,0.5,2.1,0,0.9
FA0.1EA0.9Sn0.5Pb0.5Cl2.4I0.6,0,0.1,0,0.9,0.5,0.5,2.4,0,0.6
FA0.1EA0.9Sn0.5Pb0.5Cl2.7I0.3,0,0.1,0,0.9,0.5,0.5,2.7,0,0.3
FA0.1EA0.9Sn0.5Pb0.5Br0.3I2.7,0,0.1,0,0.9,0.5,0.5,0,0.3,2.7
FA0.1EA0.9Sn0.5Pb0.5Br0.6I2.4,0,0.1,0,0.9,0.5,0.5,0,0.6,2.4
FA0.1EA0.9Sn0.5Pb0.5Br0.9I2.1,0,0.1,0,0.9,0.5,0.5,0,0.9,2.1
FA0.1EA0.9Sn0.5Pb0.5Br1.2I1.8,0,0.1,0,0.9,0.5,0.5,0,1.2,1.8
FA0.1EA0.9Sn0.5Pb0.5Br1.5I1.5,0,0.1,0,0.9,0.5,0.5,0,1.5,1.5
FA0.1EA0.9Sn0.5Pb0.5Br1.8I1.2,0,0.1,0,0.9,0.5,0.5,0,1.8,1.2
FA0.1EA0.9Sn0.5Pb0.5Br2.1I0.9,0,0.1,0,0.9,0.5,0.5,0,2.1,0.9
FA0.1EA0.9Sn0.5Pb0.5Br2.4I0.6,0,0.1,0,0.9,0.5,0.5,0,2.4,0.6
FA0.1EA0.9Sn0.5Pb0.5Br2.7I0.3,0,0.1,0,0.9,0.5,0.5,0,2.7,0.3
FA0.1EA0.9Sn0.4Pb0.6Cl0.3Br2.7,0,0.1,0,0.9,0.6,0.4,0.3,2.7,0
FA0.1EA0.9Sn0.4Pb0.6Cl0.6Br2.4,0,0.1,0,0.9,0.6,0.4,0.6,2.4,0
FA0.1EA0.9Sn0.4Pb0.6Cl0.9Br2.1,0,0.1,0,0.9,0.6,0.4,0.9,2.1,0
FA0.1EA0.9Sn0.4Pb0.6Cl1.2Br1.8,0,0.1,0,0.9,0.6,0.4,1.2,1.8,0
FA0.1EA0.9Sn0.4Pb0.6Cl1.5Br1.5,0,0.1,0,0.9,0.6,0.4,1.5,1.5,0
FA0.1EA0.9Sn0.4Pb0.6Cl1.8Br1.2,0,0.1,0,0.9,0.6,0.4,1.8,1.2,0
FA0.1EA0.9Sn0.4Pb0.6Cl2.1Br0.9,0,0.1,0,0.9,0.6,0.4,2.1,0.9,0
FA0.1EA0.9Sn0.4Pb0.6Cl2.4Br0.6,0,0.1,0,0.9,0.6,0.4,2.4,0.6,0
FA0.1EA0.9Sn0.4Pb0.6Cl2.7Br0.3,0,0.1,0,0.9,0.6,0.4,2.7,0.3,0
FA0.1EA0.9Sn0.4Pb0.6Cl0.3I2.7,0,0.1,0,0.9,0.6,0.4,0.3,0,2.7
FA0.1EA0.9Sn0.4Pb0.6Cl0.6I2.4,0,0.1,0,0.9,0.6,0.4,0.6,0,2.4
FA0.1EA0.9Sn0.4Pb0.6Cl0.9I2.1,0,0.1,0,0.9,0.6,0.4,0.9,0,2.1
FA0.1EA0.9Sn0.4Pb0.6Cl1.2I1.8,0,0.1,0,0.9,0.6,0.4,1.2,0,1.8
FA0.1EA0.9Sn0.4Pb0.6Cl1.5I1.5,0,0.1,0,0.9,0.6,0.4,1.5,0,1.5
FA0.1EA0.9Sn0.4Pb0.6Cl1.8I1.2,0,0.1,0,0.9,0.6,0.4,1.8,0,1.2
FA0.1EA0.9Sn0.4Pb0.6Cl2.1I0.9,0,0.1,0,0.9,0.6,0.4,2.1,0,0.9
FA0.1EA0.9Sn0.4Pb0.6Cl2.4I0.6,0,0.1,0,0.9,0.6,0.4,2.4,0,0.6
FA0.1EA0.9Sn0.4Pb0.6Cl2.7I0.3,0,0.1,0,0.9,0.6,0.4,2.7,0,0.3
FA0.1EA0.9Sn0.4Pb0.6Br0.3I2.7,0,0.1,0,0.9,0.6,0.4,0,0.3,2.7
FA0.1EA0.9Sn0.4Pb0.6Br0.6I2.4,0,0.1,0,0.9,0.6,0.4,0,0.6,2.4
FA0.1EA0.9Sn0.4Pb0.6Br0.9I2.1,0,0.1,0,0.9,0.6,0.4,0,0.9,2.1
FA0.1EA0.9Sn0.4Pb0.6Br1.2I1.8,0,0.1,0,0.9,0.6,0.4,0,1.2,1.8
FA0.1EA0.9Sn0.4Pb0.6Br1.5I1.5,0,0.1,0,0.9,0.6,0.4,0,1.5,1.5
FA0.1EA0.9Sn0.4Pb0.6Br1.8I1.2,0,0.1,0,0.9,0.6,0.4,0,1.8,1.2
FA0.1EA0.9Sn0.4Pb0.6Br2.1I0.9,0,0.1,0,0.9,0.6,0.4,0,2.1,0.9
FA0.1EA0.9Sn0.4Pb0.6Br2.4I0.6,0,0.1,0,0.9,0.6,0.4,0,2.4,0.6
FA0.1EA0.9Sn0.4Pb0.6Br2.7I0.3,0,0.1,0,0.9,0.6,0.4,0,2.7,0.3
FA0.1EA0.9Sn0.3Pb0.7Cl0.3Br2.7,0,0.1,0,0.9,0.7,0.3,0.3,2.7,0
FA0.1EA0.9Sn0.3Pb0.7Cl0.6Br2.4,0,0.1,0,0.9,0.7,0.3,0.6,2.4,0
FA0.1EA0.9Sn0.3Pb0.7Cl0.9Br2.1,0,0.1,0,0.9,0.7,0.3,0.9,2.1,0
FA0.1EA0.9Sn0.3Pb0.7Cl1.2Br1.8,0,0.1,0,0.9,0.7,0.3,1.2,1.8,0
FA0.1EA0.9Sn0.3Pb0.7Cl1.5Br1.5,0,0.1,0,0.9,0.7,0.3,1.5,1.5,0
FA0.1EA0.9Sn0.3Pb0.7Cl1.8Br1.2,0,0.1,0,0.9,0.7,0.3,1.8,1.2,0
FA0.1EA0.9Sn0.3Pb0.7Cl2.1Br0.9,0,0.1,0,0.9,0.7,0.3,2.1,0.9,0
FA0.1EA0.9Sn0.3Pb0.7Cl2.4Br0.6,0,0.1,0,0.9,0.7,0.3,2.4,0.6,0
FA0.1EA0.9Sn0.3Pb0.7Cl2.7Br0.3,0,0.1,0,0.9,0.7,0.3,2.7,0.3,0
FA0.1EA0.9Sn0.3Pb0.7Cl0.3I2.7,0,0.1,0,0.9,0.7,0.3,0.3,0,2.7
FA0.1EA0.9Sn0.3Pb0.7Cl0.6I2.4,0,0.1,0,0.9,0.7,0.3,0.6,0,2.4
FA0.1EA0.9Sn0.3Pb0.7Cl0.9I2.1,0,0.1,0,0.9,0.7,0.3,0.9,0,2.1
FA0.1EA0.9Sn0.3Pb0.7Cl1.2I1.8,0,0.1,0,0.9,0.7,0.3,1.2,0,1.8
FA0.1EA0.9Sn0.3Pb0.7Cl1.5I1.5,0,0.1,0,0.9,0.7,0.3,1.5,0,1.5
FA0.1EA0.9Sn0.3Pb0.7Cl1.8I1.2,0,0.1,0,0.9,0.7,0.3,1.8,0,1.2
FA0.1EA0.9Sn0.3Pb0.7Cl2.1I0.9,0,0.1,0,0.9,0.7,0.3,2.1,0,0.9
FA0.1EA0.9Sn0.3Pb0.7Cl2.4I0.6,0,0.1,0,0.9,0.7,0.3,2.4,0,0.6
FA0.1EA0.9Sn0.3Pb0.7Cl2.7I0.3,0,0.1,0,0.9,0.7,0.3,2.7,0,0.3
FA0.1EA0.9Sn0.3Pb0.7Br0.3I2.7,0,0.1,0,0.9,0.7,0.3,0,0.3,2.7
FA0.1EA0.9Sn0.3Pb0.7Br0.6I2.4,0,0.1,0,0.9,0.7,0.3,0,0.6,2.4
FA0.1EA0.9Sn0.3Pb0.7Br0.9I2.1,0,0.1,0,0.9,0.7,0.3,0,0.9,2.1
FA0.1EA0.9Sn0.3Pb0.7Br1.2I1.8,0,0.1,0,0.9,0.7,0.3,0,1.2,1.8
FA0.1EA0.9Sn0.3Pb0.7Br1.5I1.5,0,0.1,0,0.9,0.7,0.3,0,1.5,1.5
FA0.1EA0.9Sn0.3Pb0.7Br1.8I1.2,0,0.1,0,0.9,0.7,0.3,0,1.8,1.2
FA0.1EA0.9Sn0.3Pb0.7Br2.1I0.9,0,0.1,0,0.9,0.7,0.3,0,2.1,0.9
FA0.1EA0.9Sn0.3Pb0.7Br2.4I0.6,0,0.1,0,0.9,0.7,0.3,0,2.4,0.6
FA0.1EA0.9Sn0.3Pb0.7Br2.7I0.3,0,0.1,0,0.9,0.7,0.3,0,2.7,0.3
FA0.1EA0.9Sn0.2Pb0.8Cl0.3Br2.7,0,0.1,0,0.9,0.8,0.2,0.3,2.7,0
FA0.1EA0.9Sn0.2Pb0.8Cl0.6Br2.4,0,0.1,0,0.9,0.8,0.2,0.6,2.4,0
FA0.1EA0.9Sn0.2Pb0.8Cl0.9Br2.1,0,0.1,0,0.9,0.8,0.2,0.9,2.1,0
FA0.1EA0.9Sn0.2Pb0.8Cl1.2Br1.8,0,0.1,0,0.9,0.8,0.2,1.2,1.8,0
FA0.1EA0.9Sn0.2Pb0.8Cl1.5Br1.5,0,0.1,0,0.9,0.8,0.2,1.5,1.5,0
FA0.1EA0.9Sn0.2Pb0.8Cl1.8Br1.2,0,0.1,0,0.9,0.8,0.2,1.8,1.2,0
FA0.1EA0.9Sn0.2Pb0.8Cl2.1Br0.9,0,0.1,0,0.9,0.8,0.2,2.1,0.9,0
FA0.1EA0.9Sn0.2Pb0.8Cl2.4Br0.6,0,0.1,0,0.9,0.8,0.2,2.4,0.6,0
FA0.1EA0.9Sn0.2Pb0.8Cl2.7Br0.3,0,0.1,0,0.9,0.8,0.2,2.7,0.3,0
FA0.1EA0.9Sn0.2Pb0.8Cl0.3I2.7,0,0.1,0,0.9,0.8,0.2,0.3,0,2.7
FA0.1EA0.9Sn0.2Pb0.8Cl0.6I2.4,0,0.1,0,0.9,0.8,0.2,0.6,0,2.4
FA0.1EA0.9Sn0.2Pb0.8Cl0.9I2.1,0,0.1,0,0.9,0.8,0.2,0.9,0,2.1
FA0.1EA0.9Sn0.2Pb0.8Cl1.2I1.8,0,0.1,0,0.9,0.8,0.2,1.2,0,1.8
FA0.1EA0.9Sn0.2Pb0.8Cl1.5I1.5,0,0.1,0,0.9,0.8,0.2,1.5,0,1.5
FA0.1EA0.9Sn0.2Pb0.8Cl1.8I1.2,0,0.1,0,0.9,0.8,0.2,1.8,0,1.2
FA0.1EA0.9Sn0.2Pb0.8Cl2.1I0.9,0,0.1,0,0.9,0.8,0.2,2.1,0,0.9
FA0.1EA0.9Sn0.2Pb0.8Cl2.4I0.6,0,0.1,0,0.9,0.8,0.2,2.4,0,0.6
FA0.1EA0.9Sn0.2Pb0.8Cl2.7I0.3,0,0.1,0,0.9,0.8,0.2,2.7,0,0.3
FA0.1EA0.9Sn0.2Pb0.8Br0.3I2.7,0,0.1,0,0.9,0.8,0.2,0,0.3,2.7
FA0.1EA0.9Sn0.2Pb0.8Br0.6I2.4,0,0.1,0,0.9,0.8,0.2,0,0.6,2.4
FA0.1EA0.9Sn0.2Pb0.8Br0.9I2.1,0,0.1,0,0.9,0.8,0.2,0,0.9,2.1
FA0.1EA0.9Sn0.2Pb0.8Br1.2I1.8,0,0.1,0,0.9,0.8,0.2,0,1.2,1.8
FA0.1EA0.9Sn0.2Pb0.8Br1.5I1.5,0,0.1,0,0.9,0.8,0.2,0,1.5,1.5
FA0.1EA0.9Sn0.2Pb0.8Br1.8I1.2,0,0.1,0,0.9,0.8,0.2,0,1.8,1.2
FA0.1EA0.9Sn0.2Pb0.8Br2.1I0.9,0,0.1,0,0.9,0.8,0.2,0,2.1,0.9
FA0.1EA0.9Sn0.2Pb0.8Br2.4I0.6,0,0.1,0,0.9,0.8,0.2,0,2.4,0.6
FA0.1EA0.9Sn0.2Pb0.8Br2.7I0.3,0,0.1,0,0.9,0.8,0.2,0,2.7,0.3
FA0.1EA0.9Sn0.1Pb0.9Cl0.3Br2.7,0,0.1,0,0.9,0.9,0.1,0.3,2.7,0
FA0.1EA0.9Sn0.1Pb0.9Cl0.6Br2.4,0,0.1,0,0.9,0.9,0.1,0.6,2.4,0
FA0.1EA0.9Sn0.1Pb0.9Cl0.9Br2.1,0,0.1,0,0.9,0.9,0.1,0.9,2.1,0
FA0.1EA0.9Sn0.1Pb0.9Cl1.2Br1.8,0,0.1,0,0.9,0.9,0.1,1.2,1.8,0
FA0.1EA0.9Sn0.1Pb0.9Cl1.5Br1.5,0,0.1,0,0.9,0.9,0.1,1.5,1.5,0
FA0.1EA0.9Sn0.1Pb0.9Cl1.8Br1.2,0,0.1,0,0.9,0.9,0.1,1.8,1.2,0
FA0.1EA0.9Sn0.1Pb0.9Cl2.1Br0.9,0,0.1,0,0.9,0.9,0.1,2.1,0.9,0
FA0.1EA0.9Sn0.1Pb0.9Cl2.4Br0.6,0,0.1,0,0.9,0.9,0.1,2.4,0.6,0
FA0.1EA0.9Sn0.1Pb0.9Cl2.7Br0.3,0,0.1,0,0.9,0.9,0.1,2.7,0.3,0
FA0.1EA0.9Sn0.1Pb0.9Cl0.3I2.7,0,0.1,0,0.9,0.9,0.1,0.3,0,2.7
FA0.1EA0.9Sn0.1Pb0.9Cl0.6I2.4,0,0.1,0,0.9,0.9,0.1,0.6,0,2.4
FA0.1EA0.9Sn0.1Pb0.9Cl0.9I2.1,0,0.1,0,0.9,0.9,0.1,0.9,0,2.1
FA0.1EA0.9Sn0.1Pb0.9Cl1.2I1.8,0,0.1,0,0.9,0.9,0.1,1.2,0,1.8
FA0.1EA0.9Sn0.1Pb0.9Cl1.5I1.5,0,0.1,0,0.9,0.9,0.1,1.5,0,1.5
FA0.1EA0.9Sn0.1Pb0.9Cl1.8I1.2,0,0.1,0,0.9,0.9,0.1,1.8,0,1.2
FA0.1EA0.9Sn0.1Pb0.9Cl2.1I0.9,0,0.1,0,0.9,0.9,0.1,2.1,0,0.9
FA0.1EA0.9Sn0.1Pb0.9Cl2.4I0.6,0,0.1,0,0.9,0.9,0.1,2.4,0,0.6
FA0.1EA0.9Sn0.1Pb0.9Cl2.7I0.3,0,0.1,0,0.9,0.9,0.1,2.7,0,0.3
FA0.1EA0.9Sn0.1Pb0.9Br0.3I2.7,0,0.1,0,0.9,0.9,0.1,0,0.3,2.7
FA0.1EA0.9Sn0.1Pb0.9Br0.6I2.4,0,0.1,0,0.9,0.9,0.1,0,0.6,2.4
FA0.1EA0.9Sn0.1Pb0.9Br0.9I2.1,0,0.1,0,0.9,0.9,0.1,0,0.9,2.1
FA0.1EA0.9Sn0.1Pb0.9Br1.2I1.8,0,0.1,0,0.9,0.9,0.1,0,1.2,1.8
FA0.1EA0.9Sn0.1Pb0.9Br1.5I1.5,0,0.1,0,0.9,0.9,0.1,0,1.5,1.5
FA0.1EA0.9Sn0.1Pb0.9Br1.8I1.2,0,0.1,0,0.9,0.9,0.1,0,1.8,1.2
FA0.1EA0.9Sn0.1Pb0.9Br2.1I0.9,0,0.1,0,0.9,0.9,0.1,0,2.1,0.9
FA0.1EA0.9Sn0.1Pb0.9Br2.4I0.6,0,0.1,0,0.9,0.9,0.1,0,2.4,0.6
FA0.1EA0.9Sn0.1Pb0.9Br2.7I0.3,0,0.1,0,0.9,0.9,0.1,0,2.7,0.3
FA0.2EA0.8Sn0.9Pb0.1Cl0.3Br2.7,0,0.2,0,0.8,0.1,0.9,0.3,2.7,0
FA0.2EA0.8Sn0.9Pb0.1Cl0.6Br2.4,0,0.2,0,0.8,0.1,0.9,0.6,2.4,0
FA0.2EA0.8Sn0.9Pb0.1Cl0.9Br2.1,0,0.2,0,0.8,0.1,0.9,0.9,2.1,0
FA0.2EA0.8Sn0.9Pb0.1Cl1.2Br1.8,0,0.2,0,0.8,0.1,0.9,1.2,1.8,0
FA0.2EA0.8Sn0.9Pb0.1Cl1.5Br1.5,0,0.2,0,0.8,0.1,0.9,1.5,1.5,0
FA0.2EA0.8Sn0.9Pb0.1Cl1.8Br1.2,0,0.2,0,0.8,0.1,0.9,1.8,1.2,0
FA0.2EA0.8Sn0.9Pb0.1Cl2.1Br0.9,0,0.2,0,0.8,0.1,0.9,2.1,0.9,0
FA0.2EA0.8Sn0.9Pb0.1Cl2.4Br0.6,0,0.2,0,0.8,0.1,0.9,2.4,0.6,0
FA0.2EA0.8Sn0.9Pb0.1Cl2.7Br0.3,0,0.2,0,0.8,0.1,0.9,2.7,0.3,0
FA0.2EA0.8Sn0.9Pb0.1Cl0.3I2.7,0,0.2,0,0.8,0.1,0.9,0.3,0,2.7
FA0.2EA0.8Sn0.9Pb0.1Cl0.6I2.4,0,0.2,0,0.8,0.1,0.9,0.6,0,2.4
FA0.2EA0.8Sn0.9Pb0.1Cl0.9I2.1,0,0.2,0,0.8,0.1,0.9,0.9,0,2.1
FA0.2EA0.8Sn0.9Pb0.1Cl1.2I1.8,0,0.2,0,0.8,0.1,0.9,1.2,0,1.8
FA0.2EA0.8Sn0.9Pb0.1Cl1.5I1.5,0,0.2,0,0.8,0.1,0.9,1.5,0,1.5
FA0.2EA0.8Sn0.9Pb0.1Cl1.8I1.2,0,0.2,0,0.8,0.1,0.9,1.8,0,1.2
FA0.2EA0.8Sn0.9Pb0.1Cl2.1I0.9,0,0.2,0,0.8,0.1,0.9,2.1,0,0.9
FA0.2EA0.8Sn0.9Pb0.1Cl2.4I0.6,0,0.2,0,0.8,0.1,0.9,2.4,0,0.6
FA0.2EA0.8Sn0.9Pb0.1Cl2.7I0.3,0,0.2,0,0.8,0.1,0.9,2.7,0,0.3
FA0.2EA0.8Sn0.9Pb0.1Br0.3I2.7,0,0.2,0,0.8,0.1,0.9,0,0.3,2.7
FA0.2EA0.8Sn0.9Pb0.1Br0.6I2.4,0,0.2,0,0.8,0.1,0.9,0,0.6,2.4
FA0.2EA0.8Sn0.9Pb0.1Br0.9I2.1,0,0.2,0,0.8,0.1,0.9,0,0.9,2.1
FA0.2EA0.8Sn0.9Pb0.1Br1.2I1.8,0,0.2,0,0.8,0.1,0.9,0,1.2,1.8
FA0.2EA0.8Sn0.9Pb0.1Br1.5I1.5,0,0.2,0,0.8,0.1,0.9,0,1.5,1.5
FA0.2EA0.8Sn0.9Pb0.1Br1.8I1.2,0,0.2,0,0.8,0.1,0.9,0,1.8,1.2
FA0.2EA0.8Sn0.9Pb0.1Br2.1I0.9,0,0.2,0,0.8,0.1,0.9,0,2.1,0.9
FA0.2EA0.8Sn0.9Pb0.1Br2.4I0.6,0,0.2,0,0.8,0.1,0.9,0,2.4,0.6
FA0.2EA0.8Sn0.9Pb0.1Br2.7I0.3,0,0.2,0,0.8,0.1,0.9,0,2.7,0.3
FA0.2EA0.8Sn0.8Pb0.2Cl0.3Br2.7,0,0.2,0,0.8,0.2,0.8,0.3,2.7,0
FA0.2EA0.8Sn0.8Pb0.2Cl0.6Br2.4,0,0.2,0,0.8,0.2,0.8,0.6,2.4,0
FA0.2EA0.8Sn0.8Pb0.2Cl0.9Br2.1,0,0.2,0,0.8,0.2,0.8,0.9,2.1,0
FA0.2EA0.8Sn0.8Pb0.2Cl1.2Br1.8,0,0.2,0,0.8,0.2,0.8,1.2,1.8,0
FA0.2EA0.8Sn0.8Pb0.2Cl1.5Br1.5,0,0.2,0,0.8,0.2,0.8,1.5,1.5,0
FA0.2EA0.8Sn0.8Pb0.2Cl1.8Br1.2,0,0.2,0,0.8,0.2,0.8,1.8,1.2,0
FA0.2EA0.8Sn0.8Pb0.2Cl2.1Br0.9,0,0.2,0,0.8,0.2,0.8,2.1,0.9,0
FA0.2EA0.8Sn0.8Pb0.2Cl2.4Br0.6,0,0.2,0,0.8,0.2,0.8,2.4,0.6,0
FA0.2EA0.8Sn0.8Pb0.2Cl2.7Br0.3,0,0.2,0,0.8,0.2,0.8,2.7,0.3,0
FA0.2EA0.8Sn0.8Pb0.2Cl0.3I2.7,0,0.2,0,0.8,0.2,0.8,0.3,0,2.7
FA0.2EA0.8Sn0.8Pb0.2Cl0.6I2.4,0,0.2,0,0.8,0.2,0.8,0.6,0,2.4
FA0.2EA0.8Sn0.8Pb0.2Cl0.9I2.1,0,0.2,0,0.8,0.2,0.8,0.9,0,2.1
FA0.2EA0.8Sn0.8Pb0.2Cl1.2I1.8,0,0.2,0,0.8,0.2,0.8,1.2,0,1.8
FA0.2EA0.8Sn0.8Pb0.2Cl1.5I1.5,0,0.2,0,0.8,0.2,0.8,1.5,0,1.5
FA0.2EA0.8Sn0.8Pb0.2Cl1.8I1.2,0,0.2,0,0.8,0.2,0.8,1.8,0,1.2
FA0.2EA0.8Sn0.8Pb0.2Cl2.1I0.9,0,0.2,0,0.8,0.2,0.8,2.1,0,0.9
FA0.2EA0.8Sn0.8Pb0.2Cl2.4I0.6,0,0.2,0,0.8,0.2,0.8,2.4,0,0.6
FA0.2EA0.8Sn0.8Pb0.2Cl2.7I0.3,0,0.2,0,0.8,0.2,0.8,2.7,0,0.3
FA0.2EA0.8Sn0.8Pb0.2Br0.3I2.7,0,0.2,0,0.8,0.2,0.8,0,0.3,2.7
FA0.2EA0.8Sn0.8Pb0.2Br0.6I2.4,0,0.2,0,0.8,0.2,0.8,0,0.6,2.4
FA0.2EA0.8Sn0.8Pb0.2Br0.9I2.1,0,0.2,0,0.8,0.2,0.8,0,0.9,2.1
FA0.2EA0.8Sn0.8Pb0.2Br1.2I1.8,0,0.2,0,0.8,0.2,0.8,0,1.2,1.8
FA0.2EA0.8Sn0.8Pb0.2Br1.5I1.5,0,0.2,0,0.8,0.2,0.8,0,1.5,1.5
FA0.2EA0.8Sn0.8Pb0.2Br1.8I1.2,0,0.2,0,0.8,0.2,0.8,0,1.8,1.2
FA0.2EA0.8Sn0.8Pb0.2Br2.1I0.9,0,0.2,0,0.8,0.2,0.8,0,2.1,0.9
FA0.2EA0.8Sn0.8Pb0.2Br2.4I0.6,0,0.2,0,0.8,0.2,0.8,0,2.4,0.6
FA0.2EA0.8Sn0.8Pb0.2Br2.7I0.3,0,0.2,0,0.8,0.2,0.8,0,2.7,0.3
FA0.2EA0.8Sn0.7Pb0.3Cl0.3Br2.7,0,0.2,0,0.8,0.3,0.7,0.3,2.7,0
FA0.2EA0.8Sn0.7Pb0.3Cl0.6Br2.4,0,0.2,0,0.8,0.3,0.7,0.6,2.4,0
FA0.2EA0.8Sn0.7Pb0.3Cl0.9Br2.1,0,0.2,0,0.8,0.3,0.7,0.9,2.1,0
FA0.2EA0.8Sn0.7Pb0.3Cl1.2Br1.8,0,0.2,0,0.8,0.3,0.7,1.2,1.8,0
FA0.2EA0.8Sn0.7Pb0.3Cl1.5Br1.5,0,0.2,0,0.8,0.3,0.7,1.5,1.5,0
FA0.2EA0.8Sn0.7Pb0.3Cl1.8Br1.2,0,0.2,0,0.8,0.3,0.7,1.8,1.2,0
FA0.2EA0.8Sn0.7Pb0.3Cl2.1Br0.9,0,0.2,0,0.8,0.3,0.7,2.1,0.9,0
FA0.2EA0.8Sn0.7Pb0.3Cl2.4Br0.6,0,0.2,0,0.8,0.3,0.7,2.4,0.6,0
FA0.2EA0.8Sn0.7Pb0.3Cl2.7Br0.3,0,0.2,0,0.8,0.3,0.7,2.7,0.3,0
FA0.2EA0.8Sn0.7Pb0.3Cl0.3I2.7,0,0.2,0,0.8,0.3,0.7,0.3,0,2.7
FA0.2EA0.8Sn0.7Pb0.3Cl0.6I2.4,0,0.2,0,0.8,0.3,0.7,0.6,0,2.4
FA0.2EA0.8Sn0.7Pb0.3Cl0.9I2.1,0,0.2,0,0.8,0.3,0.7,0.9,0,2.1
FA0.2EA0.8Sn0.7Pb0.3Cl1.2I1.8,0,0.2,0,0.8,0.3,0.7,1.2,0,1.8
FA0.2EA0.8Sn0.7Pb0.3Cl1.5I1.5,0,0.2,0,0.8,0.3,0.7,1.5,0,1.5
FA0.2EA0.8Sn0.7Pb0.3Cl1.8I1.2,0,0.2,0,0.8,0.3,0.7,1.8,0,1.2
FA0.2EA0.8Sn0.7Pb0.3Cl2.1I0.9,0,0.2,0,0.8,0.3,0.7,2.1,0,0.9
FA0.2EA0.8Sn0.7Pb0.3Cl2.4I0.6,0,0.2,0,0.8,0.3,0.7,2.4,0,0.6
FA0.2EA0.8Sn0.7Pb0.3Cl2.7I0.3,0,0.2,0,0.8,0.3,0.7,2.7,0,0.3
FA0.2EA0.8Sn0.7Pb0.3Br0.3I2.7,0,0.2,0,0.8,0.3,0.7,0,0.3,2.7
FA0.2EA0.8Sn0.7Pb0.3Br0.6I2.4,0,0.2,0,0.8,0.3,0.7,0,0.6,2.4
FA0.2EA0.8Sn0.7Pb0.3Br0.9I2.1,0,0.2,0,0.8,0.3,0.7,0,0.9,2.1
FA0.2EA0.8Sn0.7Pb0.3Br1.2I1.8,0,0.2,0,0.8,0.3,0.7,0,1.2,1.8
FA0.2EA0.8Sn0.7Pb0.3Br1.5I1.5,0,0.2,0,0.8,0.3,0.7,0,1.5,1.5
FA0.2EA0.8Sn0.7Pb0.3Br1.8I1.2,0,0.2,0,0.8,0.3,0.7,0,1.8,1.2
FA0.2EA0.8Sn0.7Pb0.3Br2.1I0.9,0,0.2,0,0.8,0.3,0.7,0,2.1,0.9
FA0.2EA0.8Sn0.7Pb0.3Br2.4I0.6,0,0.2,0,0.8,0.3,0.7,0,2.4,0.6
FA0.2EA0.8Sn0.7Pb0.3Br2.7I0.3,0,0.2,0,0.8,0.3,0.7,0,2.7,0.3
FA0.2EA0.8Sn0.6Pb0.4Cl0.3Br2.7,0,0.2,0,0.8,0.4,0.6,0.3,2.7,0
FA0.2EA0.8Sn0.6Pb0.4Cl0.6Br2.4,0,0.2,0,0.8,0.4,0.6,0.6,2.4,0
FA0.2EA0.8Sn0.6Pb0.4Cl0.9Br2.1,0,0.2,0,0.8,0.4,0.6,0.9,2.1,0
FA0.2EA0.8Sn0.6Pb0.4Cl1.2Br1.8,0,0.2,0,0.8,0.4,0.6,1.2,1.8,0
FA0.2EA0.8Sn0.6Pb0.4Cl1.5Br1.5,0,0.2,0,0.8,0.4,0.6,1.5,1.5,0
FA0.2EA0.8Sn0.6Pb0.4Cl1.8Br1.2,0,0.2,0,0.8,0.4,0.6,1.8,1.2,0
FA0.2EA0.8Sn0.6Pb0.4Cl2.1Br0.9,0,0.2,0,0.8,0.4,0.6,2.1,0.9,0
FA0.2EA0.8Sn0.6Pb0.4Cl2.4Br0.6,0,0.2,0,0.8,0.4,0.6,2.4,0.6,0
FA0.2EA0.8Sn0.6Pb0.4Cl2.7Br0.3,0,0.2,0,0.8,0.4,0.6,2.7,0.3,0
FA0.2EA0.8Sn0.6Pb0.4Cl0.3I2.7,0,0.2,0,0.8,0.4,0.6,0.3,0,2.7
FA0.2EA0.8Sn0.6Pb0.4Cl0.6I2.4,0,0.2,0,0.8,0.4,0.6,0.6,0,2.4
FA0.2EA0.8Sn0.6Pb0.4Cl0.9I2.1,0,0.2,0,0.8,0.4,0.6,0.9,0,2.1
FA0.2EA0.8Sn0.6Pb0.4Cl1.2I1.8,0,0.2,0,0.8,0.4,0.6,1.2,0,1.8
FA0.2EA0.8Sn0.6Pb0.4Cl1.5I1.5,0,0.2,0,0.8,0.4,0.6,1.5,0,1.5
FA0.2EA0.8Sn0.6Pb0.4Cl1.8I1.2,0,0.2,0,0.8,0.4,0.6,1.8,0,1.2
FA0.2EA0.8Sn0.6Pb0.4Cl2.1I0.9,0,0.2,0,0.8,0.4,0.6,2.1,0,0.9
FA0.2EA0.8Sn0.6Pb0.4Cl2.4I0.6,0,0.2,0,0.8,0.4,0.6,2.4,0,0.6
FA0.2EA0.8Sn0.6Pb0.4Cl2.7I0.3,0,0.2,0,0.8,0.4,0.6,2.7,0,0.3
FA0.2EA0.8Sn0.6Pb0.4Br0.3I2.7,0,0.2,0,0.8,0.4,0.6,0,0.3,2.7
FA0.2EA0.8Sn0.6Pb0.4Br0.6I2.4,0,0.2,0,0.8,0.4,0.6,0,0.6,2.4
FA0.2EA0.8Sn0.6Pb0.4Br0.9I2.1,0,0.2,0,0.8,0.4,0.6,0,0.9,2.1
FA0.2EA0.8Sn0.6Pb0.4Br1.2I1.8,0,0.2,0,0.8,0.4,0.6,0,1.2,1.8
FA0.2EA0.8Sn0.6Pb0.4Br1.5I1.5,0,0.2,0,0.8,0.4,0.6,0,1.5,1.5
FA0.2EA0.8Sn0.6Pb0.4Br1.8I1.2,0,0.2,0,0.8,0.4,0.6,0,1.8,1.2
FA0.2EA0.8Sn0.6Pb0.4Br2.1I0.9,0,0.2,0,0.8,0.4,0.6,0,2.1,0.9
FA0.2EA0.8Sn0.6Pb0.4Br2.4I0.6,0,0.2,0,0.8,0.4,0.6,0,2.4,0.6
FA0.2EA0.8Sn0.6Pb0.4Br2.7I0.3,0,0.2,0,0.8,0.4,0.6,0,2.7,0.3
FA0.2EA0.8Sn0.5Pb0.5Cl0.3Br2.7,0,0.2,0,0.8,0.5,0.5,0.3,2.7,0
FA0.2EA0.8Sn0.5Pb0.5Cl0.6Br2.4,0,0.2,0,0.8,0.5,0.5,0.6,2.4,0
FA0.2EA0.8Sn0.5Pb0.5Cl0.9Br2.1,0,0.2,0,0.8,0.5,0.5,0.9,2.1,0
FA0.2EA0.8Sn0.5Pb0.5Cl1.2Br1.8,0,0.2,0,0.8,0.5,0.5,1.2,1.8,0
FA0.2EA0.8Sn0.5Pb0.5Cl1.5Br1.5,0,0.2,0,0.8,0.5,0.5,1.5,1.5,0
FA0.2EA0.8Sn0.5Pb0.5Cl1.8Br1.2,0,0.2,0,0.8,0.5,0.5,1.8,1.2,0
FA0.2EA0.8Sn0.5Pb0.5Cl2.1Br0.9,0,0.2,0,0.8,0.5,0.5,2.1,0.9,0
FA0.2EA0.8Sn0.5Pb0.5Cl2.4Br0.6,0,0.2,0,0.8,0.5,0.5,2.4,0.6,0
FA0.2EA0.8Sn0.5Pb0.5Cl2.7Br0.3,0,0.2,0,0.8,0.5,0.5,2.7,0.3,0
FA0.2EA0.8Sn0.5Pb0.5Cl0.3I2.7,0,0.2,0,0.8,0.5,0.5,0.3,0,2.7
FA0.2EA0.8Sn0.5Pb0.5Cl0.6I2.4,0,0.2,0,0.8,0.5,0.5,0.6,0,2.4
FA0.2EA0.8Sn0.5Pb0.5Cl0.9I2.1,0,0.2,0,0.8,0.5,0.5,0.9,0,2.1
FA0.2EA0.8Sn0.5Pb0.5Cl1.2I1.8,0,0.2,0,0.8,0.5,0.5,1.2,0,1.8
FA0.2EA0.8Sn0.5Pb0.5Cl1.5I1.5,0,0.2,0,0.8,0.5,0.5,1.5,0,1.5
FA0.2EA0.8Sn0.5Pb0.5Cl1.8I1.2,0,0.2,0,0.8,0.5,0.5,1.8,0,1.2
FA0.2EA0.8Sn0.5Pb0.5Cl2.1I0.9,0,0.2,0,0.8,0.5,0.5,2.1,0,0.9
FA0.2EA0.8Sn0.5Pb0.5Cl2.4I0.6,0,0.2,0,0.8,0.5,0.5,2.4,0,0.6
FA0.2EA0.8Sn0.5Pb0.5Cl2.7I0.3,0,0.2,0,0.8,0.5,0.5,2.7,0,0.3
FA0.2EA0.8Sn0.5Pb0.5Br0.3I2.7,0,0.2,0,0.8,0.5,0.5,0,0.3,2.7
FA0.2EA0.8Sn0.5Pb0.5Br0.6I2.4,0,0.2,0,0.8,0.5,0.5,0,0.6,2.4
FA0.2EA0.8Sn0.5Pb0.5Br0.9I2.1,0,0.2,0,0.8,0.5,0.5,0,0.9,2.1
FA0.2EA0.8Sn0.5Pb0.5Br1.2I1.8,0,0.2,0,0.8,0.5,0.5,0,1.2,1.8
FA0.2EA0.8Sn0.5Pb0.5Br1.5I1.5,0,0.2,0,0.8,0.5,0.5,0,1.5,1.5
FA0.2EA0.8Sn0.5Pb0.5Br1.8I1.2,0,0.2,0,0.8,0.5,0.5,0,1.8,1.2
FA0.2EA0.8Sn0.5Pb0.5Br2.1I0.9,0,0.2,0,0.8,0.5,0.5,0,2.1,0.9
FA0.2EA0.8Sn0.5Pb0.5Br2.4I0.6,0,0.2,0,0.8,0.5,0.5,0,2.4,0.6
FA0.2EA0.8Sn0.5Pb0.5Br2.7I0.3,0,0.2,0,0.8,0.5,0.5,0,2.7,0.3
FA0.2EA0.8Sn0.4Pb0.6Cl0.3Br2.7,0,0.2,0,0.8,0.6,0.4,0.3,2.7,0
FA0.2EA0.8Sn0.4Pb0.6Cl0.6Br2.4,0,0.2,0,0.8,0.6,0.4,0.6,2.4,0
FA0.2EA0.8Sn0.4Pb0.6Cl0.9Br2.1,0,0.2,0,0.8,0.6,0.4,0.9,2.1,0
FA0.2EA0.8Sn0.4Pb0.6Cl1.2Br1.8,0,0.2,0,0.8,0.6,0.4,1.2,1.8,0
FA0.2EA0.8Sn0.4Pb0.6Cl1.5Br1.5,0,0.2,0,0.8,0.6,0.4,1.5,1.5,0
FA0.2EA0.8Sn0.4Pb0.6Cl1.8Br1.2,0,0.2,0,0.8,0.6,0.4,1.8,1.2,0
FA0.2EA0.8Sn0.4Pb0.6Cl2.1Br0.9,0,0.2,0,0.8,0.6,0.4,2.1,0.9,0
FA0.2EA0.8Sn0.4Pb0.6Cl2.4Br0.6,0,0.2,0,0.8,0.6,0.4,2.4,0.6,0
FA0.2EA0.8Sn0.4Pb0.6Cl2.7Br0.3,0,0.2,0,0.8,0.6,0.4,2.7,0.3,0
FA0.2EA0.8Sn0.4Pb0.6Cl0.3I2.7,0,0.2,0,0.8,0.6,0.4,0.3,0,2.7
FA0.2EA0.8Sn0.4Pb0.6Cl0.6I2.4,0,0.2,0,0.8,0.6,0.4,0.6,0,2.4
FA0.2EA0.8Sn0.4Pb0.6Cl0.9I2.1,0,0.2,0,0.8,0.6,0.4,0.9,0,2.1
FA0.2EA0.8Sn0.4Pb0.6Cl1.2I1.8,0,0.2,0,0.8,0.6,0.4,1.2,0,1.8
FA0.2EA0.8Sn0.4Pb0.6Cl1.5I1.5,0,0.2,0,0.8,0.6,0.4,1.5,0,1.5
FA0.2EA0.8Sn0.4Pb0.6Cl1.8I1.2,0,0.2,0,0.8,0.6,0.4,1.8,0,1.2
FA0.2EA0.8Sn0.4Pb0.6Cl2.1I0.9,0,0.2,0,0.8,0.6,0.4,2.1,0,0.9
FA0.2EA0.8Sn0.4Pb0.6Cl2.4I0.6,0,0.2,0,0.8,0.6,0.4,2.4,0,0.6
FA0.2EA0.8Sn0.4Pb0.6Cl2.7I0.3,0,0.2,0,0.8,0.6,0.4,2.7,0,0.3
FA0.2EA0.8Sn0.4Pb0.6Br0.3I2.7,0,0.2,0,0.8,0.6,0.4,0,0.3,2.7
FA0.2EA0.8Sn0.4Pb0.6Br0.6I2.4,0,0.2,0,0.8,0.6,0.4,0,0.6,2.4
FA0.2EA0.8Sn0.4Pb0.6Br0.9I2.1,0,0.2,0,0.8,0.6,0.4,0,0.9,2.1
FA0.2EA0.8Sn0.4Pb0.6Br1.2I1.8,0,0.2,0,0.8,0.6,0.4,0,1.2,1.8
FA0.2EA0.8Sn0.4Pb0.6Br1.5I1.5,0,0.2,0,0.8,0.6,0.4,0,1.5,1.5
FA0.2EA0.8Sn0.4Pb0.6Br1.8I1.2,0,0.2,0,0.8,0.6,0.4,0,1.8,1.2
FA0.2EA0.8Sn0.4Pb0.6Br2.1I0.9,0,0.2,0,0.8,0.6,0.4,0,2.1,0.9
FA0.2EA0.8Sn0.4Pb0.6Br2.4I0.6,0,0.2,0,0.8,0.6,0.4,0,2.4,0.6
FA0.2EA0.8Sn0.4Pb0.6Br2.7I0.3,0,0.2,0,0.8,0.6,0.4,0,2.7,0.3
FA0.2EA0.8Sn0.3Pb0.7Cl0.3Br2.7,0,0.2,0,0.8,0.7,0.3,0.3,2.7,0
FA0.2EA0.8Sn0.3Pb0.7Cl0.6Br2.4,0,0.2,0,0.8,0.7,0.3,0.6,2.4,0
FA0.2EA0.8Sn0.3Pb0.7Cl0.9Br2.1,0,0.2,0,0.8,0.7,0.3,0.9,2.1,0
FA0.2EA0.8Sn0.3Pb0.7Cl1.2Br1.8,0,0.2,0,0.8,0.7,0.3,1.2,1.8,0
FA0.2EA0.8Sn0.3Pb0.7Cl1.5Br1.5,0,0.2,0,0.8,0.7,0.3,1.5,1.5,0
FA0.2EA0.8Sn0.3Pb0.7Cl1.8Br1.2,0,0.2,0,0.8,0.7,0.3,1.8,1.2,0
FA0.2EA0.8Sn0.3Pb0.7Cl2.1Br0.9,0,0.2,0,0.8,0.7,0.3,2.1,0.9,0
FA0.2EA0.8Sn0.3Pb0.7Cl2.4Br0.6,0,0.2,0,0.8,0.7,0.3,2.4,0.6,0
FA0.2EA0.8Sn0.3Pb0.7Cl2.7Br0.3,0,0.2,0,0.8,0.7,0.3,2.7,0.3,0
FA0.2EA0.8Sn0.3Pb0.7Cl0.3I2.7,0,0.2,0,0.8,0.7,0.3,0.3,0,2.7
FA0.2EA0.8Sn0.3Pb0.7Cl0.6I2.4,0,0.2,0,0.8,0.7,0.3,0.6,0,2.4
FA0.2EA0.8Sn0.3Pb0.7Cl0.9I2.1,0,0.2,0,0.8,0.7,0.3,0.9,0,2.1
FA0.2EA0.8Sn0.3Pb0.7Cl1.2I1.8,0,0.2,0,0.8,0.7,0.3,1.2,0,1.8
FA0.2EA0.8Sn0.3Pb0.7Cl1.5I1.5,0,0.2,0,0.8,0.7,0.3,1.5,0,1.5
FA0.2EA0.8Sn0.3Pb0.7Cl1.8I1.2,0,0.2,0,0.8,0.7,0.3,1.8,0,1.2
FA0.2EA0.8Sn0.3Pb0.7Cl2.1I0.9,0,0.2,0,0.8,0.7,0.3,2.1,0,0.9
FA0.2EA0.8Sn0.3Pb0.7Cl2.4I0.6,0,0.2,0,0.8,0.7,0.3,2.4,0,0.6
FA0.2EA0.8Sn0.3Pb0.7Cl2.7I0.3,0,0.2,0,0.8,0.7,0.3,2.7,0,0.3
FA0.2EA0.8Sn0.3Pb0.7Br0.3I2.7,0,0.2,0,0.8,0.7,0.3,0,0.3,2.7
FA0.2EA0.8Sn0.3Pb0.7Br0.6I2.4,0,0.2,0,0.8,0.7,0.3,0,0.6,2.4
FA0.2EA0.8Sn0.3Pb0.7Br0.9I2.1,0,0.2,0,0.8,0.7,0.3,0,0.9,2.1
FA0.2EA0.8Sn0.3Pb0.7Br1.2I1.8,0,0.2,0,0.8,0.7,0.3,0,1.2,1.8
FA0.2EA0.8Sn0.3Pb0.7Br1.5I1.5,0,0.2,0,0.8,0.7,0.3,0,1.5,1.5
FA0.2EA0.8Sn0.3Pb0.7Br1.8I1.2,0,0.2,0,0.8,0.7,0.3,0,1.8,1.2
FA0.2EA0.8Sn0.3Pb0.7Br2.1I0.9,0,0.2,0,0.8,0.7,0.3,0,2.1,0.9
FA0.2EA0.8Sn0.3Pb0.7Br2.4I0.6,0,0.2,0,0.8,0.7,0.3,0,2.4,0.6
FA0.2EA0.8Sn0.3Pb0.7Br2.7I0.3,0,0.2,0,0.8,0.7,0.3,0,2.7,0.3
FA0.2EA0.8Sn0.2Pb0.8Cl0.3Br2.7,0,0.2,0,0.8,0.8,0.2,0.3,2.7,0
FA0.2EA0.8Sn0.2Pb0.8Cl0.6Br2.4,0,0.2,0,0.8,0.8,0.2,0.6,2.4,0
FA0.2EA0.8Sn0.2Pb0.8Cl0.9Br2.1,0,0.2,0,0.8,0.8,0.2,0.9,2.1,0
FA0.2EA0.8Sn0.2Pb0.8Cl1.2Br1.8,0,0.2,0,0.8,0.8,0.2,1.2,1.8,0
FA0.2EA0.8Sn0.2Pb0.8Cl1.5Br1.5,0,0.2,0,0.8,0.8,0.2,1.5,1.5,0
FA0.2EA0.8Sn0.2Pb0.8Cl1.8Br1.2,0,0.2,0,0.8,0.8,0.2,1.8,1.2,0
FA0.2EA0.8Sn0.2Pb0.8Cl2.1Br0.9,0,0.2,0,0.8,0.8,0.2,2.1,0.9,0
FA0.2EA0.8Sn0.2Pb0.8Cl2.4Br0.6,0,0.2,0,0.8,0.8,0.2,2.4,0.6,0
FA0.2EA0.8Sn0.2Pb0.8Cl2.7Br0.3,0,0.2,0,0.8,0.8,0.2,2.7,0.3,0
FA0.2EA0.8Sn0.2Pb0.8Cl0.3I2.7,0,0.2,0,0.8,0.8,0.2,0.3,0,2.7
FA0.2EA0.8Sn0.2Pb0.8Cl0.6I2.4,0,0.2,0,0.8,0.8,0.2,0.6,0,2.4
FA0.2EA0.8Sn0.2Pb0.8Cl0.9I2.1,0,0.2,0,0.8,0.8,0.2,0.9,0,2.1
FA0.2EA0.8Sn0.2Pb0.8Cl1.2I1.8,0,0.2,0,0.8,0.8,0.2,1.2,0,1.8
FA0.2EA0.8Sn0.2Pb0.8Cl1.5I1.5,0,0.2,0,0.8,0.8,0.2,1.5,0,1.5
FA0.2EA0.8Sn0.2Pb0.8Cl1.8I1.2,0,0.2,0,0.8,0.8,0.2,1.8,0,1.2
FA0.2EA0.8Sn0.2Pb0.8Cl2.1I0.9,0,0.2,0,0.8,0.8,0.2,2.1,0,0.9
FA0.2EA0.8Sn0.2Pb0.8Cl2.4I0.6,0,0.2,0,0.8,0.8,0.2,2.4,0,0.6
FA0.2EA0.8Sn0.2Pb0.8Cl2.7I0.3,0,0.2,0,0.8,0.8,0.2,2.7,0,0.3
FA0.2EA0.8Sn0.2Pb0.8Br0.3I2.7,0,0.2,0,0.8,0.8,0.2,0,0.3,2.7
FA0.2EA0.8Sn0.2Pb0.8Br0.6I2.4,0,0.2,0,0.8,0.8,0.2,0,0.6,2.4
FA0.2EA0.8Sn0.2Pb0.8Br0.9I2.1,0,0.2,0,0.8,0.8,0.2,0,0.9,2.1
FA0.2EA0.8Sn0.2Pb0.8Br1.2I1.8,0,0.2,0,0.8,0.8,0.2,0,1.2,1.8
FA0.2EA0.8Sn0.2Pb0.8Br1.5I1.5,0,0.2,0,0.8,0.8,0.2,0,1.5,1.5
FA0.2EA0.8Sn0.2Pb0.8Br1.8I1.2,0,0.2,0,0.8,0.8,0.2,0,1.8,1.2
FA0.2EA0.8Sn0.2Pb0.8Br2.1I0.9,0,0.2,0,0.8,0.8,0.2,0,2.1,0.9
FA0.2EA0.8Sn0.2Pb0.8Br2.4I0.6,0,0.2,0,0.8,0.8,0.2,0,2.4,0.6
FA0.2EA0.8Sn0.2Pb0.8Br2.7I0.3,0,0.2,0,0.8,0.8,0.2,0,2.7,0.3
FA0.2EA0.8Sn0.1Pb0.9Cl0.3Br2.7,0,0.2,0,0.8,0.9,0.1,0.3,2.7,0
FA0.2EA0.8Sn0.1Pb0.9Cl0.6Br2.4,0,0.2,0,0.8,0.9,0.1,0.6,2.4,0
FA0.2EA0.8Sn0.1Pb0.9Cl0.9Br2.1,0,0.2,0,0.8,0.9,0.1,0.9,2.1,0
FA0.2EA0.8Sn0.1Pb0.9Cl1.2Br1.8,0,0.2,0,0.8,0.9,0.1,1.2,1.8,0
FA0.2EA0.8Sn0.1Pb0.9Cl1.5Br1.5,0,0.2,0,0.8,0.9,0.1,1.5,1.5,0
FA0.2EA0.8Sn0.1Pb0.9Cl1.8Br1.2,0,0.2,0,0.8,0.9,0.1,1.8,1.2,0
FA0.2EA0.8Sn0.1Pb0.9Cl2.1Br0.9,0,0.2,0,0.8,0.9,0.1,2.1,0.9,0
FA0.2EA0.8Sn0.1Pb0.9Cl2.4Br0.6,0,0.2,0,0.8,0.9,0.1,2.4,0.6,0
FA0.2EA0.8Sn0.1Pb0.9Cl2.7Br0.3,0,0.2,0,0.8,0.9,0.1,2.7,0.3,0
FA0.2EA0.8Sn0.1Pb0.9Cl0.3I2.7,0,0.2,0,0.8,0.9,0.1,0.3,0,2.7
FA0.2EA0.8Sn0.1Pb0.9Cl0.6I2.4,0,0.2,0,0.8,0.9,0.1,0.6,0,2.4
FA0.2EA0.8Sn0.1Pb0.9Cl0.9I2.1,0,0.2,0,0.8,0.9,0.1,0.9,0,2.1
FA0.2EA0.8Sn0.1Pb0.9Cl1.2I1.8,0,0.2,0,0.8,0.9,0.1,1.2,0,1.8
FA0.2EA0.8Sn0.1Pb0.9Cl1.5I1.5,0,0.2,0,0.8,0.9,0.1,1.5,0,1.5
FA0.2EA0.8Sn0.1Pb0.9Cl1.8I1.2,0,0.2,0,0.8,0.9,0.1,1.8,0,1.2
FA0.2EA0.8Sn0.1Pb0.9Cl2.1I0.9,0,0.2,0,0.8,0.9,0.1,2.1,0,0.9
FA0.2EA0.8Sn0.1Pb0.9Cl2.4I0.6,0,0.2,0,0.8,0.9,0.1,2.4,0,0.6
FA0.2EA0.8Sn0.1Pb0.9Cl2.7I0.3,0,0.2,0,0.8,0.9,0.1,2.7,0,0.3
FA0.2EA0.8Sn0.1Pb0.9Br0.3I2.7,0,0.2,0,0.8,0.9,0.1,0,0.3,2.7
FA0.2EA0.8Sn0.1Pb0.9Br0.6I2.4,0,0.2,0,0.8,0.9,0.1,0,0.6,2.4
FA0.2EA0.8Sn0.1Pb0.9Br0.9I2.1,0,0.2,0,0.8,0.9,0.1,0,0.9,2.1
FA0.2EA0.8Sn0.1Pb0.9Br1.2I1.8,0,0.2,0,0.8,0.9,0.1,0,1.2,1.8
FA0.2EA0.8Sn0.1Pb0.9Br1.5I1.5,0,0.2,0,0.8,0.9,0.1,0,1.5,1.5
FA0.2EA0.8Sn0.1Pb0.9Br1.8I1.2,0,0.2,0,0.8,0.9,0.1,0,1.8,1.2
FA0.2EA0.8Sn0.1Pb0.9Br2.1I0.9,0,0.2,0,0.8,0.9,0.1,0,2.1,0.9
FA0.2EA0.8Sn0.1Pb0.9Br2.4I0.6,0,0.2,0,0.8,0.9,0.1,0,2.4,0.6
FA0.2EA0.8Sn0.1Pb0.9Br2.7I0.3,0,0.2,0,0.8,0.9,0.1,0,2.7,0.3
FA0.3EA0.7Sn0.9Pb0.1Cl0.3Br2.7,0,0.3,0,0.7,0.1,0.9,0.3,2.7,0
FA0.3EA0.7Sn0.9Pb0.1Cl0.6Br2.4,0,0.3,0,0.7,0.1,0.9,0.6,2.4,0
FA0.3EA0.7Sn0.9Pb0.1Cl0.9Br2.1,0,0.3,0,0.7,0.1,0.9,0.9,2.1,0
FA0.3EA0.7Sn0.9Pb0.1Cl1.2Br1.8,0,0.3,0,0.7,0.1,0.9,1.2,1.8,0
FA0.3EA0.7Sn0.9Pb0.1Cl1.5Br1.5,0,0.3,0,0.7,0.1,0.9,1.5,1.5,0
FA0.3EA0.7Sn0.9Pb0.1Cl1.8Br1.2,0,0.3,0,0.7,0.1,0.9,1.8,1.2,0
FA0.3EA0.7Sn0.9Pb0.1Cl2.1Br0.9,0,0.3,0,0.7,0.1,0.9,2.1,0.9,0
FA0.3EA0.7Sn0.9Pb0.1Cl2.4Br0.6,0,0.3,0,0.7,0.1,0.9,2.4,0.6,0
FA0.3EA0.7Sn0.9Pb0.1Cl2.7Br0.3,0,0.3,0,0.7,0.1,0.9,2.7,0.3,0
FA0.3EA0.7Sn0.9Pb0.1Cl0.3I2.7,0,0.3,0,0.7,0.1,0.9,0.3,0,2.7
FA0.3EA0.7Sn0.9Pb0.1Cl0.6I2.4,0,0.3,0,0.7,0.1,0.9,0.6,0,2.4
FA0.3EA0.7Sn0.9Pb0.1Cl0.9I2.1,0,0.3,0,0.7,0.1,0.9,0.9,0,2.1
FA0.3EA0.7Sn0.9Pb0.1Cl1.2I1.8,0,0.3,0,0.7,0.1,0.9,1.2,0,1.8
FA0.3EA0.7Sn0.9Pb0.1Cl1.5I1.5,0,0.3,0,0.7,0.1,0.9,1.5,0,1.5
FA0.3EA0.7Sn0.9Pb0.1Cl1.8I1.2,0,0.3,0,0.7,0.1,0.9,1.8,0,1.2
FA0.3EA0.7Sn0.9Pb0.1Cl2.1I0.9,0,0.3,0,0.7,0.1,0.9,2.1,0,0.9
FA0.3EA0.7Sn0.9Pb0.1Cl2.4I0.6,0,0.3,0,0.7,0.1,0.9,2.4,0,0.6
FA0.3EA0.7Sn0.9Pb0.1Cl2.7I0.3,0,0.3,0,0.7,0.1,0.9,2.7,0,0.3
FA0.3EA0.7Sn0.9Pb0.1Br0.3I2.7,0,0.3,0,0.7,0.1,0.9,0,0.3,2.7
FA0.3EA0.7Sn0.9Pb0.1Br0.6I2.4,0,0.3,0,0.7,0.1,0.9,0,0.6,2.4
FA0.3EA0.7Sn0.9Pb0.1Br0.9I2.1,0,0.3,0,0.7,0.1,0.9,0,0.9,2.1
FA0.3EA0.7Sn0.9Pb0.1Br1.2I1.8,0,0.3,0,0.7,0.1,0.9,0,1.2,1.8
FA0.3EA0.7Sn0.9Pb0.1Br1.5I1.5,0,0.3,0,0.7,0.1,0.9,0,1.5,1.5
FA0.3EA0.7Sn0.9Pb0.1Br1.8I1.2,0,0.3,0,0.7,0.1,0.9,0,1.8,1.2
FA0.3EA0.7Sn0.9Pb0.1Br2.1I0.9,0,0.3,0,0.7,0.1,0.9,0,2.1,0.9
FA0.3EA0.7Sn0.9Pb0.1Br2.4I0.6,0,0.3,0,0.7,0.1,0.9,0,2.4,0.6
FA0.3EA0.7Sn0.9Pb0.1Br2.7I0.3,0,0.3,0,0.7,0.1,0.9,0,2.7,0.3
FA0.3EA0.7Sn0.8Pb0.2Cl0.3Br2.7,0,0.3,0,0.7,0.2,0.8,0.3,2.7,0
FA0.3EA0.7Sn0.8Pb0.2Cl0.6Br2.4,0,0.3,0,0.7,0.2,0.8,0.6,2.4,0
FA0.3EA0.7Sn0.8Pb0.2Cl0.9Br2.1,0,0.3,0,0.7,0.2,0.8,0.9,2.1,0
FA0.3EA0.7Sn0.8Pb0.2Cl1.2Br1.8,0,0.3,0,0.7,0.2,0.8,1.2,1.8,0
FA0.3EA0.7Sn0.8Pb0.2Cl1.5Br1.5,0,0.3,0,0.7,0.2,0.8,1.5,1.5,0
FA0.3EA0.7Sn0.8Pb0.2Cl1.8Br1.2,0,0.3,0,0.7,0.2,0.8,1.8,1.2,0
FA0.3EA0.7Sn0.8Pb0.2Cl2.1Br0.9,0,0.3,0,0.7,0.2,0.8,2.1,0.9,0
FA0.3EA0.7Sn0.8Pb0.2Cl2.4Br0.6,0,0.3,0,0.7,0.2,0.8,2.4,0.6,0
FA0.3EA0.7Sn0.8Pb0.2Cl2.7Br0.3,0,0.3,0,0.7,0.2,0.8,2.7,0.3,0
FA0.3EA0.7Sn0.8Pb0.2Cl0.3I2.7,0,0.3,0,0.7,0.2,0.8,0.3,0,2.7
FA0.3EA0.7Sn0.8Pb0.2Cl0.6I2.4,0,0.3,0,0.7,0.2,0.8,0.6,0,2.4
FA0.3EA0.7Sn0.8Pb0.2Cl0.9I2.1,0,0.3,0,0.7,0.2,0.8,0.9,0,2.1
FA0.3EA0.7Sn0.8Pb0.2Cl1.2I1.8,0,0.3,0,0.7,0.2,0.8,1.2,0,1.8
FA0.3EA0.7Sn0.8Pb0.2Cl1.5I1.5,0,0.3,0,0.7,0.2,0.8,1.5,0,1.5
FA0.3EA0.7Sn0.8Pb0.2Cl1.8I1.2,0,0.3,0,0.7,0.2,0.8,1.8,0,1.2
FA0.3EA0.7Sn0.8Pb0.2Cl2.1I0.9,0,0.3,0,0.7,0.2,0.8,2.1,0,0.9
FA0.3EA0.7Sn0.8Pb0.2Cl2.4I0.6,0,0.3,0,0.7,0.2,0.8,2.4,0,0.6
FA0.3EA0.7Sn0.8Pb0.2Cl2.7I0.3,0,0.3,0,0.7,0.2,0.8,2.7,0,0.3
FA0.3EA0.7Sn0.8Pb0.2Br0.3I2.7,0,0.3,0,0.7,0.2,0.8,0,0.3,2.7
FA0.3EA0.7Sn0.8Pb0.2Br0.6I2.4,0,0.3,0,0.7,0.2,0.8,0,0.6,2.4
FA0.3EA0.7Sn0.8Pb0.2Br0.9I2.1,0,0.3,0,0.7,0.2,0.8,0,0.9,2.1
FA0.3EA0.7Sn0.8Pb0.2Br1.2I1.8,0,0.3,0,0.7,0.2,0.8,0,1.2,1.8
FA0.3EA0.7Sn0.8Pb0.2Br1.5I1.5,0,0.3,0,0.7,0.2,0.8,0,1.5,1.5
FA0.3EA0.7Sn0.8Pb0.2Br1.8I1.2,0,0.3,0,0.7,0.2,0.8,0,1.8,1.2
FA0.3EA0.7Sn0.8Pb0.2Br2.1I0.9,0,0.3,0,0.7,0.2,0.8,0,2.1,0.9
FA0.3EA0.7Sn0.8Pb0.2Br2.4I0.6,0,0.3,0,0.7,0.2,0.8,0,2.4,0.6
FA0.3EA0.7Sn0.8Pb0.2Br2.7I0.3,0,0.3,0,0.7,0.2,0.8,0,2.7,0.3
FA0.3EA0.7Sn0.7Pb0.3Cl0.3Br2.7,0,0.3,0,0.7,0.3,0.7,0.3,2.7,0
FA0.3EA0.7Sn0.7Pb0.3Cl0.6Br2.4,0,0.3,0,0.7,0.3,0.7,0.6,2.4,0
FA0.3EA0.7Sn0.7Pb0.3Cl0.9Br2.1,0,0.3,0,0.7,0.3,0.7,0.9,2.1,0
FA0.3EA0.7Sn0.7Pb0.3Cl1.2Br1.8,0,0.3,0,0.7,0.3,0.7,1.2,1.8,0
FA0.3EA0.7Sn0.7Pb0.3Cl1.5Br1.5,0,0.3,0,0.7,0.3,0.7,1.5,1.5,0
FA0.3EA0.7Sn0.7Pb0.3Cl1.8Br1.2,0,0.3,0,0.7,0.3,0.7,1.8,1.2,0
FA0.3EA0.7Sn0.7Pb0.3Cl2.1Br0.9,0,0.3,0,0.7,0.3,0.7,2.1,0.9,0
FA0.3EA0.7Sn0.7Pb0.3Cl2.4Br0.6,0,0.3,0,0.7,0.3,0.7,2.4,0.6,0
FA0.3EA0.7Sn0.7Pb0.3Cl2.7Br0.3,0,0.3,0,0.7,0.3,0.7,2.7,0.3,0
FA0.3EA0.7Sn0.7Pb0.3Cl0.3I2.7,0,0.3,0,0.7,0.3,0.7,0.3,0,2.7
FA0.3EA0.7Sn0.7Pb0.3Cl0.6I2.4,0,0.3,0,0.7,0.3,0.7,0.6,0,2.4
FA0.3EA0.7Sn0.7Pb0.3Cl0.9I2.1,0,0.3,0,0.7,0.3,0.7,0.9,0,2.1
FA0.3EA0.7Sn0.7Pb0.3Cl1.2I1.8,0,0.3,0,0.7,0.3,0.7,1.2,0,1.8
FA0.3EA0.7Sn0.7Pb0.3Cl1.5I1.5,0,0.3,0,0.7,0.3,0.7,1.5,0,1.5
FA0.3EA0.7Sn0.7Pb0.3Cl1.8I1.2,0,0.3,0,0.7,0.3,0.7,1.8,0,1.2
FA0.3EA0.7Sn0.7Pb0.3Cl2.1I0.9,0,0.3,0,0.7,0.3,0.7,2.1,0,0.9
FA0.3EA0.7Sn0.7Pb0.3Cl2.4I0.6,0,0.3,0,0.7,0.3,0.7,2.4,0,0.6
FA0.3EA0.7Sn0.7Pb0.3Cl2.7I0.3,0,0.3,0,0.7,0.3,0.7,2.7,0,0.3
FA0.3EA0.7Sn0.7Pb0.3Br0.3I2.7,0,0.3,0,0.7,0.3,0.7,0,0.3,2.7
FA0.3EA0.7Sn0.7Pb0.3Br0.6I2.4,0,0.3,0,0.7,0.3,0.7,0,0.6,2.4
FA0.3EA0.7Sn0.7Pb0.3Br0.9I2.1,0,0.3,0,0.7,0.3,0.7,0,0.9,2.1
FA0.3EA0.7Sn0.7Pb0.3Br1.2I1.8,0,0.3,0,0.7,0.3,0.7,0,1.2,1.8
FA0.3EA0.7Sn0.7Pb0.3Br1.5I1.5,0,0.3,0,0.7,0.3,0.7,0,1.5,1.5
FA0.3EA0.7Sn0.7Pb0.3Br1.8I1.2,0,0.3,0,0.7,0.3,0.7,0,1.8,1.2
FA0.3EA0.7Sn0.7Pb0.3Br2.1I0.9,0,0.3,0,0.7,0.3,0.7,0,2.1,0.9
FA0.3EA0.7Sn0.7Pb0.3Br2.4I0.6,0,0.3,0,0.7,0.3,0.7,0,2.4,0.6
FA0.3EA0.7Sn0.7Pb0.3Br2.7I0.3,0,0.3,0,0.7,0.3,0.7,0,2.7,0.3
FA0.3EA0.7Sn0.6Pb0.4Cl0.3Br2.7,0,0.3,0,0.7,0.4,0.6,0.3,2.7,0
FA0.3EA0.7Sn0.6Pb0.4Cl0.6Br2.4,0,0.3,0,0.7,0.4,0.6,0.6,2.4,0
FA0.3EA0.7Sn0.6Pb0.4Cl0.9Br2.1,0,0.3,0,0.7,0.4,0.6,0.9,2.1,0
FA0.3EA0.7Sn0.6Pb0.4Cl1.2Br1.8,0,0.3,0,0.7,0.4,0.6,1.2,1.8,0
FA0.3EA0.7Sn0.6Pb0.4Cl1.5Br1.5,0,0.3,0,0.7,0.4,0.6,1.5,1.5,0
FA0.3EA0.7Sn0.6Pb0.4Cl1.8Br1.2,0,0.3,0,0.7,0.4,0.6,1.8,1.2,0
FA0.3EA0.7Sn0.6Pb0.4Cl2.1Br0.9,0,0.3,0,0.7,0.4,0.6,2.1,0.9,0
FA0.3EA0.7Sn0.6Pb0.4Cl2.4Br0.6,0,0.3,0,0.7,0.4,0.6,2.4,0.6,0
FA0.3EA0.7Sn0.6Pb0.4Cl2.7Br0.3,0,0.3,0,0.7,0.4,0.6,2.7,0.3,0
FA0.3EA0.7Sn0.6Pb0.4Cl0.3I2.7,0,0.3,0,0.7,0.4,0.6,0.3,0,2.7
FA0.3EA0.7Sn0.6Pb0.4Cl0.6I2.4,0,0.3,0,0.7,0.4,0.6,0.6,0,2.4
FA0.3EA0.7Sn0.6Pb0.4Cl0.9I2.1,0,0.3,0,0.7,0.4,0.6,0.9,0,2.1
FA0.3EA0.7Sn0.6Pb0.4Cl1.2I1.8,0,0.3,0,0.7,0.4,0.6,1.2,0,1.8
FA0.3EA0.7Sn0.6Pb0.4Cl1.5I1.5,0,0.3,0,0.7,0.4,0.6,1.5,0,1.5
FA0.3EA0.7Sn0.6Pb0.4Cl1.8I1.2,0,0.3,0,0.7,0.4,0.6,1.8,0,1.2
FA0.3EA0.7Sn0.6Pb0.4Cl2.1I0.9,0,0.3,0,0.7,0.4,0.6,2.1,0,0.9
FA0.3EA0.7Sn0.6Pb0.4Cl2.4I0.6,0,0.3,0,0.7,0.4,0.6,2.4,0,0.6
FA0.3EA0.7Sn0.6Pb0.4Cl2.7I0.3,0,0.3,0,0.7,0.4,0.6,2.7,0,0.3
FA0.3EA0.7Sn0.6Pb0.4Br0.3I2.7,0,0.3,0,0.7,0.4,0.6,0,0.3,2.7
FA0.3EA0.7Sn0.6Pb0.4Br0.6I2.4,0,0.3,0,0.7,0.4,0.6,0,0.6,2.4
FA0.3EA0.7Sn0.6Pb0.4Br0.9I2.1,0,0.3,0,0.7,0.4,0.6,0,0.9,2.1
FA0.3EA0.7Sn0.6Pb0.4Br1.2I1.8,0,0.3,0,0.7,0.4,0.6,0,1.2,1.8
FA0.3EA0.7Sn0.6Pb0.4Br1.5I1.5,0,0.3,0,0.7,0.4,0.6,0,1.5,1.5
FA0.3EA0.7Sn0.6Pb0.4Br1.8I1.2,0,0.3,0,0.7,0.4,0.6,0,1.8,1.2
FA0.3EA0.7Sn0.6Pb0.4Br2.1I0.9,0,0.3,0,0.7,0.4,0.6,0,2.1,0.9
FA0.3EA0.7Sn0.6Pb0.4Br2.4I0.6,0,0.3,0,0.7,0.4,0.6,0,2.4,0.6
FA0.3EA0.7Sn0.6Pb0.4Br2.7I0.3,0,0.3,0,0.7,0.4,0.6,0,2.7,0.3
FA0.3EA0.7Sn0.5Pb0.5Cl0.3Br2.7,0,0.3,0,0.7,0.5,0.5,0.3,2.7,0
FA0.3EA0.7Sn0.5Pb0.5Cl0.6Br2.4,0,0.3,0,0.7,0.5,0.5,0.6,2.4,0
FA0.3EA0.7Sn0.5Pb0.5Cl0.9Br2.1,0,0.3,0,0.7,0.5,0.5,0.9,2.1,0
FA0.3EA0.7Sn0.5Pb0.5Cl1.2Br1.8,0,0.3,0,0.7,0.5,0.5,1.2,1.8,0
FA0.3EA0.7Sn0.5Pb0.5Cl1.5Br1.5,0,0.3,0,0.7,0.5,0.5,1.5,1.5,0
FA0.3EA0.7Sn0.5Pb0.5Cl1.8Br1.2,0,0.3,0,0.7,0.5,0.5,1.8,1.2,0
FA0.3EA0.7Sn0.5Pb0.5Cl2.1Br0.9,0,0.3,0,0.7,0.5,0.5,2.1,0.9,0
FA0.3EA0.7Sn0.5Pb0.5Cl2.4Br0.6,0,0.3,0,0.7,0.5,0.5,2.4,0.6,0
FA0.3EA0.7Sn0.5Pb0.5Cl2.7Br0.3,0,0.3,0,0.7,0.5,0.5,2.7,0.3,0
FA0.3EA0.7Sn0.5Pb0.5Cl0.3I2.7,0,0.3,0,0.7,0.5,0.5,0.3,0,2.7
FA0.3EA0.7Sn0.5Pb0.5Cl0.6I2.4,0,0.3,0,0.7,0.5,0.5,0.6,0,2.4
FA0.3EA0.7Sn0.5Pb0.5Cl0.9I2.1,0,0.3,0,0.7,0.5,0.5,0.9,0,2.1
FA0.3EA0.7Sn0.5Pb0.5Cl1.2I1.8,0,0.3,0,0.7,0.5,0.5,1.2,0,1.8
FA0.3EA0.7Sn0.5Pb0.5Cl1.5I1.5,0,0.3,0,0.7,0.5,0.5,1.5,0,1.5
FA0.3EA0.7Sn0.5Pb0.5Cl1.8I1.2,0,0.3,0,0.7,0.5,0.5,1.8,0,1.2
FA0.3EA0.7Sn0.5Pb0.5Cl2.1I0.9,0,0.3,0,0.7,0.5,0.5,2.1,0,0.9
FA0.3EA0.7Sn0.5Pb0.5Cl2.4I0.6,0,0.3,0,0.7,0.5,0.5,2.4,0,0.6
FA0.3EA0.7Sn0.5Pb0.5Cl2.7I0.3,0,0.3,0,0.7,0.5,0.5,2.7,0,0.3
FA0.3EA0.7Sn0.5Pb0.5Br0.3I2.7,0,0.3,0,0.7,0.5,0.5,0,0.3,2.7
FA0.3EA0.7Sn0.5Pb0.5Br0.6I2.4,0,0.3,0,0.7,0.5,0.5,0,0.6,2.4
FA0.3EA0.7Sn0.5Pb0.5Br0.9I2.1,0,0.3,0,0.7,0.5,0.5,0,0.9,2.1
FA0.3EA0.7Sn0.5Pb0.5Br1.2I1.8,0,0.3,0,0.7,0.5,0.5,0,1.2,1.8
FA0.3EA0.7Sn0.5Pb0.5Br1.5I1.5,0,0.3,0,0.7,0.5,0.5,0,1.5,1.5
FA0.3EA0.7Sn0.5Pb0.5Br1.8I1.2,0,0.3,0,0.7,0.5,0.5,0,1.8,1.2
FA0.3EA0.7Sn0.5Pb0.5Br2.1I0.9,0,0.3,0,0.7,0.5,0.5,0,2.1,0.9
FA0.3EA0.7Sn0.5Pb0.5Br2.4I0.6,0,0.3,0,0.7,0.5,0.5,0,2.4,0.6
FA0.3EA0.7Sn0.5Pb0.5Br2.7I0.3,0,0.3,0,0.7,0.5,0.5,0,2.7,0.3
FA0.3EA0.7Sn0.4Pb0.6Cl0.3Br2.7,0,0.3,0,0.7,0.6,0.4,0.3,2.7,0
FA0.3EA0.7Sn0.4Pb0.6Cl0.6Br2.4,0,0.3,0,0.7,0.6,0.4,0.6,2.4,0
FA0.3EA0.7Sn0.4Pb0.6Cl0.9Br2.1,0,0.3,0,0.7,0.6,0.4,0.9,2.1,0
FA0.3EA0.7Sn0.4Pb0.6Cl1.2Br1.8,0,0.3,0,0.7,0.6,0.4,1.2,1.8,0
FA0.3EA0.7Sn0.4Pb0.6Cl1.5Br1.5,0,0.3,0,0.7,0.6,0.4,1.5,1.5,0
FA0.3EA0.7Sn0.4Pb0.6Cl1.8Br1.2,0,0.3,0,0.7,0.6,0.4,1.8,1.2,0
FA0.3EA0.7Sn0.4Pb0.6Cl2.1Br0.9,0,0.3,0,0.7,0.6,0.4,2.1,0.9,0
FA0.3EA0.7Sn0.4Pb0.6Cl2.4Br0.6,0,0.3,0,0.7,0.6,0.4,2.4,0.6,0
FA0.3EA0.7Sn0.4Pb0.6Cl2.7Br0.3,0,0.3,0,0.7,0.6,0.4,2.7,0.3,0
FA0.3EA0.7Sn0.4Pb0.6Cl0.3I2.7,0,0.3,0,0.7,0.6,0.4,0.3,0,2.7
FA0.3EA0.7Sn0.4Pb0.6Cl0.6I2.4,0,0.3,0,0.7,0.6,0.4,0.6,0,2.4
FA0.3EA0.7Sn0.4Pb0.6Cl0.9I2.1,0,0.3,0,0.7,0.6,0.4,0.9,0,2.1
FA0.3EA0.7Sn0.4Pb0.6Cl1.2I1.8,0,0.3,0,0.7,0.6,0.4,1.2,0,1.8
FA0.3EA0.7Sn0.4Pb0.6Cl1.5I1.5,0,0.3,0,0.7,0.6,0.4,1.5,0,1.5
FA0.3EA0.7Sn0.4Pb0.6Cl1.8I1.2,0,0.3,0,0.7,0.6,0.4,1.8,0,1.2
FA0.3EA0.7Sn0.4Pb0.6Cl2.1I0.9,0,0.3,0,0.7,0.6,0.4,2.1,0,0.9
FA0.3EA0.7Sn0.4Pb0.6Cl2.4I0.6,0,0.3,0,0.7,0.6,0.4,2.4,0,0.6
FA0.3EA0.7Sn0.4Pb0.6Cl2.7I0.3,0,0.3,0,0.7,0.6,0.4,2.7,0,0.3
FA0.3EA0.7Sn0.4Pb0.6Br0.3I2.7,0,0.3,0,0.7,0.6,0.4,0,0.3,2.7
FA0.3EA0.7Sn0.4Pb0.6Br0.6I2.4,0,0.3,0,0.7,0.6,0.4,0,0.6,2.4
FA0.3EA0.7Sn0.4Pb0.6Br0.9I2.1,0,0.3,0,0.7,0.6,0.4,0,0.9,2.1
FA0.3EA0.7Sn0.4Pb0.6Br1.2I1.8,0,0.3,0,0.7,0.6,0.4,0,1.2,1.8
FA0.3EA0.7Sn0.4Pb0.6Br1.5I1.5,0,0.3,0,0.7,0.6,0.4,0,1.5,1.5
FA0.3EA0.7Sn0.4Pb0.6Br1.8I1.2,0,0.3,0,0.7,0.6,0.4,0,1.8,1.2
FA0.3EA0.7Sn0.4Pb0.6Br2.1I0.9,0,0.3,0,0.7,0.6,0.4,0,2.1,0.9
FA0.3EA0.7Sn0.4Pb0.6Br2.4I0.6,0,0.3,0,0.7,0.6,0.4,0,2.4,0.6
FA0.3EA0.7Sn0.4Pb0.6Br2.7I0.3,0,0.3,0,0.7,0.6,0.4,0,2.7,0.3
FA0.3EA0.7Sn0.3Pb0.7Cl0.3Br2.7,0,0.3,0,0.7,0.7,0.3,0.3,2.7,0
FA0.3EA0.7Sn0.3Pb0.7Cl0.6Br2.4,0,0.3,0,0.7,0.7,0.3,0.6,2.4,0
FA0.3EA0.7Sn0.3Pb0.7Cl0.9Br2.1,0,0.3,0,0.7,0.7,0.3,0.9,2.1,0
FA0.3EA0.7Sn0.3Pb0.7Cl1.2Br1.8,0,0.3,0,0.7,0.7,0.3,1.2,1.8,0
FA0.3EA0.7Sn0.3Pb0.7Cl1.5Br1.5,0,0.3,0,0.7,0.7,0.3,1.5,1.5,0
FA0.3EA0.7Sn0.3Pb0.7Cl1.8Br1.2,0,0.3,0,0.7,0.7,0.3,1.8,1.2,0
FA0.3EA0.7Sn0.3Pb0.7Cl2.1Br0.9,0,0.3,0,0.7,0.7,0.3,2.1,0.9,0
FA0.3EA0.7Sn0.3Pb0.7Cl2.4Br0.6,0,0.3,0,0.7,0.7,0.3,2.4,0.6,0
FA0.3EA0.7Sn0.3Pb0.7Cl2.7Br0.3,0,0.3,0,0.7,0.7,0.3,2.7,0.3,0
FA0.3EA0.7Sn0.3Pb0.7Cl0.3I2.7,0,0.3,0,0.7,0.7,0.3,0.3,0,2.7
FA0.3EA0.7Sn0.3Pb0.7Cl0.6I2.4,0,0.3,0,0.7,0.7,0.3,0.6,0,2.4
FA0.3EA0.7Sn0.3Pb0.7Cl0.9I2.1,0,0.3,0,0.7,0.7,0.3,0.9,0,2.1
FA0.3EA0.7Sn0.3Pb0.7Cl1.2I1.8,0,0.3,0,0.7,0.7,0.3,1.2,0,1.8
FA0.3EA0.7Sn0.3Pb0.7Cl1.5I1.5,0,0.3,0,0.7,0.7,0.3,1.5,0,1.5
FA0.3EA0.7Sn0.3Pb0.7Cl1.8I1.2,0,0.3,0,0.7,0.7,0.3,1.8,0,1.2
FA0.3EA0.7Sn0.3Pb0.7Cl2.1I0.9,0,0.3,0,0.7,0.7,0.3,2.1,0,0.9
FA0.3EA0.7Sn0.3Pb0.7Cl2.4I0.6,0,0.3,0,0.7,0.7,0.3,2.4,0,0.6
FA0.3EA0.7Sn0.3Pb0.7Cl2.7I0.3,0,0.3,0,0.7,0.7,0.3,2.7,0,0.3
FA0.3EA0.7Sn0.3Pb0.7Br0.3I2.7,0,0.3,0,0.7,0.7,0.3,0,0.3,2.7
FA0.3EA0.7Sn0.3Pb0.7Br0.6I2.4,0,0.3,0,0.7,0.7,0.3,0,0.6,2.4
FA0.3EA0.7Sn0.3Pb0.7Br0.9I2.1,0,0.3,0,0.7,0.7,0.3,0,0.9,2.1
FA0.3EA0.7Sn0.3Pb0.7Br1.2I1.8,0,0.3,0,0.7,0.7,0.3,0,1.2,1.8
FA0.3EA0.7Sn0.3Pb0.7Br1.5I1.5,0,0.3,0,0.7,0.7,0.3,0,1.5,1.5
FA0.3EA0.7Sn0.3Pb0.7Br1.8I1.2,0,0.3,0,0.7,0.7,0.3,0,1.8,1.2
FA0.3EA0.7Sn0.3Pb0.7Br2.1I0.9,0,0.3,0,0.7,0.7,0.3,0,2.1,0.9
FA0.3EA0.7Sn0.3Pb0.7Br2.4I0.6,0,0.3,0,0.7,0.7,0.3,0,2.4,0.6
FA0.3EA0.7Sn0.3Pb0.7Br2.7I0.3,0,0.3,0,0.7,0.7,0.3,0,2.7,0.3
FA0.3EA0.7Sn0.2Pb0.8Cl0.3Br2.7,0,0.3,0,0.7,0.8,0.2,0.3,2.7,0
FA0.3EA0.7Sn0.2Pb0.8Cl0.6Br2.4,0,0.3,0,0.7,0.8,0.2,0.6,2.4,0
FA0.3EA0.7Sn0.2Pb0.8Cl0.9Br2.1,0,0.3,0,0.7,0.8,0.2,0.9,2.1,0
FA0.3EA0.7Sn0.2Pb0.8Cl1.2Br1.8,0,0.3,0,0.7,0.8,0.2,1.2,1.8,0
FA0.3EA0.7Sn0.2Pb0.8Cl1.5Br1.5,0,0.3,0,0.7,0.8,0.2,1.5,1.5,0
FA0.3EA0.7Sn0.2Pb0.8Cl1.8Br1.2,0,0.3,0,0.7,0.8,0.2,1.8,1.2,0
FA0.3EA0.7Sn0.2Pb0.8Cl2.1Br0.9,0,0.3,0,0.7,0.8,0.2,2.1,0.9,0
FA0.3EA0.7Sn0.2Pb0.8Cl2.4Br0.6,0,0.3,0,0.7,0.8,0.2,2.4,0.6,0
FA0.3EA0.7Sn0.2Pb0.8Cl2.7Br0.3,0,0.3,0,0.7,0.8,0.2,2.7,0.3,0
FA0.3EA0.7Sn0.2Pb0.8Cl0.3I2.7,0,0.3,0,0.7,0.8,0.2,0.3,0,2.7
FA0.3EA0.7Sn0.2Pb0.8Cl0.6I2.4,0,0.3,0,0.7,0.8,0.2,0.6,0,2.4
FA0.3EA0.7Sn0.2Pb0.8Cl0.9I2.1,0,0.3,0,0.7,0.8,0.2,0.9,0,2.1
FA0.3EA0.7Sn0.2Pb0.8Cl1.2I1.8,0,0.3,0,0.7,0.8,0.2,1.2,0,1.8
FA0.3EA0.7Sn0.2Pb0.8Cl1.5I1.5,0,0.3,0,0.7,0.8,0.2,1.5,0,1.5
FA0.3EA0.7Sn0.2Pb0.8Cl1.8I1.2,0,0.3,0,0.7,0.8,0.2,1.8,0,1.2
FA0.3EA0.7Sn0.2Pb0.8Cl2.1I0.9,0,0.3,0,0.7,0.8,0.2,2.1,0,0.9
FA0.3EA0.7Sn0.2Pb0.8Cl2.4I0.6,0,0.3,0,0.7,0.8,0.2,2.4,0,0.6
FA0.3EA0.7Sn0.2Pb0.8Cl2.7I0.3,0,0.3,0,0.7,0.8,0.2,2.7,0,0.3
FA0.3EA0.7Sn0.2Pb0.8Br0.3I2.7,0,0.3,0,0.7,0.8,0.2,0,0.3,2.7
FA0.3EA0.7Sn0.2Pb0.8Br0.6I2.4,0,0.3,0,0.7,0.8,0.2,0,0.6,2.4
FA0.3EA0.7Sn0.2Pb0.8Br0.9I2.1,0,0.3,0,0.7,0.8,0.2,0,0.9,2.1
FA0.3EA0.7Sn0.2Pb0.8Br1.2I1.8,0,0.3,0,0.7,0.8,0.2,0,1.2,1.8
FA0.3EA0.7Sn0.2Pb0.8Br1.5I1.5,0,0.3,0,0.7,0.8,0.2,0,1.5,1.5
FA0.3EA0.7Sn0.2Pb0.8Br1.8I1.2,0,0.3,0,0.7,0.8,0.2,0,1.8,1.2
FA0.3EA0.7Sn0.2Pb0.8Br2.1I0.9,0,0.3,0,0.7,0.8,0.2,0,2.1,0.9
FA0.3EA0.7Sn0.2Pb0.8Br2.4I0.6,0,0.3,0,0.7,0.8,0.2,0,2.4,0.6
FA0.3EA0.7Sn0.2Pb0.8Br2.7I0.3,0,0.3,0,0.7,0.8,0.2,0,2.7,0.3
FA0.3EA0.7Sn0.1Pb0.9Cl0.3Br2.7,0,0.3,0,0.7,0.9,0.1,0.3,2.7,0
FA0.3EA0.7Sn0.1Pb0.9Cl0.6Br2.4,0,0.3,0,0.7,0.9,0.1,0.6,2.4,0
FA0.3EA0.7Sn0.1Pb0.9Cl0.9Br2.1,0,0.3,0,0.7,0.9,0.1,0.9,2.1,0
FA0.3EA0.7Sn0.1Pb0.9Cl1.2Br1.8,0,0.3,0,0.7,0.9,0.1,1.2,1.8,0
FA0.3EA0.7Sn0.1Pb0.9Cl1.5Br1.5,0,0.3,0,0.7,0.9,0.1,1.5,1.5,0
FA0.3EA0.7Sn0.1Pb0.9Cl1.8Br1.2,0,0.3,0,0.7,0.9,0.1,1.8,1.2,0
FA0.3EA0.7Sn0.1Pb0.9Cl2.1Br0.9,0,0.3,0,0.7,0.9,0.1,2.1,0.9,0
FA0.3EA0.7Sn0.1Pb0.9Cl2.4Br0.6,0,0.3,0,0.7,0.9,0.1,2.4,0.6,0
FA0.3EA0.7Sn0.1Pb0.9Cl2.7Br0.3,0,0.3,0,0.7,0.9,0.1,2.7,0.3,0
FA0.3EA0.7Sn0.1Pb0.9Cl0.3I2.7,0,0.3,0,0.7,0.9,0.1,0.3,0,2.7
FA0.3EA0.7Sn0.1Pb0.9Cl0.6I2.4,0,0.3,0,0.7,0.9,0.1,0.6,0,2.4
FA0.3EA0.7Sn0.1Pb0.9Cl0.9I2.1,0,0.3,0,0.7,0.9,0.1,0.9,0,2.1
FA0.3EA0.7Sn0.1Pb0.9Cl1.2I1.8,0,0.3,0,0.7,0.9,0.1,1.2,0,1.8
FA0.3EA0.7Sn0.1Pb0.9Cl1.5I1.5,0,0.3,0,0.7,0.9,0.1,1.5,0,1.5
FA0.3EA0.7Sn0.1Pb0.9Cl1.8I1.2,0,0.3,0,0.7,0.9,0.1,1.8,0,1.2
FA0.3EA0.7Sn0.1Pb0.9Cl2.1I0.9,0,0.3,0,0.7,0.9,0.1,2.1,0,0.9
FA0.3EA0.7Sn0.1Pb0.9Cl2.4I0.6,0,0.3,0,0.7,0.9,0.1,2.4,0,0.6
FA0.3EA0.7Sn0.1Pb0.9Cl2.7I0.3,0,0.3,0,0.7,0.9,0.1,2.7,0,0.3
FA0.3EA0.7Sn0.1Pb0.9Br0.3I2.7,0,0.3,0,0.7,0.9,0.1,0,0.3,2.7
FA0.3EA0.7Sn0.1Pb0.9Br0.6I2.4,0,0.3,0,0.7,0.9,0.1,0,0.6,2.4
FA0.3EA0.7Sn0.1Pb0.9Br0.9I2.1,0,0.3,0,0.7,0.9,0.1,0,0.9,2.1
FA0.3EA0.7Sn0.1Pb0.9Br1.2I1.8,0,0.3,0,0.7,0.9,0.1,0,1.2,1.8
FA0.3EA0.7Sn0.1Pb0.9Br1.5I1.5,0,0.3,0,0.7,0.9,0.1,0,1.5,1.5
FA0.3EA0.7Sn0.1Pb0.9Br1.8I1.2,0,0.3,0,0.7,0.9,0.1,0,1.8,1.2
FA0.3EA0.7Sn0.1Pb0.9Br2.1I0.9,0,0.3,0,0.7,0.9,0.1,0,2.1,0.9
FA0.3EA0.7Sn0.1Pb0.9Br2.4I0.6,0,0.3,0,0.7,0.9,0.1,0,2.4,0.6
FA0.3EA0.7Sn0.1Pb0.9Br2.7I0.3,0,0.3,0,0.7,0.9,0.1,0,2.7,0.3
FA0.4EA0.6Sn0.9Pb0.1Cl0.3Br2.7,0,0.4,0,0.6,0.1,0.9,0.3,2.7,0
FA0.4EA0.6Sn0.9Pb0.1Cl0.6Br2.4,0,0.4,0,0.6,0.1,0.9,0.6,2.4,0
FA0.4EA0.6Sn0.9Pb0.1Cl0.9Br2.1,0,0.4,0,0.6,0.1,0.9,0.9,2.1,0
FA0.4EA0.6Sn0.9Pb0.1Cl1.2Br1.8,0,0.4,0,0.6,0.1,0.9,1.2,1.8,0
FA0.4EA0.6Sn0.9Pb0.1Cl1.5Br1.5,0,0.4,0,0.6,0.1,0.9,1.5,1.5,0
FA0.4EA0.6Sn0.9Pb0.1Cl1.8Br1.2,0,0.4,0,0.6,0.1,0.9,1.8,1.2,0
FA0.4EA0.6Sn0.9Pb0.1Cl2.1Br0.9,0,0.4,0,0.6,0.1,0.9,2.1,0.9,0
FA0.4EA0.6Sn0.9Pb0.1Cl2.4Br0.6,0,0.4,0,0.6,0.1,0.9,2.4,0.6,0
FA0.4EA0.6Sn0.9Pb0.1Cl2.7Br0.3,0,0.4,0,0.6,0.1,0.9,2.7,0.3,0
FA0.4EA0.6Sn0.9Pb0.1Cl0.3I2.7,0,0.4,0,0.6,0.1,0.9,0.3,0,2.7
FA0.4EA0.6Sn0.9Pb0.1Cl0.6I2.4,0,0.4,0,0.6,0.1,0.9,0.6,0,2.4
FA0.4EA0.6Sn0.9Pb0.1Cl0.9I2.1,0,0.4,0,0.6,0.1,0.9,0.9,0,2.1
FA0.4EA0.6Sn0.9Pb0.1Cl1.2I1.8,0,0.4,0,0.6,0.1,0.9,1.2,0,1.8
FA0.4EA0.6Sn0.9Pb0.1Cl1.5I1.5,0,0.4,0,0.6,0.1,0.9,1.5,0,1.5
FA0.4EA0.6Sn0.9Pb0.1Cl1.8I1.2,0,0.4,0,0.6,0.1,0.9,1.8,0,1.2
FA0.4EA0.6Sn0.9Pb0.1Cl2.1I0.9,0,0.4,0,0.6,0.1,0.9,2.1,0,0.9
FA0.4EA0.6Sn0.9Pb0.1Cl2.4I0.6,0,0.4,0,0.6,0.1,0.9,2.4,0,0.6
FA0.4EA0.6Sn0.9Pb0.1Cl2.7I0.3,0,0.4,0,0.6,0.1,0.9,2.7,0,0.3
FA0.4EA0.6Sn0.9Pb0.1Br0.3I2.7,0,0.4,0,0.6,0.1,0.9,0,0.3,2.7
FA0.4EA0.6Sn0.9Pb0.1Br0.6I2.4,0,0.4,0,0.6,0.1,0.9,0,0.6,2.4
FA0.4EA0.6Sn0.9Pb0.1Br0.9I2.1,0,0.4,0,0.6,0.1,0.9,0,0.9,2.1
FA0.4EA0.6Sn0.9Pb0.1Br1.2I1.8,0,0.4,0,0.6,0.1,0.9,0,1.2,1.8
FA0.4EA0.6Sn0.9Pb0.1Br1.5I1.5,0,0.4,0,0.6,0.1,0.9,0,1.5,1.5
FA0.4EA0.6Sn0.9Pb0.1Br1.8I1.2,0,0.4,0,0.6,0.1,0.9,0,1.8,1.2
FA0.4EA0.6Sn0.9Pb0.1Br2.1I0.9,0,0.4,0,0.6,0.1,0.9,0,2.1,0.9
FA0.4EA0.6Sn0.9Pb0.1Br2.4I0.6,0,0.4,0,0.6,0.1,0.9,0,2.4,0.6
FA0.4EA0.6Sn0.9Pb0.1Br2.7I0.3,0,0.4,0,0.6,0.1,0.9,0,2.7,0.3
FA0.4EA0.6Sn0.8Pb0.2Cl0.3Br2.7,0,0.4,0,0.6,0.2,0.8,0.3,2.7,0
FA0.4EA0.6Sn0.8Pb0.2Cl0.6Br2.4,0,0.4,0,0.6,0.2,0.8,0.6,2.4,0
FA0.4EA0.6Sn0.8Pb0.2Cl0.9Br2.1,0,0.4,0,0.6,0.2,0.8,0.9,2.1,0
FA0.4EA0.6Sn0.8Pb0.2Cl1.2Br1.8,0,0.4,0,0.6,0.2,0.8,1.2,1.8,0
FA0.4EA0.6Sn0.8Pb0.2Cl1.5Br1.5,0,0.4,0,0.6,0.2,0.8,1.5,1.5,0
FA0.4EA0.6Sn0.8Pb0.2Cl1.8Br1.2,0,0.4,0,0.6,0.2,0.8,1.8,1.2,0
FA0.4EA0.6Sn0.8Pb0.2Cl2.1Br0.9,0,0.4,0,0.6,0.2,0.8,2.1,0.9,0
FA0.4EA0.6Sn0.8Pb0.2Cl2.4Br0.6,0,0.4,0,0.6,0.2,0.8,2.4,0.6,0
FA0.4EA0.6Sn0.8Pb0.2Cl2.7Br0.3,0,0.4,0,0.6,0.2,0.8,2.7,0.3,0
FA0.4EA0.6Sn0.8Pb0.2Cl0.3I2.7,0,0.4,0,0.6,0.2,0.8,0.3,0,2.7
FA0.4EA0.6Sn0.8Pb0.2Cl0.6I2.4,0,0.4,0,0.6,0.2,0.8,0.6,0,2.4
FA0.4EA0.6Sn0.8Pb0.2Cl0.9I2.1,0,0.4,0,0.6,0.2,0.8,0.9,0,2.1
FA0.4EA0.6Sn0.8Pb0.2Cl1.2I1.8,0,0.4,0,0.6,0.2,0.8,1.2,0,1.8
FA0.4EA0.6Sn0.8Pb0.2Cl1.5I1.5,0,0.4,0,0.6,0.2,0.8,1.5,0,1.5
FA0.4EA0.6Sn0.8Pb0.2Cl1.8I1.2,0,0.4,0,0.6,0.2,0.8,1.8,0,1.2
FA0.4EA0.6Sn0.8Pb0.2Cl2.1I0.9,0,0.4,0,0.6,0.2,0.8,2.1,0,0.9
FA0.4EA0.6Sn0.8Pb0.2Cl2.4I0.6,0,0.4,0,0.6,0.2,0.8,2.4,0,0.6
FA0.4EA0.6Sn0.8Pb0.2Cl2.7I0.3,0,0.4,0,0.6,0.2,0.8,2.7,0,0.3
FA0.4EA0.6Sn0.8Pb0.2Br0.3I2.7,0,0.4,0,0.6,0.2,0.8,0,0.3,2.7
FA0.4EA0.6Sn0.8Pb0.2Br0.6I2.4,0,0.4,0,0.6,0.2,0.8,0,0.6,2.4
FA0.4EA0.6Sn0.8Pb0.2Br0.9I2.1,0,0.4,0,0.6,0.2,0.8,0,0.9,2.1
FA0.4EA0.6Sn0.8Pb0.2Br1.2I1.8,0,0.4,0,0.6,0.2,0.8,0,1.2,1.8
FA0.4EA0.6Sn0.8Pb0.2Br1.5I1.5,0,0.4,0,0.6,0.2,0.8,0,1.5,1.5
FA0.4EA0.6Sn0.8Pb0.2Br1.8I1.2,0,0.4,0,0.6,0.2,0.8,0,1.8,1.2
FA0.4EA0.6Sn0.8Pb0.2Br2.1I0.9,0,0.4,0,0.6,0.2,0.8,0,2.1,0.9
FA0.4EA0.6Sn0.8Pb0.2Br2.4I0.6,0,0.4,0,0.6,0.2,0.8,0,2.4,0.6
FA0.4EA0.6Sn0.8Pb0.2Br2.7I0.3,0,0.4,0,0.6,0.2,0.8,0,2.7,0.3
FA0.4EA0.6Sn0.7Pb0.3Cl0.3Br2.7,0,0.4,0,0.6,0.3,0.7,0.3,2.7,0
FA0.4EA0.6Sn0.7Pb0.3Cl0.6Br2.4,0,0.4,0,0.6,0.3,0.7,0.6,2.4,0
FA0.4EA0.6Sn0.7Pb0.3Cl0.9Br2.1,0,0.4,0,0.6,0.3,0.7,0.9,2.1,0
FA0.4EA0.6Sn0.7Pb0.3Cl1.2Br1.8,0,0.4,0,0.6,0.3,0.7,1.2,1.8,0
FA0.4EA0.6Sn0.7Pb0.3Cl1.5Br1.5,0,0.4,0,0.6,0.3,0.7,1.5,1.5,0
FA0.4EA0.6Sn0.7Pb0.3Cl1.8Br1.2,0,0.4,0,0.6,0.3,0.7,1.8,1.2,0
FA0.4EA0.6Sn0.7Pb0.3Cl2.1Br0.9,0,0.4,0,0.6,0.3,0.7,2.1,0.9,0
FA0.4EA0.6Sn0.7Pb0.3Cl2.4Br0.6,0,0.4,0,0.6,0.3,0.7,2.4,0.6,0
FA0.4EA0.6Sn0.7Pb0.3Cl2.7Br0.3,0,0.4,0,0.6,0.3,0.7,2.7,0.3,0
FA0.4EA0.6Sn0.7Pb0.3Cl0.3I2.7,0,0.4,0,0.6,0.3,0.7,0.3,0,2.7
FA0.4EA0.6Sn0.7Pb0.3Cl0.6I2.4,0,0.4,0,0.6,0.3,0.7,0.6,0,2.4
FA0.4EA0.6Sn0.7Pb0.3Cl0.9I2.1,0,0.4,0,0.6,0.3,0.7,0.9,0,2.1
FA0.4EA0.6Sn0.7Pb0.3Cl1.2I1.8,0,0.4,0,0.6,0.3,0.7,1.2,0,1.8
FA0.4EA0.6Sn0.7Pb0.3Cl1.5I1.5,0,0.4,0,0.6,0.3,0.7,1.5,0,1.5
FA0.4EA0.6Sn0.7Pb0.3Cl1.8I1.2,0,0.4,0,0.6,0.3,0.7,1.8,0,1.2
FA0.4EA0.6Sn0.7Pb0.3Cl2.1I0.9,0,0.4,0,0.6,0.3,0.7,2.1,0,0.9
FA0.4EA0.6Sn0.7Pb0.3Cl2.4I0.6,0,0.4,0,0.6,0.3,0.7,2.4,0,0.6
FA0.4EA0.6Sn0.7Pb0.3Cl2.7I0.3,0,0.4,0,0.6,0.3,0.7,2.7,0,0.3
FA0.4EA0.6Sn0.7Pb0.3Br0.3I2.7,0,0.4,0,0.6,0.3,0.7,0,0.3,2.7
FA0.4EA0.6Sn0.7Pb0.3Br0.6I2.4,0,0.4,0,0.6,0.3,0.7,0,0.6,2.4
FA0.4EA0.6Sn0.7Pb0.3Br0.9I2.1,0,0.4,0,0.6,0.3,0.7,0,0.9,2.1
FA0.4EA0.6Sn0.7Pb0.3Br1.2I1.8,0,0.4,0,0.6,0.3,0.7,0,1.2,1.8
FA0.4EA0.6Sn0.7Pb0.3Br1.5I1.5,0,0.4,0,0.6,0.3,0.7,0,1.5,1.5
FA0.4EA0.6Sn0.7Pb0.3Br1.8I1.2,0,0.4,0,0.6,0.3,0.7,0,1.8,1.2
FA0.4EA0.6Sn0.7Pb0.3Br2.1I0.9,0,0.4,0,0.6,0.3,0.7,0,2.1,0.9
FA0.4EA0.6Sn0.7Pb0.3Br2.4I0.6,0,0.4,0,0.6,0.3,0.7,0,2.4,0.6
FA0.4EA0.6Sn0.7Pb0.3Br2.7I0.3,0,0.4,0,0.6,0.3,0.7,0,2.7,0.3
FA0.4EA0.6Sn0.6Pb0.4Cl0.3Br2.7,0,0.4,0,0.6,0.4,0.6,0.3,2.7,0
FA0.4EA0.6Sn0.6Pb0.4Cl0.6Br2.4,0,0.4,0,0.6,0.4,0.6,0.6,2.4,0
FA0.4EA0.6Sn0.6Pb0.4Cl0.9Br2.1,0,0.4,0,0.6,0.4,0.6,0.9,2.1,0
FA0.4EA0.6Sn0.6Pb0.4Cl1.2Br1.8,0,0.4,0,0.6,0.4,0.6,1.2,1.8,0
FA0.4EA0.6Sn0.6Pb0.4Cl1.5Br1.5,0,0.4,0,0.6,0.4,0.6,1.5,1.5,0
FA0.4EA0.6Sn0.6Pb0.4Cl1.8Br1.2,0,0.4,0,0.6,0.4,0.6,1.8,1.2,0
FA0.4EA0.6Sn0.6Pb0.4Cl2.1Br0.9,0,0.4,0,0.6,0.4,0.6,2.1,0.9,0
FA0.4EA0.6Sn0.6Pb0.4Cl2.4Br0.6,0,0.4,0,0.6,0.4,0.6,2.4,0.6,0
FA0.4EA0.6Sn0.6Pb0.4Cl2.7Br0.3,0,0.4,0,0.6,0.4,0.6,2.7,0.3,0
FA0.4EA0.6Sn0.6Pb0.4Cl0.3I2.7,0,0.4,0,0.6,0.4,0.6,0.3,0,2.7
FA0.4EA0.6Sn0.6Pb0.4Cl0.6I2.4,0,0.4,0,0.6,0.4,0.6,0.6,0,2.4
FA0.4EA0.6Sn0.6Pb0.4Cl0.9I2.1,0,0.4,0,0.6,0.4,0.6,0.9,0,2.1
FA0.4EA0.6Sn0.6Pb0.4Cl1.2I1.8,0,0.4,0,0.6,0.4,0.6,1.2,0,1.8
FA0.4EA0.6Sn0.6Pb0.4Cl1.5I1.5,0,0.4,0,0.6,0.4,0.6,1.5,0,1.5
FA0.4EA0.6Sn0.6Pb0.4Cl1.8I1.2,0,0.4,0,0.6,0.4,0.6,1.8,0,1.2
FA0.4EA0.6Sn0.6Pb0.4Cl2.1I0.9,0,0.4,0,0.6,0.4,0.6,2.1,0,0.9
FA0.4EA0.6Sn0.6Pb0.4Cl2.4I0.6,0,0.4,0,0.6,0.4,0.6,2.4,0,0.6
FA0.4EA0.6Sn0.6Pb0.4Cl2.7I0.3,0,0.4,0,0.6,0.4,0.6,2.7,0,0.3
FA0.4EA0.6Sn0.6Pb0.4Br0.3I2.7,0,0.4,0,0.6,0.4,0.6,0,0.3,2.7
FA0.4EA0.6Sn0.6Pb0.4Br0.6I2.4,0,0.4,0,0.6,0.4,0.6,0,0.6,2.4
FA0.4EA0.6Sn0.6Pb0.4Br0.9I2.1,0,0.4,0,0.6,0.4,0.6,0,0.9,2.1
FA0.4EA0.6Sn0.6Pb0.4Br1.2I1.8,0,0.4,0,0.6,0.4,0.6,0,1.2,1.8
FA0.4EA0.6Sn0.6Pb0.4Br1.5I1.5,0,0.4,0,0.6,0.4,0.6,0,1.5,1.5
FA0.4EA0.6Sn0.6Pb0.4Br1.8I1.2,0,0.4,0,0.6,0.4,0.6,0,1.8,1.2
FA0.4EA0.6Sn0.6Pb0.4Br2.1I0.9,0,0.4,0,0.6,0.4,0.6,0,2.1,0.9
FA0.4EA0.6Sn0.6Pb0.4Br2.4I0.6,0,0.4,0,0.6,0.4,0.6,0,2.4,0.6
FA0.4EA0.6Sn0.6Pb0.4Br2.7I0.3,0,0.4,0,0.6,0.4,0.6,0,2.7,0.3
FA0.4EA0.6Sn0.5Pb0.5Cl0.3Br2.7,0,0.4,0,0.6,0.5,0.5,0.3,2.7,0
FA0.4EA0.6Sn0.5Pb0.5Cl0.6Br2.4,0,0.4,0,0.6,0.5,0.5,0.6,2.4,0
FA0.4EA0.6Sn0.5Pb0.5Cl0.9Br2.1,0,0.4,0,0.6,0.5,0.5,0.9,2.1,0
FA0.4EA0.6Sn0.5Pb0.5Cl1.2Br1.8,0,0.4,0,0.6,0.5,0.5,1.2,1.8,0
FA0.4EA0.6Sn0.5Pb0.5Cl1.5Br1.5,0,0.4,0,0.6,0.5,0.5,1.5,1.5,0
FA0.4EA0.6Sn0.5Pb0.5Cl1.8Br1.2,0,0.4,0,0.6,0.5,0.5,1.8,1.2,0
FA0.4EA0.6Sn0.5Pb0.5Cl2.1Br0.9,0,0.4,0,0.6,0.5,0.5,2.1,0.9,0
FA0.4EA0.6Sn0.5Pb0.5Cl2.4Br0.6,0,0.4,0,0.6,0.5,0.5,2.4,0.6,0
FA0.4EA0.6Sn0.5Pb0.5Cl2.7Br0.3,0,0.4,0,0.6,0.5,0.5,2.7,0.3,0
FA0.4EA0.6Sn0.5Pb0.5Cl0.3I2.7,0,0.4,0,0.6,0.5,0.5,0.3,0,2.7
FA0.4EA0.6Sn0.5Pb0.5Cl0.6I2.4,0,0.4,0,0.6,0.5,0.5,0.6,0,2.4
FA0.4EA0.6Sn0.5Pb0.5Cl0.9I2.1,0,0.4,0,0.6,0.5,0.5,0.9,0,2.1
FA0.4EA0.6Sn0.5Pb0.5Cl1.2I1.8,0,0.4,0,0.6,0.5,0.5,1.2,0,1.8
FA0.4EA0.6Sn0.5Pb0.5Cl1.5I1.5,0,0.4,0,0.6,0.5,0.5,1.5,0,1.5
FA0.4EA0.6Sn0.5Pb0.5Cl1.8I1.2,0,0.4,0,0.6,0.5,0.5,1.8,0,1.2
FA0.4EA0.6Sn0.5Pb0.5Cl2.1I0.9,0,0.4,0,0.6,0.5,0.5,2.1,0,0.9
FA0.4EA0.6Sn0.5Pb0.5Cl2.4I0.6,0,0.4,0,0.6,0.5,0.5,2.4,0,0.6
FA0.4EA0.6Sn0.5Pb0.5Cl2.7I0.3,0,0.4,0,0.6,0.5,0.5,2.7,0,0.3
FA0.4EA0.6Sn0.5Pb0.5Br0.3I2.7,0,0.4,0,0.6,0.5,0.5,0,0.3,2.7
FA0.4EA0.6Sn0.5Pb0.5Br0.6I2.4,0,0.4,0,0.6,0.5,0.5,0,0.6,2.4
FA0.4EA0.6Sn0.5Pb0.5Br0.9I2.1,0,0.4,0,0.6,0.5,0.5,0,0.9,2.1
FA0.4EA0.6Sn0.5Pb0.5Br1.2I1.8,0,0.4,0,0.6,0.5,0.5,0,1.2,1.8
FA0.4EA0.6Sn0.5Pb0.5Br1.5I1.5,0,0.4,0,0.6,0.5,0.5,0,1.5,1.5
FA0.4EA0.6Sn0.5Pb0.5Br1.8I1.2,0,0.4,0,0.6,0.5,0.5,0,1.8,1.2
FA0.4EA0.6Sn0.5Pb0.5Br2.1I0.9,0,0.4,0,0.6,0.5,0.5,0,2.1,0.9
FA0.4EA0.6Sn0.5Pb0.5Br2.4I0.6,0,0.4,0,0.6,0.5,0.5,0,2.4,0.6
FA0.4EA0.6Sn0.5Pb0.5Br2.7I0.3,0,0.4,0,0.6,0.5,0.5,0,2.7,0.3
FA0.4EA0.6Sn0.4Pb0.6Cl0.3Br2.7,0,0.4,0,0.6,0.6,0.4,0.3,2.7,0
FA0.4EA0.6Sn0.4Pb0.6Cl0.6Br2.4,0,0.4,0,0.6,0.6,0.4,0.6,2.4,0
FA0.4EA0.6Sn0.4Pb0.6Cl0.9Br2.1,0,0.4,0,0.6,0.6,0.4,0.9,2.1,0
FA0.4EA0.6Sn0.4Pb0.6Cl1.2Br1.8,0,0.4,0,0.6,0.6,0.4,1.2,1.8,0
FA0.4EA0.6Sn0.4Pb0.6Cl1.5Br1.5,0,0.4,0,0.6,0.6,0.4,1.5,1.5,0
FA0.4EA0.6Sn0.4Pb0.6Cl1.8Br1.2,0,0.4,0,0.6,0.6,0.4,1.8,1.2,0
FA0.4EA0.6Sn0.4Pb0.6Cl2.1Br0.9,0,0.4,0,0.6,0.6,0.4,2.1,0.9,0
FA0.4EA0.6Sn0.4Pb0.6Cl2.4Br0.6,0,0.4,0,0.6,0.6,0.4,2.4,0.6,0
FA0.4EA0.6Sn0.4Pb0.6Cl2.7Br0.3,0,0.4,0,0.6,0.6,0.4,2.7,0.3,0
FA0.4EA0.6Sn0.4Pb0.6Cl0.3I2.7,0,0.4,0,0.6,0.6,0.4,0.3,0,2.7
FA0.4EA0.6Sn0.4Pb0.6Cl0.6I2.4,0,0.4,0,0.6,0.6,0.4,0.6,0,2.4
FA0.4EA0.6Sn0.4Pb0.6Cl0.9I2.1,0,0.4,0,0.6,0.6,0.4,0.9,0,2.1
FA0.4EA0.6Sn0.4Pb0.6Cl1.2I1.8,0,0.4,0,0.6,0.6,0.4,1.2,0,1.8
FA0.4EA0.6Sn0.4Pb0.6Cl1.5I1.5,0,0.4,0,0.6,0.6,0.4,1.5,0,1.5
FA0.4EA0.6Sn0.4Pb0.6Cl1.8I1.2,0,0.4,0,0.6,0.6,0.4,1.8,0,1.2
FA0.4EA0.6Sn0.4Pb0.6Cl2.1I0.9,0,0.4,0,0.6,0.6,0.4,2.1,0,0.9
FA0.4EA0.6Sn0.4Pb0.6Cl2.4I0.6,0,0.4,0,0.6,0.6,0.4,2.4,0,0.6
FA0.4EA0.6Sn0.4Pb0.6Cl2.7I0.3,0,0.4,0,0.6,0.6,0.4,2.7,0,0.3
FA0.4EA0.6Sn0.4Pb0.6Br0.3I2.7,0,0.4,0,0.6,0.6,0.4,0,0.3,2.7
FA0.4EA0.6Sn0.4Pb0.6Br0.6I2.4,0,0.4,0,0.6,0.6,0.4,0,0.6,2.4
FA0.4EA0.6Sn0.4Pb0.6Br0.9I2.1,0,0.4,0,0.6,0.6,0.4,0,0.9,2.1
FA0.4EA0.6Sn0.4Pb0.6Br1.2I1.8,0,0.4,0,0.6,0.6,0.4,0,1.2,1.8
FA0.4EA0.6Sn0.4Pb0.6Br1.5I1.5,0,0.4,0,0.6,0.6,0.4,0,1.5,1.5
FA0.4EA0.6Sn0.4Pb0.6Br1.8I1.2,0,0.4,0,0.6,0.6,0.4,0,1.8,1.2
FA0.4EA0.6Sn0.4Pb0.6Br2.1I0.9,0,0.4,0,0.6,0.6,0.4,0,2.1,0.9
FA0.4EA0.6Sn0.4Pb0.6Br2.4I0.6,0,0.4,0,0.6,0.6,0.4,0,2.4,0.6
FA0.4EA0.6Sn0.4Pb0.6Br2.7I0.3,0,0.4,0,0.6,0.6,0.4,0,2.7,0.3
FA0.4EA0.6Sn0.3Pb0.7Cl0.3Br2.7,0,0.4,0,0.6,0.7,0.3,0.3,2.7,0
FA0.4EA0.6Sn0.3Pb0.7Cl0.6Br2.4,0,0.4,0,0.6,0.7,0.3,0.6,2.4,0
FA0.4EA0.6Sn0.3Pb0.7Cl0.9Br2.1,0,0.4,0,0.6,0.7,0.3,0.9,2.1,0
FA0.4EA0.6Sn0.3Pb0.7Cl1.2Br1.8,0,0.4,0,0.6,0.7,0.3,1.2,1.8,0
FA0.4EA0.6Sn0.3Pb0.7Cl1.5Br1.5,0,0.4,0,0.6,0.7,0.3,1.5,1.5,0
FA0.4EA0.6Sn0.3Pb0.7Cl1.8Br1.2,0,0.4,0,0.6,0.7,0.3,1.8,1.2,0
FA0.4EA0.6Sn0.3Pb0.7Cl2.1Br0.9,0,0.4,0,0.6,0.7,0.3,2.1,0.9,0
FA0.4EA0.6Sn0.3Pb0.7Cl2.4Br0.6,0,0.4,0,0.6,0.7,0.3,2.4,0.6,0
FA0.4EA0.6Sn0.3Pb0.7Cl2.7Br0.3,0,0.4,0,0.6,0.7,0.3,2.7,0.3,0
FA0.4EA0.6Sn0.3Pb0.7Cl0.3I2.7,0,0.4,0,0.6,0.7,0.3,0.3,0,2.7
FA0.4EA0.6Sn0.3Pb0.7Cl0.6I2.4,0,0.4,0,0.6,0.7,0.3,0.6,0,2.4
FA0.4EA0.6Sn0.3Pb0.7Cl0.9I2.1,0,0.4,0,0.6,0.7,0.3,0.9,0,2.1
FA0.4EA0.6Sn0.3Pb0.7Cl1.2I1.8,0,0.4,0,0.6,0.7,0.3,1.2,0,1.8
FA0.4EA0.6Sn0.3Pb0.7Cl1.5I1.5,0,0.4,0,0.6,0.7,0.3,1.5,0,1.5
FA0.4EA0.6Sn0.3Pb0.7Cl1.8I1.2,0,0.4,0,0.6,0.7,0.3,1.8,0,1.2
FA0.4EA0.6Sn0.3Pb0.7Cl2.1I0.9,0,0.4,0,0.6,0.7,0.3,2.1,0,0.9
FA0.4EA0.6Sn0.3Pb0.7Cl2.4I0.6,0,0.4,0,0.6,0.7,0.3,2.4,0,0.6
FA0.4EA0.6Sn0.3Pb0.7Cl2.7I0.3,0,0.4,0,0.6,0.7,0.3,2.7,0,0.3
FA0.4EA0.6Sn0.3Pb0.7Br0.3I2.7,0,0.4,0,0.6,0.7,0.3,0,0.3,2.7
FA0.4EA0.6Sn0.3Pb0.7Br0.6I2.4,0,0.4,0,0.6,0.7,0.3,0,0.6,2.4
FA0.4EA0.6Sn0.3Pb0.7Br0.9I2.1,0,0.4,0,0.6,0.7,0.3,0,0.9,2.1
FA0.4EA0.6Sn0.3Pb0.7Br1.2I1.8,0,0.4,0,0.6,0.7,0.3,0,1.2,1.8
FA0.4EA0.6Sn0.3Pb0.7Br1.5I1.5,0,0.4,0,0.6,0.7,0.3,0,1.5,1.5
FA0.4EA0.6Sn0.3Pb0.7Br1.8I1.2,0,0.4,0,0.6,0.7,0.3,0,1.8,1.2
FA0.4EA0.6Sn0.3Pb0.7Br2.1I0.9,0,0.4,0,0.6,0.7,0.3,0,2.1,0.9
FA0.4EA0.6Sn0.3Pb0.7Br2.4I0.6,0,0.4,0,0.6,0.7,0.3,0,2.4,0.6
FA0.4EA0.6Sn0.3Pb0.7Br2.7I0.3,0,0.4,0,0.6,0.7,0.3,0,2.7,0.3
FA0.4EA0.6Sn0.2Pb0.8Cl0.3Br2.7,0,0.4,0,0.6,0.8,0.2,0.3,2.7,0
FA0.4EA0.6Sn0.2Pb0.8Cl0.6Br2.4,0,0.4,0,0.6,0.8,0.2,0.6,2.4,0
FA0.4EA0.6Sn0.2Pb0.8Cl0.9Br2.1,0,0.4,0,0.6,0.8,0.2,0.9,2.1,0
FA0.4EA0.6Sn0.2Pb0.8Cl1.2Br1.8,0,0.4,0,0.6,0.8,0.2,1.2,1.8,0
FA0.4EA0.6Sn0.2Pb0.8Cl1.5Br1.5,0,0.4,0,0.6,0.8,0.2,1.5,1.5,0
FA0.4EA0.6Sn0.2Pb0.8Cl1.8Br1.2,0,0.4,0,0.6,0.8,0.2,1.8,1.2,0
FA0.4EA0.6Sn0.2Pb0.8Cl2.1Br0.9,0,0.4,0,0.6,0.8,0.2,2.1,0.9,0
FA0.4EA0.6Sn0.2Pb0.8Cl2.4Br0.6,0,0.4,0,0.6,0.8,0.2,2.4,0.6,0
FA0.4EA0.6Sn0.2Pb0.8Cl2.7Br0.3,0,0.4,0,0.6,0.8,0.2,2.7,0.3,0
FA0.4EA0.6Sn0.2Pb0.8Cl0.3I2.7,0,0.4,0,0.6,0.8,0.2,0.3,0,2.7
FA0.4EA0.6Sn0.2Pb0.8Cl0.6I2.4,0,0.4,0,0.6,0.8,0.2,0.6,0,2.4
FA0.4EA0.6Sn0.2Pb0.8Cl0.9I2.1,0,0.4,0,0.6,0.8,0.2,0.9,0,2.1
FA0.4EA0.6Sn0.2Pb0.8Cl1.2I1.8,0,0.4,0,0.6,0.8,0.2,1.2,0,1.8
FA0.4EA0.6Sn0.2Pb0.8Cl1.5I1.5,0,0.4,0,0.6,0.8,0.2,1.5,0,1.5
FA0.4EA0.6Sn0.2Pb0.8Cl1.8I1.2,0,0.4,0,0.6,0.8,0.2,1.8,0,1.2
FA0.4EA0.6Sn0.2Pb0.8Cl2.1I0.9,0,0.4,0,0.6,0.8,0.2,2.1,0,0.9
FA0.4EA0.6Sn0.2Pb0.8Cl2.4I0.6,0,0.4,0,0.6,0.8,0.2,2.4,0,0.6
FA0.4EA0.6Sn0.2Pb0.8Cl2.7I0.3,0,0.4,0,0.6,0.8,0.2,2.7,0,0.3
FA0.4EA0.6Sn0.2Pb0.8Br0.3I2.7,0,0.4,0,0.6,0.8,0.2,0,0.3,2.7
FA0.4EA0.6Sn0.2Pb0.8Br0.6I2.4,0,0.4,0,0.6,0.8,0.2,0,0.6,2.4
FA0.4EA0.6Sn0.2Pb0.8Br0.9I2.1,0,0.4,0,0.6,0.8,0.2,0,0.9,2.1
FA0.4EA0.6Sn0.2Pb0.8Br1.2I1.8,0,0.4,0,0.6,0.8,0.2,0,1.2,1.8
FA0.4EA0.6Sn0.2Pb0.8Br1.5I1.5,0,0.4,0,0.6,0.8,0.2,0,1.5,1.5
FA0.4EA0.6Sn0.2Pb0.8Br1.8I1.2,0,0.4,0,0.6,0.8,0.2,0,1.8,1.2
FA0.4EA0.6Sn0.2Pb0.8Br2.1I0.9,0,0.4,0,0.6,0.8,0.2,0,2.1,0.9
FA0.4EA0.6Sn0.2Pb0.8Br2.4I0.6,0,0.4,0,0.6,0.8,0.2,0,2.4,0.6
FA0.4EA0.6Sn0.2Pb0.8Br2.7I0.3,0,0.4,0,0.6,0.8,0.2,0,2.7,0.3
FA0.4EA0.6Sn0.1Pb0.9Cl0.3Br2.7,0,0.4,0,0.6,0.9,0.1,0.3,2.7,0
FA0.4EA0.6Sn0.1Pb0.9Cl0.6Br2.4,0,0.4,0,0.6,0.9,0.1,0.6,2.4,0
FA0.4EA0.6Sn0.1Pb0.9Cl0.9Br2.1,0,0.4,0,0.6,0.9,0.1,0.9,2.1,0
FA0.4EA0.6Sn0.1Pb0.9Cl1.2Br1.8,0,0.4,0,0.6,0.9,0.1,1.2,1.8,0
FA0.4EA0.6Sn0.1Pb0.9Cl1.5Br1.5,0,0.4,0,0.6,0.9,0.1,1.5,1.5,0
FA0.4EA0.6Sn0.1Pb0.9Cl1.8Br1.2,0,0.4,0,0.6,0.9,0.1,1.8,1.2,0
FA0.4EA0.6Sn0.1Pb0.9Cl2.1Br0.9,0,0.4,0,0.6,0.9,0.1,2.1,0.9,0
FA0.4EA0.6Sn0.1Pb0.9Cl2.4Br0.6,0,0.4,0,0.6,0.9,0.1,2.4,0.6,0
FA0.4EA0.6Sn0.1Pb0.9Cl2.7Br0.3,0,0.4,0,0.6,0.9,0.1,2.7,0.3,0
FA0.4EA0.6Sn0.1Pb0.9Cl0.3I2.7,0,0.4,0,0.6,0.9,0.1,0.3,0,2.7
FA0.4EA0.6Sn0.1Pb0.9Cl0.6I2.4,0,0.4,0,0.6,0.9,0.1,0.6,0,2.4
FA0.4EA0.6Sn0.1Pb0.9Cl0.9I2.1,0,0.4,0,0.6,0.9,0.1,0.9,0,2.1
FA0.4EA0.6Sn0.1Pb0.9Cl1.2I1.8,0,0.4,0,0.6,0.9,0.1,1.2,0,1.8
FA0.4EA0.6Sn0.1Pb0.9Cl1.5I1.5,0,0.4,0,0.6,0.9,0.1,1.5,0,1.5
FA0.4EA0.6Sn0.1Pb0.9Cl1.8I1.2,0,0.4,0,0.6,0.9,0.1,1.8,0,1.2
FA0.4EA0.6Sn0.1Pb0.9Cl2.1I0.9,0,0.4,0,0.6,0.9,0.1,2.1,0,0.9
FA0.4EA0.6Sn0.1Pb0.9Cl2.4I0.6,0,0.4,0,0.6,0.9,0.1,2.4,0,0.6
FA0.4EA0.6Sn0.1Pb0.9Cl2.7I0.3,0,0.4,0,0.6,0.9,0.1,2.7,0,0.3
FA0.4EA0.6Sn0.1Pb0.9Br0.3I2.7,0,0.4,0,0.6,0.9,0.1,0,0.3,2.7
FA0.4EA0.6Sn0.1Pb0.9Br0.6I2.4,0,0.4,0,0.6,0.9,0.1,0,0.6,2.4
FA0.4EA0.6Sn0.1Pb0.9Br0.9I2.1,0,0.4,0,0.6,0.9,0.1,0,0.9,2.1
FA0.4EA0.6Sn0.1Pb0.9Br1.2I1.8,0,0.4,0,0.6,0.9,0.1,0,1.2,1.8
FA0.4EA0.6Sn0.1Pb0.9Br1.5I1.5,0,0.4,0,0.6,0.9,0.1,0,1.5,1.5
FA0.4EA0.6Sn0.1Pb0.9Br1.8I1.2,0,0.4,0,0.6,0.9,0.1,0,1.8,1.2
FA0.4EA0.6Sn0.1Pb0.9Br2.1I0.9,0,0.4,0,0.6,0.9,0.1,0,2.1,0.9
FA0.4EA0.6Sn0.1Pb0.9Br2.4I0.6,0,0.4,0,0.6,0.9,0.1,0,2.4,0.6
FA0.4EA0.6Sn0.1Pb0.9Br2.7I0.3,0,0.4,0,0.6,0.9,0.1,0,2.7,0.3
FA0.5EA0.5Sn0.9Pb0.1Cl0.3Br2.7,0,0.5,0,0.5,0.1,0.9,0.3,2.7,0
FA0.5EA0.5Sn0.9Pb0.1Cl0.6Br2.4,0,0.5,0,0.5,0.1,0.9,0.6,2.4,0
FA0.5EA0.5Sn0.9Pb0.1Cl0.9Br2.1,0,0.5,0,0.5,0.1,0.9,0.9,2.1,0
FA0.5EA0.5Sn0.9Pb0.1Cl1.2Br1.8,0,0.5,0,0.5,0.1,0.9,1.2,1.8,0
FA0.5EA0.5Sn0.9Pb0.1Cl1.5Br1.5,0,0.5,0,0.5,0.1,0.9,1.5,1.5,0
FA0.5EA0.5Sn0.9Pb0.1Cl1.8Br1.2,0,0.5,0,0.5,0.1,0.9,1.8,1.2,0
FA0.5EA0.5Sn0.9Pb0.1Cl2.1Br0.9,0,0.5,0,0.5,0.1,0.9,2.1,0.9,0
FA0.5EA0.5Sn0.9Pb0.1Cl2.4Br0.6,0,0.5,0,0.5,0.1,0.9,2.4,0.6,0
FA0.5EA0.5Sn0.9Pb0.1Cl2.7Br0.3,0,0.5,0,0.5,0.1,0.9,2.7,0.3,0
FA0.5EA0.5Sn0.9Pb0.1Cl0.3I2.7,0,0.5,0,0.5,0.1,0.9,0.3,0,2.7
FA0.5EA0.5Sn0.9Pb0.1Cl0.6I2.4,0,0.5,0,0.5,0.1,0.9,0.6,0,2.4
FA0.5EA0.5Sn0.9Pb0.1Cl0.9I2.1,0,0.5,0,0.5,0.1,0.9,0.9,0,2.1
FA0.5EA0.5Sn0.9Pb0.1Cl1.2I1.8,0,0.5,0,0.5,0.1,0.9,1.2,0,1.8
FA0.5EA0.5Sn0.9Pb0.1Cl1.5I1.5,0,0.5,0,0.5,0.1,0.9,1.5,0,1.5
FA0.5EA0.5Sn0.9Pb0.1Cl1.8I1.2,0,0.5,0,0.5,0.1,0.9,1.8,0,1.2
FA0.5EA0.5Sn0.9Pb0.1Cl2.1I0.9,0,0.5,0,0.5,0.1,0.9,2.1,0,0.9
FA0.5EA0.5Sn0.9Pb0.1Cl2.4I0.6,0,0.5,0,0.5,0.1,0.9,2.4,0,0.6
FA0.5EA0.5Sn0.9Pb0.1Cl2.7I0.3,0,0.5,0,0.5,0.1,0.9,2.7,0,0.3
FA0.5EA0.5Sn0.9Pb0.1Br0.3I2.7,0,0.5,0,0.5,0.1,0.9,0,0.3,2.7
FA0.5EA0.5Sn0.9Pb0.1Br0.6I2.4,0,0.5,0,0.5,0.1,0.9,0,0.6,2.4
FA0.5EA0.5Sn0.9Pb0.1Br0.9I2.1,0,0.5,0,0.5,0.1,0.9,0,0.9,2.1
FA0.5EA0.5Sn0.9Pb0.1Br1.2I1.8,0,0.5,0,0.5,0.1,0.9,0,1.2,1.8
FA0.5EA0.5Sn0.9Pb0.1Br1.5I1.5,0,0.5,0,0.5,0.1,0.9,0,1.5,1.5
FA0.5EA0.5Sn0.9Pb0.1Br1.8I1.2,0,0.5,0,0.5,0.1,0.9,0,1.8,1.2
FA0.5EA0.5Sn0.9Pb0.1Br2.1I0.9,0,0.5,0,0.5,0.1,0.9,0,2.1,0.9
FA0.5EA0.5Sn0.9Pb0.1Br2.4I0.6,0,0.5,0,0.5,0.1,0.9,0,2.4,0.6
FA0.5EA0.5Sn0.9Pb0.1Br2.7I0.3,0,0.5,0,0.5,0.1,0.9,0,2.7,0.3
FA0.5EA0.5Sn0.8Pb0.2Cl0.3Br2.7,0,0.5,0,0.5,0.2,0.8,0.3,2.7,0
FA0.5EA0.5Sn0.8Pb0.2Cl0.6Br2.4,0,0.5,0,0.5,0.2,0.8,0.6,2.4,0
FA0.5EA0.5Sn0.8Pb0.2Cl0.9Br2.1,0,0.5,0,0.5,0.2,0.8,0.9,2.1,0
FA0.5EA0.5Sn0.8Pb0.2Cl1.2Br1.8,0,0.5,0,0.5,0.2,0.8,1.2,1.8,0
FA0.5EA0.5Sn0.8Pb0.2Cl1.5Br1.5,0,0.5,0,0.5,0.2,0.8,1.5,1.5,0
FA0.5EA0.5Sn0.8Pb0.2Cl1.8Br1.2,0,0.5,0,0.5,0.2,0.8,1.8,1.2,0
FA0.5EA0.5Sn0.8Pb0.2Cl2.1Br0.9,0,0.5,0,0.5,0.2,0.8,2.1,0.9,0
FA0.5EA0.5Sn0.8Pb0.2Cl2.4Br0.6,0,0.5,0,0.5,0.2,0.8,2.4,0.6,0
FA0.5EA0.5Sn0.8Pb0.2Cl2.7Br0.3,0,0.5,0,0.5,0.2,0.8,2.7,0.3,0
FA0.5EA0.5Sn0.8Pb0.2Cl0.3I2.7,0,0.5,0,0.5,0.2,0.8,0.3,0,2.7
FA0.5EA0.5Sn0.8Pb0.2Cl0.6I2.4,0,0.5,0,0.5,0.2,0.8,0.6,0,2.4
FA0.5EA0.5Sn0.8Pb0.2Cl0.9I2.1,0,0.5,0,0.5,0.2,0.8,0.9,0,2.1
FA0.5EA0.5Sn0.8Pb0.2Cl1.2I1.8,0,0.5,0,0.5,0.2,0.8,1.2,0,1.8
FA0.5EA0.5Sn0.8Pb0.2Cl1.5I1.5,0,0.5,0,0.5,0.2,0.8,1.5,0,1.5
FA0.5EA0.5Sn0.8Pb0.2Cl1.8I1.2,0,0.5,0,0.5,0.2,0.8,1.8,0,1.2
FA0.5EA0.5Sn0.8Pb0.2Cl2.1I0.9,0,0.5,0,0.5,0.2,0.8,2.1,0,0.9
FA0.5EA0.5Sn0.8Pb0.2Cl2.4I0.6,0,0.5,0,0.5,0.2,0.8,2.4,0,0.6
FA0.5EA0.5Sn0.8Pb0.2Cl2.7I0.3,0,0.5,0,0.5,0.2,0.8,2.7,0,0.3
FA0.5EA0.5Sn0.8Pb0.2Br0.3I2.7,0,0.5,0,0.5,0.2,0.8,0,0.3,2.7
FA0.5EA0.5Sn0.8Pb0.2Br0.6I2.4,0,0.5,0,0.5,0.2,0.8,0,0.6,2.4
FA0.5EA0.5Sn0.8Pb0.2Br0.9I2.1,0,0.5,0,0.5,0.2,0.8,0,0.9,2.1
FA0.5EA0.5Sn0.8Pb0.2Br1.2I1.8,0,0.5,0,0.5,0.2,0.8,0,1.2,1.8
FA0.5EA0.5Sn0.8Pb0.2Br1.5I1.5,0,0.5,0,0.5,0.2,0.8,0,1.5,1.5
FA0.5EA0.5Sn0.8Pb0.2Br1.8I1.2,0,0.5,0,0.5,0.2,0.8,0,1.8,1.2
FA0.5EA0.5Sn0.8Pb0.2Br2.1I0.9,0,0.5,0,0.5,0.2,0.8,0,2.1,0.9
FA0.5EA0.5Sn0.8Pb0.2Br2.4I0.6,0,0.5,0,0.5,0.2,0.8,0,2.4,0.6
FA0.5EA0.5Sn0.8Pb0.2Br2.7I0.3,0,0.5,0,0.5,0.2,0.8,0,2.7,0.3
FA0.5EA0.5Sn0.7Pb0.3Cl0.3Br2.7,0,0.5,0,0.5,0.3,0.7,0.3,2.7,0
FA0.5EA0.5Sn0.7Pb0.3Cl0.6Br2.4,0,0.5,0,0.5,0.3,0.7,0.6,2.4,0
FA0.5EA0.5Sn0.7Pb0.3Cl0.9Br2.1,0,0.5,0,0.5,0.3,0.7,0.9,2.1,0
FA0.5EA0.5Sn0.7Pb0.3Cl1.2Br1.8,0,0.5,0,0.5,0.3,0.7,1.2,1.8,0
FA0.5EA0.5Sn0.7Pb0.3Cl1.5Br1.5,0,0.5,0,0.5,0.3,0.7,1.5,1.5,0
FA0.5EA0.5Sn0.7Pb0.3Cl1.8Br1.2,0,0.5,0,0.5,0.3,0.7,1.8,1.2,0
FA0.5EA0.5Sn0.7Pb0.3Cl2.1Br0.9,0,0.5,0,0.5,0.3,0.7,2.1,0.9,0
FA0.5EA0.5Sn0.7Pb0.3Cl2.4Br0.6,0,0.5,0,0.5,0.3,0.7,2.4,0.6,0
FA0.5EA0.5Sn0.7Pb0.3Cl2.7Br0.3,0,0.5,0,0.5,0.3,0.7,2.7,0.3,0
FA0.5EA0.5Sn0.7Pb0.3Cl0.3I2.7,0,0.5,0,0.5,0.3,0.7,0.3,0,2.7
FA0.5EA0.5Sn0.7Pb0.3Cl0.6I2.4,0,0.5,0,0.5,0.3,0.7,0.6,0,2.4
FA0.5EA0.5Sn0.7Pb0.3Cl0.9I2.1,0,0.5,0,0.5,0.3,0.7,0.9,0,2.1
FA0.5EA0.5Sn0.7Pb0.3Cl1.2I1.8,0,0.5,0,0.5,0.3,0.7,1.2,0,1.8
FA0.5EA0.5Sn0.7Pb0.3Cl1.5I1.5,0,0.5,0,0.5,0.3,0.7,1.5,0,1.5
FA0.5EA0.5Sn0.7Pb0.3Cl1.8I1.2,0,0.5,0,0.5,0.3,0.7,1.8,0,1.2
FA0.5EA0.5Sn0.7Pb0.3Cl2.1I0.9,0,0.5,0,0.5,0.3,0.7,2.1,0,0.9
FA0.5EA0.5Sn0.7Pb0.3Cl2.4I0.6,0,0.5,0,0.5,0.3,0.7,2.4,0,0.6
FA0.5EA0.5Sn0.7Pb0.3Cl2.7I0.3,0,0.5,0,0.5,0.3,0.7,2.7,0,0.3
FA0.5EA0.5Sn0.7Pb0.3Br0.3I2.7,0,0.5,0,0.5,0.3,0.7,0,0.3,2.7
FA0.5EA0.5Sn0.7Pb0.3Br0.6I2.4,0,0.5,0,0.5,0.3,0.7,0,0.6,2.4
FA0.5EA0.5Sn0.7Pb0.3Br0.9I2.1,0,0.5,0,0.5,0.3,0.7,0,0.9,2.1
FA0.5EA0.5Sn0.7Pb0.3Br1.2I1.8,0,0.5,0,0.5,0.3,0.7,0,1.2,1.8
FA0.5EA0.5Sn0.7Pb0.3Br1.5I1.5,0,0.5,0,0.5,0.3,0.7,0,1.5,1.5
FA0.5EA0.5Sn0.7Pb0.3Br1.8I1.2,0,0.5,0,0.5,0.3,0.7,0,1.8,1.2
FA0.5EA0.5Sn0.7Pb0.3Br2.1I0.9,0,0.5,0,0.5,0.3,0.7,0,2.1,0.9
FA0.5EA0.5Sn0.7Pb0.3Br2.4I0.6,0,0.5,0,0.5,0.3,0.7,0,2.4,0.6
FA0.5EA0.5Sn0.7Pb0.3Br2.7I0.3,0,0.5,0,0.5,0.3,0.7,0,2.7,0.3
FA0.5EA0.5Sn0.6Pb0.4Cl0.3Br2.7,0,0.5,0,0.5,0.4,0.6,0.3,2.7,0
FA0.5EA0.5Sn0.6Pb0.4Cl0.6Br2.4,0,0.5,0,0.5,0.4,0.6,0.6,2.4,0
FA0.5EA0.5Sn0.6Pb0.4Cl0.9Br2.1,0,0.5,0,0.5,0.4,0.6,0.9,2.1,0
FA0.5EA0.5Sn0.6Pb0.4Cl1.2Br1.8,0,0.5,0,0.5,0.4,0.6,1.2,1.8,0
FA0.5EA0.5Sn0.6Pb0.4Cl1.5Br1.5,0,0.5,0,0.5,0.4,0.6,1.5,1.5,0
FA0.5EA0.5Sn0.6Pb0.4Cl1.8Br1.2,0,0.5,0,0.5,0.4,0.6,1.8,1.2,0
FA0.5EA0.5Sn0.6Pb0.4Cl2.1Br0.9,0,0.5,0,0.5,0.4,0.6,2.1,0.9,0
FA0.5EA0.5Sn0.6Pb0.4Cl2.4Br0.6,0,0.5,0,0.5,0.4,0.6,2.4,0.6,0
FA0.5EA0.5Sn0.6Pb0.4Cl2.7Br0.3,0,0.5,0,0.5,0.4,0.6,2.7,0.3,0
FA0.5EA0.5Sn0.6Pb0.4Cl0.3I2.7,0,0.5,0,0.5,0.4,0.6,0.3,0,2.7
FA0.5EA0.5Sn0.6Pb0.4Cl0.6I2.4,0,0.5,0,0.5,0.4,0.6,0.6,0,2.4
FA0.5EA0.5Sn0.6Pb0.4Cl0.9I2.1,0,0.5,0,0.5,0.4,0.6,0.9,0,2.1
FA0.5EA0.5Sn0.6Pb0.4Cl1.2I1.8,0,0.5,0,0.5,0.4,0.6,1.2,0,1.8
FA0.5EA0.5Sn0.6Pb0.4Cl1.5I1.5,0,0.5,0,0.5,0.4,0.6,1.5,0,1.5
FA0.5EA0.5Sn0.6Pb0.4Cl1.8I1.2,0,0.5,0,0.5,0.4,0.6,1.8,0,1.2
FA0.5EA0.5Sn0.6Pb0.4Cl2.1I0.9,0,0.5,0,0.5,0.4,0.6,2.1,0,0.9
FA0.5EA0.5Sn0.6Pb0.4Cl2.4I0.6,0,0.5,0,0.5,0.4,0.6,2.4,0,0.6
FA0.5EA0.5Sn0.6Pb0.4Cl2.7I0.3,0,0.5,0,0.5,0.4,0.6,2.7,0,0.3
FA0.5EA0.5Sn0.6Pb0.4Br0.3I2.7,0,0.5,0,0.5,0.4,0.6,0,0.3,2.7
FA0.5EA0.5Sn0.6Pb0.4Br0.6I2.4,0,0.5,0,0.5,0.4,0.6,0,0.6,2.4
FA0.5EA0.5Sn0.6Pb0.4Br0.9I2.1,0,0.5,0,0.5,0.4,0.6,0,0.9,2.1
FA0.5EA0.5Sn0.6Pb0.4Br1.2I1.8,0,0.5,0,0.5,0.4,0.6,0,1.2,1.8
FA0.5EA0.5Sn0.6Pb0.4Br1.5I1.5,0,0.5,0,0.5,0.4,0.6,0,1.5,1.5
FA0.5EA0.5Sn0.6Pb0.4Br1.8I1.2,0,0.5,0,0.5,0.4,0.6,0,1.8,1.2
FA0.5EA0.5Sn0.6Pb0.4Br2.1I0.9,0,0.5,0,0.5,0.4,0.6,0,2.1,0.9
FA0.5EA0.5Sn0.6Pb0.4Br2.4I0.6,0,0.5,0,0.5,0.4,0.6,0,2.4,0.6
FA0.5EA0.5Sn0.6Pb0.4Br2.7I0.3,0,0.5,0,0.5,0.4,0.6,0,2.7,0.3
FA0.5EA0.5Sn0.5Pb0.5Cl0.3Br2.7,0,0.5,0,0.5,0.5,0.5,0.3,2.7,0
FA0.5EA0.5Sn0.5Pb0.5Cl0.6Br2.4,0,0.5,0,0.5,0.5,0.5,0.6,2.4,0
FA0.5EA0.5Sn0.5Pb0.5Cl0.9Br2.1,0,0.5,0,0.5,0.5,0.5,0.9,2.1,0
FA0.5EA0.5Sn0.5Pb0.5Cl1.2Br1.8,0,0.5,0,0.5,0.5,0.5,1.2,1.8,0
FA0.5EA0.5Sn0.5Pb0.5Cl1.5Br1.5,0,0.5,0,0.5,0.5,0.5,1.5,1.5,0
FA0.5EA0.5Sn0.5Pb0.5Cl1.8Br1.2,0,0.5,0,0.5,0.5,0.5,1.8,1.2,0
FA0.5EA0.5Sn0.5Pb0.5Cl2.1Br0.9,0,0.5,0,0.5,0.5,0.5,2.1,0.9,0
FA0.5EA0.5Sn0.5Pb0.5Cl2.4Br0.6,0,0.5,0,0.5,0.5,0.5,2.4,0.6,0
FA0.5EA0.5Sn0.5Pb0.5Cl2.7Br0.3,0,0.5,0,0.5,0.5,0.5,2.7,0.3,0
FA0.5EA0.5Sn0.5Pb0.5Cl0.3I2.7,0,0.5,0,0.5,0.5,0.5,0.3,0,2.7
FA0.5EA0.5Sn0.5Pb0.5Cl0.6I2.4,0,0.5,0,0.5,0.5,0.5,0.6,0,2.4
FA0.5EA0.5Sn0.5Pb0.5Cl0.9I2.1,0,0.5,0,0.5,0.5,0.5,0.9,0,2.1
FA0.5EA0.5Sn0.5Pb0.5Cl1.2I1.8,0,0.5,0,0.5,0.5,0.5,1.2,0,1.8
FA0.5EA0.5Sn0.5Pb0.5Cl1.5I1.5,0,0.5,0,0.5,0.5,0.5,1.5,0,1.5
FA0.5EA0.5Sn0.5Pb0.5Cl1.8I1.2,0,0.5,0,0.5,0.5,0.5,1.8,0,1.2
FA0.5EA0.5Sn0.5Pb0.5Cl2.1I0.9,0,0.5,0,0.5,0.5,0.5,2.1,0,0.9
FA0.5EA0.5Sn0.5Pb0.5Cl2.4I0.6,0,0.5,0,0.5,0.5,0.5,2.4,0,0.6
FA0.5EA0.5Sn0.5Pb0.5Cl2.7I0.3,0,0.5,0,0.5,0.5,0.5,2.7,0,0.3
FA0.5EA0.5Sn0.5Pb0.5Br0.3I2.7,0,0.5,0,0.5,0.5,0.5,0,0.3,2.7
FA0.5EA0.5Sn0.5Pb0.5Br0.6I2.4,0,0.5,0,0.5,0.5,0.5,0,0.6,2.4
FA0.5EA0.5Sn0.5Pb0.5Br0.9I2.1,0,0.5,0,0.5,0.5,0.5,0,0.9,2.1
FA0.5EA0.5Sn0.5Pb0.5Br1.2I1.8,0,0.5,0,0.5,0.5,0.5,0,1.2,1.8
FA0.5EA0.5Sn0.5Pb0.5Br1.5I1.5,0,0.5,0,0.5,0.5,0.5,0,1.5,1.5
FA0.5EA0.5Sn0.5Pb0.5Br1.8I1.2,0,0.5,0,0.5,0.5,0.5,0,1.8,1.2
FA0.5EA0.5Sn0.5Pb0.5Br2.1I0.9,0,0.5,0,0.5,0.5,0.5,0,2.1,0.9
FA0.5EA0.5Sn0.5Pb0.5Br2.4I0.6,0,0.5,0,0.5,0.5,0.5,0,2.4,0.6
FA0.5EA0.5Sn0.5Pb0.5Br2.7I0.3,0,0.5,0,0.5,0.5,0.5,0,2.7,0.3
FA0.5EA0.5Sn0.4Pb0.6Cl0.3Br2.7,0,0.5,0,0.5,0.6,0.4,0.3,2.7,0
FA0.5EA0.5Sn0.4Pb0.6Cl0.6Br2.4,0,0.5,0,0.5,0.6,0.4,0.6,2.4,0
FA0.5EA0.5Sn0.4Pb0.6Cl0.9Br2.1,0,0.5,0,0.5,0.6,0.4,0.9,2.1,0
FA0.5EA0.5Sn0.4Pb0.6Cl1.2Br1.8,0,0.5,0,0.5,0.6,0.4,1.2,1.8,0
FA0.5EA0.5Sn0.4Pb0.6Cl1.5Br1.5,0,0.5,0,0.5,0.6,0.4,1.5,1.5,0
FA0.5EA0.5Sn0.4Pb0.6Cl1.8Br1.2,0,0.5,0,0.5,0.6,0.4,1.8,1.2,0
FA0.5EA0.5Sn0.4Pb0.6Cl2.1Br0.9,0,0.5,0,0.5,0.6,0.4,2.1,0.9,0
FA0.5EA0.5Sn0.4Pb0.6Cl2.4Br0.6,0,0.5,0,0.5,0.6,0.4,2.4,0.6,0
FA0.5EA0.5Sn0.4Pb0.6Cl2.7Br0.3,0,0.5,0,0.5,0.6,0.4,2.7,0.3,0
FA0.5EA0.5Sn0.4Pb0.6Cl0.3I2.7,0,0.5,0,0.5,0.6,0.4,0.3,0,2.7
FA0.5EA0.5Sn0.4Pb0.6Cl0.6I2.4,0,0.5,0,0.5,0.6,0.4,0.6,0,2.4
FA0.5EA0.5Sn0.4Pb0.6Cl0.9I2.1,0,0.5,0,0.5,0.6,0.4,0.9,0,2.1
FA0.5EA0.5Sn0.4Pb0.6Cl1.2I1.8,0,0.5,0,0.5,0.6,0.4,1.2,0,1.8
FA0.5EA0.5Sn0.4Pb0.6Cl1.5I1.5,0,0.5,0,0.5,0.6,0.4,1.5,0,1.5
FA0.5EA0.5Sn0.4Pb0.6Cl1.8I1.2,0,0.5,0,0.5,0.6,0.4,1.8,0,1.2
FA0.5EA0.5Sn0.4Pb0.6Cl2.1I0.9,0,0.5,0,0.5,0.6,0.4,2.1,0,0.9
FA0.5EA0.5Sn0.4Pb0.6Cl2.4I0.6,0,0.5,0,0.5,0.6,0.4,2.4,0,0.6
FA0.5EA0.5Sn0.4Pb0.6Cl2.7I0.3,0,0.5,0,0.5,0.6,0.4,2.7,0,0.3
FA0.5EA0.5Sn0.4Pb0.6Br0.3I2.7,0,0.5,0,0.5,0.6,0.4,0,0.3,2.7
FA0.5EA0.5Sn0.4Pb0.6Br0.6I2.4,0,0.5,0,0.5,0.6,0.4,0,0.6,2.4
FA0.5EA0.5Sn0.4Pb0.6Br0.9I2.1,0,0.5,0,0.5,0.6,0.4,0,0.9,2.1
FA0.5EA0.5Sn0.4Pb0.6Br1.2I1.8,0,0.5,0,0.5,0.6,0.4,0,1.2,1.8
FA0.5EA0.5Sn0.4Pb0.6Br1.5I1.5,0,0.5,0,0.5,0.6,0.4,0,1.5,1.5
FA0.5EA0.5Sn0.4Pb0.6Br1.8I1.2,0,0.5,0,0.5,0.6,0.4,0,1.8,1.2
FA0.5EA0.5Sn0.4Pb0.6Br2.1I0.9,0,0.5,0,0.5,0.6,0.4,0,2.1,0.9
FA0.5EA0.5Sn0.4Pb0.6Br2.4I0.6,0,0.5,0,0.5,0.6,0.4,0,2.4,0.6
FA0.5EA0.5Sn0.4Pb0.6Br2.7I0.3,0,0.5,0,0.5,0.6,0.4,0,2.7,0.3
FA0.5EA0.5Sn0.3Pb0.7Cl0.3Br2.7,0,0.5,0,0.5,0.7,0.3,0.3,2.7,0
FA0.5EA0.5Sn0.3Pb0.7Cl0.6Br2.4,0,0.5,0,0.5,0.7,0.3,0.6,2.4,0
FA0.5EA0.5Sn0.3Pb0.7Cl0.9Br2.1,0,0.5,0,0.5,0.7,0.3,0.9,2.1,0
FA0.5EA0.5Sn0.3Pb0.7Cl1.2Br1.8,0,0.5,0,0.5,0.7,0.3,1.2,1.8,0
FA0.5EA0.5Sn0.3Pb0.7Cl1.5Br1.5,0,0.5,0,0.5,0.7,0.3,1.5,1.5,0
FA0.5EA0.5Sn0.3Pb0.7Cl1.8Br1.2,0,0.5,0,0.5,0.7,0.3,1.8,1.2,0
FA0.5EA0.5Sn0.3Pb0.7Cl2.1Br0.9,0,0.5,0,0.5,0.7,0.3,2.1,0.9,0
FA0.5EA0.5Sn0.3Pb0.7Cl2.4Br0.6,0,0.5,0,0.5,0.7,0.3,2.4,0.6,0
FA0.5EA0.5Sn0.3Pb0.7Cl2.7Br0.3,0,0.5,0,0.5,0.7,0.3,2.7,0.3,0
FA0.5EA0.5Sn0.3Pb0.7Cl0.3I2.7,0,0.5,0,0.5,0.7,0.3,0.3,0,2.7
FA0.5EA0.5Sn0.3Pb0.7Cl0.6I2.4,0,0.5,0,0.5,0.7,0.3,0.6,0,2.4
FA0.5EA0.5Sn0.3Pb0.7Cl0.9I2.1,0,0.5,0,0.5,0.7,0.3,0.9,0,2.1
FA0.5EA0.5Sn0.3Pb0.7Cl1.2I1.8,0,0.5,0,0.5,0.7,0.3,1.2,0,1.8
FA0.5EA0.5Sn0.3Pb0.7Cl1.5I1.5,0,0.5,0,0.5,0.7,0.3,1.5,0,1.5
FA0.5EA0.5Sn0.3Pb0.7Cl1.8I1.2,0,0.5,0,0.5,0.7,0.3,1.8,0,1.2
FA0.5EA0.5Sn0.3Pb0.7Cl2.1I0.9,0,0.5,0,0.5,0.7,0.3,2.1,0,0.9
FA0.5EA0.5Sn0.3Pb0.7Cl2.4I0.6,0,0.5,0,0.5,0.7,0.3,2.4,0,0.6
FA0.5EA0.5Sn0.3Pb0.7Cl2.7I0.3,0,0.5,0,0.5,0.7,0.3,2.7,0,0.3
FA0.5EA0.5Sn0.3Pb0.7Br0.3I2.7,0,0.5,0,0.5,0.7,0.3,0,0.3,2.7
FA0.5EA0.5Sn0.3Pb0.7Br0.6I2.4,0,0.5,0,0.5,0.7,0.3,0,0.6,2.4
FA0.5EA0.5Sn0.3Pb0.7Br0.9I2.1,0,0.5,0,0.5,0.7,0.3,0,0.9,2.1
FA0.5EA0.5Sn0.3Pb0.7Br1.2I1.8,0,0.5,0,0.5,0.7,0.3,0,1.2,1.8
FA0.5EA0.5Sn0.3Pb0.7Br1.5I1.5,0,0.5,0,0.5,0.7,0.3,0,1.5,1.5
FA0.5EA0.5Sn0.3Pb0.7Br1.8I1.2,0,0.5,0,0.5,0.7,0.3,0,1.8,1.2
FA0.5EA0.5Sn0.3Pb0.7Br2.1I0.9,0,0.5,0,0.5,0.7,0.3,0,2.1,0.9
FA0.5EA0.5Sn0.3Pb0.7Br2.4I0.6,0,0.5,0,0.5,0.7,0.3,0,2.4,0.6
FA0.5EA0.5Sn0.3Pb0.7Br2.7I0.3,0,0.5,0,0.5,0.7,0.3,0,2.7,0.3
FA0.5EA0.5Sn0.2Pb0.8Cl0.3Br2.7,0,0.5,0,0.5,0.8,0.2,0.3,2.7,0
FA0.5EA0.5Sn0.2Pb0.8Cl0.6Br2.4,0,0.5,0,0.5,0.8,0.2,0.6,2.4,0
FA0.5EA0.5Sn0.2Pb0.8Cl0.9Br2.1,0,0.5,0,0.5,0.8,0.2,0.9,2.1,0
FA0.5EA0.5Sn0.2Pb0.8Cl1.2Br1.8,0,0.5,0,0.5,0.8,0.2,1.2,1.8,0
FA0.5EA0.5Sn0.2Pb0.8Cl1.5Br1.5,0,0.5,0,0.5,0.8,0.2,1.5,1.5,0
FA0.5EA0.5Sn0.2Pb0.8Cl1.8Br1.2,0,0.5,0,0.5,0.8,0.2,1.8,1.2,0
FA0.5EA0.5Sn0.2Pb0.8Cl2.1Br0.9,0,0.5,0,0.5,0.8,0.2,2.1,0.9,0
FA0.5EA0.5Sn0.2Pb0.8Cl2.4Br0.6,0,0.5,0,0.5,0.8,0.2,2.4,0.6,0
FA0.5EA0.5Sn0.2Pb0.8Cl2.7Br0.3,0,0.5,0,0.5,0.8,0.2,2.7,0.3,0
FA0.5EA0.5Sn0.2Pb0.8Cl0.3I2.7,0,0.5,0,0.5,0.8,0.2,0.3,0,2.7
FA0.5EA0.5Sn0.2Pb0.8Cl0.6I2.4,0,0.5,0,0.5,0.8,0.2,0.6,0,2.4
FA0.5EA0.5Sn0.2Pb0.8Cl0.9I2.1,0,0.5,0,0.5,0.8,0.2,0.9,0,2.1
FA0.5EA0.5Sn0.2Pb0.8Cl1.2I1.8,0,0.5,0,0.5,0.8,0.2,1.2,0,1.8
FA0.5EA0.5Sn0.2Pb0.8Cl1.5I1.5,0,0.5,0,0.5,0.8,0.2,1.5,0,1.5
FA0.5EA0.5Sn0.2Pb0.8Cl1.8I1.2,0,0.5,0,0.5,0.8,0.2,1.8,0,1.2
FA0.5EA0.5Sn0.2Pb0.8Cl2.1I0.9,0,0.5,0,0.5,0.8,0.2,2.1,0,0.9
FA0.5EA0.5Sn0.2Pb0.8Cl2.4I0.6,0,0.5,0,0.5,0.8,0.2,2.4,0,0.6
FA0.5EA0.5Sn0.2Pb0.8Cl2.7I0.3,0,0.5,0,0.5,0.8,0.2,2.7,0,0.3
FA0.5EA0.5Sn0.2Pb0.8Br0.3I2.7,0,0.5,0,0.5,0.8,0.2,0,0.3,2.7
FA0.5EA0.5Sn0.2Pb0.8Br0.6I2.4,0,0.5,0,0.5,0.8,0.2,0,0.6,2.4
FA0.5EA0.5Sn0.2Pb0.8Br0.9I2.1,0,0.5,0,0.5,0.8,0.2,0,0.9,2.1
FA0.5EA0.5Sn0.2Pb0.8Br1.2I1.8,0,0.5,0,0.5,0.8,0.2,0,1.2,1.8
FA0.5EA0.5Sn0.2Pb0.8Br1.5I1.5,0,0.5,0,0.5,0.8,0.2,0,1.5,1.5
FA0.5EA0.5Sn0.2Pb0.8Br1.8I1.2,0,0.5,0,0.5,0.8,0.2,0,1.8,1.2
FA0.5EA0.5Sn0.2Pb0.8Br2.1I0.9,0,0.5,0,0.5,0.8,0.2,0,2.1,0.9
FA0.5EA0.5Sn0.2Pb0.8Br2.4I0.6,0,0.5,0,0.5,0.8,0.2,0,2.4,0.6
FA0.5EA0.5Sn0.2Pb0.8Br2.7I0.3,0,0.5,0,0.5,0.8,0.2,0,2.7,0.3
FA0.5EA0.5Sn0.1Pb0.9Cl0.3Br2.7,0,0.5,0,0.5,0.9,0.1,0.3,2.7,0
FA0.5EA0.5Sn0.1Pb0.9Cl0.6Br2.4,0,0.5,0,0.5,0.9,0.1,0.6,2.4,0
FA0.5EA0.5Sn0.1Pb0.9Cl0.9Br2.1,0,0.5,0,0.5,0.9,0.1,0.9,2.1,0
FA0.5EA0.5Sn0.1Pb0.9Cl1.2Br1.8,0,0.5,0,0.5,0.9,0.1,1.2,1.8,0
FA0.5EA0.5Sn0.1Pb0.9Cl1.5Br1.5,0,0.5,0,0.5,0.9,0.1,1.5,1.5,0
FA0.5EA0.5Sn0.1Pb0.9Cl1.8Br1.2,0,0.5,0,0.5,0.9,0.1,1.8,1.2,0
FA0.5EA0.5Sn0.1Pb0.9Cl2.1Br0.9,0,0.5,0,0.5,0.9,0.1,2.1,0.9,0
FA0.5EA0.5Sn0.1Pb0.9Cl2.4Br0.6,0,0.5,0,0.5,0.9,0.1,2.4,0.6,0
FA0.5EA0.5Sn0.1Pb0.9Cl2.7Br0.3,0,0.5,0,0.5,0.9,0.1,2.7,0.3,0
FA0.5EA0.5Sn0.1Pb0.9Cl0.3I2.7,0,0.5,0,0.5,0.9,0.1,0.3,0,2.7
FA0.5EA0.5Sn0.1Pb0.9Cl0.6I2.4,0,0.5,0,0.5,0.9,0.1,0.6,0,2.4
FA0.5EA0.5Sn0.1Pb0.9Cl0.9I2.1,0,0.5,0,0.5,0.9,0.1,0.9,0,2.1
FA0.5EA0.5Sn0.1Pb0.9Cl1.2I1.8,0,0.5,0,0.5,0.9,0.1,1.2,0,1.8
FA0.5EA0.5Sn0.1Pb0.9Cl1.5I1.5,0,0.5,0,0.5,0.9,0.1,1.5,0,1.5
FA0.5EA0.5Sn0.1Pb0.9Cl1.8I1.2,0,0.5,0,0.5,0.9,0.1,1.8,0,1.2
FA0.5EA0.5Sn0.1Pb0.9Cl2.1I0.9,0,0.5,0,0.5,0.9,0.1,2.1,0,0.9
FA0.5EA0.5Sn0.1Pb0.9Cl2.4I0.6,0,0.5,0,0.5,0.9,0.1,2.4,0,0.6
FA0.5EA0.5Sn0.1Pb0.9Cl2.7I0.3,0,0.5,0,0.5,0.9,0.1,2.7,0,0.3
FA0.5EA0.5Sn0.1Pb0.9Br0.3I2.7,0,0.5,0,0.5,0.9,0.1,0,0.3,2.7
FA0.5EA0.5Sn0.1Pb0.9Br0.6I2.4,0,0.5,0,0.5,0.9,0.1,0,0.6,2.4
FA0.5EA0.5Sn0.1Pb0.9Br0.9I2.1,0,0.5,0,0.5,0.9,0.1,0,0.9,2.1
FA0.5EA0.5Sn0.1Pb0.9Br1.2I1.8,0,0.5,0,0.5,0.9,0.1,0,1.2,1.8
FA0.5EA0.5Sn0.1Pb0.9Br1.5I1.5,0,0.5,0,0.5,0.9,0.1,0,1.5,1.5
FA0.5EA0.5Sn0.1Pb0.9Br1.8I1.2,0,0.5,0,0.5,0.9,0.1,0,1.8,1.2
FA0.5EA0.5Sn0.1Pb0.9Br2.1I0.9,0,0.5,0,0.5,0.9,0.1,0,2.1,0.9
FA0.5EA0.5Sn0.1Pb0.9Br2.4I0.6,0,0.5,0,0.5,0.9,0.1,0,2.4,0.6
FA0.5EA0.5Sn0.1Pb0.9Br2.7I0.3,0,0.5,0,0.5,0.9,0.1,0,2.7,0.3
FA0.6EA0.4Sn0.9Pb0.1Cl0.3Br2.7,0,0.6,0,0.4,0.1,0.9,0.3,2.7,0
FA0.6EA0.4Sn0.9Pb0.1Cl0.6Br2.4,0,0.6,0,0.4,0.1,0.9,0.6,2.4,0
FA0.6EA0.4Sn0.9Pb0.1Cl0.9Br2.1,0,0.6,0,0.4,0.1,0.9,0.9,2.1,0
FA0.6EA0.4Sn0.9Pb0.1Cl1.2Br1.8,0,0.6,0,0.4,0.1,0.9,1.2,1.8,0
FA0.6EA0.4Sn0.9Pb0.1Cl1.5Br1.5,0,0.6,0,0.4,0.1,0.9,1.5,1.5,0
FA0.6EA0.4Sn0.9Pb0.1Cl1.8Br1.2,0,0.6,0,0.4,0.1,0.9,1.8,1.2,0
FA0.6EA0.4Sn0.9Pb0.1Cl2.1Br0.9,0,0.6,0,0.4,0.1,0.9,2.1,0.9,0
FA0.6EA0.4Sn0.9Pb0.1Cl2.4Br0.6,0,0.6,0,0.4,0.1,0.9,2.4,0.6,0
FA0.6EA0.4Sn0.9Pb0.1Cl2.7Br0.3,0,0.6,0,0.4,0.1,0.9,2.7,0.3,0
FA0.6EA0.4Sn0.9Pb0.1Cl0.3I2.7,0,0.6,0,0.4,0.1,0.9,0.3,0,2.7
FA0.6EA0.4Sn0.9Pb0.1Cl0.6I2.4,0,0.6,0,0.4,0.1,0.9,0.6,0,2.4
FA0.6EA0.4Sn0.9Pb0.1Cl0.9I2.1,0,0.6,0,0.4,0.1,0.9,0.9,0,2.1
FA0.6EA0.4Sn0.9Pb0.1Cl1.2I1.8,0,0.6,0,0.4,0.1,0.9,1.2,0,1.8
FA0.6EA0.4Sn0.9Pb0.1Cl1.5I1.5,0,0.6,0,0.4,0.1,0.9,1.5,0,1.5
FA0.6EA0.4Sn0.9Pb0.1Cl1.8I1.2,0,0.6,0,0.4,0.1,0.9,1.8,0,1.2
FA0.6EA0.4Sn0.9Pb0.1Cl2.1I0.9,0,0.6,0,0.4,0.1,0.9,2.1,0,0.9
FA0.6EA0.4Sn0.9Pb0.1Cl2.4I0.6,0,0.6,0,0.4,0.1,0.9,2.4,0,0.6
FA0.6EA0.4Sn0.9Pb0.1Cl2.7I0.3,0,0.6,0,0.4,0.1,0.9,2.7,0,0.3
FA0.6EA0.4Sn0.9Pb0.1Br0.3I2.7,0,0.6,0,0.4,0.1,0.9,0,0.3,2.7
FA0.6EA0.4Sn0.9Pb0.1Br0.6I2.4,0,0.6,0,0.4,0.1,0.9,0,0.6,2.4
FA0.6EA0.4Sn0.9Pb0.1Br0.9I2.1,0,0.6,0,0.4,0.1,0.9,0,0.9,2.1
FA0.6EA0.4Sn0.9Pb0.1Br1.2I1.8,0,0.6,0,0.4,0.1,0.9,0,1.2,1.8
FA0.6EA0.4Sn0.9Pb0.1Br1.5I1.5,0,0.6,0,0.4,0.1,0.9,0,1.5,1.5
FA0.6EA0.4Sn0.9Pb0.1Br1.8I1.2,0,0.6,0,0.4,0.1,0.9,0,1.8,1.2
FA0.6EA0.4Sn0.9Pb0.1Br2.1I0.9,0,0.6,0,0.4,0.1,0.9,0,2.1,0.9
FA0.6EA0.4Sn0.9Pb0.1Br2.4I0.6,0,0.6,0,0.4,0.1,0.9,0,2.4,0.6
FA0.6EA0.4Sn0.9Pb0.1Br2.7I0.3,0,0.6,0,0.4,0.1,0.9,0,2.7,0.3
FA0.6EA0.4Sn0.8Pb0.2Cl0.3Br2.7,0,0.6,0,0.4,0.2,0.8,0.3,2.7,0
FA0.6EA0.4Sn0.8Pb0.2Cl0.6Br2.4,0,0.6,0,0.4,0.2,0.8,0.6,2.4,0
FA0.6EA0.4Sn0.8Pb0.2Cl0.9Br2.1,0,0.6,0,0.4,0.2,0.8,0.9,2.1,0
FA0.6EA0.4Sn0.8Pb0.2Cl1.2Br1.8,0,0.6,0,0.4,0.2,0.8,1.2,1.8,0
FA0.6EA0.4Sn0.8Pb0.2Cl1.5Br1.5,0,0.6,0,0.4,0.2,0.8,1.5,1.5,0
FA0.6EA0.4Sn0.8Pb0.2Cl1.8Br1.2,0,0.6,0,0.4,0.2,0.8,1.8,1.2,0
FA0.6EA0.4Sn0.8Pb0.2Cl2.1Br0.9,0,0.6,0,0.4,0.2,0.8,2.1,0.9,0
FA0.6EA0.4Sn0.8Pb0.2Cl2.4Br0.6,0,0.6,0,0.4,0.2,0.8,2.4,0.6,0
FA0.6EA0.4Sn0.8Pb0.2Cl2.7Br0.3,0,0.6,0,0.4,0.2,0.8,2.7,0.3,0
FA0.6EA0.4Sn0.8Pb0.2Cl0.3I2.7,0,0.6,0,0.4,0.2,0.8,0.3,0,2.7
FA0.6EA0.4Sn0.8Pb0.2Cl0.6I2.4,0,0.6,0,0.4,0.2,0.8,0.6,0,2.4
FA0.6EA0.4Sn0.8Pb0.2Cl0.9I2.1,0,0.6,0,0.4,0.2,0.8,0.9,0,2.1
FA0.6EA0.4Sn0.8Pb0.2Cl1.2I1.8,0,0.6,0,0.4,0.2,0.8,1.2,0,1.8
FA0.6EA0.4Sn0.8Pb0.2Cl1.5I1.5,0,0.6,0,0.4,0.2,0.8,1.5,0,1.5
FA0.6EA0.4Sn0.8Pb0.2Cl1.8I1.2,0,0.6,0,0.4,0.2,0.8,1.8,0,1.2
FA0.6EA0.4Sn0.8Pb0.2Cl2.1I0.9,0,0.6,0,0.4,0.2,0.8,2.1,0,0.9
FA0.6EA0.4Sn0.8Pb0.2Cl2.4I0.6,0,0.6,0,0.4,0.2,0.8,2.4,0,0.6
FA0.6EA0.4Sn0.8Pb0.2Cl2.7I0.3,0,0.6,0,0.4,0.2,0.8,2.7,0,0.3
FA0.6EA0.4Sn0.8Pb0.2Br0.3I2.7,0,0.6,0,0.4,0.2,0.8,0,0.3,2.7
FA0.6EA0.4Sn0.8Pb0.2Br0.6I2.4,0,0.6,0,0.4,0.2,0.8,0,0.6,2.4
FA0.6EA0.4Sn0.8Pb0.2Br0.9I2.1,0,0.6,0,0.4,0.2,0.8,0,0.9,2.1
FA0.6EA0.4Sn0.8Pb0.2Br1.2I1.8,0,0.6,0,0.4,0.2,0.8,0,1.2,1.8
FA0.6EA0.4Sn0.8Pb0.2Br1.5I1.5,0,0.6,0,0.4,0.2,0.8,0,1.5,1.5
FA0.6EA0.4Sn0.8Pb0.2Br1.8I1.2,0,0.6,0,0.4,0.2,0.8,0,1.8,1.2
FA0.6EA0.4Sn0.8Pb0.2Br2.1I0.9,0,0.6,0,0.4,0.2,0.8,0,2.1,0.9
FA0.6EA0.4Sn0.8Pb0.2Br2.4I0.6,0,0.6,0,0.4,0.2,0.8,0,2.4,0.6
FA0.6EA0.4Sn0.8Pb0.2Br2.7I0.3,0,0.6,0,0.4,0.2,0.8,0,2.7,0.3
FA0.6EA0.4Sn0.7Pb0.3Cl0.3Br2.7,0,0.6,0,0.4,0.3,0.7,0.3,2.7,0
FA0.6EA0.4Sn0.7Pb0.3Cl0.6Br2.4,0,0.6,0,0.4,0.3,0.7,0.6,2.4,0
FA0.6EA0.4Sn0.7Pb0.3Cl0.9Br2.1,0,0.6,0,0.4,0.3,0.7,0.9,2.1,0
FA0.6EA0.4Sn0.7Pb0.3Cl1.2Br1.8,0,0.6,0,0.4,0.3,0.7,1.2,1.8,0
FA0.6EA0.4Sn0.7Pb0.3Cl1.5Br1.5,0,0.6,0,0.4,0.3,0.7,1.5,1.5,0
FA0.6EA0.4Sn0.7Pb0.3Cl1.8Br1.2,0,0.6,0,0.4,0.3,0.7,1.8,1.2,0
FA0.6EA0.4Sn0.7Pb0.3Cl2.1Br0.9,0,0.6,0,0.4,0.3,0.7,2.1,0.9,0
FA0.6EA0.4Sn0.7Pb0.3Cl2.4Br0.6,0,0.6,0,0.4,0.3,0.7,2.4,0.6,0
FA0.6EA0.4Sn0.7Pb0.3Cl2.7Br0.3,0,0.6,0,0.4,0.3,0.7,2.7,0.3,0
FA0.6EA0.4Sn0.7Pb0.3Cl0.3I2.7,0,0.6,0,0.4,0.3,0.7,0.3,0,2.7
FA0.6EA0.4Sn0.7Pb0.3Cl0.6I2.4,0,0.6,0,0.4,0.3,0.7,0.6,0,2.4
FA0.6EA0.4Sn0.7Pb0.3Cl0.9I2.1,0,0.6,0,0.4,0.3,0.7,0.9,0,2.1
FA0.6EA0.4Sn0.7Pb0.3Cl1.2I1.8,0,0.6,0,0.4,0.3,0.7,1.2,0,1.8
FA0.6EA0.4Sn0.7Pb0.3Cl1.5I1.5,0,0.6,0,0.4,0.3,0.7,1.5,0,1.5
FA0.6EA0.4Sn0.7Pb0.3Cl1.8I1.2,0,0.6,0,0.4,0.3,0.7,1.8,0,1.2
FA0.6EA0.4Sn0.7Pb0.3Cl2.1I0.9,0,0.6,0,0.4,0.3,0.7,2.1,0,0.9
FA0.6EA0.4Sn0.7Pb0.3Cl2.4I0.6,0,0.6,0,0.4,0.3,0.7,2.4,0,0.6
FA0.6EA0.4Sn0.7Pb0.3Cl2.7I0.3,0,0.6,0,0.4,0.3,0.7,2.7,0,0.3
FA0.6EA0.4Sn0.7Pb0.3Br0.3I2.7,0,0.6,0,0.4,0.3,0.7,0,0.3,2.7
FA0.6EA0.4Sn0.7Pb0.3Br0.6I2.4,0,0.6,0,0.4,0.3,0.7,0,0.6,2.4
FA0.6EA0.4Sn0.7Pb0.3Br0.9I2.1,0,0.6,0,0.4,0.3,0.7,0,0.9,2.1
FA0.6EA0.4Sn0.7Pb0.3Br1.2I1.8,0,0.6,0,0.4,0.3,0.7,0,1.2,1.8
FA0.6EA0.4Sn0.7Pb0.3Br1.5I1.5,0,0.6,0,0.4,0.3,0.7,0,1.5,1.5
FA0.6EA0.4Sn0.7Pb0.3Br1.8I1.2,0,0.6,0,0.4,0.3,0.7,0,1.8,1.2
FA0.6EA0.4Sn0.7Pb0.3Br2.1I0.9,0,0.6,0,0.4,0.3,0.7,0,2.1,0.9
FA0.6EA0.4Sn0.7Pb0.3Br2.4I0.6,0,0.6,0,0.4,0.3,0.7,0,2.4,0.6
FA0.6EA0.4Sn0.7Pb0.3Br2.7I0.3,0,0.6,0,0.4,0.3,0.7,0,2.7,0.3
FA0.6EA0.4Sn0.6Pb0.4Cl0.3Br2.7,0,0.6,0,0.4,0.4,0.6,0.3,2.7,0
FA0.6EA0.4Sn0.6Pb0.4Cl0.6Br2.4,0,0.6,0,0.4,0.4,0.6,0.6,2.4,0
FA0.6EA0.4Sn0.6Pb0.4Cl0.9Br2.1,0,0.6,0,0.4,0.4,0.6,0.9,2.1,0
FA0.6EA0.4Sn0.6Pb0.4Cl1.2Br1.8,0,0.6,0,0.4,0.4,0.6,1.2,1.8,0
FA0.6EA0.4Sn0.6Pb0.4Cl1.5Br1.5,0,0.6,0,0.4,0.4,0.6,1.5,1.5,0
FA0.6EA0.4Sn0.6Pb0.4Cl1.8Br1.2,0,0.6,0,0.4,0.4,0.6,1.8,1.2,0
FA0.6EA0.4Sn0.6Pb0.4Cl2.1Br0.9,0,0.6,0,0.4,0.4,0.6,2.1,0.9,0
FA0.6EA0.4Sn0.6Pb0.4Cl2.4Br0.6,0,0.6,0,0.4,0.4,0.6,2.4,0.6,0
FA0.6EA0.4Sn0.6Pb0.4Cl2.7Br0.3,0,0.6,0,0.4,0.4,0.6,2.7,0.3,0
FA0.6EA0.4Sn0.6Pb0.4Cl0.3I2.7,0,0.6,0,0.4,0.4,0.6,0.3,0,2.7
FA0.6EA0.4Sn0.6Pb0.4Cl0.6I2.4,0,0.6,0,0.4,0.4,0.6,0.6,0,2.4
FA0.6EA0.4Sn0.6Pb0.4Cl0.9I2.1,0,0.6,0,0.4,0.4,0.6,0.9,0,2.1
FA0.6EA0.4Sn0.6Pb0.4Cl1.2I1.8,0,0.6,0,0.4,0.4,0.6,1.2,0,1.8
FA0.6EA0.4Sn0.6Pb0.4Cl1.5I1.5,0,0.6,0,0.4,0.4,0.6,1.5,0,1.5
FA0.6EA0.4Sn0.6Pb0.4Cl1.8I1.2,0,0.6,0,0.4,0.4,0.6,1.8,0,1.2
FA0.6EA0.4Sn0.6Pb0.4Cl2.1I0.9,0,0.6,0,0.4,0.4,0.6,2.1,0,0.9
FA0.6EA0.4Sn0.6Pb0.4Cl2.4I0.6,0,0.6,0,0.4,0.4,0.6,2.4,0,0.6
FA0.6EA0.4Sn0.6Pb0.4Cl2.7I0.3,0,0.6,0,0.4,0.4,0.6,2.7,0,0.3
FA0.6EA0.4Sn0.6Pb0.4Br0.3I2.7,0,0.6,0,0.4,0.4,0.6,0,0.3,2.7
FA0.6EA0.4Sn0.6Pb0.4Br0.6I2.4,0,0.6,0,0.4,0.4,0.6,0,0.6,2.4
FA0.6EA0.4Sn0.6Pb0.4Br0.9I2.1,0,0.6,0,0.4,0.4,0.6,0,0.9,2.1
FA0.6EA0.4Sn0.6Pb0.4Br1.2I1.8,0,0.6,0,0.4,0.4,0.6,0,1.2,1.8
FA0.6EA0.4Sn0.6Pb0.4Br1.5I1.5,0,0.6,0,0.4,0.4,0.6,0,1.5,1.5
FA0.6EA0.4Sn0.6Pb0.4Br1.8I1.2,0,0.6,0,0.4,0.4,0.6,0,1.8,1.2
FA0.6EA0.4Sn0.6Pb0.4Br2.1I0.9,0,0.6,0,0.4,0.4,0.6,0,2.1,0.9
FA0.6EA0.4Sn0.6Pb0.4Br2.4I0.6,0,0.6,0,0.4,0.4,0.6,0,2.4,0.6
FA0.6EA0.4Sn0.6Pb0.4Br2.7I0.3,0,0.6,0,0.4,0.4,0.6,0,2.7,0.3
FA0.6EA0.4Sn0.5Pb0.5Cl0.3Br2.7,0,0.6,0,0.4,0.5,0.5,0.3,2.7,0
FA0.6EA0.4Sn0.5Pb0.5Cl0.6Br2.4,0,0.6,0,0.4,0.5,0.5,0.6,2.4,0
FA0.6EA0.4Sn0.5Pb0.5Cl0.9Br2.1,0,0.6,0,0.4,0.5,0.5,0.9,2.1,0
FA0.6EA0.4Sn0.5Pb0.5Cl1.2Br1.8,0,0.6,0,0.4,0.5,0.5,1.2,1.8,0
FA0.6EA0.4Sn0.5Pb0.5Cl1.5Br1.5,0,0.6,0,0.4,0.5,0.5,1.5,1.5,0
FA0.6EA0.4Sn0.5Pb0.5Cl1.8Br1.2,0,0.6,0,0.4,0.5,0.5,1.8,1.2,0
FA0.6EA0.4Sn0.5Pb0.5Cl2.1Br0.9,0,0.6,0,0.4,0.5,0.5,2.1,0.9,0
FA0.6EA0.4Sn0.5Pb0.5Cl2.4Br0.6,0,0.6,0,0.4,0.5,0.5,2.4,0.6,0
FA0.6EA0.4Sn0.5Pb0.5Cl2.7Br0.3,0,0.6,0,0.4,0.5,0.5,2.7,0.3,0
FA0.6EA0.4Sn0.5Pb0.5Cl0.3I2.7,0,0.6,0,0.4,0.5,0.5,0.3,0,2.7
FA0.6EA0.4Sn0.5Pb0.5Cl0.6I2.4,0,0.6,0,0.4,0.5,0.5,0.6,0,2.4
FA0.6EA0.4Sn0.5Pb0.5Cl0.9I2.1,0,0.6,0,0.4,0.5,0.5,0.9,0,2.1
FA0.6EA0.4Sn0.5Pb0.5Cl1.2I1.8,0,0.6,0,0.4,0.5,0.5,1.2,0,1.8
FA0.6EA0.4Sn0.5Pb0.5Cl1.5I1.5,0,0.6,0,0.4,0.5,0.5,1.5,0,1.5
FA0.6EA0.4Sn0.5Pb0.5Cl1.8I1.2,0,0.6,0,0.4,0.5,0.5,1.8,0,1.2
FA0.6EA0.4Sn0.5Pb0.5Cl2.1I0.9,0,0.6,0,0.4,0.5,0.5,2.1,0,0.9
FA0.6EA0.4Sn0.5Pb0.5Cl2.4I0.6,0,0.6,0,0.4,0.5,0.5,2.4,0,0.6
FA0.6EA0.4Sn0.5Pb0.5Cl2.7I0.3,0,0.6,0,0.4,0.5,0.5,2.7,0,0.3
FA0.6EA0.4Sn0.5Pb0.5Br0.3I2.7,0,0.6,0,0.4,0.5,0.5,0,0.3,2.7
FA0.6EA0.4Sn0.5Pb0.5Br0.6I2.4,0,0.6,0,0.4,0.5,0.5,0,0.6,2.4
FA0.6EA0.4Sn0.5Pb0.5Br0.9I2.1,0,0.6,0,0.4,0.5,0.5,0,0.9,2.1
FA0.6EA0.4Sn0.5Pb0.5Br1.2I1.8,0,0.6,0,0.4,0.5,0.5,0,1.2,1.8
FA0.6EA0.4Sn0.5Pb0.5Br1.5I1.5,0,0.6,0,0.4,0.5,0.5,0,1.5,1.5
FA0.6EA0.4Sn0.5Pb0.5Br1.8I1.2,0,0.6,0,0.4,0.5,0.5,0,1.8,1.2
FA0.6EA0.4Sn0.5Pb0.5Br2.1I0.9,0,0.6,0,0.4,0.5,0.5,0,2.1,0.9
FA0.6EA0.4Sn0.5Pb0.5Br2.4I0.6,0,0.6,0,0.4,0.5,0.5,0,2.4,0.6
FA0.6EA0.4Sn0.5Pb0.5Br2.7I0.3,0,0.6,0,0.4,0.5,0.5,0,2.7,0.3
FA0.6EA0.4Sn0.4Pb0.6Cl0.3Br2.7,0,0.6,0,0.4,0.6,0.4,0.3,2.7,0
FA0.6EA0.4Sn0.4Pb0.6Cl0.6Br2.4,0,0.6,0,0.4,0.6,0.4,0.6,2.4,0
FA0.6EA0.4Sn0.4Pb0.6Cl0.9Br2.1,0,0.6,0,0.4,0.6,0.4,0.9,2.1,0
FA0.6EA0.4Sn0.4Pb0.6Cl1.2Br1.8,0,0.6,0,0.4,0.6,0.4,1.2,1.8,0
FA0.6EA0.4Sn0.4Pb0.6Cl1.5Br1.5,0,0.6,0,0.4,0.6,0.4,1.5,1.5,0
FA0.6EA0.4Sn0.4Pb0.6Cl1.8Br1.2,0,0.6,0,0.4,0.6,0.4,1.8,1.2,0
FA0.6EA0.4Sn0.4Pb0.6Cl2.1Br0.9,0,0.6,0,0.4,0.6,0.4,2.1,0.9,0
FA0.6EA0.4Sn0.4Pb0.6Cl2.4Br0.6,0,0.6,0,0.4,0.6,0.4,2.4,0.6,0
FA0.6EA0.4Sn0.4Pb0.6Cl2.7Br0.3,0,0.6,0,0.4,0.6,0.4,2.7,0.3,0
FA0.6EA0.4Sn0.4Pb0.6Cl0.3I2.7,0,0.6,0,0.4,0.6,0.4,0.3,0,2.7
FA0.6EA0.4Sn0.4Pb0.6Cl0.6I2.4,0,0.6,0,0.4,0.6,0.4,0.6,0,2.4
FA0.6EA0.4Sn0.4Pb0.6Cl0.9I2.1,0,0.6,0,0.4,0.6,0.4,0.9,0,2.1
FA0.6EA0.4Sn0.4Pb0.6Cl1.2I1.8,0,0.6,0,0.4,0.6,0.4,1.2,0,1.8
FA0.6EA0.4Sn0.4Pb0.6Cl1.5I1.5,0,0.6,0,0.4,0.6,0.4,1.5,0,1.5
FA0.6EA0.4Sn0.4Pb0.6Cl1.8I1.2,0,0.6,0,0.4,0.6,0.4,1.8,0,1.2
FA0.6EA0.4Sn0.4Pb0.6Cl2.1I0.9,0,0.6,0,0.4,0.6,0.4,2.1,0,0.9
FA0.6EA0.4Sn0.4Pb0.6Cl2.4I0.6,0,0.6,0,0.4,0.6,0.4,2.4,0,0.6
FA0.6EA0.4Sn0.4Pb0.6Cl2.7I0.3,0,0.6,0,0.4,0.6,0.4,2.7,0,0.3
FA0.6EA0.4Sn0.4Pb0.6Br0.3I2.7,0,0.6,0,0.4,0.6,0.4,0,0.3,2.7
FA0.6EA0.4Sn0.4Pb0.6Br0.6I2.4,0,0.6,0,0.4,0.6,0.4,0,0.6,2.4
FA0.6EA0.4Sn0.4Pb0.6Br0.9I2.1,0,0.6,0,0.4,0.6,0.4,0,0.9,2.1
FA0.6EA0.4Sn0.4Pb0.6Br1.2I1.8,0,0.6,0,0.4,0.6,0.4,0,1.2,1.8
FA0.6EA0.4Sn0.4Pb0.6Br1.5I1.5,0,0.6,0,0.4,0.6,0.4,0,1.5,1.5
FA0.6EA0.4Sn0.4Pb0.6Br1.8I1.2,0,0.6,0,0.4,0.6,0.4,0,1.8,1.2
FA0.6EA0.4Sn0.4Pb0.6Br2.1I0.9,0,0.6,0,0.4,0.6,0.4,0,2.1,0.9
FA0.6EA0.4Sn0.4Pb0.6Br2.4I0.6,0,0.6,0,0.4,0.6,0.4,0,2.4,0.6
FA0.6EA0.4Sn0.4Pb0.6Br2.7I0.3,0,0.6,0,0.4,0.6,0.4,0,2.7,0.3
FA0.6EA0.4Sn0.3Pb0.7Cl0.3Br2.7,0,0.6,0,0.4,0.7,0.3,0.3,2.7,0
FA0.6EA0.4Sn0.3Pb0.7Cl0.6Br2.4,0,0.6,0,0.4,0.7,0.3,0.6,2.4,0
FA0.6EA0.4Sn0.3Pb0.7Cl0.9Br2.1,0,0.6,0,0.4,0.7,0.3,0.9,2.1,0
FA0.6EA0.4Sn0.3Pb0.7Cl1.2Br1.8,0,0.6,0,0.4,0.7,0.3,1.2,1.8,0
FA0.6EA0.4Sn0.3Pb0.7Cl1.5Br1.5,0,0.6,0,0.4,0.7,0.3,1.5,1.5,0
FA0.6EA0.4Sn0.3Pb0.7Cl1.8Br1.2,0,0.6,0,0.4,0.7,0.3,1.8,1.2,0
FA0.6EA0.4Sn0.3Pb0.7Cl2.1Br0.9,0,0.6,0,0.4,0.7,0.3,2.1,0.9,0
FA0.6EA0.4Sn0.3Pb0.7Cl2.4Br0.6,0,0.6,0,0.4,0.7,0.3,2.4,0.6,0
FA0.6EA0.4Sn0.3Pb0.7Cl2.7Br0.3,0,0.6,0,0.4,0.7,0.3,2.7,0.3,0
FA0.6EA0.4Sn0.3Pb0.7Cl0.3I2.7,0,0.6,0,0.4,0.7,0.3,0.3,0,2.7
FA0.6EA0.4Sn0.3Pb0.7Cl0.6I2.4,0,0.6,0,0.4,0.7,0.3,0.6,0,2.4
FA0.6EA0.4Sn0.3Pb0.7Cl0.9I2.1,0,0.6,0,0.4,0.7,0.3,0.9,0,2.1
FA0.6EA0.4Sn0.3Pb0.7Cl1.2I1.8,0,0.6,0,0.4,0.7,0.3,1.2,0,1.8
FA0.6EA0.4Sn0.3Pb0.7Cl1.5I1.5,0,0.6,0,0.4,0.7,0.3,1.5,0,1.5
FA0.6EA0.4Sn0.3Pb0.7Cl1.8I1.2,0,0.6,0,0.4,0.7,0.3,1.8,0,1.2
FA0.6EA0.4Sn0.3Pb0.7Cl2.1I0.9,0,0.6,0,0.4,0.7,0.3,2.1,0,0.9
FA0.6EA0.4Sn0.3Pb0.7Cl2.4I0.6,0,0.6,0,0.4,0.7,0.3,2.4,0,0.6
FA0.6EA0.4Sn0.3Pb0.7Cl2.7I0.3,0,0.6,0,0.4,0.7,0.3,2.7,0,0.3
FA0.6EA0.4Sn0.3Pb0.7Br0.3I2.7,0,0.6,0,0.4,0.7,0.3,0,0.3,2.7
FA0.6EA0.4Sn0.3Pb0.7Br0.6I2.4,0,0.6,0,0.4,0.7,0.3,0,0.6,2.4
FA0.6EA0.4Sn0.3Pb0.7Br0.9I2.1,0,0.6,0,0.4,0.7,0.3,0,0.9,2.1
FA0.6EA0.4Sn0.3Pb0.7Br1.2I1.8,0,0.6,0,0.4,0.7,0.3,0,1.2,1.8
FA0.6EA0.4Sn0.3Pb0.7Br1.5I1.5,0,0.6,0,0.4,0.7,0.3,0,1.5,1.5
FA0.6EA0.4Sn0.3Pb0.7Br1.8I1.2,0,0.6,0,0.4,0.7,0.3,0,1.8,1.2
FA0.6EA0.4Sn0.3Pb0.7Br2.1I0.9,0,0.6,0,0.4,0.7,0.3,0,2.1,0.9
FA0.6EA0.4Sn0.3Pb0.7Br2.4I0.6,0,0.6,0,0.4,0.7,0.3,0,2.4,0.6
FA0.6EA0.4Sn0.3Pb0.7Br2.7I0.3,0,0.6,0,0.4,0.7,0.3,0,2.7,0.3
FA0.6EA0.4Sn0.2Pb0.8Cl0.3Br2.7,0,0.6,0,0.4,0.8,0.2,0.3,2.7,0
FA0.6EA0.4Sn0.2Pb0.8Cl0.6Br2.4,0,0.6,0,0.4,0.8,0.2,0.6,2.4,0
FA0.6EA0.4Sn0.2Pb0.8Cl0.9Br2.1,0,0.6,0,0.4,0.8,0.2,0.9,2.1,0
FA0.6EA0.4Sn0.2Pb0.8Cl1.2Br1.8,0,0.6,0,0.4,0.8,0.2,1.2,1.8,0
FA0.6EA0.4Sn0.2Pb0.8Cl1.5Br1.5,0,0.6,0,0.4,0.8,0.2,1.5,1.5,0
FA0.6EA0.4Sn0.2Pb0.8Cl1.8Br1.2,0,0.6,0,0.4,0.8,0.2,1.8,1.2,0
FA0.6EA0.4Sn0.2Pb0.8Cl2.1Br0.9,0,0.6,0,0.4,0.8,0.2,2.1,0.9,0
FA0.6EA0.4Sn0.2Pb0.8Cl2.4Br0.6,0,0.6,0,0.4,0.8,0.2,2.4,0.6,0
FA0.6EA0.4Sn0.2Pb0.8Cl2.7Br0.3,0,0.6,0,0.4,0.8,0.2,2.7,0.3,0
FA0.6EA0.4Sn0.2Pb0.8Cl0.3I2.7,0,0.6,0,0.4,0.8,0.2,0.3,0,2.7
FA0.6EA0.4Sn0.2Pb0.8Cl0.6I2.4,0,0.6,0,0.4,0.8,0.2,0.6,0,2.4
FA0.6EA0.4Sn0.2Pb0.8Cl0.9I2.1,0,0.6,0,0.4,0.8,0.2,0.9,0,2.1
FA0.6EA0.4Sn0.2Pb0.8Cl1.2I1.8,0,0.6,0,0.4,0.8,0.2,1.2,0,1.8
FA0.6EA0.4Sn0.2Pb0.8Cl1.5I1.5,0,0.6,0,0.4,0.8,0.2,1.5,0,1.5
FA0.6EA0.4Sn0.2Pb0.8Cl1.8I1.2,0,0.6,0,0.4,0.8,0.2,1.8,0,1.2
FA0.6EA0.4Sn0.2Pb0.8Cl2.1I0.9,0,0.6,0,0.4,0.8,0.2,2.1,0,0.9
FA0.6EA0.4Sn0.2Pb0.8Cl2.4I0.6,0,0.6,0,0.4,0.8,0.2,2.4,0,0.6
FA0.6EA0.4Sn0.2Pb0.8Cl2.7I0.3,0,0.6,0,0.4,0.8,0.2,2.7,0,0.3
FA0.6EA0.4Sn0.2Pb0.8Br0.3I2.7,0,0.6,0,0.4,0.8,0.2,0,0.3,2.7
FA0.6EA0.4Sn0.2Pb0.8Br0.6I2.4,0,0.6,0,0.4,0.8,0.2,0,0.6,2.4
FA0.6EA0.4Sn0.2Pb0.8Br0.9I2.1,0,0.6,0,0.4,0.8,0.2,0,0.9,2.1
FA0.6EA0.4Sn0.2Pb0.8Br1.2I1.8,0,0.6,0,0.4,0.8,0.2,0,1.2,1.8
FA0.6EA0.4Sn0.2Pb0.8Br1.5I1.5,0,0.6,0,0.4,0.8,0.2,0,1.5,1.5
FA0.6EA0.4Sn0.2Pb0.8Br1.8I1.2,0,0.6,0,0.4,0.8,0.2,0,1.8,1.2
FA0.6EA0.4Sn0.2Pb0.8Br2.1I0.9,0,0.6,0,0.4,0.8,0.2,0,2.1,0.9
FA0.6EA0.4Sn0.2Pb0.8Br2.4I0.6,0,0.6,0,0.4,0.8,0.2,0,2.4,0.6
FA0.6EA0.4Sn0.2Pb0.8Br2.7I0.3,0,0.6,0,0.4,0.8,0.2,0,2.7,0.3
FA0.6EA0.4Sn0.1Pb0.9Cl0.3Br2.7,0,0.6,0,0.4,0.9,0.1,0.3,2.7,0
FA0.6EA0.4Sn0.1Pb0.9Cl0.6Br2.4,0,0.6,0,0.4,0.9,0.1,0.6,2.4,0
FA0.6EA0.4Sn0.1Pb0.9Cl0.9Br2.1,0,0.6,0,0.4,0.9,0.1,0.9,2.1,0
FA0.6EA0.4Sn0.1Pb0.9Cl1.2Br1.8,0,0.6,0,0.4,0.9,0.1,1.2,1.8,0
FA0.6EA0.4Sn0.1Pb0.9Cl1.5Br1.5,0,0.6,0,0.4,0.9,0.1,1.5,1.5,0
FA0.6EA0.4Sn0.1Pb0.9Cl1.8Br1.2,0,0.6,0,0.4,0.9,0.1,1.8,1.2,0
FA0.6EA0.4Sn0.1Pb0.9Cl2.1Br0.9,0,0.6,0,0.4,0.9,0.1,2.1,0.9,0
FA0.6EA0.4Sn0.1Pb0.9Cl2.4Br0.6,0,0.6,0,0.4,0.9,0.1,2.4,0.6,0
FA0.6EA0.4Sn0.1Pb0.9Cl2.7Br0.3,0,0.6,0,0.4,0.9,0.1,2.7,0.3,0
FA0.6EA0.4Sn0.1Pb0.9Cl0.3I2.7,0,0.6,0,0.4,0.9,0.1,0.3,0,2.7
FA0.6EA0.4Sn0.1Pb0.9Cl0.6I2.4,0,0.6,0,0.4,0.9,0.1,0.6,0,2.4
FA0.6EA0.4Sn0.1Pb0.9Cl0.9I2.1,0,0.6,0,0.4,0.9,0.1,0.9,0,2.1
FA0.6EA0.4Sn0.1Pb0.9Cl1.2I1.8,0,0.6,0,0.4,0.9,0.1,1.2,0,1.8
FA0.6EA0.4Sn0.1Pb0.9Cl1.5I1.5,0,0.6,0,0.4,0.9,0.1,1.5,0,1.5
FA0.6EA0.4Sn0.1Pb0.9Cl1.8I1.2,0,0.6,0,0.4,0.9,0.1,1.8,0,1.2
FA0.6EA0.4Sn0.1Pb0.9Cl2.1I0.9,0,0.6,0,0.4,0.9,0.1,2.1,0,0.9
FA0.6EA0.4Sn0.1Pb0.9Cl2.4I0.6,0,0.6,0,0.4,0.9,0.1,2.4,0,0.6
FA0.6EA0.4Sn0.1Pb0.9Cl2.7I0.3,0,0.6,0,0.4,0.9,0.1,2.7,0,0.3
FA0.6EA0.4Sn0.1Pb0.9Br0.3I2.7,0,0.6,0,0.4,0.9,0.1,0,0.3,2.7
FA0.6EA0.4Sn0.1Pb0.9Br0.6I2.4,0,0.6,0,0.4,0.9,0.1,0,0.6,2.4
FA0.6EA0.4Sn0.1Pb0.9Br0.9I2.1,0,0.6,0,0.4,0.9,0.1,0,0.9,2.1
FA0.6EA0.4Sn0.1Pb0.9Br1.2I1.8,0,0.6,0,0.4,0.9,0.1,0,1.2,1.8
FA0.6EA0.4Sn0.1Pb0.9Br1.5I1.5,0,0.6,0,0.4,0.9,0.1,0,1.5,1.5
FA0.6EA0.4Sn0.1Pb0.9Br1.8I1.2,0,0.6,0,0.4,0.9,0.1,0,1.8,1.2
FA0.6EA0.4Sn0.1Pb0.9Br2.1I0.9,0,0.6,0,0.4,0.9,0.1,0,2.1,0.9
FA0.6EA0.4Sn0.1Pb0.9Br2.4I0.6,0,0.6,0,0.4,0.9,0.1,0,2.4,0.6
FA0.6EA0.4Sn0.1Pb0.9Br2.7I0.3,0,0.6,0,0.4,0.9,0.1,0,2.7,0.3
FA0.7EA0.3Sn0.9Pb0.1Cl0.3Br2.7,0,0.7,0,0.3,0.1,0.9,0.3,2.7,0
FA0.7EA0.3Sn0.9Pb0.1Cl0.6Br2.4,0,0.7,0,0.3,0.1,0.9,0.6,2.4,0
FA0.7EA0.3Sn0.9Pb0.1Cl0.9Br2.1,0,0.7,0,0.3,0.1,0.9,0.9,2.1,0
FA0.7EA0.3Sn0.9Pb0.1Cl1.2Br1.8,0,0.7,0,0.3,0.1,0.9,1.2,1.8,0
FA0.7EA0.3Sn0.9Pb0.1Cl1.5Br1.5,0,0.7,0,0.3,0.1,0.9,1.5,1.5,0
FA0.7EA0.3Sn0.9Pb0.1Cl1.8Br1.2,0,0.7,0,0.3,0.1,0.9,1.8,1.2,0
FA0.7EA0.3Sn0.9Pb0.1Cl2.1Br0.9,0,0.7,0,0.3,0.1,0.9,2.1,0.9,0
FA0.7EA0.3Sn0.9Pb0.1Cl2.4Br0.6,0,0.7,0,0.3,0.1,0.9,2.4,0.6,0
FA0.7EA0.3Sn0.9Pb0.1Cl2.7Br0.3,0,0.7,0,0.3,0.1,0.9,2.7,0.3,0
FA0.7EA0.3Sn0.9Pb0.1Cl0.3I2.7,0,0.7,0,0.3,0.1,0.9,0.3,0,2.7
FA0.7EA0.3Sn0.9Pb0.1Cl0.6I2.4,0,0.7,0,0.3,0.1,0.9,0.6,0,2.4
FA0.7EA0.3Sn0.9Pb0.1Cl0.9I2.1,0,0.7,0,0.3,0.1,0.9,0.9,0,2.1
FA0.7EA0.3Sn0.9Pb0.1Cl1.2I1.8,0,0.7,0,0.3,0.1,0.9,1.2,0,1.8
FA0.7EA0.3Sn0.9Pb0.1Cl1.5I1.5,0,0.7,0,0.3,0.1,0.9,1.5,0,1.5
FA0.7EA0.3Sn0.9Pb0.1Cl1.8I1.2,0,0.7,0,0.3,0.1,0.9,1.8,0,1.2
FA0.7EA0.3Sn0.9Pb0.1Cl2.1I0.9,0,0.7,0,0.3,0.1,0.9,2.1,0,0.9
FA0.7EA0.3Sn0.9Pb0.1Cl2.4I0.6,0,0.7,0,0.3,0.1,0.9,2.4,0,0.6
FA0.7EA0.3Sn0.9Pb0.1Cl2.7I0.3,0,0.7,0,0.3,0.1,0.9,2.7,0,0.3
FA0.7EA0.3Sn0.9Pb0.1Br0.3I2.7,0,0.7,0,0.3,0.1,0.9,0,0.3,2.7
FA0.7EA0.3Sn0.9Pb0.1Br0.6I2.4,0,0.7,0,0.3,0.1,0.9,0,0.6,2.4
FA0.7EA0.3Sn0.9Pb0.1Br0.9I2.1,0,0.7,0,0.3,0.1,0.9,0,0.9,2.1
FA0.7EA0.3Sn0.9Pb0.1Br1.2I1.8,0,0.7,0,0.3,0.1,0.9,0,1.2,1.8
FA0.7EA0.3Sn0.9Pb0.1Br1.5I1.5,0,0.7,0,0.3,0.1,0.9,0,1.5,1.5
FA0.7EA0.3Sn0.9Pb0.1Br1.8I1.2,0,0.7,0,0.3,0.1,0.9,0,1.8,1.2
FA0.7EA0.3Sn0.9Pb0.1Br2.1I0.9,0,0.7,0,0.3,0.1,0.9,0,2.1,0.9
FA0.7EA0.3Sn0.9Pb0.1Br2.4I0.6,0,0.7,0,0.3,0.1,0.9,0,2.4,0.6
FA0.7EA0.3Sn0.9Pb0.1Br2.7I0.3,0,0.7,0,0.3,0.1,0.9,0,2.7,0.3
FA0.7EA0.3Sn0.8Pb0.2Cl0.3Br2.7,0,0.7,0,0.3,0.2,0.8,0.3,2.7,0
FA0.7EA0.3Sn0.8Pb0.2Cl0.6Br2.4,0,0.7,0,0.3,0.2,0.8,0.6,2.4,0
FA0.7EA0.3Sn0.8Pb0.2Cl0.9Br2.1,0,0.7,0,0.3,0.2,0.8,0.9,2.1,0
FA0.7EA0.3Sn0.8Pb0.2Cl1.2Br1.8,0,0.7,0,0.3,0.2,0.8,1.2,1.8,0
FA0.7EA0.3Sn0.8Pb0.2Cl1.5Br1.5,0,0.7,0,0.3,0.2,0.8,1.5,1.5,0
FA0.7EA0.3Sn0.8Pb0.2Cl1.8Br1.2,0,0.7,0,0.3,0.2,0.8,1.8,1.2,0
FA0.7EA0.3Sn0.8Pb0.2Cl2.1Br0.9,0,0.7,0,0.3,0.2,0.8,2.1,0.9,0
FA0.7EA0.3Sn0.8Pb0.2Cl2.4Br0.6,0,0.7,0,0.3,0.2,0.8,2.4,0.6,0
FA0.7EA0.3Sn0.8Pb0.2Cl2.7Br0.3,0,0.7,0,0.3,0.2,0.8,2.7,0.3,0
FA0.7EA0.3Sn0.8Pb0.2Cl0.3I2.7,0,0.7,0,0.3,0.2,0.8,0.3,0,2.7
FA0.7EA0.3Sn0.8Pb0.2Cl0.6I2.4,0,0.7,0,0.3,0.2,0.8,0.6,0,2.4
FA0.7EA0.3Sn0.8Pb0.2Cl0.9I2.1,0,0.7,0,0.3,0.2,0.8,0.9,0,2.1
FA0.7EA0.3Sn0.8Pb0.2Cl1.2I1.8,0,0.7,0,0.3,0.2,0.8,1.2,0,1.8
FA0.7EA0.3Sn0.8Pb0.2Cl1.5I1.5,0,0.7,0,0.3,0.2,0.8,1.5,0,1.5
FA0.7EA0.3Sn0.8Pb0.2Cl1.8I1.2,0,0.7,0,0.3,0.2,0.8,1.8,0,1.2
FA0.7EA0.3Sn0.8Pb0.2Cl2.1I0.9,0,0.7,0,0.3,0.2,0.8,2.1,0,0.9
FA0.7EA0.3Sn0.8Pb0.2Cl2.4I0.6,0,0.7,0,0.3,0.2,0.8,2.4,0,0.6
FA0.7EA0.3Sn0.8Pb0.2Cl2.7I0.3,0,0.7,0,0.3,0.2,0.8,2.7,0,0.3
FA0.7EA0.3Sn0.8Pb0.2Br0.3I2.7,0,0.7,0,0.3,0.2,0.8,0,0.3,2.7
FA0.7EA0.3Sn0.8Pb0.2Br0.6I2.4,0,0.7,0,0.3,0.2,0.8,0,0.6,2.4
FA0.7EA0.3Sn0.8Pb0.2Br0.9I2.1,0,0.7,0,0.3,0.2,0.8,0,0.9,2.1
FA0.7EA0.3Sn0.8Pb0.2Br1.2I1.8,0,0.7,0,0.3,0.2,0.8,0,1.2,1.8
FA0.7EA0.3Sn0.8Pb0.2Br1.5I1.5,0,0.7,0,0.3,0.2,0.8,0,1.5,1.5
FA0.7EA0.3Sn0.8Pb0.2Br1.8I1.2,0,0.7,0,0.3,0.2,0.8,0,1.8,1.2
FA0.7EA0.3Sn0.8Pb0.2Br2.1I0.9,0,0.7,0,0.3,0.2,0.8,0,2.1,0.9
FA0.7EA0.3Sn0.8Pb0.2Br2.4I0.6,0,0.7,0,0.3,0.2,0.8,0,2.4,0.6
FA0.7EA0.3Sn0.8Pb0.2Br2.7I0.3,0,0.7,0,0.3,0.2,0.8,0,2.7,0.3
FA0.7EA0.3Sn0.7Pb0.3Cl0.3Br2.7,0,0.7,0,0.3,0.3,0.7,0.3,2.7,0
FA0.7EA0.3Sn0.7Pb0.3Cl0.6Br2.4,0,0.7,0,0.3,0.3,0.7,0.6,2.4,0
FA0.7EA0.3Sn0.7Pb0.3Cl0.9Br2.1,0,0.7,0,0.3,0.3,0.7,0.9,2.1,0
FA0.7EA0.3Sn0.7Pb0.3Cl1.2Br1.8,0,0.7,0,0.3,0.3,0.7,1.2,1.8,0
FA0.7EA0.3Sn0.7Pb0.3Cl1.5Br1.5,0,0.7,0,0.3,0.3,0.7,1.5,1.5,0
FA0.7EA0.3Sn0.7Pb0.3Cl1.8Br1.2,0,0.7,0,0.3,0.3,0.7,1.8,1.2,0
FA0.7EA0.3Sn0.7Pb0.3Cl2.1Br0.9,0,0.7,0,0.3,0.3,0.7,2.1,0.9,0
FA0.7EA0.3Sn0.7Pb0.3Cl2.4Br0.6,0,0.7,0,0.3,0.3,0.7,2.4,0.6,0
FA0.7EA0.3Sn0.7Pb0.3Cl2.7Br0.3,0,0.7,0,0.3,0.3,0.7,2.7,0.3,0
FA0.7EA0.3Sn0.7Pb0.3Cl0.3I2.7,0,0.7,0,0.3,0.3,0.7,0.3,0,2.7
FA0.7EA0.3Sn0.7Pb0.3Cl0.6I2.4,0,0.7,0,0.3,0.3,0.7,0.6,0,2.4
FA0.7EA0.3Sn0.7Pb0.3Cl0.9I2.1,0,0.7,0,0.3,0.3,0.7,0.9,0,2.1
FA0.7EA0.3Sn0.7Pb0.3Cl1.2I1.8,0,0.7,0,0.3,0.3,0.7,1.2,0,1.8
FA0.7EA0.3Sn0.7Pb0.3Cl1.5I1.5,0,0.7,0,0.3,0.3,0.7,1.5,0,1.5
FA0.7EA0.3Sn0.7Pb0.3Cl1.8I1.2,0,0.7,0,0.3,0.3,0.7,1.8,0,1.2
FA0.7EA0.3Sn0.7Pb0.3Cl2.1I0.9,0,0.7,0,0.3,0.3,0.7,2.1,0,0.9
FA0.7EA0.3Sn0.7Pb0.3Cl2.4I0.6,0,0.7,0,0.3,0.3,0.7,2.4,0,0.6
FA0.7EA0.3Sn0.7Pb0.3Cl2.7I0.3,0,0.7,0,0.3,0.3,0.7,2.7,0,0.3
FA0.7EA0.3Sn0.7Pb0.3Br0.3I2.7,0,0.7,0,0.3,0.3,0.7,0,0.3,2.7
FA0.7EA0.3Sn0.7Pb0.3Br0.6I2.4,0,0.7,0,0.3,0.3,0.7,0,0.6,2.4
FA0.7EA0.3Sn0.7Pb0.3Br0.9I2.1,0,0.7,0,0.3,0.3,0.7,0,0.9,2.1
FA0.7EA0.3Sn0.7Pb0.3Br1.2I1.8,0,0.7,0,0.3,0.3,0.7,0,1.2,1.8
FA0.7EA0.3Sn0.7Pb0.3Br1.5I1.5,0,0.7,0,0.3,0.3,0.7,0,1.5,1.5
FA0.7EA0.3Sn0.7Pb0.3Br1.8I1.2,0,0.7,0,0.3,0.3,0.7,0,1.8,1.2
FA0.7EA0.3Sn0.7Pb0.3Br2.1I0.9,0,0.7,0,0.3,0.3,0.7,0,2.1,0.9
FA0.7EA0.3Sn0.7Pb0.3Br2.4I0.6,0,0.7,0,0.3,0.3,0.7,0,2.4,0.6
FA0.7EA0.3Sn0.7Pb0.3Br2.7I0.3,0,0.7,0,0.3,0.3,0.7,0,2.7,0.3
FA0.7EA0.3Sn0.6Pb0.4Cl0.3Br2.7,0,0.7,0,0.3,0.4,0.6,0.3,2.7,0
FA0.7EA0.3Sn0.6Pb0.4Cl0.6Br2.4,0,0.7,0,0.3,0.4,0.6,0.6,2.4,0
FA0.7EA0.3Sn0.6Pb0.4Cl0.9Br2.1,0,0.7,0,0.3,0.4,0.6,0.9,2.1,0
FA0.7EA0.3Sn0.6Pb0.4Cl1.2Br1.8,0,0.7,0,0.3,0.4,0.6,1.2,1.8,0
FA0.7EA0.3Sn0.6Pb0.4Cl1.5Br1.5,0,0.7,0,0.3,0.4,0.6,1.5,1.5,0
FA0.7EA0.3Sn0.6Pb0.4Cl1.8Br1.2,0,0.7,0,0.3,0.4,0.6,1.8,1.2,0
FA0.7EA0.3Sn0.6Pb0.4Cl2.1Br0.9,0,0.7,0,0.3,0.4,0.6,2.1,0.9,0
FA0.7EA0.3Sn0.6Pb0.4Cl2.4Br0.6,0,0.7,0,0.3,0.4,0.6,2.4,0.6,0
FA0.7EA0.3Sn0.6Pb0.4Cl2.7Br0.3,0,0.7,0,0.3,0.4,0.6,2.7,0.3,0
FA0.7EA0.3Sn0.6Pb0.4Cl0.3I2.7,0,0.7,0,0.3,0.4,0.6,0.3,0,2.7
FA0.7EA0.3Sn0.6Pb0.4Cl0.6I2.4,0,0.7,0,0.3,0.4,0.6,0.6,0,2.4
FA0.7EA0.3Sn0.6Pb0.4Cl0.9I2.1,0,0.7,0,0.3,0.4,0.6,0.9,0,2.1
FA0.7EA0.3Sn0.6Pb0.4Cl1.2I1.8,0,0.7,0,0.3,0.4,0.6,1.2,0,1.8
FA0.7EA0.3Sn0.6Pb0.4Cl1.5I1.5,0,0.7,0,0.3,0.4,0.6,1.5,0,1.5
FA0.7EA0.3Sn0.6Pb0.4Cl1.8I1.2,0,0.7,0,0.3,0.4,0.6,1.8,0,1.2
FA0.7EA0.3Sn0.6Pb0.4Cl2.1I0.9,0,0.7,0,0.3,0.4,0.6,2.1,0,0.9
FA0.7EA0.3Sn0.6Pb0.4Cl2.4I0.6,0,0.7,0,0.3,0.4,0.6,2.4,0,0.6
FA0.7EA0.3Sn0.6Pb0.4Cl2.7I0.3,0,0.7,0,0.3,0.4,0.6,2.7,0,0.3
FA0.7EA0.3Sn0.6Pb0.4Br0.3I2.7,0,0.7,0,0.3,0.4,0.6,0,0.3,2.7
FA0.7EA0.3Sn0.6Pb0.4Br0.6I2.4,0,0.7,0,0.3,0.4,0.6,0,0.6,2.4
FA0.7EA0.3Sn0.6Pb0.4Br0.9I2.1,0,0.7,0,0.3,0.4,0.6,0,0.9,2.1
FA0.7EA0.3Sn0.6Pb0.4Br1.2I1.8,0,0.7,0,0.3,0.4,0.6,0,1.2,1.8
FA0.7EA0.3Sn0.6Pb0.4Br1.5I1.5,0,0.7,0,0.3,0.4,0.6,0,1.5,1.5
FA0.7EA0.3Sn0.6Pb0.4Br1.8I1.2,0,0.7,0,0.3,0.4,0.6,0,1.8,1.2
FA0.7EA0.3Sn0.6Pb0.4Br2.1I0.9,0,0.7,0,0.3,0.4,0.6,0,2.1,0.9
FA0.7EA0.3Sn0.6Pb0.4Br2.4I0.6,0,0.7,0,0.3,0.4,0.6,0,2.4,0.6
FA0.7EA0.3Sn0.6Pb0.4Br2.7I0.3,0,0.7,0,0.3,0.4,0.6,0,2.7,0.3
FA0.7EA0.3Sn0.5Pb0.5Cl0.3Br2.7,0,0.7,0,0.3,0.5,0.5,0.3,2.7,0
FA0.7EA0.3Sn0.5Pb0.5Cl0.6Br2.4,0,0.7,0,0.3,0.5,0.5,0.6,2.4,0
FA0.7EA0.3Sn0.5Pb0.5Cl0.9Br2.1,0,0.7,0,0.3,0.5,0.5,0.9,2.1,0
FA0.7EA0.3Sn0.5Pb0.5Cl1.2Br1.8,0,0.7,0,0.3,0.5,0.5,1.2,1.8,0
FA0.7EA0.3Sn0.5Pb0.5Cl1.5Br1.5,0,0.7,0,0.3,0.5,0.5,1.5,1.5,0
FA0.7EA0.3Sn0.5Pb0.5Cl1.8Br1.2,0,0.7,0,0.3,0.5,0.5,1.8,1.2,0
FA0.7EA0.3Sn0.5Pb0.5Cl2.1Br0.9,0,0.7,0,0.3,0.5,0.5,2.1,0.9,0
FA0.7EA0.3Sn0.5Pb0.5Cl2.4Br0.6,0,0.7,0,0.3,0.5,0.5,2.4,0.6,0
FA0.7EA0.3Sn0.5Pb0.5Cl2.7Br0.3,0,0.7,0,0.3,0.5,0.5,2.7,0.3,0
FA0.7EA0.3Sn0.5Pb0.5Cl0.3I2.7,0,0.7,0,0.3,0.5,0.5,0.3,0,2.7
FA0.7EA0.3Sn0.5Pb0.5Cl0.6I2.4,0,0.7,0,0.3,0.5,0.5,0.6,0,2.4
FA0.7EA0.3Sn0.5Pb0.5Cl0.9I2.1,0,0.7,0,0.3,0.5,0.5,0.9,0,2.1
FA0.7EA0.3Sn0.5Pb0.5Cl1.2I1.8,0,0.7,0,0.3,0.5,0.5,1.2,0,1.8
FA0.7EA0.3Sn0.5Pb0.5Cl1.5I1.5,0,0.7,0,0.3,0.5,0.5,1.5,0,1.5
FA0.7EA0.3Sn0.5Pb0.5Cl1.8I1.2,0,0.7,0,0.3,0.5,0.5,1.8,0,1.2
FA0.7EA0.3Sn0.5Pb0.5Cl2.1I0.9,0,0.7,0,0.3,0.5,0.5,2.1,0,0.9
FA0.7EA0.3Sn0.5Pb0.5Cl2.4I0.6,0,0.7,0,0.3,0.5,0.5,2.4,0,0.6
FA0.7EA0.3Sn0.5Pb0.5Cl2.7I0.3,0,0.7,0,0.3,0.5,0.5,2.7,0,0.3
FA0.7EA0.3Sn0.5Pb0.5Br0.3I2.7,0,0.7,0,0.3,0.5,0.5,0,0.3,2.7
FA0.7EA0.3Sn0.5Pb0.5Br0.6I2.4,0,0.7,0,0.3,0.5,0.5,0,0.6,2.4
FA0.7EA0.3Sn0.5Pb0.5Br0.9I2.1,0,0.7,0,0.3,0.5,0.5,0,0.9,2.1
FA0.7EA0.3Sn0.5Pb0.5Br1.2I1.8,0,0.7,0,0.3,0.5,0.5,0,1.2,1.8
FA0.7EA0.3Sn0.5Pb0.5Br1.5I1.5,0,0.7,0,0.3,0.5,0.5,0,1.5,1.5
FA0.7EA0.3Sn0.5Pb0.5Br1.8I1.2,0,0.7,0,0.3,0.5,0.5,0,1.8,1.2
FA0.7EA0.3Sn0.5Pb0.5Br2.1I0.9,0,0.7,0,0.3,0.5,0.5,0,2.1,0.9
FA0.7EA0.3Sn0.5Pb0.5Br2.4I0.6,0,0.7,0,0.3,0.5,0.5,0,2.4,0.6
FA0.7EA0.3Sn0.5Pb0.5Br2.7I0.3,0,0.7,0,0.3,0.5,0.5,0,2.7,0.3
FA0.7EA0.3Sn0.4Pb0.6Cl0.3Br2.7,0,0.7,0,0.3,0.6,0.4,0.3,2.7,0
FA0.7EA0.3Sn0.4Pb0.6Cl0.6Br2.4,0,0.7,0,0.3,0.6,0.4,0.6,2.4,0
FA0.7EA0.3Sn0.4Pb0.6Cl0.9Br2.1,0,0.7,0,0.3,0.6,0.4,0.9,2.1,0
FA0.7EA0.3Sn0.4Pb0.6Cl1.2Br1.8,0,0.7,0,0.3,0.6,0.4,1.2,1.8,0
FA0.7EA0.3Sn0.4Pb0.6Cl1.5Br1.5,0,0.7,0,0.3,0.6,0.4,1.5,1.5,0
FA0.7EA0.3Sn0.4Pb0.6Cl1.8Br1.2,0,0.7,0,0.3,0.6,0.4,1.8,1.2,0
FA0.7EA0.3Sn0.4Pb0.6Cl2.1Br0.9,0,0.7,0,0.3,0.6,0.4,2.1,0.9,0
FA0.7EA0.3Sn0.4Pb0.6Cl2.4Br0.6,0,0.7,0,0.3,0.6,0.4,2.4,0.6,0
FA0.7EA0.3Sn0.4Pb0.6Cl2.7Br0.3,0,0.7,0,0.3,0.6,0.4,2.7,0.3,0
FA0.7EA0.3Sn0.4Pb0.6Cl0.3I2.7,0,0.7,0,0.3,0.6,0.4,0.3,0,2.7
FA0.7EA0.3Sn0.4Pb0.6Cl0.6I2.4,0,0.7,0,0.3,0.6,0.4,0.6,0,2.4
FA0.7EA0.3Sn0.4Pb0.6Cl0.9I2.1,0,0.7,0,0.3,0.6,0.4,0.9,0,2.1
FA0.7EA0.3Sn0.4Pb0.6Cl1.2I1.8,0,0.7,0,0.3,0.6,0.4,1.2,0,1.8
FA0.7EA0.3Sn0.4Pb0.6Cl1.5I1.5,0,0.7,0,0.3,0.6,0.4,1.5,0,1.5
FA0.7EA0.3Sn0.4Pb0.6Cl1.8I1.2,0,0.7,0,0.3,0.6,0.4,1.8,0,1.2
FA0.7EA0.3Sn0.4Pb0.6Cl2.1I0.9,0,0.7,0,0.3,0.6,0.4,2.1,0,0.9
FA0.7EA0.3Sn0.4Pb0.6Cl2.4I0.6,0,0.7,0,0.3,0.6,0.4,2.4,0,0.6
FA0.7EA0.3Sn0.4Pb0.6Cl2.7I0.3,0,0.7,0,0.3,0.6,0.4,2.7,0,0.3
FA0.7EA0.3Sn0.4Pb0.6Br0.3I2.7,0,0.7,0,0.3,0.6,0.4,0,0.3,2.7
FA0.7EA0.3Sn0.4Pb0.6Br0.6I2.4,0,0.7,0,0.3,0.6,0.4,0,0.6,2.4
FA0.7EA0.3Sn0.4Pb0.6Br0.9I2.1,0,0.7,0,0.3,0.6,0.4,0,0.9,2.1
FA0.7EA0.3Sn0.4Pb0.6Br1.2I1.8,0,0.7,0,0.3,0.6,0.4,0,1.2,1.8
FA0.7EA0.3Sn0.4Pb0.6Br1.5I1.5,0,0.7,0,0.3,0.6,0.4,0,1.5,1.5
FA0.7EA0.3Sn0.4Pb0.6Br1.8I1.2,0,0.7,0,0.3,0.6,0.4,0,1.8,1.2
FA0.7EA0.3Sn0.4Pb0.6Br2.1I0.9,0,0.7,0,0.3,0.6,0.4,0,2.1,0.9
FA0.7EA0.3Sn0.4Pb0.6Br2.4I0.6,0,0.7,0,0.3,0.6,0.4,0,2.4,0.6
FA0.7EA0.3Sn0.4Pb0.6Br2.7I0.3,0,0.7,0,0.3,0.6,0.4,0,2.7,0.3
FA0.7EA0.3Sn0.3Pb0.7Cl0.3Br2.7,0,0.7,0,0.3,0.7,0.3,0.3,2.7,0
FA0.7EA0.3Sn0.3Pb0.7Cl0.6Br2.4,0,0.7,0,0.3,0.7,0.3,0.6,2.4,0
FA0.7EA0.3Sn0.3Pb0.7Cl0.9Br2.1,0,0.7,0,0.3,0.7,0.3,0.9,2.1,0
FA0.7EA0.3Sn0.3Pb0.7Cl1.2Br1.8,0,0.7,0,0.3,0.7,0.3,1.2,1.8,0
FA0.7EA0.3Sn0.3Pb0.7Cl1.5Br1.5,0,0.7,0,0.3,0.7,0.3,1.5,1.5,0
FA0.7EA0.3Sn0.3Pb0.7Cl1.8Br1.2,0,0.7,0,0.3,0.7,0.3,1.8,1.2,0
FA0.7EA0.3Sn0.3Pb0.7Cl2.1Br0.9,0,0.7,0,0.3,0.7,0.3,2.1,0.9,0
FA0.7EA0.3Sn0.3Pb0.7Cl2.4Br0.6,0,0.7,0,0.3,0.7,0.3,2.4,0.6,0
FA0.7EA0.3Sn0.3Pb0.7Cl2.7Br0.3,0,0.7,0,0.3,0.7,0.3,2.7,0.3,0
FA0.7EA0.3Sn0.3Pb0.7Cl0.3I2.7,0,0.7,0,0.3,0.7,0.3,0.3,0,2.7
FA0.7EA0.3Sn0.3Pb0.7Cl0.6I2.4,0,0.7,0,0.3,0.7,0.3,0.6,0,2.4
FA0.7EA0.3Sn0.3Pb0.7Cl0.9I2.1,0,0.7,0,0.3,0.7,0.3,0.9,0,2.1
FA0.7EA0.3Sn0.3Pb0.7Cl1.2I1.8,0,0.7,0,0.3,0.7,0.3,1.2,0,1.8
FA0.7EA0.3Sn0.3Pb0.7Cl1.5I1.5,0,0.7,0,0.3,0.7,0.3,1.5,0,1.5
FA0.7EA0.3Sn0.3Pb0.7Cl1.8I1.2,0,0.7,0,0.3,0.7,0.3,1.8,0,1.2
FA0.7EA0.3Sn0.3Pb0.7Cl2.1I0.9,0,0.7,0,0.3,0.7,0.3,2.1,0,0.9
FA0.7EA0.3Sn0.3Pb0.7Cl2.4I0.6,0,0.7,0,0.3,0.7,0.3,2.4,0,0.6
FA0.7EA0.3Sn0.3Pb0.7Cl2.7I0.3,0,0.7,0,0.3,0.7,0.3,2.7,0,0.3
FA0.7EA0.3Sn0.3Pb0.7Br0.3I2.7,0,0.7,0,0.3,0.7,0.3,0,0.3,2.7
FA0.7EA0.3Sn0.3Pb0.7Br0.6I2.4,0,0.7,0,0.3,0.7,0.3,0,0.6,2.4
FA0.7EA0.3Sn0.3Pb0.7Br0.9I2.1,0,0.7,0,0.3,0.7,0.3,0,0.9,2.1
FA0.7EA0.3Sn0.3Pb0.7Br1.2I1.8,0,0.7,0,0.3,0.7,0.3,0,1.2,1.8
FA0.7EA0.3Sn0.3Pb0.7Br1.5I1.5,0,0.7,0,0.3,0.7,0.3,0,1.5,1.5
FA0.7EA0.3Sn0.3Pb0.7Br1.8I1.2,0,0.7,0,0.3,0.7,0.3,0,1.8,1.2
FA0.7EA0.3Sn0.3Pb0.7Br2.1I0.9,0,0.7,0,0.3,0.7,0.3,0,2.1,0.9
FA0.7EA0.3Sn0.3Pb0.7Br2.4I0.6,0,0.7,0,0.3,0.7,0.3,0,2.4,0.6
FA0.7EA0.3Sn0.3Pb0.7Br2.7I0.3,0,0.7,0,0.3,0.7,0.3,0,2.7,0.3
FA0.7EA0.3Sn0.2Pb0.8Cl0.3Br2.7,0,0.7,0,0.3,0.8,0.2,0.3,2.7,0
FA0.7EA0.3Sn0.2Pb0.8Cl0.6Br2.4,0,0.7,0,0.3,0.8,0.2,0.6,2.4,0
FA0.7EA0.3Sn0.2Pb0.8Cl0.9Br2.1,0,0.7,0,0.3,0.8,0.2,0.9,2.1,0
FA0.7EA0.3Sn0.2Pb0.8Cl1.2Br1.8,0,0.7,0,0.3,0.8,0.2,1.2,1.8,0
FA0.7EA0.3Sn0.2Pb0.8Cl1.5Br1.5,0,0.7,0,0.3,0.8,0.2,1.5,1.5,0
FA0.7EA0.3Sn0.2Pb0.8Cl1.8Br1.2,0,0.7,0,0.3,0.8,0.2,1.8,1.2,0
FA0.7EA0.3Sn0.2Pb0.8Cl2.1Br0.9,0,0.7,0,0.3,0.8,0.2,2.1,0.9,0
FA0.7EA0.3Sn0.2Pb0.8Cl2.4Br0.6,0,0.7,0,0.3,0.8,0.2,2.4,0.6,0
FA0.7EA0.3Sn0.2Pb0.8Cl2.7Br0.3,0,0.7,0,0.3,0.8,0.2,2.7,0.3,0
FA0.7EA0.3Sn0.2Pb0.8Cl0.3I2.7,0,0.7,0,0.3,0.8,0.2,0.3,0,2.7
FA0.7EA0.3Sn0.2Pb0.8Cl0.6I2.4,0,0.7,0,0.3,0.8,0.2,0.6,0,2.4
FA0.7EA0.3Sn0.2Pb0.8Cl0.9I2.1,0,0.7,0,0.3,0.8,0.2,0.9,0,2.1
FA0.7EA0.3Sn0.2Pb0.8Cl1.2I1.8,0,0.7,0,0.3,0.8,0.2,1.2,0,1.8
FA0.7EA0.3Sn0.2Pb0.8Cl1.5I1.5,0,0.7,0,0.3,0.8,0.2,1.5,0,1.5
FA0.7EA0.3Sn0.2Pb0.8Cl1.8I1.2,0,0.7,0,0.3,0.8,0.2,1.8,0,1.2
FA0.7EA0.3Sn0.2Pb0.8Cl2.1I0.9,0,0.7,0,0.3,0.8,0.2,2.1,0,0.9
FA0.7EA0.3Sn0.2Pb0.8Cl2.4I0.6,0,0.7,0,0.3,0.8,0.2,2.4,0,0.6
FA0.7EA0.3Sn0.2Pb0.8Cl2.7I0.3,0,0.7,0,0.3,0.8,0.2,2.7,0,0.3
FA0.7EA0.3Sn0.2Pb0.8Br0.3I2.7,0,0.7,0,0.3,0.8,0.2,0,0.3,2.7
FA0.7EA0.3Sn0.2Pb0.8Br0.6I2.4,0,0.7,0,0.3,0.8,0.2,0,0.6,2.4
FA0.7EA0.3Sn0.2Pb0.8Br0.9I2.1,0,0.7,0,0.3,0.8,0.2,0,0.9,2.1
FA0.7EA0.3Sn0.2Pb0.8Br1.2I1.8,0,0.7,0,0.3,0.8,0.2,0,1.2,1.8
FA0.7EA0.3Sn0.2Pb0.8Br1.5I1.5,0,0.7,0,0.3,0.8,0.2,0,1.5,1.5
FA0.7EA0.3Sn0.2Pb0.8Br1.8I1.2,0,0.7,0,0.3,0.8,0.2,0,1.8,1.2
FA0.7EA0.3Sn0.2Pb0.8Br2.1I0.9,0,0.7,0,0.3,0.8,0.2,0,2.1,0.9
FA0.7EA0.3Sn0.2Pb0.8Br2.4I0.6,0,0.7,0,0.3,0.8,0.2,0,2.4,0.6
FA0.7EA0.3Sn0.2Pb0.8Br2.7I0.3,0,0.7,0,0.3,0.8,0.2,0,2.7,0.3
FA0.7EA0.3Sn0.1Pb0.9Cl0.3Br2.7,0,0.7,0,0.3,0.9,0.1,0.3,2.7,0
FA0.7EA0.3Sn0.1Pb0.9Cl0.6Br2.4,0,0.7,0,0.3,0.9,0.1,0.6,2.4,0
FA0.7EA0.3Sn0.1Pb0.9Cl0.9Br2.1,0,0.7,0,0.3,0.9,0.1,0.9,2.1,0
FA0.7EA0.3Sn0.1Pb0.9Cl1.2Br1.8,0,0.7,0,0.3,0.9,0.1,1.2,1.8,0
FA0.7EA0.3Sn0.1Pb0.9Cl1.5Br1.5,0,0.7,0,0.3,0.9,0.1,1.5,1.5,0
FA0.7EA0.3Sn0.1Pb0.9Cl1.8Br1.2,0,0.7,0,0.3,0.9,0.1,1.8,1.2,0
FA0.7EA0.3Sn0.1Pb0.9Cl2.1Br0.9,0,0.7,0,0.3,0.9,0.1,2.1,0.9,0
FA0.7EA0.3Sn0.1Pb0.9Cl2.4Br0.6,0,0.7,0,0.3,0.9,0.1,2.4,0.6,0
FA0.7EA0.3Sn0.1Pb0.9Cl2.7Br0.3,0,0.7,0,0.3,0.9,0.1,2.7,0.3,0
FA0.7EA0.3Sn0.1Pb0.9Cl0.3I2.7,0,0.7,0,0.3,0.9,0.1,0.3,0,2.7
FA0.7EA0.3Sn0.1Pb0.9Cl0.6I2.4,0,0.7,0,0.3,0.9,0.1,0.6,0,2.4
FA0.7EA0.3Sn0.1Pb0.9Cl0.9I2.1,0,0.7,0,0.3,0.9,0.1,0.9,0,2.1
FA0.7EA0.3Sn0.1Pb0.9Cl1.2I1.8,0,0.7,0,0.3,0.9,0.1,1.2,0,1.8
FA0.7EA0.3Sn0.1Pb0.9Cl1.5I1.5,0,0.7,0,0.3,0.9,0.1,1.5,0,1.5
FA0.7EA0.3Sn0.1Pb0.9Cl1.8I1.2,0,0.7,0,0.3,0.9,0.1,1.8,0,1.2
FA0.7EA0.3Sn0.1Pb0.9Cl2.1I0.9,0,0.7,0,0.3,0.9,0.1,2.1,0,0.9
FA0.7EA0.3Sn0.1Pb0.9Cl2.4I0.6,0,0.7,0,0.3,0.9,0.1,2.4,0,0.6
FA0.7EA0.3Sn0.1Pb0.9Cl2.7I0.3,0,0.7,0,0.3,0.9,0.1,2.7,0,0.3
FA0.7EA0.3Sn0.1Pb0.9Br0.3I2.7,0,0.7,0,0.3,0.9,0.1,0,0.3,2.7
FA0.7EA0.3Sn0.1Pb0.9Br0.6I2.4,0,0.7,0,0.3,0.9,0.1,0,0.6,2.4
FA0.7EA0.3Sn0.1Pb0.9Br0.9I2.1,0,0.7,0,0.3,0.9,0.1,0,0.9,2.1
FA0.7EA0.3Sn0.1Pb0.9Br1.2I1.8,0,0.7,0,0.3,0.9,0.1,0,1.2,1.8
FA0.7EA0.3Sn0.1Pb0.9Br1.5I1.5,0,0.7,0,0.3,0.9,0.1,0,1.5,1.5
FA0.7EA0.3Sn0.1Pb0.9Br1.8I1.2,0,0.7,0,0.3,0.9,0.1,0,1.8,1.2
FA0.7EA0.3Sn0.1Pb0.9Br2.1I0.9,0,0.7,0,0.3,0.9,0.1,0,2.1,0.9
FA0.7EA0.3Sn0.1Pb0.9Br2.4I0.6,0,0.7,0,0.3,0.9,0.1,0,2.4,0.6
FA0.7EA0.3Sn0.1Pb0.9Br2.7I0.3,0,0.7,0,0.3,0.9,0.1,0,2.7,0.3
FA0.8EA0.2Sn0.9Pb0.1Cl0.3Br2.7,0,0.8,0,0.2,0.1,0.9,0.3,2.7,0
FA0.8EA0.2Sn0.9Pb0.1Cl0.6Br2.4,0,0.8,0,0.2,0.1,0.9,0.6,2.4,0
FA0.8EA0.2Sn0.9Pb0.1Cl0.9Br2.1,0,0.8,0,0.2,0.1,0.9,0.9,2.1,0
FA0.8EA0.2Sn0.9Pb0.1Cl1.2Br1.8,0,0.8,0,0.2,0.1,0.9,1.2,1.8,0
FA0.8EA0.2Sn0.9Pb0.1Cl1.5Br1.5,0,0.8,0,0.2,0.1,0.9,1.5,1.5,0
FA0.8EA0.2Sn0.9Pb0.1Cl1.8Br1.2,0,0.8,0,0.2,0.1,0.9,1.8,1.2,0
FA0.8EA0.2Sn0.9Pb0.1Cl2.1Br0.9,0,0.8,0,0.2,0.1,0.9,2.1,0.9,0
FA0.8EA0.2Sn0.9Pb0.1Cl2.4Br0.6,0,0.8,0,0.2,0.1,0.9,2.4,0.6,0
FA0.8EA0.2Sn0.9Pb0.1Cl2.7Br0.3,0,0.8,0,0.2,0.1,0.9,2.7,0.3,0
FA0.8EA0.2Sn0.9Pb0.1Cl0.3I2.7,0,0.8,0,0.2,0.1,0.9,0.3,0,2.7
FA0.8EA0.2Sn0.9Pb0.1Cl0.6I2.4,0,0.8,0,0.2,0.1,0.9,0.6,0,2.4
FA0.8EA0.2Sn0.9Pb0.1Cl0.9I2.1,0,0.8,0,0.2,0.1,0.9,0.9,0,2.1
FA0.8EA0.2Sn0.9Pb0.1Cl1.2I1.8,0,0.8,0,0.2,0.1,0.9,1.2,0,1.8
FA0.8EA0.2Sn0.9Pb0.1Cl1.5I1.5,0,0.8,0,0.2,0.1,0.9,1.5,0,1.5
FA0.8EA0.2Sn0.9Pb0.1Cl1.8I1.2,0,0.8,0,0.2,0.1,0.9,1.8,0,1.2
FA0.8EA0.2Sn0.9Pb0.1Cl2.1I0.9,0,0.8,0,0.2,0.1,0.9,2.1,0,0.9
FA0.8EA0.2Sn0.9Pb0.1Cl2.4I0.6,0,0.8,0,0.2,0.1,0.9,2.4,0,0.6
FA0.8EA0.2Sn0.9Pb0.1Cl2.7I0.3,0,0.8,0,0.2,0.1,0.9,2.7,0,0.3
FA0.8EA0.2Sn0.9Pb0.1Br0.3I2.7,0,0.8,0,0.2,0.1,0.9,0,0.3,2.7
FA0.8EA0.2Sn0.9Pb0.1Br0.6I2.4,0,0.8,0,0.2,0.1,0.9,0,0.6,2.4
FA0.8EA0.2Sn0.9Pb0.1Br0.9I2.1,0,0.8,0,0.2,0.1,0.9,0,0.9,2.1
FA0.8EA0.2Sn0.9Pb0.1Br1.2I1.8,0,0.8,0,0.2,0.1,0.9,0,1.2,1.8
FA0.8EA0.2Sn0.9Pb0.1Br1.5I1.5,0,0.8,0,0.2,0.1,0.9,0,1.5,1.5
FA0.8EA0.2Sn0.9Pb0.1Br1.8I1.2,0,0.8,0,0.2,0.1,0.9,0,1.8,1.2
FA0.8EA0.2Sn0.9Pb0.1Br2.1I0.9,0,0.8,0,0.2,0.1,0.9,0,2.1,0.9
FA0.8EA0.2Sn0.9Pb0.1Br2.4I0.6,0,0.8,0,0.2,0.1,0.9,0,2.4,0.6
FA0.8EA0.2Sn0.9Pb0.1Br2.7I0.3,0,0.8,0,0.2,0.1,0.9,0,2.7,0.3
FA0.8EA0.2Sn0.8Pb0.2Cl0.3Br2.7,0,0.8,0,0.2,0.2,0.8,0.3,2.7,0
FA0.8EA0.2Sn0.8Pb0.2Cl0.6Br2.4,0,0.8,0,0.2,0.2,0.8,0.6,2.4,0
FA0.8EA0.2Sn0.8Pb0.2Cl0.9Br2.1,0,0.8,0,0.2,0.2,0.8,0.9,2.1,0
FA0.8EA0.2Sn0.8Pb0.2Cl1.2Br1.8,0,0.8,0,0.2,0.2,0.8,1.2,1.8,0
FA0.8EA0.2Sn0.8Pb0.2Cl1.5Br1.5,0,0.8,0,0.2,0.2,0.8,1.5,1.5,0
FA0.8EA0.2Sn0.8Pb0.2Cl1.8Br1.2,0,0.8,0,0.2,0.2,0.8,1.8,1.2,0
FA0.8EA0.2Sn0.8Pb0.2Cl2.1Br0.9,0,0.8,0,0.2,0.2,0.8,2.1,0.9,0
FA0.8EA0.2Sn0.8Pb0.2Cl2.4Br0.6,0,0.8,0,0.2,0.2,0.8,2.4,0.6,0
FA0.8EA0.2Sn0.8Pb0.2Cl2.7Br0.3,0,0.8,0,0.2,0.2,0.8,2.7,0.3,0
FA0.8EA0.2Sn0.8Pb0.2Cl0.3I2.7,0,0.8,0,0.2,0.2,0.8,0.3,0,2.7
FA0.8EA0.2Sn0.8Pb0.2Cl0.6I2.4,0,0.8,0,0.2,0.2,0.8,0.6,0,2.4
FA0.8EA0.2Sn0.8Pb0.2Cl0.9I2.1,0,0.8,0,0.2,0.2,0.8,0.9,0,2.1
FA0.8EA0.2Sn0.8Pb0.2Cl1.2I1.8,0,0.8,0,0.2,0.2,0.8,1.2,0,1.8
FA0.8EA0.2Sn0.8Pb0.2Cl1.5I1.5,0,0.8,0,0.2,0.2,0.8,1.5,0,1.5
FA0.8EA0.2Sn0.8Pb0.2Cl1.8I1.2,0,0.8,0,0.2,0.2,0.8,1.8,0,1.2
FA0.8EA0.2Sn0.8Pb0.2Cl2.1I0.9,0,0.8,0,0.2,0.2,0.8,2.1,0,0.9
FA0.8EA0.2Sn0.8Pb0.2Cl2.4I0.6,0,0.8,0,0.2,0.2,0.8,2.4,0,0.6
FA0.8EA0.2Sn0.8Pb0.2Cl2.7I0.3,0,0.8,0,0.2,0.2,0.8,2.7,0,0.3
FA0.8EA0.2Sn0.8Pb0.2Br0.3I2.7,0,0.8,0,0.2,0.2,0.8,0,0.3,2.7
FA0.8EA0.2Sn0.8Pb0.2Br0.6I2.4,0,0.8,0,0.2,0.2,0.8,0,0.6,2.4
FA0.8EA0.2Sn0.8Pb0.2Br0.9I2.1,0,0.8,0,0.2,0.2,0.8,0,0.9,2.1
FA0.8EA0.2Sn0.8Pb0.2Br1.2I1.8,0,0.8,0,0.2,0.2,0.8,0,1.2,1.8
FA0.8EA0.2Sn0.8Pb0.2Br1.5I1.5,0,0.8,0,0.2,0.2,0.8,0,1.5,1.5
FA0.8EA0.2Sn0.8Pb0.2Br1.8I1.2,0,0.8,0,0.2,0.2,0.8,0,1.8,1.2
FA0.8EA0.2Sn0.8Pb0.2Br2.1I0.9,0,0.8,0,0.2,0.2,0.8,0,2.1,0.9
FA0.8EA0.2Sn0.8Pb0.2Br2.4I0.6,0,0.8,0,0.2,0.2,0.8,0,2.4,0.6
FA0.8EA0.2Sn0.8Pb0.2Br2.7I0.3,0,0.8,0,0.2,0.2,0.8,0,2.7,0.3
FA0.8EA0.2Sn0.7Pb0.3Cl0.3Br2.7,0,0.8,0,0.2,0.3,0.7,0.3,2.7,0
FA0.8EA0.2Sn0.7Pb0.3Cl0.6Br2.4,0,0.8,0,0.2,0.3,0.7,0.6,2.4,0
FA0.8EA0.2Sn0.7Pb0.3Cl0.9Br2.1,0,0.8,0,0.2,0.3,0.7,0.9,2.1,0
FA0.8EA0.2Sn0.7Pb0.3Cl1.2Br1.8,0,0.8,0,0.2,0.3,0.7,1.2,1.8,0
FA0.8EA0.2Sn0.7Pb0.3Cl1.5Br1.5,0,0.8,0,0.2,0.3,0.7,1.5,1.5,0
FA0.8EA0.2Sn0.7Pb0.3Cl1.8Br1.2,0,0.8,0,0.2,0.3,0.7,1.8,1.2,0
FA0.8EA0.2Sn0.7Pb0.3Cl2.1Br0.9,0,0.8,0,0.2,0.3,0.7,2.1,0.9,0
FA0.8EA0.2Sn0.7Pb0.3Cl2.4Br0.6,0,0.8,0,0.2,0.3,0.7,2.4,0.6,0
FA0.8EA0.2Sn0.7Pb0.3Cl2.7Br0.3,0,0.8,0,0.2,0.3,0.7,2.7,0.3,0
FA0.8EA0.2Sn0.7Pb0.3Cl0.3I2.7,0,0.8,0,0.2,0.3,0.7,0.3,0,2.7
FA0.8EA0.2Sn0.7Pb0.3Cl0.6I2.4,0,0.8,0,0.2,0.3,0.7,0.6,0,2.4
FA0.8EA0.2Sn0.7Pb0.3Cl0.9I2.1,0,0.8,0,0.2,0.3,0.7,0.9,0,2.1
FA0.8EA0.2Sn0.7Pb0.3Cl1.2I1.8,0,0.8,0,0.2,0.3,0.7,1.2,0,1.8
FA0.8EA0.2Sn0.7Pb0.3Cl1.5I1.5,0,0.8,0,0.2,0.3,0.7,1.5,0,1.5
FA0.8EA0.2Sn0.7Pb0.3Cl1.8I1.2,0,0.8,0,0.2,0.3,0.7,1.8,0,1.2
FA0.8EA0.2Sn0.7Pb0.3Cl2.1I0.9,0,0.8,0,0.2,0.3,0.7,2.1,0,0.9
FA0.8EA0.2Sn0.7Pb0.3Cl2.4I0.6,0,0.8,0,0.2,0.3,0.7,2.4,0,0.6
FA0.8EA0.2Sn0.7Pb0.3Cl2.7I0.3,0,0.8,0,0.2,0.3,0.7,2.7,0,0.3
FA0.8EA0.2Sn0.7Pb0.3Br0.3I2.7,0,0.8,0,0.2,0.3,0.7,0,0.3,2.7
FA0.8EA0.2Sn0.7Pb0.3Br0.6I2.4,0,0.8,0,0.2,0.3,0.7,0,0.6,2.4
FA0.8EA0.2Sn0.7Pb0.3Br0.9I2.1,0,0.8,0,0.2,0.3,0.7,0,0.9,2.1
FA0.8EA0.2Sn0.7Pb0.3Br1.2I1.8,0,0.8,0,0.2,0.3,0.7,0,1.2,1.8
FA0.8EA0.2Sn0.7Pb0.3Br1.5I1.5,0,0.8,0,0.2,0.3,0.7,0,1.5,1.5
FA0.8EA0.2Sn0.7Pb0.3Br1.8I1.2,0,0.8,0,0.2,0.3,0.7,0,1.8,1.2
FA0.8EA0.2Sn0.7Pb0.3Br2.1I0.9,0,0.8,0,0.2,0.3,0.7,0,2.1,0.9
FA0.8EA0.2Sn0.7Pb0.3Br2.4I0.6,0,0.8,0,0.2,0.3,0.7,0,2.4,0.6
FA0.8EA0.2Sn0.7Pb0.3Br2.7I0.3,0,0.8,0,0.2,0.3,0.7,0,2.7,0.3
FA0.8EA0.2Sn0.6Pb0.4Cl0.3Br2.7,0,0.8,0,0.2,0.4,0.6,0.3,2.7,0
FA0.8EA0.2Sn0.6Pb0.4Cl0.6Br2.4,0,0.8,0,0.2,0.4,0.6,0.6,2.4,0
FA0.8EA0.2Sn0.6Pb0.4Cl0.9Br2.1,0,0.8,0,0.2,0.4,0.6,0.9,2.1,0
FA0.8EA0.2Sn0.6Pb0.4Cl1.2Br1.8,0,0.8,0,0.2,0.4,0.6,1.2,1.8,0
FA0.8EA0.2Sn0.6Pb0.4Cl1.5Br1.5,0,0.8,0,0.2,0.4,0.6,1.5,1.5,0
FA0.8EA0.2Sn0.6Pb0.4Cl1.8Br1.2,0,0.8,0,0.2,0.4,0.6,1.8,1.2,0
FA0.8EA0.2Sn0.6Pb0.4Cl2.1Br0.9,0,0.8,0,0.2,0.4,0.6,2.1,0.9,0
FA0.8EA0.2Sn0.6Pb0.4Cl2.4Br0.6,0,0.8,0,0.2,0.4,0.6,2.4,0.6,0
FA0.8EA0.2Sn0.6Pb0.4Cl2.7Br0.3,0,0.8,0,0.2,0.4,0.6,2.7,0.3,0
FA0.8EA0.2Sn0.6Pb0.4Cl0.3I2.7,0,0.8,0,0.2,0.4,0.6,0.3,0,2.7
FA0.8EA0.2Sn0.6Pb0.4Cl0.6I2.4,0,0.8,0,0.2,0.4,0.6,0.6,0,2.4
FA0.8EA0.2Sn0.6Pb0.4Cl0.9I2.1,0,0.8,0,0.2,0.4,0.6,0.9,0,2.1
FA0.8EA0.2Sn0.6Pb0.4Cl1.2I1.8,0,0.8,0,0.2,0.4,0.6,1.2,0,1.8
FA0.8EA0.2Sn0.6Pb0.4Cl1.5I1.5,0,0.8,0,0.2,0.4,0.6,1.5,0,1.5
FA0.8EA0.2Sn0.6Pb0.4Cl1.8I1.2,0,0.8,0,0.2,0.4,0.6,1.8,0,1.2
FA0.8EA0.2Sn0.6Pb0.4Cl2.1I0.9,0,0.8,0,0.2,0.4,0.6,2.1,0,0.9
FA0.8EA0.2Sn0.6Pb0.4Cl2.4I0.6,0,0.8,0,0.2,0.4,0.6,2.4,0,0.6
FA0.8EA0.2Sn0.6Pb0.4Cl2.7I0.3,0,0.8,0,0.2,0.4,0.6,2.7,0,0.3
FA0.8EA0.2Sn0.6Pb0.4Br0.3I2.7,0,0.8,0,0.2,0.4,0.6,0,0.3,2.7
FA0.8EA0.2Sn0.6Pb0.4Br0.6I2.4,0,0.8,0,0.2,0.4,0.6,0,0.6,2.4
FA0.8EA0.2Sn0.6Pb0.4Br0.9I2.1,0,0.8,0,0.2,0.4,0.6,0,0.9,2.1
FA0.8EA0.2Sn0.6Pb0.4Br1.2I1.8,0,0.8,0,0.2,0.4,0.6,0,1.2,1.8
FA0.8EA0.2Sn0.6Pb0.4Br1.5I1.5,0,0.8,0,0.2,0.4,0.6,0,1.5,1.5
FA0.8EA0.2Sn0.6Pb0.4Br1.8I1.2,0,0.8,0,0.2,0.4,0.6,0,1.8,1.2
FA0.8EA0.2Sn0.6Pb0.4Br2.1I0.9,0,0.8,0,0.2,0.4,0.6,0,2.1,0.9
FA0.8EA0.2Sn0.6Pb0.4Br2.4I0.6,0,0.8,0,0.2,0.4,0.6,0,2.4,0.6
FA0.8EA0.2Sn0.6Pb0.4Br2.7I0.3,0,0.8,0,0.2,0.4,0.6,0,2.7,0.3
FA0.8EA0.2Sn0.5Pb0.5Cl0.3Br2.7,0,0.8,0,0.2,0.5,0.5,0.3,2.7,0
FA0.8EA0.2Sn0.5Pb0.5Cl0.6Br2.4,0,0.8,0,0.2,0.5,0.5,0.6,2.4,0
FA0.8EA0.2Sn0.5Pb0.5Cl0.9Br2.1,0,0.8,0,0.2,0.5,0.5,0.9,2.1,0
FA0.8EA0.2Sn0.5Pb0.5Cl1.2Br1.8,0,0.8,0,0.2,0.5,0.5,1.2,1.8,0
FA0.8EA0.2Sn0.5Pb0.5Cl1.5Br1.5,0,0.8,0,0.2,0.5,0.5,1.5,1.5,0
FA0.8EA0.2Sn0.5Pb0.5Cl1.8Br1.2,0,0.8,0,0.2,0.5,0.5,1.8,1.2,0
FA0.8EA0.2Sn0.5Pb0.5Cl2.1Br0.9,0,0.8,0,0.2,0.5,0.5,2.1,0.9,0
FA0.8EA0.2Sn0.5Pb0.5Cl2.4Br0.6,0,0.8,0,0.2,0.5,0.5,2.4,0.6,0
FA0.8EA0.2Sn0.5Pb0.5Cl2.7Br0.3,0,0.8,0,0.2,0.5,0.5,2.7,0.3,0
FA0.8EA0.2Sn0.5Pb0.5Cl0.3I2.7,0,0.8,0,0.2,0.5,0.5,0.3,0,2.7
FA0.8EA0.2Sn0.5Pb0.5Cl0.6I2.4,0,0.8,0,0.2,0.5,0.5,0.6,0,2.4
FA0.8EA0.2Sn0.5Pb0.5Cl0.9I2.1,0,0.8,0,0.2,0.5,0.5,0.9,0,2.1
FA0.8EA0.2Sn0.5Pb0.5Cl1.2I1.8,0,0.8,0,0.2,0.5,0.5,1.2,0,1.8
FA0.8EA0.2Sn0.5Pb0.5Cl1.5I1.5,0,0.8,0,0.2,0.5,0.5,1.5,0,1.5
FA0.8EA0.2Sn0.5Pb0.5Cl1.8I1.2,0,0.8,0,0.2,0.5,0.5,1.8,0,1.2
FA0.8EA0.2Sn0.5Pb0.5Cl2.1I0.9,0,0.8,0,0.2,0.5,0.5,2.1,0,0.9
FA0.8EA0.2Sn0.5Pb0.5Cl2.4I0.6,0,0.8,0,0.2,0.5,0.5,2.4,0,0.6
FA0.8EA0.2Sn0.5Pb0.5Cl2.7I0.3,0,0.8,0,0.2,0.5,0.5,2.7,0,0.3
FA0.8EA0.2Sn0.5Pb0.5Br0.3I2.7,0,0.8,0,0.2,0.5,0.5,0,0.3,2.7
FA0.8EA0.2Sn0.5Pb0.5Br0.6I2.4,0,0.8,0,0.2,0.5,0.5,0,0.6,2.4
FA0.8EA0.2Sn0.5Pb0.5Br0.9I2.1,0,0.8,0,0.2,0.5,0.5,0,0.9,2.1
FA0.8EA0.2Sn0.5Pb0.5Br1.2I1.8,0,0.8,0,0.2,0.5,0.5,0,1.2,1.8
FA0.8EA0.2Sn0.5Pb0.5Br1.5I1.5,0,0.8,0,0.2,0.5,0.5,0,1.5,1.5
FA0.8EA0.2Sn0.5Pb0.5Br1.8I1.2,0,0.8,0,0.2,0.5,0.5,0,1.8,1.2
FA0.8EA0.2Sn0.5Pb0.5Br2.1I0.9,0,0.8,0,0.2,0.5,0.5,0,2.1,0.9
FA0.8EA0.2Sn0.5Pb0.5Br2.4I0.6,0,0.8,0,0.2,0.5,0.5,0,2.4,0.6
FA0.8EA0.2Sn0.5Pb0.5Br2.7I0.3,0,0.8,0,0.2,0.5,0.5,0,2.7,0.3
FA0.8EA0.2Sn0.4Pb0.6Cl0.3Br2.7,0,0.8,0,0.2,0.6,0.4,0.3,2.7,0
FA0.8EA0.2Sn0.4Pb0.6Cl0.6Br2.4,0,0.8,0,0.2,0.6,0.4,0.6,2.4,0
FA0.8EA0.2Sn0.4Pb0.6Cl0.9Br2.1,0,0.8,0,0.2,0.6,0.4,0.9,2.1,0
FA0.8EA0.2Sn0.4Pb0.6Cl1.2Br1.8,0,0.8,0,0.2,0.6,0.4,1.2,1.8,0
FA0.8EA0.2Sn0.4Pb0.6Cl1.5Br1.5,0,0.8,0,0.2,0.6,0.4,1.5,1.5,0
FA0.8EA0.2Sn0.4Pb0.6Cl1.8Br1.2,0,0.8,0,0.2,0.6,0.4,1.8,1.2,0
FA0.8EA0.2Sn0.4Pb0.6Cl2.1Br0.9,0,0.8,0,0.2,0.6,0.4,2.1,0.9,0
FA0.8EA0.2Sn0.4Pb0.6Cl2.4Br0.6,0,0.8,0,0.2,0.6,0.4,2.4,0.6,0
FA0.8EA0.2Sn0.4Pb0.6Cl2.7Br0.3,0,0.8,0,0.2,0.6,0.4,2.7,0.3,0
FA0.8EA0.2Sn0.4Pb0.6Cl0.3I2.7,0,0.8,0,0.2,0.6,0.4,0.3,0,2.7
FA0.8EA0.2Sn0.4Pb0.6Cl0.6I2.4,0,0.8,0,0.2,0.6,0.4,0.6,0,2.4
FA0.8EA0.2Sn0.4Pb0.6Cl0.9I2.1,0,0.8,0,0.2,0.6,0.4,0.9,0,2.1
FA0.8EA0.2Sn0.4Pb0.6Cl1.2I1.8,0,0.8,0,0.2,0.6,0.4,1.2,0,1.8
FA0.8EA0.2Sn0.4Pb0.6Cl1.5I1.5,0,0.8,0,0.2,0.6,0.4,1.5,0,1.5
FA0.8EA0.2Sn0.4Pb0.6Cl1.8I1.2,0,0.8,0,0.2,0.6,0.4,1.8,0,1.2
FA0.8EA0.2Sn0.4Pb0.6Cl2.1I0.9,0,0.8,0,0.2,0.6,0.4,2.1,0,0.9
FA0.8EA0.2Sn0.4Pb0.6Cl2.4I0.6,0,0.8,0,0.2,0.6,0.4,2.4,0,0.6
FA0.8EA0.2Sn0.4Pb0.6Cl2.7I0.3,0,0.8,0,0.2,0.6,0.4,2.7,0,0.3
FA0.8EA0.2Sn0.4Pb0.6Br0.3I2.7,0,0.8,0,0.2,0.6,0.4,0,0.3,2.7
FA0.8EA0.2Sn0.4Pb0.6Br0.6I2.4,0,0.8,0,0.2,0.6,0.4,0,0.6,2.4
FA0.8EA0.2Sn0.4Pb0.6Br0.9I2.1,0,0.8,0,0.2,0.6,0.4,0,0.9,2.1
FA0.8EA0.2Sn0.4Pb0.6Br1.2I1.8,0,0.8,0,0.2,0.6,0.4,0,1.2,1.8
FA0.8EA0.2Sn0.4Pb0.6Br1.5I1.5,0,0.8,0,0.2,0.6,0.4,0,1.5,1.5
FA0.8EA0.2Sn0.4Pb0.6Br1.8I1.2,0,0.8,0,0.2,0.6,0.4,0,1.8,1.2
FA0.8EA0.2Sn0.4Pb0.6Br2.1I0.9,0,0.8,0,0.2,0.6,0.4,0,2.1,0.9
FA0.8EA0.2Sn0.4Pb0.6Br2.4I0.6,0,0.8,0,0.2,0.6,0.4,0,2.4,0.6
FA0.8EA0.2Sn0.4Pb0.6Br2.7I0.3,0,0.8,0,0.2,0.6,0.4,0,2.7,0.3
FA0.8EA0.2Sn0.3Pb0.7Cl0.3Br2.7,0,0.8,0,0.2,0.7,0.3,0.3,2.7,0
FA0.8EA0.2Sn0.3Pb0.7Cl0.6Br2.4,0,0.8,0,0.2,0.7,0.3,0.6,2.4,0
FA0.8EA0.2Sn0.3Pb0.7Cl0.9Br2.1,0,0.8,0,0.2,0.7,0.3,0.9,2.1,0
FA0.8EA0.2Sn0.3Pb0.7Cl1.2Br1.8,0,0.8,0,0.2,0.7,0.3,1.2,1.8,0
FA0.8EA0.2Sn0.3Pb0.7Cl1.5Br1.5,0,0.8,0,0.2,0.7,0.3,1.5,1.5,0
FA0.8EA0.2Sn0.3Pb0.7Cl1.8Br1.2,0,0.8,0,0.2,0.7,0.3,1.8,1.2,0
FA0.8EA0.2Sn0.3Pb0.7Cl2.1Br0.9,0,0.8,0,0.2,0.7,0.3,2.1,0.9,0
FA0.8EA0.2Sn0.3Pb0.7Cl2.4Br0.6,0,0.8,0,0.2,0.7,0.3,2.4,0.6,0
FA0.8EA0.2Sn0.3Pb0.7Cl2.7Br0.3,0,0.8,0,0.2,0.7,0.3,2.7,0.3,0
FA0.8EA0.2Sn0.3Pb0.7Cl0.3I2.7,0,0.8,0,0.2,0.7,0.3,0.3,0,2.7
FA0.8EA0.2Sn0.3Pb0.7Cl0.6I2.4,0,0.8,0,0.2,0.7,0.3,0.6,0,2.4
FA0.8EA0.2Sn0.3Pb0.7Cl0.9I2.1,0,0.8,0,0.2,0.7,0.3,0.9,0,2.1
FA0.8EA0.2Sn0.3Pb0.7Cl1.2I1.8,0,0.8,0,0.2,0.7,0.3,1.2,0,1.8
FA0.8EA0.2Sn0.3Pb0.7Cl1.5I1.5,0,0.8,0,0.2,0.7,0.3,1.5,0,1.5
FA0.8EA0.2Sn0.3Pb0.7Cl1.8I1.2,0,0.8,0,0.2,0.7,0.3,1.8,0,1.2
FA0.8EA0.2Sn0.3Pb0.7Cl2.1I0.9,0,0.8,0,0.2,0.7,0.3,2.1,0,0.9
FA0.8EA0.2Sn0.3Pb0.7Cl2.4I0.6,0,0.8,0,0.2,0.7,0.3,2.4,0,0.6
FA0.8EA0.2Sn0.3Pb0.7Cl2.7I0.3,0,0.8,0,0.2,0.7,0.3,2.7,0,0.3
FA0.8EA0.2Sn0.3Pb0.7Br0.3I2.7,0,0.8,0,0.2,0.7,0.3,0,0.3,2.7
FA0.8EA0.2Sn0.3Pb0.7Br0.6I2.4,0,0.8,0,0.2,0.7,0.3,0,0.6,2.4
FA0.8EA0.2Sn0.3Pb0.7Br0.9I2.1,0,0.8,0,0.2,0.7,0.3,0,0.9,2.1
FA0.8EA0.2Sn0.3Pb0.7Br1.2I1.8,0,0.8,0,0.2,0.7,0.3,0,1.2,1.8
FA0.8EA0.2Sn0.3Pb0.7Br1.5I1.5,0,0.8,0,0.2,0.7,0.3,0,1.5,1.5
FA0.8EA0.2Sn0.3Pb0.7Br1.8I1.2,0,0.8,0,0.2,0.7,0.3,0,1.8,1.2
FA0.8EA0.2Sn0.3Pb0.7Br2.1I0.9,0,0.8,0,0.2,0.7,0.3,0,2.1,0.9
FA0.8EA0.2Sn0.3Pb0.7Br2.4I0.6,0,0.8,0,0.2,0.7,0.3,0,2.4,0.6
FA0.8EA0.2Sn0.3Pb0.7Br2.7I0.3,0,0.8,0,0.2,0.7,0.3,0,2.7,0.3
FA0.8EA0.2Sn0.2Pb0.8Cl0.3Br2.7,0,0.8,0,0.2,0.8,0.2,0.3,2.7,0
FA0.8EA0.2Sn0.2Pb0.8Cl0.6Br2.4,0,0.8,0,0.2,0.8,0.2,0.6,2.4,0
FA0.8EA0.2Sn0.2Pb0.8Cl0.9Br2.1,0,0.8,0,0.2,0.8,0.2,0.9,2.1,0
FA0.8EA0.2Sn0.2Pb0.8Cl1.2Br1.8,0,0.8,0,0.2,0.8,0.2,1.2,1.8,0
FA0.8EA0.2Sn0.2Pb0.8Cl1.5Br1.5,0,0.8,0,0.2,0.8,0.2,1.5,1.5,0
FA0.8EA0.2Sn0.2Pb0.8Cl1.8Br1.2,0,0.8,0,0.2,0.8,0.2,1.8,1.2,0
FA0.8EA0.2Sn0.2Pb0.8Cl2.1Br0.9,0,0.8,0,0.2,0.8,0.2,2.1,0.9,0
FA0.8EA0.2Sn0.2Pb0.8Cl2.4Br0.6,0,0.8,0,0.2,0.8,0.2,2.4,0.6,0
FA0.8EA0.2Sn0.2Pb0.8Cl2.7Br0.3,0,0.8,0,0.2,0.8,0.2,2.7,0.3,0
FA0.8EA0.2Sn0.2Pb0.8Cl0.3I2.7,0,0.8,0,0.2,0.8,0.2,0.3,0,2.7
FA0.8EA0.2Sn0.2Pb0.8Cl0.6I2.4,0,0.8,0,0.2,0.8,0.2,0.6,0,2.4
FA0.8EA0.2Sn0.2Pb0.8Cl0.9I2.1,0,0.8,0,0.2,0.8,0.2,0.9,0,2.1
FA0.8EA0.2Sn0.2Pb0.8Cl1.2I1.8,0,0.8,0,0.2,0.8,0.2,1.2,0,1.8
FA0.8EA0.2Sn0.2Pb0.8Cl1.5I1.5,0,0.8,0,0.2,0.8,0.2,1.5,0,1.5
FA0.8EA0.2Sn0.2Pb0.8Cl1.8I1.2,0,0.8,0,0.2,0.8,0.2,1.8,0,1.2
FA0.8EA0.2Sn0.2Pb0.8Cl2.1I0.9,0,0.8,0,0.2,0.8,0.2,2.1,0,0.9
FA0.8EA0.2Sn0.2Pb0.8Cl2.4I0.6,0,0.8,0,0.2,0.8,0.2,2.4,0,0.6
FA0.8EA0.2Sn0.2Pb0.8Cl2.7I0.3,0,0.8,0,0.2,0.8,0.2,2.7,0,0.3
FA0.8EA0.2Sn0.2Pb0.8Br0.3I2.7,0,0.8,0,0.2,0.8,0.2,0,0.3,2.7
FA0.8EA0.2Sn0.2Pb0.8Br0.6I2.4,0,0.8,0,0.2,0.8,0.2,0,0.6,2.4
FA0.8EA0.2Sn0.2Pb0.8Br0.9I2.1,0,0.8,0,0.2,0.8,0.2,0,0.9,2.1
FA0.8EA0.2Sn0.2Pb0.8Br1.2I1.8,0,0.8,0,0.2,0.8,0.2,0,1.2,1.8
FA0.8EA0.2Sn0.2Pb0.8Br1.5I1.5,0,0.8,0,0.2,0.8,0.2,0,1.5,1.5
FA0.8EA0.2Sn0.2Pb0.8Br1.8I1.2,0,0.8,0,0.2,0.8,0.2,0,1.8,1.2
FA0.8EA0.2Sn0.2Pb0.8Br2.1I0.9,0,0.8,0,0.2,0.8,0.2,0,2.1,0.9
FA0.8EA0.2Sn0.2Pb0.8Br2.4I0.6,0,0.8,0,0.2,0.8,0.2,0,2.4,0.6
FA0.8EA0.2Sn0.2Pb0.8Br2.7I0.3,0,0.8,0,0.2,0.8,0.2,0,2.7,0.3
FA0.8EA0.2Sn0.1Pb0.9Cl0.3Br2.7,0,0.8,0,0.2,0.9,0.1,0.3,2.7,0
FA0.8EA0.2Sn0.1Pb0.9Cl0.6Br2.4,0,0.8,0,0.2,0.9,0.1,0.6,2.4,0
FA0.8EA0.2Sn0.1Pb0.9Cl0.9Br2.1,0,0.8,0,0.2,0.9,0.1,0.9,2.1,0
FA0.8EA0.2Sn0.1Pb0.9Cl1.2Br1.8,0,0.8,0,0.2,0.9,0.1,1.2,1.8,0
FA0.8EA0.2Sn0.1Pb0.9Cl1.5Br1.5,0,0.8,0,0.2,0.9,0.1,1.5,1.5,0
FA0.8EA0.2Sn0.1Pb0.9Cl1.8Br1.2,0,0.8,0,0.2,0.9,0.1,1.8,1.2,0
FA0.8EA0.2Sn0.1Pb0.9Cl2.1Br0.9,0,0.8,0,0.2,0.9,0.1,2.1,0.9,0
FA0.8EA0.2Sn0.1Pb0.9Cl2.4Br0.6,0,0.8,0,0.2,0.9,0.1,2.4,0.6,0
FA0.8EA0.2Sn0.1Pb0.9Cl2.7Br0.3,0,0.8,0,0.2,0.9,0.1,2.7,0.3,0
FA0.8EA0.2Sn0.1Pb0.9Cl0.3I2.7,0,0.8,0,0.2,0.9,0.1,0.3,0,2.7
FA0.8EA0.2Sn0.1Pb0.9Cl0.6I2.4,0,0.8,0,0.2,0.9,0.1,0.6,0,2.4
FA0.8EA0.2Sn0.1Pb0.9Cl0.9I2.1,0,0.8,0,0.2,0.9,0.1,0.9,0,2.1
FA0.8EA0.2Sn0.1Pb0.9Cl1.2I1.8,0,0.8,0,0.2,0.9,0.1,1.2,0,1.8
FA0.8EA0.2Sn0.1Pb0.9Cl1.5I1.5,0,0.8,0,0.2,0.9,0.1,1.5,0,1.5
FA0.8EA0.2Sn0.1Pb0.9Cl1.8I1.2,0,0.8,0,0.2,0.9,0.1,1.8,0,1.2
FA0.8EA0.2Sn0.1Pb0.9Cl2.1I0.9,0,0.8,0,0.2,0.9,0.1,2.1,0,0.9
FA0.8EA0.2Sn0.1Pb0.9Cl2.4I0.6,0,0.8,0,0.2,0.9,0.1,2.4,0,0.6
FA0.8EA0.2Sn0.1Pb0.9Cl2.7I0.3,0,0.8,0,0.2,0.9,0.1,2.7,0,0.3
FA0.8EA0.2Sn0.1Pb0.9Br0.3I2.7,0,0.8,0,0.2,0.9,0.1,0,0.3,2.7
FA0.8EA0.2Sn0.1Pb0.9Br0.6I2.4,0,0.8,0,0.2,0.9,0.1,0,0.6,2.4
FA0.8EA0.2Sn0.1Pb0.9Br0.9I2.1,0,0.8,0,0.2,0.9,0.1,0,0.9,2.1
FA0.8EA0.2Sn0.1Pb0.9Br1.2I1.8,0,0.8,0,0.2,0.9,0.1,0,1.2,1.8
FA0.8EA0.2Sn0.1Pb0.9Br1.5I1.5,0,0.8,0,0.2,0.9,0.1,0,1.5,1.5
FA0.8EA0.2Sn0.1Pb0.9Br1.8I1.2,0,0.8,0,0.2,0.9,0.1,0,1.8,1.2
FA0.8EA0.2Sn0.1Pb0.9Br2.1I0.9,0,0.8,0,0.2,0.9,0.1,0,2.1,0.9
FA0.8EA0.2Sn0.1Pb0.9Br2.4I0.6,0,0.8,0,0.2,0.9,0.1,0,2.4,0.6
FA0.8EA0.2Sn0.1Pb0.9Br2.7I0.3,0,0.8,0,0.2,0.9,0.1,0,2.7,0.3
FA0.9EA0.1Sn0.9Pb0.1Cl0.3Br2.7,0,0.9,0,0.1,0.1,0.9,0.3,2.7,0
FA0.9EA0.1Sn0.9Pb0.1Cl0.6Br2.4,0,0.9,0,0.1,0.1,0.9,0.6,2.4,0
FA0.9EA0.1Sn0.9Pb0.1Cl0.9Br2.1,0,0.9,0,0.1,0.1,0.9,0.9,2.1,0
FA0.9EA0.1Sn0.9Pb0.1Cl1.2Br1.8,0,0.9,0,0.1,0.1,0.9,1.2,1.8,0
FA0.9EA0.1Sn0.9Pb0.1Cl1.5Br1.5,0,0.9,0,0.1,0.1,0.9,1.5,1.5,0
FA0.9EA0.1Sn0.9Pb0.1Cl1.8Br1.2,0,0.9,0,0.1,0.1,0.9,1.8,1.2,0
FA0.9EA0.1Sn0.9Pb0.1Cl2.1Br0.9,0,0.9,0,0.1,0.1,0.9,2.1,0.9,0
FA0.9EA0.1Sn0.9Pb0.1Cl2.4Br0.6,0,0.9,0,0.1,0.1,0.9,2.4,0.6,0
FA0.9EA0.1Sn0.9Pb0.1Cl2.7Br0.3,0,0.9,0,0.1,0.1,0.9,2.7,0.3,0
FA0.9EA0.1Sn0.9Pb0.1Cl0.3I2.7,0,0.9,0,0.1,0.1,0.9,0.3,0,2.7
FA0.9EA0.1Sn0.9Pb0.1Cl0.6I2.4,0,0.9,0,0.1,0.1,0.9,0.6,0,2.4
FA0.9EA0.1Sn0.9Pb0.1Cl0.9I2.1,0,0.9,0,0.1,0.1,0.9,0.9,0,2.1
FA0.9EA0.1Sn0.9Pb0.1Cl1.2I1.8,0,0.9,0,0.1,0.1,0.9,1.2,0,1.8
FA0.9EA0.1Sn0.9Pb0.1Cl1.5I1.5,0,0.9,0,0.1,0.1,0.9,1.5,0,1.5
FA0.9EA0.1Sn0.9Pb0.1Cl1.8I1.2,0,0.9,0,0.1,0.1,0.9,1.8,0,1.2
FA0.9EA0.1Sn0.9Pb0.1Cl2.1I0.9,0,0.9,0,0.1,0.1,0.9,2.1,0,0.9
FA0.9EA0.1Sn0.9Pb0.1Cl2.4I0.6,0,0.9,0,0.1,0.1,0.9,2.4,0,0.6
FA0.9EA0.1Sn0.9Pb0.1Cl2.7I0.3,0,0.9,0,0.1,0.1,0.9,2.7,0,0.3
FA0.9EA0.1Sn0.9Pb0.1Br0.3I2.7,0,0.9,0,0.1,0.1,0.9,0,0.3,2.7
FA0.9EA0.1Sn0.9Pb0.1Br0.6I2.4,0,0.9,0,0.1,0.1,0.9,0,0.6,2.4
FA0.9EA0.1Sn0.9Pb0.1Br0.9I2.1,0,0.9,0,0.1,0.1,0.9,0,0.9,2.1
FA0.9EA0.1Sn0.9Pb0.1Br1.2I1.8,0,0.9,0,0.1,0.1,0.9,0,1.2,1.8
FA0.9EA0.1Sn0.9Pb0.1Br1.5I1.5,0,0.9,0,0.1,0.1,0.9,0,1.5,1.5
FA0.9EA0.1Sn0.9Pb0.1Br1.8I1.2,0,0.9,0,0.1,0.1,0.9,0,1.8,1.2
FA0.9EA0.1Sn0.9Pb0.1Br2.1I0.9,0,0.9,0,0.1,0.1,0.9,0,2.1,0.9
FA0.9EA0.1Sn0.9Pb0.1Br2.4I0.6,0,0.9,0,0.1,0.1,0.9,0,2.4,0.6
FA0.9EA0.1Sn0.9Pb0.1Br2.7I0.3,0,0.9,0,0.1,0.1,0.9,0,2.7,0.3
FA0.9EA0.1Sn0.8Pb0.2Cl0.3Br2.7,0,0.9,0,0.1,0.2,0.8,0.3,2.7,0
FA0.9EA0.1Sn0.8Pb0.2Cl0.6Br2.4,0,0.9,0,0.1,0.2,0.8,0.6,2.4,0
FA0.9EA0.1Sn0.8Pb0.2Cl0.9Br2.1,0,0.9,0,0.1,0.2,0.8,0.9,2.1,0
FA0.9EA0.1Sn0.8Pb0.2Cl1.2Br1.8,0,0.9,0,0.1,0.2,0.8,1.2,1.8,0
FA0.9EA0.1Sn0.8Pb0.2Cl1.5Br1.5,0,0.9,0,0.1,0.2,0.8,1.5,1.5,0
FA0.9EA0.1Sn0.8Pb0.2Cl1.8Br1.2,0,0.9,0,0.1,0.2,0.8,1.8,1.2,0
FA0.9EA0.1Sn0.8Pb0.2Cl2.1Br0.9,0,0.9,0,0.1,0.2,0.8,2.1,0.9,0
FA0.9EA0.1Sn0.8Pb0.2Cl2.4Br0.6,0,0.9,0,0.1,0.2,0.8,2.4,0.6,0
FA0.9EA0.1Sn0.8Pb0.2Cl2.7Br0.3,0,0.9,0,0.1,0.2,0.8,2.7,0.3,0
FA0.9EA0.1Sn0.8Pb0.2Cl0.3I2.7,0,0.9,0,0.1,0.2,0.8,0.3,0,2.7
FA0.9EA0.1Sn0.8Pb0.2Cl0.6I2.4,0,0.9,0,0.1,0.2,0.8,0.6,0,2.4
FA0.9EA0.1Sn0.8Pb0.2Cl0.9I2.1,0,0.9,0,0.1,0.2,0.8,0.9,0,2.1
FA0.9EA0.1Sn0.8Pb0.2Cl1.2I1.8,0,0.9,0,0.1,0.2,0.8,1.2,0,1.8
FA0.9EA0.1Sn0.8Pb0.2Cl1.5I1.5,0,0.9,0,0.1,0.2,0.8,1.5,0,1.5
FA0.9EA0.1Sn0.8Pb0.2Cl1.8I1.2,0,0.9,0,0.1,0.2,0.8,1.8,0,1.2
FA0.9EA0.1Sn0.8Pb0.2Cl2.1I0.9,0,0.9,0,0.1,0.2,0.8,2.1,0,0.9
FA0.9EA0.1Sn0.8Pb0.2Cl2.4I0.6,0,0.9,0,0.1,0.2,0.8,2.4,0,0.6
FA0.9EA0.1Sn0.8Pb0.2Cl2.7I0.3,0,0.9,0,0.1,0.2,0.8,2.7,0,0.3
FA0.9EA0.1Sn0.8Pb0.2Br0.3I2.7,0,0.9,0,0.1,0.2,0.8,0,0.3,2.7
FA0.9EA0.1Sn0.8Pb0.2Br0.6I2.4,0,0.9,0,0.1,0.2,0.8,0,0.6,2.4
FA0.9EA0.1Sn0.8Pb0.2Br0.9I2.1,0,0.9,0,0.1,0.2,0.8,0,0.9,2.1
FA0.9EA0.1Sn0.8Pb0.2Br1.2I1.8,0,0.9,0,0.1,0.2,0.8,0,1.2,1.8
FA0.9EA0.1Sn0.8Pb0.2Br1.5I1.5,0,0.9,0,0.1,0.2,0.8,0,1.5,1.5
FA0.9EA0.1Sn0.8Pb0.2Br1.8I1.2,0,0.9,0,0.1,0.2,0.8,0,1.8,1.2
FA0.9EA0.1Sn0.8Pb0.2Br2.1I0.9,0,0.9,0,0.1,0.2,0.8,0,2.1,0.9
FA0.9EA0.1Sn0.8Pb0.2Br2.4I0.6,0,0.9,0,0.1,0.2,0.8,0,2.4,0.6
FA0.9EA0.1Sn0.8Pb0.2Br2.7I0.3,0,0.9,0,0.1,0.2,0.8,0,2.7,0.3
FA0.9EA0.1Sn0.7Pb0.3Cl0.3Br2.7,0,0.9,0,0.1,0.3,0.7,0.3,2.7,0
FA0.9EA0.1Sn0.7Pb0.3Cl0.6Br2.4,0,0.9,0,0.1,0.3,0.7,0.6,2.4,0
FA0.9EA0.1Sn0.7Pb0.3Cl0.9Br2.1,0,0.9,0,0.1,0.3,0.7,0.9,2.1,0
FA0.9EA0.1Sn0.7Pb0.3Cl1.2Br1.8,0,0.9,0,0.1,0.3,0.7,1.2,1.8,0
FA0.9EA0.1Sn0.7Pb0.3Cl1.5Br1.5,0,0.9,0,0.1,0.3,0.7,1.5,1.5,0
FA0.9EA0.1Sn0.7Pb0.3Cl1.8Br1.2,0,0.9,0,0.1,0.3,0.7,1.8,1.2,0
FA0.9EA0.1Sn0.7Pb0.3Cl2.1Br0.9,0,0.9,0,0.1,0.3,0.7,2.1,0.9,0
FA0.9EA0.1Sn0.7Pb0.3Cl2.4Br0.6,0,0.9,0,0.1,0.3,0.7,2.4,0.6,0
FA0.9EA0.1Sn0.7Pb0.3Cl2.7Br0.3,0,0.9,0,0.1,0.3,0.7,2.7,0.3,0
FA0.9EA0.1Sn0.7Pb0.3Cl0.3I2.7,0,0.9,0,0.1,0.3,0.7,0.3,0,2.7
FA0.9EA0.1Sn0.7Pb0.3Cl0.6I2.4,0,0.9,0,0.1,0.3,0.7,0.6,0,2.4
FA0.9EA0.1Sn0.7Pb0.3Cl0.9I2.1,0,0.9,0,0.1,0.3,0.7,0.9,0,2.1
FA0.9EA0.1Sn0.7Pb0.3Cl1.2I1.8,0,0.9,0,0.1,0.3,0.7,1.2,0,1.8
FA0.9EA0.1Sn0.7Pb0.3Cl1.5I1.5,0,0.9,0,0.1,0.3,0.7,1.5,0,1.5
FA0.9EA0.1Sn0.7Pb0.3Cl1.8I1.2,0,0.9,0,0.1,0.3,0.7,1.8,0,1.2
FA0.9EA0.1Sn0.7Pb0.3Cl2.1I0.9,0,0.9,0,0.1,0.3,0.7,2.1,0,0.9
FA0.9EA0.1Sn0.7Pb0.3Cl2.4I0.6,0,0.9,0,0.1,0.3,0.7,2.4,0,0.6
FA0.9EA0.1Sn0.7Pb0.3Cl2.7I0.3,0,0.9,0,0.1,0.3,0.7,2.7,0,0.3
FA0.9EA0.1Sn0.7Pb0.3Br0.3I2.7,0,0.9,0,0.1,0.3,0.7,0,0.3,2.7
FA0.9EA0.1Sn0.7Pb0.3Br0.6I2.4,0,0.9,0,0.1,0.3,0.7,0,0.6,2.4
FA0.9EA0.1Sn0.7Pb0.3Br0.9I2.1,0,0.9,0,0.1,0.3,0.7,0,0.9,2.1
FA0.9EA0.1Sn0.7Pb0.3Br1.2I1.8,0,0.9,0,0.1,0.3,0.7,0,1.2,1.8
FA0.9EA0.1Sn0.7Pb0.3Br1.5I1.5,0,0.9,0,0.1,0.3,0.7,0,1.5,1.5
FA0.9EA0.1Sn0.7Pb0.3Br1.8I1.2,0,0.9,0,0.1,0.3,0.7,0,1.8,1.2
FA0.9EA0.1Sn0.7Pb0.3Br2.1I0.9,0,0.9,0,0.1,0.3,0.7,0,2.1,0.9
FA0.9EA0.1Sn0.7Pb0.3Br2.4I0.6,0,0.9,0,0.1,0.3,0.7,0,2.4,0.6
FA0.9EA0.1Sn0.7Pb0.3Br2.7I0.3,0,0.9,0,0.1,0.3,0.7,0,2.7,0.3
FA0.9EA0.1Sn0.6Pb0.4Cl0.3Br2.7,0,0.9,0,0.1,0.4,0.6,0.3,2.7,0
FA0.9EA0.1Sn0.6Pb0.4Cl0.6Br2.4,0,0.9,0,0.1,0.4,0.6,0.6,2.4,0
FA0.9EA0.1Sn0.6Pb0.4Cl0.9Br2.1,0,0.9,0,0.1,0.4,0.6,0.9,2.1,0
FA0.9EA0.1Sn0.6Pb0.4Cl1.2Br1.8,0,0.9,0,0.1,0.4,0.6,1.2,1.8,0
FA0.9EA0.1Sn0.6Pb0.4Cl1.5Br1.5,0,0.9,0,0.1,0.4,0.6,1.5,1.5,0
FA0.9EA0.1Sn0.6Pb0.4Cl1.8Br1.2,0,0.9,0,0.1,0.4,0.6,1.8,1.2,0
FA0.9EA0.1Sn0.6Pb0.4Cl2.1Br0.9,0,0.9,0,0.1,0.4,0.6,2.1,0.9,0
FA0.9EA0.1Sn0.6Pb0.4Cl2.4Br0.6,0,0.9,0,0.1,0.4,0.6,2.4,0.6,0
FA0.9EA0.1Sn0.6Pb0.4Cl2.7Br0.3,0,0.9,0,0.1,0.4,0.6,2.7,0.3,0
FA0.9EA0.1Sn0.6Pb0.4Cl0.3I2.7,0,0.9,0,0.1,0.4,0.6,0.3,0,2.7
FA0.9EA0.1Sn0.6Pb0.4Cl0.6I2.4,0,0.9,0,0.1,0.4,0.6,0.6,0,2.4
FA0.9EA0.1Sn0.6Pb0.4Cl0.9I2.1,0,0.9,0,0.1,0.4,0.6,0.9,0,2.1
FA0.9EA0.1Sn0.6Pb0.4Cl1.2I1.8,0,0.9,0,0.1,0.4,0.6,1.2,0,1.8
FA0.9EA0.1Sn0.6Pb0.4Cl1.5I1.5,0,0.9,0,0.1,0.4,0.6,1.5,0,1.5
FA0.9EA0.1Sn0.6Pb0.4Cl1.8I1.2,0,0.9,0,0.1,0.4,0.6,1.8,0,1.2
FA0.9EA0.1Sn0.6Pb0.4Cl2.1I0.9,0,0.9,0,0.1,0.4,0.6,2.1,0,0.9
FA0.9EA0.1Sn0.6Pb0.4Cl2.4I0.6,0,0.9,0,0.1,0.4,0.6,2.4,0,0.6
FA0.9EA0.1Sn0.6Pb0.4Cl2.7I0.3,0,0.9,0,0.1,0.4,0.6,2.7,0,0.3
FA0.9EA0.1Sn0.6Pb0.4Br0.3I2.7,0,0.9,0,0.1,0.4,0.6,0,0.3,2.7
FA0.9EA0.1Sn0.6Pb0.4Br0.6I2.4,0,0.9,0,0.1,0.4,0.6,0,0.6,2.4
FA0.9EA0.1Sn0.6Pb0.4Br0.9I2.1,0,0.9,0,0.1,0.4,0.6,0,0.9,2.1
FA0.9EA0.1Sn0.6Pb0.4Br1.2I1.8,0,0.9,0,0.1,0.4,0.6,0,1.2,1.8
FA0.9EA0.1Sn0.6Pb0.4Br1.5I1.5,0,0.9,0,0.1,0.4,0.6,0,1.5,1.5
FA0.9EA0.1Sn0.6Pb0.4Br1.8I1.2,0,0.9,0,0.1,0.4,0.6,0,1.8,1.2
FA0.9EA0.1Sn0.6Pb0.4Br2.1I0.9,0,0.9,0,0.1,0.4,0.6,0,2.1,0.9
FA0.9EA0.1Sn0.6Pb0.4Br2.4I0.6,0,0.9,0,0.1,0.4,0.6,0,2.4,0.6
FA0.9EA0.1Sn0.6Pb0.4Br2.7I0.3,0,0.9,0,0.1,0.4,0.6,0,2.7,0.3
FA0.9EA0.1Sn0.5Pb0.5Cl0.3Br2.7,0,0.9,0,0.1,0.5,0.5,0.3,2.7,0
FA0.9EA0.1Sn0.5Pb0.5Cl0.6Br2.4,0,0.9,0,0.1,0.5,0.5,0.6,2.4,0
FA0.9EA0.1Sn0.5Pb0.5Cl0.9Br2.1,0,0.9,0,0.1,0.5,0.5,0.9,2.1,0
FA0.9EA0.1Sn0.5Pb0.5Cl1.2Br1.8,0,0.9,0,0.1,0.5,0.5,1.2,1.8,0
FA0.9EA0.1Sn0.5Pb0.5Cl1.5Br1.5,0,0.9,0,0.1,0.5,0.5,1.5,1.5,0
FA0.9EA0.1Sn0.5Pb0.5Cl1.8Br1.2,0,0.9,0,0.1,0.5,0.5,1.8,1.2,0
FA0.9EA0.1Sn0.5Pb0.5Cl2.1Br0.9,0,0.9,0,0.1,0.5,0.5,2.1,0.9,0
FA0.9EA0.1Sn0.5Pb0.5Cl2.4Br0.6,0,0.9,0,0.1,0.5,0.5,2.4,0.6,0
FA0.9EA0.1Sn0.5Pb0.5Cl2.7Br0.3,0,0.9,0,0.1,0.5,0.5,2.7,0.3,0
FA0.9EA0.1Sn0.5Pb0.5Cl0.3I2.7,0,0.9,0,0.1,0.5,0.5,0.3,0,2.7
FA0.9EA0.1Sn0.5Pb0.5Cl0.6I2.4,0,0.9,0,0.1,0.5,0.5,0.6,0,2.4
FA0.9EA0.1Sn0.5Pb0.5Cl0.9I2.1,0,0.9,0,0.1,0.5,0.5,0.9,0,2.1
FA0.9EA0.1Sn0.5Pb0.5Cl1.2I1.8,0,0.9,0,0.1,0.5,0.5,1.2,0,1.8
FA0.9EA0.1Sn0.5Pb0.5Cl1.5I1.5,0,0.9,0,0.1,0.5,0.5,1.5,0,1.5
FA0.9EA0.1Sn0.5Pb0.5Cl1.8I1.2,0,0.9,0,0.1,0.5,0.5,1.8,0,1.2
FA0.9EA0.1Sn0.5Pb0.5Cl2.1I0.9,0,0.9,0,0.1,0.5,0.5,2.1,0,0.9
FA0.9EA0.1Sn0.5Pb0.5Cl2.4I0.6,0,0.9,0,0.1,0.5,0.5,2.4,0,0.6
FA0.9EA0.1Sn0.5Pb0.5Cl2.7I0.3,0,0.9,0,0.1,0.5,0.5,2.7,0,0.3
FA0.9EA0.1Sn0.5Pb0.5Br0.3I2.7,0,0.9,0,0.1,0.5,0.5,0,0.3,2.7
FA0.9EA0.1Sn0.5Pb0.5Br0.6I2.4,0,0.9,0,0.1,0.5,0.5,0,0.6,2.4
FA0.9EA0.1Sn0.5Pb0.5Br0.9I2.1,0,0.9,0,0.1,0.5,0.5,0,0.9,2.1
FA0.9EA0.1Sn0.5Pb0.5Br1.2I1.8,0,0.9,0,0.1,0.5,0.5,0,1.2,1.8
FA0.9EA0.1Sn0.5Pb0.5Br1.5I1.5,0,0.9,0,0.1,0.5,0.5,0,1.5,1.5
FA0.9EA0.1Sn0.5Pb0.5Br1.8I1.2,0,0.9,0,0.1,0.5,0.5,0,1.8,1.2
FA0.9EA0.1Sn0.5Pb0.5Br2.1I0.9,0,0.9,0,0.1,0.5,0.5,0,2.1,0.9
FA0.9EA0.1Sn0.5Pb0.5Br2.4I0.6,0,0.9,0,0.1,0.5,0.5,0,2.4,0.6
FA0.9EA0.1Sn0.5Pb0.5Br2.7I0.3,0,0.9,0,0.1,0.5,0.5,0,2.7,0.3
FA0.9EA0.1Sn0.4Pb0.6Cl0.3Br2.7,0,0.9,0,0.1,0.6,0.4,0.3,2.7,0
FA0.9EA0.1Sn0.4Pb0.6Cl0.6Br2.4,0,0.9,0,0.1,0.6,0.4,0.6,2.4,0
FA0.9EA0.1Sn0.4Pb0.6Cl0.9Br2.1,0,0.9,0,0.1,0.6,0.4,0.9,2.1,0
FA0.9EA0.1Sn0.4Pb0.6Cl1.2Br1.8,0,0.9,0,0.1,0.6,0.4,1.2,1.8,0
FA0.9EA0.1Sn0.4Pb0.6Cl1.5Br1.5,0,0.9,0,0.1,0.6,0.4,1.5,1.5,0
FA0.9EA0.1Sn0.4Pb0.6Cl1.8Br1.2,0,0.9,0,0.1,0.6,0.4,1.8,1.2,0
FA0.9EA0.1Sn0.4Pb0.6Cl2.1Br0.9,0,0.9,0,0.1,0.6,0.4,2.1,0.9,0
FA0.9EA0.1Sn0.4Pb0.6Cl2.4Br0.6,0,0.9,0,0.1,0.6,0.4,2.4,0.6,0
FA0.9EA0.1Sn0.4Pb0.6Cl2.7Br0.3,0,0.9,0,0.1,0.6,0.4,2.7,0.3,0
FA0.9EA0.1Sn0.4Pb0.6Cl0.3I2.7,0,0.9,0,0.1,0.6,0.4,0.3,0,2.7
FA0.9EA0.1Sn0.4Pb0.6Cl0.6I2.4,0,0.9,0,0.1,0.6,0.4,0.6,0,2.4
FA0.9EA0.1Sn0.4Pb0.6Cl0.9I2.1,0,0.9,0,0.1,0.6,0.4,0.9,0,2.1
FA0.9EA0.1Sn0.4Pb0.6Cl1.2I1.8,0,0.9,0,0.1,0.6,0.4,1.2,0,1.8
FA0.9EA0.1Sn0.4Pb0.6Cl1.5I1.5,0,0.9,0,0.1,0.6,0.4,1.5,0,1.5
FA0.9EA0.1Sn0.4Pb0.6Cl1.8I1.2,0,0.9,0,0.1,0.6,0.4,1.8,0,1.2
FA0.9EA0.1Sn0.4Pb0.6Cl2.1I0.9,0,0.9,0,0.1,0.6,0.4,2.1,0,0.9
FA0.9EA0.1Sn0.4Pb0.6Cl2.4I0.6,0,0.9,0,0.1,0.6,0.4,2.4,0,0.6
FA0.9EA0.1Sn0.4Pb0.6Cl2.7I0.3,0,0.9,0,0.1,0.6,0.4,2.7,0,0.3
FA0.9EA0.1Sn0.4Pb0.6Br0.3I2.7,0,0.9,0,0.1,0.6,0.4,0,0.3,2.7
FA0.9EA0.1Sn0.4Pb0.6Br0.6I2.4,0,0.9,0,0.1,0.6,0.4,0,0.6,2.4
FA0.9EA0.1Sn0.4Pb0.6Br0.9I2.1,0,0.9,0,0.1,0.6,0.4,0,0.9,2.1
FA0.9EA0.1Sn0.4Pb0.6Br1.2I1.8,0,0.9,0,0.1,0.6,0.4,0,1.2,1.8
FA0.9EA0.1Sn0.4Pb0.6Br1.5I1.5,0,0.9,0,0.1,0.6,0.4,0,1.5,1.5
FA0.9EA0.1Sn0.4Pb0.6Br1.8I1.2,0,0.9,0,0.1,0.6,0.4,0,1.8,1.2
FA0.9EA0.1Sn0.4Pb0.6Br2.1I0.9,0,0.9,0,0.1,0.6,0.4,0,2.1,0.9
FA0.9EA0.1Sn0.4Pb0.6Br2.4I0.6,0,0.9,0,0.1,0.6,0.4,0,2.4,0.6
FA0.9EA0.1Sn0.4Pb0.6Br2.7I0.3,0,0.9,0,0.1,0.6,0.4,0,2.7,0.3
FA0.9EA0.1Sn0.3Pb0.7Cl0.3Br2.7,0,0.9,0,0.1,0.7,0.3,0.3,2.7,0
FA0.9EA0.1Sn0.3Pb0.7Cl0.6Br2.4,0,0.9,0,0.1,0.7,0.3,0.6,2.4,0
FA0.9EA0.1Sn0.3Pb0.7Cl0.9Br2.1,0,0.9,0,0.1,0.7,0.3,0.9,2.1,0
FA0.9EA0.1Sn0.3Pb0.7Cl1.2Br1.8,0,0.9,0,0.1,0.7,0.3,1.2,1.8,0
FA0.9EA0.1Sn0.3Pb0.7Cl1.5Br1.5,0,0.9,0,0.1,0.7,0.3,1.5,1.5,0
FA0.9EA0.1Sn0.3Pb0.7Cl1.8Br1.2,0,0.9,0,0.1,0.7,0.3,1.8,1.2,0
FA0.9EA0.1Sn0.3Pb0.7Cl2.1Br0.9,0,0.9,0,0.1,0.7,0.3,2.1,0.9,0
FA0.9EA0.1Sn0.3Pb0.7Cl2.4Br0.6,0,0.9,0,0.1,0.7,0.3,2.4,0.6,0
FA0.9EA0.1Sn0.3Pb0.7Cl2.7Br0.3,0,0.9,0,0.1,0.7,0.3,2.7,0.3,0
FA0.9EA0.1Sn0.3Pb0.7Cl0.3I2.7,0,0.9,0,0.1,0.7,0.3,0.3,0,2.7
FA0.9EA0.1Sn0.3Pb0.7Cl0.6I2.4,0,0.9,0,0.1,0.7,0.3,0.6,0,2.4
FA0.9EA0.1Sn0.3Pb0.7Cl0.9I2.1,0,0.9,0,0.1,0.7,0.3,0.9,0,2.1
FA0.9EA0.1Sn0.3Pb0.7Cl1.2I1.8,0,0.9,0,0.1,0.7,0.3,1.2,0,1.8
FA0.9EA0.1Sn0.3Pb0.7Cl1.5I1.5,0,0.9,0,0.1,0.7,0.3,1.5,0,1.5
FA0.9EA0.1Sn0.3Pb0.7Cl1.8I1.2,0,0.9,0,0.1,0.7,0.3,1.8,0,1.2
FA0.9EA0.1Sn0.3Pb0.7Cl2.1I0.9,0,0.9,0,0.1,0.7,0.3,2.1,0,0.9
FA0.9EA0.1Sn0.3Pb0.7Cl2.4I0.6,0,0.9,0,0.1,0.7,0.3,2.4,0,0.6
FA0.9EA0.1Sn0.3Pb0.7Cl2.7I0.3,0,0.9,0,0.1,0.7,0.3,2.7,0,0.3
FA0.9EA0.1Sn0.3Pb0.7Br0.3I2.7,0,0.9,0,0.1,0.7,0.3,0,0.3,2.7
FA0.9EA0.1Sn0.3Pb0.7Br0.6I2.4,0,0.9,0,0.1,0.7,0.3,0,0.6,2.4
FA0.9EA0.1Sn0.3Pb0.7Br0.9I2.1,0,0.9,0,0.1,0.7,0.3,0,0.9,2.1
FA0.9EA0.1Sn0.3Pb0.7Br1.2I1.8,0,0.9,0,0.1,0.7,0.3,0,1.2,1.8
FA0.9EA0.1Sn0.3Pb0.7Br1.5I1.5,0,0.9,0,0.1,0.7,0.3,0,1.5,1.5
FA0.9EA0.1Sn0.3Pb0.7Br1.8I1.2,0,0.9,0,0.1,0.7,0.3,0,1.8,1.2
FA0.9EA0.1Sn0.3Pb0.7Br2.1I0.9,0,0.9,0,0.1,0.7,0.3,0,2.1,0.9
FA0.9EA0.1Sn0.3Pb0.7Br2.4I0.6,0,0.9,0,0.1,0.7,0.3,0,2.4,0.6
FA0.9EA0.1Sn0.3Pb0.7Br2.7I0.3,0,0.9,0,0.1,0.7,0.3,0,2.7,0.3
FA0.9EA0.1Sn0.2Pb0.8Cl0.3Br2.7,0,0.9,0,0.1,0.8,0.2,0.3,2.7,0
FA0.9EA0.1Sn0.2Pb0.8Cl0.6Br2.4,0,0.9,0,0.1,0.8,0.2,0.6,2.4,0
FA0.9EA0.1Sn0.2Pb0.8Cl0.9Br2.1,0,0.9,0,0.1,0.8,0.2,0.9,2.1,0
FA0.9EA0.1Sn0.2Pb0.8Cl1.2Br1.8,0,0.9,0,0.1,0.8,0.2,1.2,1.8,0
FA0.9EA0.1Sn0.2Pb0.8Cl1.5Br1.5,0,0.9,0,0.1,0.8,0.2,1.5,1.5,0
FA0.9EA0.1Sn0.2Pb0.8Cl1.8Br1.2,0,0.9,0,0.1,0.8,0.2,1.8,1.2,0
FA0.9EA0.1Sn0.2Pb0.8Cl2.1Br0.9,0,0.9,0,0.1,0.8,0.2,2.1,0.9,0
FA0.9EA0.1Sn0.2Pb0.8Cl2.4Br0.6,0,0.9,0,0.1,0.8,0.2,2.4,0.6,0
FA0.9EA0.1Sn0.2Pb0.8Cl2.7Br0.3,0,0.9,0,0.1,0.8,0.2,2.7,0.3,0
FA0.9EA0.1Sn0.2Pb0.8Cl0.3I2.7,0,0.9,0,0.1,0.8,0.2,0.3,0,2.7
FA0.9EA0.1Sn0.2Pb0.8Cl0.6I2.4,0,0.9,0,0.1,0.8,0.2,0.6,0,2.4
FA0.9EA0.1Sn0.2Pb0.8Cl0.9I2.1,0,0.9,0,0.1,0.8,0.2,0.9,0,2.1
FA0.9EA0.1Sn0.2Pb0.8Cl1.2I1.8,0,0.9,0,0.1,0.8,0.2,1.2,0,1.8
FA0.9EA0.1Sn0.2Pb0.8Cl1.5I1.5,0,0.9,0,0.1,0.8,0.2,1.5,0,1.5
FA0.9EA0.1Sn0.2Pb0.8Cl1.8I1.2,0,0.9,0,0.1,0.8,0.2,1.8,0,1.2
FA0.9EA0.1Sn0.2Pb0.8Cl2.1I0.9,0,0.9,0,0.1,0.8,0.2,2.1,0,0.9
FA0.9EA0.1Sn0.2Pb0.8Cl2.4I0.6,0,0.9,0,0.1,0.8,0.2,2.4,0,0.6
FA0.9EA0.1Sn0.2Pb0.8Cl2.7I0.3,0,0.9,0,0.1,0.8,0.2,2.7,0,0.3
FA0.9EA0.1Sn0.2Pb0.8Br0.3I2.7,0,0.9,0,0.1,0.8,0.2,0,0.3,2.7
FA0.9EA0.1Sn0.2Pb0.8Br0.6I2.4,0,0.9,0,0.1,0.8,0.2,0,0.6,2.4
FA0.9EA0.1Sn0.2Pb0.8Br0.9I2.1,0,0.9,0,0.1,0.8,0.2,0,0.9,2.1
FA0.9EA0.1Sn0.2Pb0.8Br1.2I1.8,0,0.9,0,0.1,0.8,0.2,0,1.2,1.8
FA0.9EA0.1Sn0.2Pb0.8Br1.5I1.5,0,0.9,0,0.1,0.8,0.2,0,1.5,1.5
FA0.9EA0.1Sn0.2Pb0.8Br1.8I1.2,0,0.9,0,0.1,0.8,0.2,0,1.8,1.2
FA0.9EA0.1Sn0.2Pb0.8Br2.1I0.9,0,0.9,0,0.1,0.8,0.2,0,2.1,0.9
FA0.9EA0.1Sn0.2Pb0.8Br2.4I0.6,0,0.9,0,0.1,0.8,0.2,0,2.4,0.6
FA0.9EA0.1Sn0.2Pb0.8Br2.7I0.3,0,0.9,0,0.1,0.8,0.2,0,2.7,0.3
FA0.9EA0.1Sn0.1Pb0.9Cl0.3Br2.7,0,0.9,0,0.1,0.9,0.1,0.3,2.7,0
FA0.9EA0.1Sn0.1Pb0.9Cl0.6Br2.4,0,0.9,0,0.1,0.9,0.1,0.6,2.4,0
FA0.9EA0.1Sn0.1Pb0.9Cl0.9Br2.1,0,0.9,0,0.1,0.9,0.1,0.9,2.1,0
FA0.9EA0.1Sn0.1Pb0.9Cl1.2Br1.8,0,0.9,0,0.1,0.9,0.1,1.2,1.8,0
FA0.9EA0.1Sn0.1Pb0.9Cl1.5Br1.5,0,0.9,0,0.1,0.9,0.1,1.5,1.5,0
FA0.9EA0.1Sn0.1Pb0.9Cl1.8Br1.2,0,0.9,0,0.1,0.9,0.1,1.8,1.2,0
FA0.9EA0.1Sn0.1Pb0.9Cl2.1Br0.9,0,0.9,0,0.1,0.9,0.1,2.1,0.9,0
FA0.9EA0.1Sn0.1Pb0.9Cl2.4Br0.6,0,0.9,0,0.1,0.9,0.1,2.4,0.6,0
FA0.9EA0.1Sn0.1Pb0.9Cl2.7Br0.3,0,0.9,0,0.1,0.9,0.1,2.7,0.3,0
FA0.9EA0.1Sn0.1Pb0.9Cl0.3I2.7,0,0.9,0,0.1,0.9,0.1,0.3,0,2.7
FA0.9EA0.1Sn0.1Pb0.9Cl0.6I2.4,0,0.9,0,0.1,0.9,0.1,0.6,0,2.4
FA0.9EA0.1Sn0.1Pb0.9Cl0.9I2.1,0,0.9,0,0.1,0.9,0.1,0.9,0,2.1
FA0.9EA0.1Sn0.1Pb0.9Cl1.2I1.8,0,0.9,0,0.1,0.9,0.1,1.2,0,1.8
FA0.9EA0.1Sn0.1Pb0.9Cl1.5I1.5,0,0.9,0,0.1,0.9,0.1,1.5,0,1.5
FA0.9EA0.1Sn0.1Pb0.9Cl1.8I1.2,0,0.9,0,0.1,0.9,0.1,1.8,0,1.2
FA0.9EA0.1Sn0.1Pb0.9Cl2.1I0.9,0,0.9,0,0.1,0.9,0.1,2.1,0,0.9
FA0.9EA0.1Sn0.1Pb0.9Cl2.4I0.6,0,0.9,0,0.1,0.9,0.1,2.4,0,0.6
FA0.9EA0.1Sn0.1Pb0.9Cl2.7I0.3,0,0.9,0,0.1,0.9,0.1,2.7,0,0.3
FA0.9EA0.1Sn0.1Pb0.9Br0.3I2.7,0,0.9,0,0.1,0.9,0.1,0,0.3,2.7
FA0.9EA0.1Sn0.1Pb0.9Br0.6I2.4,0,0.9,0,0.1,0.9,0.1,0,0.6,2.4
FA0.9EA0.1Sn0.1Pb0.9Br0.9I2.1,0,0.9,0,0.1,0.9,0.1,0,0.9,2.1
FA0.9EA0.1Sn0.1Pb0.9Br1.2I1.8,0,0.9,0,0.1,0.9,0.1,0,1.2,1.8
FA0.9EA0.1Sn0.1Pb0.9Br1.5I1.5,0,0.9,0,0.1,0.9,0.1,0,1.5,1.5
FA0.9EA0.1Sn0.1Pb0.9Br1.8I1.2,0,0.9,0,0.1,0.9,0.1,0,1.8,1.2
FA0.9EA0.1Sn0.1Pb0.9Br2.1I0.9,0,0.9,0,0.1,0.9,0.1,0,2.1,0.9
FA0.9EA0.1Sn0.1Pb0.9Br2.4I0.6,0,0.9,0,0.1,0.9,0.1,0,2.4,0.6
FA0.9EA0.1Sn0.1Pb0.9Br2.7I0.3,0,0.9,0,0.1,0.9,0.1,0,2.7,0.3
Cs0.1EA0.9Sn0.9Pb0.1Cl0.3Br2.7,0,0,0.1,0.9,0.1,0.9,0.3,2.7,0
Cs0.1EA0.9Sn0.9Pb0.1Cl0.6Br2.4,0,0,0.1,0.9,0.1,0.9,0.6,2.4,0
Cs0.1EA0.9Sn0.9Pb0.1Cl0.9Br2.1,0,0,0.1,0.9,0.1,0.9,0.9,2.1,0
Cs0.1EA0.9Sn0.9Pb0.1Cl1.2Br1.8,0,0,0.1,0.9,0.1,0.9,1.2,1.8,0
Cs0.1EA0.9Sn0.9Pb0.1Cl1.5Br1.5,0,0,0.1,0.9,0.1,0.9,1.5,1.5,0
Cs0.1EA0.9Sn0.9Pb0.1Cl1.8Br1.2,0,0,0.1,0.9,0.1,0.9,1.8,1.2,0
Cs0.1EA0.9Sn0.9Pb0.1Cl2.1Br0.9,0,0,0.1,0.9,0.1,0.9,2.1,0.9,0
Cs0.1EA0.9Sn0.9Pb0.1Cl2.4Br0.6,0,0,0.1,0.9,0.1,0.9,2.4,0.6,0
Cs0.1EA0.9Sn0.9Pb0.1Cl2.7Br0.3,0,0,0.1,0.9,0.1,0.9,2.7,0.3,0
Cs0.1EA0.9Sn0.9Pb0.1Cl0.3I2.7,0,0,0.1,0.9,0.1,0.9,0.3,0,2.7
Cs0.1EA0.9Sn0.9Pb0.1Cl0.6I2.4,0,0,0.1,0.9,0.1,0.9,0.6,0,2.4
Cs0.1EA0.9Sn0.9Pb0.1Cl0.9I2.1,0,0,0.1,0.9,0.1,0.9,0.9,0,2.1
Cs0.1EA0.9Sn0.9Pb0.1Cl1.2I1.8,0,0,0.1,0.9,0.1,0.9,1.2,0,1.8
Cs0.1EA0.9Sn0.9Pb0.1Cl1.5I1.5,0,0,0.1,0.9,0.1,0.9,1.5,0,1.5
Cs0.1EA0.9Sn0.9Pb0.1Cl1.8I1.2,0,0,0.1,0.9,0.1,0.9,1.8,0,1.2
Cs0.1EA0.9Sn0.9Pb0.1Cl2.1I0.9,0,0,0.1,0.9,0.1,0.9,2.1,0,0.9
Cs0.1EA0.9Sn0.9Pb0.1Cl2.4I0.6,0,0,0.1,0.9,0.1,0.9,2.4,0,0.6
Cs0.1EA0.9Sn0.9Pb0.1Cl2.7I0.3,0,0,0.1,0.9,0.1,0.9,2.7,0,0.3
Cs0.1EA0.9Sn0.9Pb0.1Br0.3I2.7,0,0,0.1,0.9,0.1,0.9,0,0.3,2.7
Cs0.1EA0.9Sn0.9Pb0.1Br0.6I2.4,0,0,0.1,0.9,0.1,0.9,0,0.6,2.4
Cs0.1EA0.9Sn0.9Pb0.1Br0.9I2.1,0,0,0.1,0.9,0.1,0.9,0,0.9,2.1
Cs0.1EA0.9Sn0.9Pb0.1Br1.2I1.8,0,0,0.1,0.9,0.1,0.9,0,1.2,1.8
Cs0.1EA0.9Sn0.9Pb0.1Br1.5I1.5,0,0,0.1,0.9,0.1,0.9,0,1.5,1.5
Cs0.1EA0.9Sn0.9Pb0.1Br1.8I1.2,0,0,0.1,0.9,0.1,0.9,0,1.8,1.2
Cs0.1EA0.9Sn0.9Pb0.1Br2.1I0.9,0,0,0.1,0.9,0.1,0.9,0,2.1,0.9
Cs0.1EA0.9Sn0.9Pb0.1Br2.4I0.6,0,0,0.1,0.9,0.1,0.9,0,2.4,0.6
Cs0.1EA0.9Sn0.9Pb0.1Br2.7I0.3,0,0,0.1,0.9,0.1,0.9,0,2.7,0.3
Cs0.1EA0.9Sn0.8Pb0.2Cl0.3Br2.7,0,0,0.1,0.9,0.2,0.8,0.3,2.7,0
Cs0.1EA0.9Sn0.8Pb0.2Cl0.6Br2.4,0,0,0.1,0.9,0.2,0.8,0.6,2.4,0
Cs0.1EA0.9Sn0.8Pb0.2Cl0.9Br2.1,0,0,0.1,0.9,0.2,0.8,0.9,2.1,0
Cs0.1EA0.9Sn0.8Pb0.2Cl1.2Br1.8,0,0,0.1,0.9,0.2,0.8,1.2,1.8,0
Cs0.1EA0.9Sn0.8Pb0.2Cl1.5Br1.5,0,0,0.1,0.9,0.2,0.8,1.5,1.5,0
Cs0.1EA0.9Sn0.8Pb0.2Cl1.8Br1.2,0,0,0.1,0.9,0.2,0.8,1.8,1.2,0
Cs0.1EA0.9Sn0.8Pb0.2Cl2.1Br0.9,0,0,0.1,0.9,0.2,0.8,2.1,0.9,0
Cs0.1EA0.9Sn0.8Pb0.2Cl2.4Br0.6,0,0,0.1,0.9,0.2,0.8,2.4,0.6,0
Cs0.1EA0.9Sn0.8Pb0.2Cl2.7Br0.3,0,0,0.1,0.9,0.2,0.8,2.7,0.3,0
Cs0.1EA0.9Sn0.8Pb0.2Cl0.3I2.7,0,0,0.1,0.9,0.2,0.8,0.3,0,2.7
Cs0.1EA0.9Sn0.8Pb0.2Cl0.6I2.4,0,0,0.1,0.9,0.2,0.8,0.6,0,2.4
Cs0.1EA0.9Sn0.8Pb0.2Cl0.9I2.1,0,0,0.1,0.9,0.2,0.8,0.9,0,2.1
Cs0.1EA0.9Sn0.8Pb0.2Cl1.2I1.8,0,0,0.1,0.9,0.2,0.8,1.2,0,1.8
Cs0.1EA0.9Sn0.8Pb0.2Cl1.5I1.5,0,0,0.1,0.9,0.2,0.8,1.5,0,1.5
Cs0.1EA0.9Sn0.8Pb0.2Cl1.8I1.2,0,0,0.1,0.9,0.2,0.8,1.8,0,1.2
Cs0.1EA0.9Sn0.8Pb0.2Cl2.1I0.9,0,0,0.1,0.9,0.2,0.8,2.1,0,0.9
Cs0.1EA0.9Sn0.8Pb0.2Cl2.4I0.6,0,0,0.1,0.9,0.2,0.8,2.4,0,0.6
Cs0.1EA0.9Sn0.8Pb0.2Cl2.7I0.3,0,0,0.1,0.9,0.2,0.8,2.7,0,0.3
Cs0.1EA0.9Sn0.8Pb0.2Br0.3I2.7,0,0,0.1,0.9,0.2,0.8,0,0.3,2.7
Cs0.1EA0.9Sn0.8Pb0.2Br0.6I2.4,0,0,0.1,0.9,0.2,0.8,0,0.6,2.4
Cs0.1EA0.9Sn0.8Pb0.2Br0.9I2.1,0,0,0.1,0.9,0.2,0.8,0,0.9,2.1
Cs0.1EA0.9Sn0.8Pb0.2Br1.2I1.8,0,0,0.1,0.9,0.2,0.8,0,1.2,1.8
Cs0.1EA0.9Sn0.8Pb0.2Br1.5I1.5,0,0,0.1,0.9,0.2,0.8,0,1.5,1.5
Cs0.1EA0.9Sn0.8Pb0.2Br1.8I1.2,0,0,0.1,0.9,0.2,0.8,0,1.8,1.2
Cs0.1EA0.9Sn0.8Pb0.2Br2.1I0.9,0,0,0.1,0.9,0.2,0.8,0,2.1,0.9
Cs0.1EA0.9Sn0.8Pb0.2Br2.4I0.6,0,0,0.1,0.9,0.2,0.8,0,2.4,0.6
Cs0.1EA0.9Sn0.8Pb0.2Br2.7I0.3,0,0,0.1,0.9,0.2,0.8,0,2.7,0.3
Cs0.1EA0.9Sn0.7Pb0.3Cl0.3Br2.7,0,0,0.1,0.9,0.3,0.7,0.3,2.7,0
Cs0.1EA0.9Sn0.7Pb0.3Cl0.6Br2.4,0,0,0.1,0.9,0.3,0.7,0.6,2.4,0
Cs0.1EA0.9Sn0.7Pb0.3Cl0.9Br2.1,0,0,0.1,0.9,0.3,0.7,0.9,2.1,0
Cs0.1EA0.9Sn0.7Pb0.3Cl1.2Br1.8,0,0,0.1,0.9,0.3,0.7,1.2,1.8,0
Cs0.1EA0.9Sn0.7Pb0.3Cl1.5Br1.5,0,0,0.1,0.9,0.3,0.7,1.5,1.5,0
Cs0.1EA0.9Sn0.7Pb0.3Cl1.8Br1.2,0,0,0.1,0.9,0.3,0.7,1.8,1.2,0
Cs0.1EA0.9Sn0.7Pb0.3Cl2.1Br0.9,0,0,0.1,0.9,0.3,0.7,2.1,0.9,0
Cs0.1EA0.9Sn0.7Pb0.3Cl2.4Br0.6,0,0,0.1,0.9,0.3,0.7,2.4,0.6,0
Cs0.1EA0.9Sn0.7Pb0.3Cl2.7Br0.3,0,0,0.1,0.9,0.3,0.7,2.7,0.3,0
Cs0.1EA0.9Sn0.7Pb0.3Cl0.3I2.7,0,0,0.1,0.9,0.3,0.7,0.3,0,2.7
Cs0.1EA0.9Sn0.7Pb0.3Cl0.6I2.4,0,0,0.1,0.9,0.3,0.7,0.6,0,2.4
Cs0.1EA0.9Sn0.7Pb0.3Cl0.9I2.1,0,0,0.1,0.9,0.3,0.7,0.9,0,2.1
Cs0.1EA0.9Sn0.7Pb0.3Cl1.2I1.8,0,0,0.1,0.9,0.3,0.7,1.2,0,1.8
Cs0.1EA0.9Sn0.7Pb0.3Cl1.5I1.5,0,0,0.1,0.9,0.3,0.7,1.5,0,1.5
Cs0.1EA0.9Sn0.7Pb0.3Cl1.8I1.2,0,0,0.1,0.9,0.3,0.7,1.8,0,1.2
Cs0.1EA0.9Sn0.7Pb0.3Cl2.1I0.9,0,0,0.1,0.9,0.3,0.7,2.1,0,0.9
Cs0.1EA0.9Sn0.7Pb0.3Cl2.4I0.6,0,0,0.1,0.9,0.3,0.7,2.4,0,0.6
Cs0.1EA0.9Sn0.7Pb0.3Cl2.7I0.3,0,0,0.1,0.9,0.3,0.7,2.7,0,0.3
Cs0.1EA0.9Sn0.7Pb0.3Br0.3I2.7,0,0,0.1,0.9,0.3,0.7,0,0.3,2.7
Cs0.1EA0.9Sn0.7Pb0.3Br0.6I2.4,0,0,0.1,0.9,0.3,0.7,0,0.6,2.4
Cs0.1EA0.9Sn0.7Pb0.3Br0.9I2.1,0,0,0.1,0.9,0.3,0.7,0,0.9,2.1
Cs0.1EA0.9Sn0.7Pb0.3Br1.2I1.8,0,0,0.1,0.9,0.3,0.7,0,1.2,1.8
Cs0.1EA0.9Sn0.7Pb0.3Br1.5I1.5,0,0,0.1,0.9,0.3,0.7,0,1.5,1.5
Cs0.1EA0.9Sn0.7Pb0.3Br1.8I1.2,0,0,0.1,0.9,0.3,0.7,0,1.8,1.2
Cs0.1EA0.9Sn0.7Pb0.3Br2.1I0.9,0,0,0.1,0.9,0.3,0.7,0,2.1,0.9
Cs0.1EA0.9Sn0.7Pb0.3Br2.4I0.6,0,0,0.1,0.9,0.3,0.7,0,2.4,0.6
Cs0.1EA0.9Sn0.7Pb0.3Br2.7I0.3,0,0,0.1,0.9,0.3,0.7,0,2.7,0.3
Cs0.1EA0.9Sn0.6Pb0.4Cl0.3Br2.7,0,0,0.1,0.9,0.4,0.6,0.3,2.7,0
Cs0.1EA0.9Sn0.6Pb0.4Cl0.6Br2.4,0,0,0.1,0.9,0.4,0.6,0.6,2.4,0
Cs0.1EA0.9Sn0.6Pb0.4Cl0.9Br2.1,0,0,0.1,0.9,0.4,0.6,0.9,2.1,0
Cs0.1EA0.9Sn0.6Pb0.4Cl1.2Br1.8,0,0,0.1,0.9,0.4,0.6,1.2,1.8,0
Cs0.1EA0.9Sn0.6Pb0.4Cl1.5Br1.5,0,0,0.1,0.9,0.4,0.6,1.5,1.5,0
Cs0.1EA0.9Sn0.6Pb0.4Cl1.8Br1.2,0,0,0.1,0.9,0.4,0.6,1.8,1.2,0
Cs0.1EA0.9Sn0.6Pb0.4Cl2.1Br0.9,0,0,0.1,0.9,0.4,0.6,2.1,0.9,0
Cs0.1EA0.9Sn0.6Pb0.4Cl2.4Br0.6,0,0,0.1,0.9,0.4,0.6,2.4,0.6,0
Cs0.1EA0.9Sn0.6Pb0.4Cl2.7Br0.3,0,0,0.1,0.9,0.4,0.6,2.7,0.3,0
Cs0.1EA0.9Sn0.6Pb0.4Cl0.3I2.7,0,0,0.1,0.9,0.4,0.6,0.3,0,2.7
Cs0.1EA0.9Sn0.6Pb0.4Cl0.6I2.4,0,0,0.1,0.9,0.4,0.6,0.6,0,2.4
Cs0.1EA0.9Sn0.6Pb0.4Cl0.9I2.1,0,0,0.1,0.9,0.4,0.6,0.9,0,2.1
Cs0.1EA0.9Sn0.6Pb0.4Cl1.2I1.8,0,0,0.1,0.9,0.4,0.6,1.2,0,1.8
Cs0.1EA0.9Sn0.6Pb0.4Cl1.5I1.5,0,0,0.1,0.9,0.4,0.6,1.5,0,1.5
Cs0.1EA0.9Sn0.6Pb0.4Cl1.8I1.2,0,0,0.1,0.9,0.4,0.6,1.8,0,1.2
Cs0.1EA0.9Sn0.6Pb0.4Cl2.1I0.9,0,0,0.1,0.9,0.4,0.6,2.1,0,0.9
Cs0.1EA0.9Sn0.6Pb0.4Cl2.4I0.6,0,0,0.1,0.9,0.4,0.6,2.4,0,0.6
Cs0.1EA0.9Sn0.6Pb0.4Cl2.7I0.3,0,0,0.1,0.9,0.4,0.6,2.7,0,0.3
Cs0.1EA0.9Sn0.6Pb0.4Br0.3I2.7,0,0,0.1,0.9,0.4,0.6,0,0.3,2.7
Cs0.1EA0.9Sn0.6Pb0.4Br0.6I2.4,0,0,0.1,0.9,0.4,0.6,0,0.6,2.4
Cs0.1EA0.9Sn0.6Pb0.4Br0.9I2.1,0,0,0.1,0.9,0.4,0.6,0,0.9,2.1
Cs0.1EA0.9Sn0.6Pb0.4Br1.2I1.8,0,0,0.1,0.9,0.4,0.6,0,1.2,1.8
Cs0.1EA0.9Sn0.6Pb0.4Br1.5I1.5,0,0,0.1,0.9,0.4,0.6,0,1.5,1.5
Cs0.1EA0.9Sn0.6Pb0.4Br1.8I1.2,0,0,0.1,0.9,0.4,0.6,0,1.8,1.2
Cs0.1EA0.9Sn0.6Pb0.4Br2.1I0.9,0,0,0.1,0.9,0.4,0.6,0,2.1,0.9
Cs0.1EA0.9Sn0.6Pb0.4Br2.4I0.6,0,0,0.1,0.9,0.4,0.6,0,2.4,0.6
Cs0.1EA0.9Sn0.6Pb0.4Br2.7I0.3,0,0,0.1,0.9,0.4,0.6,0,2.7,0.3
Cs0.1EA0.9Sn0.5Pb0.5Cl0.3Br2.7,0,0,0.1,0.9,0.5,0.5,0.3,2.7,0
Cs0.1EA0.9Sn0.5Pb0.5Cl0.6Br2.4,0,0,0.1,0.9,0.5,0.5,0.6,2.4,0
Cs0.1EA0.9Sn0.5Pb0.5Cl0.9Br2.1,0,0,0.1,0.9,0.5,0.5,0.9,2.1,0
Cs0.1EA0.9Sn0.5Pb0.5Cl1.2Br1.8,0,0,0.1,0.9,0.5,0.5,1.2,1.8,0
Cs0.1EA0.9Sn0.5Pb0.5Cl1.5Br1.5,0,0,0.1,0.9,0.5,0.5,1.5,1.5,0
Cs0.1EA0.9Sn0.5Pb0.5Cl1.8Br1.2,0,0,0.1,0.9,0.5,0.5,1.8,1.2,0
Cs0.1EA0.9Sn0.5Pb0.5Cl2.1Br0.9,0,0,0.1,0.9,0.5,0.5,2.1,0.9,0
Cs0.1EA0.9Sn0.5Pb0.5Cl2.4Br0.6,0,0,0.1,0.9,0.5,0.5,2.4,0.6,0
Cs0.1EA0.9Sn0.5Pb0.5Cl2.7Br0.3,0,0,0.1,0.9,0.5,0.5,2.7,0.3,0
Cs0.1EA0.9Sn0.5Pb0.5Cl0.3I2.7,0,0,0.1,0.9,0.5,0.5,0.3,0,2.7
Cs0.1EA0.9Sn0.5Pb0.5Cl0.6I2.4,0,0,0.1,0.9,0.5,0.5,0.6,0,2.4
Cs0.1EA0.9Sn0.5Pb0.5Cl0.9I2.1,0,0,0.1,0.9,0.5,0.5,0.9,0,2.1
Cs0.1EA0.9Sn0.5Pb0.5Cl1.2I1.8,0,0,0.1,0.9,0.5,0.5,1.2,0,1.8
Cs0.1EA0.9Sn0.5Pb0.5Cl1.5I1.5,0,0,0.1,0.9,0.5,0.5,1.5,0,1.5
Cs0.1EA0.9Sn0.5Pb0.5Cl1.8I1.2,0,0,0.1,0.9,0.5,0.5,1.8,0,1.2
Cs0.1EA0.9Sn0.5Pb0.5Cl2.1I0.9,0,0,0.1,0.9,0.5,0.5,2.1,0,0.9
Cs0.1EA0.9Sn0.5Pb0.5Cl2.4I0.6,0,0,0.1,0.9,0.5,0.5,2.4,0,0.6
Cs0.1EA0.9Sn0.5Pb0.5Cl2.7I0.3,0,0,0.1,0.9,0.5,0.5,2.7,0,0.3
Cs0.1EA0.9Sn0.5Pb0.5Br0.3I2.7,0,0,0.1,0.9,0.5,0.5,0,0.3,2.7
Cs0.1EA0.9Sn0.5Pb0.5Br0.6I2.4,0,0,0.1,0.9,0.5,0.5,0,0.6,2.4
Cs0.1EA0.9Sn0.5Pb0.5Br0.9I2.1,0,0,0.1,0.9,0.5,0.5,0,0.9,2.1
Cs0.1EA0.9Sn0.5Pb0.5Br1.2I1.8,0,0,0.1,0.9,0.5,0.5,0,1.2,1.8
Cs0.1EA0.9Sn0.5Pb0.5Br1.5I1.5,0,0,0.1,0.9,0.5,0.5,0,1.5,1.5
Cs0.1EA0.9Sn0.5Pb0.5Br1.8I1.2,0,0,0.1,0.9,0.5,0.5,0,1.8,1.2
Cs0.1EA0.9Sn0.5Pb0.5Br2.1I0.9,0,0,0.1,0.9,0.5,0.5,0,2.1,0.9
Cs0.1EA0.9Sn0.5Pb0.5Br2.4I0.6,0,0,0.1,0.9,0.5,0.5,0,2.4,0.6
Cs0.1EA0.9Sn0.5Pb0.5Br2.7I0.3,0,0,0.1,0.9,0.5,0.5,0,2.7,0.3
Cs0.1EA0.9Sn0.4Pb0.6Cl0.3Br2.7,0,0,0.1,0.9,0.6,0.4,0.3,2.7,0
Cs0.1EA0.9Sn0.4Pb0.6Cl0.6Br2.4,0,0,0.1,0.9,0.6,0.4,0.6,2.4,0
Cs0.1EA0.9Sn0.4Pb0.6Cl0.9Br2.1,0,0,0.1,0.9,0.6,0.4,0.9,2.1,0
Cs0.1EA0.9Sn0.4Pb0.6Cl1.2Br1.8,0,0,0.1,0.9,0.6,0.4,1.2,1.8,0
Cs0.1EA0.9Sn0.4Pb0.6Cl1.5Br1.5,0,0,0.1,0.9,0.6,0.4,1.5,1.5,0
Cs0.1EA0.9Sn0.4Pb0.6Cl1.8Br1.2,0,0,0.1,0.9,0.6,0.4,1.8,1.2,0
Cs0.1EA0.9Sn0.4Pb0.6Cl2.1Br0.9,0,0,0.1,0.9,0.6,0.4,2.1,0.9,0
Cs0.1EA0.9Sn0.4Pb0.6Cl2.4Br0.6,0,0,0.1,0.9,0.6,0.4,2.4,0.6,0
Cs0.1EA0.9Sn0.4Pb0.6Cl2.7Br0.3,0,0,0.1,0.9,0.6,0.4,2.7,0.3,0
Cs0.1EA0.9Sn0.4Pb0.6Cl0.3I2.7,0,0,0.1,0.9,0.6,0.4,0.3,0,2.7
Cs0.1EA0.9Sn0.4Pb0.6Cl0.6I2.4,0,0,0.1,0.9,0.6,0.4,0.6,0,2.4
Cs0.1EA0.9Sn0.4Pb0.6Cl0.9I2.1,0,0,0.1,0.9,0.6,0.4,0.9,0,2.1
Cs0.1EA0.9Sn0.4Pb0.6Cl1.2I1.8,0,0,0.1,0.9,0.6,0.4,1.2,0,1.8
Cs0.1EA0.9Sn0.4Pb0.6Cl1.5I1.5,0,0,0.1,0.9,0.6,0.4,1.5,0,1.5
Cs0.1EA0.9Sn0.4Pb0.6Cl1.8I1.2,0,0,0.1,0.9,0.6,0.4,1.8,0,1.2
Cs0.1EA0.9Sn0.4Pb0.6Cl2.1I0.9,0,0,0.1,0.9,0.6,0.4,2.1,0,0.9
Cs0.1EA0.9Sn0.4Pb0.6Cl2.4I0.6,0,0,0.1,0.9,0.6,0.4,2.4,0,0.6
Cs0.1EA0.9Sn0.4Pb0.6Cl2.7I0.3,0,0,0.1,0.9,0.6,0.4,2.7,0,0.3
Cs0.1EA0.9Sn0.4Pb0.6Br0.3I2.7,0,0,0.1,0.9,0.6,0.4,0,0.3,2.7
Cs0.1EA0.9Sn0.4Pb0.6Br0.6I2.4,0,0,0.1,0.9,0.6,0.4,0,0.6,2.4
Cs0.1EA0.9Sn0.4Pb0.6Br0.9I2.1,0,0,0.1,0.9,0.6,0.4,0,0.9,2.1
Cs0.1EA0.9Sn0.4Pb0.6Br1.2I1.8,0,0,0.1,0.9,0.6,0.4,0,1.2,1.8
Cs0.1EA0.9Sn0.4Pb0.6Br1.5I1.5,0,0,0.1,0.9,0.6,0.4,0,1.5,1.5
Cs0.1EA0.9Sn0.4Pb0.6Br1.8I1.2,0,0,0.1,0.9,0.6,0.4,0,1.8,1.2
Cs0.1EA0.9Sn0.4Pb0.6Br2.1I0.9,0,0,0.1,0.9,0.6,0.4,0,2.1,0.9
Cs0.1EA0.9Sn0.4Pb0.6Br2.4I0.6,0,0,0.1,0.9,0.6,0.4,0,2.4,0.6
Cs0.1EA0.9Sn0.4Pb0.6Br2.7I0.3,0,0,0.1,0.9,0.6,0.4,0,2.7,0.3
Cs0.1EA0.9Sn0.3Pb0.7Cl0.3Br2.7,0,0,0.1,0.9,0.7,0.3,0.3,2.7,0
Cs0.1EA0.9Sn0.3Pb0.7Cl0.6Br2.4,0,0,0.1,0.9,0.7,0.3,0.6,2.4,0
Cs0.1EA0.9Sn0.3Pb0.7Cl0.9Br2.1,0,0,0.1,0.9,0.7,0.3,0.9,2.1,0
Cs0.1EA0.9Sn0.3Pb0.7Cl1.2Br1.8,0,0,0.1,0.9,0.7,0.3,1.2,1.8,0
Cs0.1EA0.9Sn0.3Pb0.7Cl1.5Br1.5,0,0,0.1,0.9,0.7,0.3,1.5,1.5,0
Cs0.1EA0.9Sn0.3Pb0.7Cl1.8Br1.2,0,0,0.1,0.9,0.7,0.3,1.8,1.2,0
Cs0.1EA0.9Sn0.3Pb0.7Cl2.1Br0.9,0,0,0.1,0.9,0.7,0.3,2.1,0.9,0
Cs0.1EA0.9Sn0.3Pb0.7Cl2.4Br0.6,0,0,0.1,0.9,0.7,0.3,2.4,0.6,0
Cs0.1EA0.9Sn0.3Pb0.7Cl2.7Br0.3,0,0,0.1,0.9,0.7,0.3,2.7,0.3,0
Cs0.1EA0.9Sn0.3Pb0.7Cl0.3I2.7,0,0,0.1,0.9,0.7,0.3,0.3,0,2.7
Cs0.1EA0.9Sn0.3Pb0.7Cl0.6I2.4,0,0,0.1,0.9,0.7,0.3,0.6,0,2.4
Cs0.1EA0.9Sn0.3Pb0.7Cl0.9I2.1,0,0,0.1,0.9,0.7,0.3,0.9,0,2.1
Cs0.1EA0.9Sn0.3Pb0.7Cl1.2I1.8,0,0,0.1,0.9,0.7,0.3,1.2,0,1.8
Cs0.1EA0.9Sn0.3Pb0.7Cl1.5I1.5,0,0,0.1,0.9,0.7,0.3,1.5,0,1.5
Cs0.1EA0.9Sn0.3Pb0.7Cl1.8I1.2,0,0,0.1,0.9,0.7,0.3,1.8,0,1.2
Cs0.1EA0.9Sn0.3Pb0.7Cl2.1I0.9,0,0,0.1,0.9,0.7,0.3,2.1,0,0.9
Cs0.1EA0.9Sn0.3Pb0.7Cl2.4I0.6,0,0,0.1,0.9,0.7,0.3,2.4,0,0.6
Cs0.1EA0.9Sn0.3Pb0.7Cl2.7I0.3,0,0,0.1,0.9,0.7,0.3,2.7,0,0.3
Cs0.1EA0.9Sn0.3Pb0.7Br0.3I2.7,0,0,0.1,0.9,0.7,0.3,0,0.3,2.7
Cs0.1EA0.9Sn0.3Pb0.7Br0.6I2.4,0,0,0.1,0.9,0.7,0.3,0,0.6,2.4
Cs0.1EA0.9Sn0.3Pb0.7Br0.9I2.1,0,0,0.1,0.9,0.7,0.3,0,0.9,2.1
Cs0.1EA0.9Sn0.3Pb0.7Br1.2I1.8,0,0,0.1,0.9,0.7,0.3,0,1.2,1.8
Cs0.1EA0.9Sn0.3Pb0.7Br1.5I1.5,0,0,0.1,0.9,0.7,0.3,0,1.5,1.5
Cs0.1EA0.9Sn0.3Pb0.7Br1.8I1.2,0,0,0.1,0.9,0.7,0.3,0,1.8,1.2
Cs0.1EA0.9Sn0.3Pb0.7Br2.1I0.9,0,0,0.1,0.9,0.7,0.3,0,2.1,0.9
Cs0.1EA0.9Sn0.3Pb0.7Br2.4I0.6,0,0,0.1,0.9,0.7,0.3,0,2.4,0.6
Cs0.1EA0.9Sn0.3Pb0.7Br2.7I0.3,0,0,0.1,0.9,0.7,0.3,0,2.7,0.3
Cs0.1EA0.9Sn0.2Pb0.8Cl0.3Br2.7,0,0,0.1,0.9,0.8,0.2,0.3,2.7,0
Cs0.1EA0.9Sn0.2Pb0.8Cl0.6Br2.4,0,0,0.1,0.9,0.8,0.2,0.6,2.4,0
Cs0.1EA0.9Sn0.2Pb0.8Cl0.9Br2.1,0,0,0.1,0.9,0.8,0.2,0.9,2.1,0
Cs0.1EA0.9Sn0.2Pb0.8Cl1.2Br1.8,0,0,0.1,0.9,0.8,0.2,1.2,1.8,0
Cs0.1EA0.9Sn0.2Pb0.8Cl1.5Br1.5,0,0,0.1,0.9,0.8,0.2,1.5,1.5,0
Cs0.1EA0.9Sn0.2Pb0.8Cl1.8Br1.2,0,0,0.1,0.9,0.8,0.2,1.8,1.2,0
Cs0.1EA0.9Sn0.2Pb0.8Cl2.1Br0.9,0,0,0.1,0.9,0.8,0.2,2.1,0.9,0
Cs0.1EA0.9Sn0.2Pb0.8Cl2.4Br0.6,0,0,0.1,0.9,0.8,0.2,2.4,0.6,0
Cs0.1EA0.9Sn0.2Pb0.8Cl2.7Br0.3,0,0,0.1,0.9,0.8,0.2,2.7,0.3,0
Cs0.1EA0.9Sn0.2Pb0.8Cl0.3I2.7,0,0,0.1,0.9,0.8,0.2,0.3,0,2.7
Cs0.1EA0.9Sn0.2Pb0.8Cl0.6I2.4,0,0,0.1,0.9,0.8,0.2,0.6,0,2.4
Cs0.1EA0.9Sn0.2Pb0.8Cl0.9I2.1,0,0,0.1,0.9,0.8,0.2,0.9,0,2.1
Cs0.1EA0.9Sn0.2Pb0.8Cl1.2I1.8,0,0,0.1,0.9,0.8,0.2,1.2,0,1.8
Cs0.1EA0.9Sn0.2Pb0.8Cl1.5I1.5,0,0,0.1,0.9,0.8,0.2,1.5,0,1.5
Cs0.1EA0.9Sn0.2Pb0.8Cl1.8I1.2,0,0,0.1,0.9,0.8,0.2,1.8,0,1.2
Cs0.1EA0.9Sn0.2Pb0.8Cl2.1I0.9,0,0,0.1,0.9,0.8,0.2,2.1,0,0.9
Cs0.1EA0.9Sn0.2Pb0.8Cl2.4I0.6,0,0,0.1,0.9,0.8,0.2,2.4,0,0.6
Cs0.1EA0.9Sn0.2Pb0.8Cl2.7I0.3,0,0,0.1,0.9,0.8,0.2,2.7,0,0.3
Cs0.1EA0.9Sn0.2Pb0.8Br0.3I2.7,0,0,0.1,0.9,0.8,0.2,0,0.3,2.7
Cs0.1EA0.9Sn0.2Pb0.8Br0.6I2.4,0,0,0.1,0.9,0.8,0.2,0,0.6,2.4
Cs0.1EA0.9Sn0.2Pb0.8Br0.9I2.1,0,0,0.1,0.9,0.8,0.2,0,0.9,2.1
Cs0.1EA0.9Sn0.2Pb0.8Br1.2I1.8,0,0,0.1,0.9,0.8,0.2,0,1.2,1.8
Cs0.1EA0.9Sn0.2Pb0.8Br1.5I1.5,0,0,0.1,0.9,0.8,0.2,0,1.5,1.5
Cs0.1EA0.9Sn0.2Pb0.8Br1.8I1.2,0,0,0.1,0.9,0.8,0.2,0,1.8,1.2
Cs0.1EA0.9Sn0.2Pb0.8Br2.1I0.9,0,0,0.1,0.9,0.8,0.2,0,2.1,0.9
Cs0.1EA0.9Sn0.2Pb0.8Br2.4I0.6,0,0,0.1,0.9,0.8,0.2,0,2.4,0.6
Cs0.1EA0.9Sn0.2Pb0.8Br2.7I0.3,0,0,0.1,0.9,0.8,0.2,0,2.7,0.3
Cs0.1EA0.9Sn0.1Pb0.9Cl0.3Br2.7,0,0,0.1,0.9,0.9,0.1,0.3,2.7,0
Cs0.1EA0.9Sn0.1Pb0.9Cl0.6Br2.4,0,0,0.1,0.9,0.9,0.1,0.6,2.4,0
Cs0.1EA0.9Sn0.1Pb0.9Cl0.9Br2.1,0,0,0.1,0.9,0.9,0.1,0.9,2.1,0
Cs0.1EA0.9Sn0.1Pb0.9Cl1.2Br1.8,0,0,0.1,0.9,0.9,0.1,1.2,1.8,0
Cs0.1EA0.9Sn0.1Pb0.9Cl1.5Br1.5,0,0,0.1,0.9,0.9,0.1,1.5,1.5,0
Cs0.1EA0.9Sn0.1Pb0.9Cl1.8Br1.2,0,0,0.1,0.9,0.9,0.1,1.8,1.2,0
Cs0.1EA0.9Sn0.1Pb0.9Cl2.1Br0.9,0,0,0.1,0.9,0.9,0.1,2.1,0.9,0
Cs0.1EA0.9Sn0.1Pb0.9Cl2.4Br0.6,0,0,0.1,0.9,0.9,0.1,2.4,0.6,0
Cs0.1EA0.9Sn0.1Pb0.9Cl2.7Br0.3,0,0,0.1,0.9,0.9,0.1,2.7,0.3,0
Cs0.1EA0.9Sn0.1Pb0.9Cl0.3I2.7,0,0,0.1,0.9,0.9,0.1,0.3,0,2.7
Cs0.1EA0.9Sn0.1Pb0.9Cl0.6I2.4,0,0,0.1,0.9,0.9,0.1,0.6,0,2.4
Cs0.1EA0.9Sn0.1Pb0.9Cl0.9I2.1,0,0,0.1,0.9,0.9,0.1,0.9,0,2.1
Cs0.1EA0.9Sn0.1Pb0.9Cl1.2I1.8,0,0,0.1,0.9,0.9,0.1,1.2,0,1.8
Cs0.1EA0.9Sn0.1Pb0.9Cl1.5I1.5,0,0,0.1,0.9,0.9,0.1,1.5,0,1.5
Cs0.1EA0.9Sn0.1Pb0.9Cl1.8I1.2,0,0,0.1,0.9,0.9,0.1,1.8,0,1.2
Cs0.1EA0.9Sn0.1Pb0.9Cl2.1I0.9,0,0,0.1,0.9,0.9,0.1,2.1,0,0.9
Cs0.1EA0.9Sn0.1Pb0.9Cl2.4I0.6,0,0,0.1,0.9,0.9,0.1,2.4,0,0.6
Cs0.1EA0.9Sn0.1Pb0.9Cl2.7I0.3,0,0,0.1,0.9,0.9,0.1,2.7,0,0.3
Cs0.1EA0.9Sn0.1Pb0.9Br0.3I2.7,0,0,0.1,0.9,0.9,0.1,0,0.3,2.7
Cs0.1EA0.9Sn0.1Pb0.9Br0.6I2.4,0,0,0.1,0.9,0.9,0.1,0,0.6,2.4
Cs0.1EA0.9Sn0.1Pb0.9Br0.9I2.1,0,0,0.1,0.9,0.9,0.1,0,0.9,2.1
Cs0.1EA0.9Sn0.1Pb0.9Br1.2I1.8,0,0,0.1,0.9,0.9,0.1,0,1.2,1.8
Cs0.1EA0.9Sn0.1Pb0.9Br1.5I1.5,0,0,0.1,0.9,0.9,0.1,0,1.5,1.5
Cs0.1EA0.9Sn0.1Pb0.9Br1.8I1.2,0,0,0.1,0.9,0.9,0.1,0,1.8,1.2
Cs0.1EA0.9Sn0.1Pb0.9Br2.1I0.9,0,0,0.1,0.9,0.9,0.1,0,2.1,0.9
Cs0.1EA0.9Sn0.1Pb0.9Br2.4I0.6,0,0,0.1,0.9,0.9,0.1,0,2.4,0.6
Cs0.1EA0.9Sn0.1Pb0.9Br2.7I0.3,0,0,0.1,0.9,0.9,0.1,0,2.7,0.3
Cs0.2EA0.8Sn0.9Pb0.1Cl0.3Br2.7,0,0,0.2,0.8,0.1,0.9,0.3,2.7,0
Cs0.2EA0.8Sn0.9Pb0.1Cl0.6Br2.4,0,0,0.2,0.8,0.1,0.9,0.6,2.4,0
Cs0.2EA0.8Sn0.9Pb0.1Cl0.9Br2.1,0,0,0.2,0.8,0.1,0.9,0.9,2.1,0
Cs0.2EA0.8Sn0.9Pb0.1Cl1.2Br1.8,0,0,0.2,0.8,0.1,0.9,1.2,1.8,0
Cs0.2EA0.8Sn0.9Pb0.1Cl1.5Br1.5,0,0,0.2,0.8,0.1,0.9,1.5,1.5,0
Cs0.2EA0.8Sn0.9Pb0.1Cl1.8Br1.2,0,0,0.2,0.8,0.1,0.9,1.8,1.2,0
Cs0.2EA0.8Sn0.9Pb0.1Cl2.1Br0.9,0,0,0.2,0.8,0.1,0.9,2.1,0.9,0
Cs0.2EA0.8Sn0.9Pb0.1Cl2.4Br0.6,0,0,0.2,0.8,0.1,0.9,2.4,0.6,0
Cs0.2EA0.8Sn0.9Pb0.1Cl2.7Br0.3,0,0,0.2,0.8,0.1,0.9,2.7,0.3,0
Cs0.2EA0.8Sn0.9Pb0.1Cl0.3I2.7,0,0,0.2,0.8,0.1,0.9,0.3,0,2.7
Cs0.2EA0.8Sn0.9Pb0.1Cl0.6I2.4,0,0,0.2,0.8,0.1,0.9,0.6,0,2.4
Cs0.2EA0.8Sn0.9Pb0.1Cl0.9I2.1,0,0,0.2,0.8,0.1,0.9,0.9,0,2.1
Cs0.2EA0.8Sn0.9Pb0.1Cl1.2I1.8,0,0,0.2,0.8,0.1,0.9,1.2,0,1.8
Cs0.2EA0.8Sn0.9Pb0.1Cl1.5I1.5,0,0,0.2,0.8,0.1,0.9,1.5,0,1.5
Cs0.2EA0.8Sn0.9Pb0.1Cl1.8I1.2,0,0,0.2,0.8,0.1,0.9,1.8,0,1.2
Cs0.2EA0.8Sn0.9Pb0.1Cl2.1I0.9,0,0,0.2,0.8,0.1,0.9,2.1,0,0.9
Cs0.2EA0.8Sn0.9Pb0.1Cl2.4I0.6,0,0,0.2,0.8,0.1,0.9,2.4,0,0.6
Cs0.2EA0.8Sn0.9Pb0.1Cl2.7I0.3,0,0,0.2,0.8,0.1,0.9,2.7,0,0.3
Cs0.2EA0.8Sn0.9Pb0.1Br0.3I2.7,0,0,0.2,0.8,0.1,0.9,0,0.3,2.7
Cs0.2EA0.8Sn0.9Pb0.1Br0.6I2.4,0,0,0.2,0.8,0.1,0.9,0,0.6,2.4
Cs0.2EA0.8Sn0.9Pb0.1Br0.9I2.1,0,0,0.2,0.8,0.1,0.9,0,0.9,2.1
Cs0.2EA0.8Sn0.9Pb0.1Br1.2I1.8,0,0,0.2,0.8,0.1,0.9,0,1.2,1.8
Cs0.2EA0.8Sn0.9Pb0.1Br1.5I1.5,0,0,0.2,0.8,0.1,0.9,0,1.5,1.5
Cs0.2EA0.8Sn0.9Pb0.1Br1.8I1.2,0,0,0.2,0.8,0.1,0.9,0,1.8,1.2
Cs0.2EA0.8Sn0.9Pb0.1Br2.1I0.9,0,0,0.2,0.8,0.1,0.9,0,2.1,0.9
Cs0.2EA0.8Sn0.9Pb0.1Br2.4I0.6,0,0,0.2,0.8,0.1,0.9,0,2.4,0.6
Cs0.2EA0.8Sn0.9Pb0.1Br2.7I0.3,0,0,0.2,0.8,0.1,0.9,0,2.7,0.3
Cs0.2EA0.8Sn0.8Pb0.2Cl0.3Br2.7,0,0,0.2,0.8,0.2,0.8,0.3,2.7,0
Cs0.2EA0.8Sn0.8Pb0.2Cl0.6Br2.4,0,0,0.2,0.8,0.2,0.8,0.6,2.4,0
Cs0.2EA0.8Sn0.8Pb0.2Cl0.9Br2.1,0,0,0.2,0.8,0.2,0.8,0.9,2.1,0
Cs0.2EA0.8Sn0.8Pb0.2Cl1.2Br1.8,0,0,0.2,0.8,0.2,0.8,1.2,1.8,0
Cs0.2EA0.8Sn0.8Pb0.2Cl1.5Br1.5,0,0,0.2,0.8,0.2,0.8,1.5,1.5,0
Cs0.2EA0.8Sn0.8Pb0.2Cl1.8Br1.2,0,0,0.2,0.8,0.2,0.8,1.8,1.2,0
Cs0.2EA0.8Sn0.8Pb0.2Cl2.1Br0.9,0,0,0.2,0.8,0.2,0.8,2.1,0.9,0
Cs0.2EA0.8Sn0.8Pb0.2Cl2.4Br0.6,0,0,0.2,0.8,0.2,0.8,2.4,0.6,0
Cs0.2EA0.8Sn0.8Pb0.2Cl2.7Br0.3,0,0,0.2,0.8,0.2,0.8,2.7,0.3,0
Cs0.2EA0.8Sn0.8Pb0.2Cl0.3I2.7,0,0,0.2,0.8,0.2,0.8,0.3,0,2.7
Cs0.2EA0.8Sn0.8Pb0.2Cl0.6I2.4,0,0,0.2,0.8,0.2,0.8,0.6,0,2.4
Cs0.2EA0.8Sn0.8Pb0.2Cl0.9I2.1,0,0,0.2,0.8,0.2,0.8,0.9,0,2.1
Cs0.2EA0.8Sn0.8Pb0.2Cl1.2I1.8,0,0,0.2,0.8,0.2,0.8,1.2,0,1.8
Cs0.2EA0.8Sn0.8Pb0.2Cl1.5I1.5,0,0,0.2,0.8,0.2,0.8,1.5,0,1.5
Cs0.2EA0.8Sn0.8Pb0.2Cl1.8I1.2,0,0,0.2,0.8,0.2,0.8,1.8,0,1.2
Cs0.2EA0.8Sn0.8Pb0.2Cl2.1I0.9,0,0,0.2,0.8,0.2,0.8,2.1,0,0.9
Cs0.2EA0.8Sn0.8Pb0.2Cl2.4I0.6,0,0,0.2,0.8,0.2,0.8,2.4,0,0.6
Cs0.2EA0.8Sn0.8Pb0.2Cl2.7I0.3,0,0,0.2,0.8,0.2,0.8,2.7,0,0.3
Cs0.2EA0.8Sn0.8Pb0.2Br0.3I2.7,0,0,0.2,0.8,0.2,0.8,0,0.3,2.7
Cs0.2EA0.8Sn0.8Pb0.2Br0.6I2.4,0,0,0.2,0.8,0.2,0.8,0,0.6,2.4
Cs0.2EA0.8Sn0.8Pb0.2Br0.9I2.1,0,0,0.2,0.8,0.2,0.8,0,0.9,2.1
Cs0.2EA0.8Sn0.8Pb0.2Br1.2I1.8,0,0,0.2,0.8,0.2,0.8,0,1.2,1.8
Cs0.2EA0.8Sn0.8Pb0.2Br1.5I1.5,0,0,0.2,0.8,0.2,0.8,0,1.5,1.5
Cs0.2EA0.8Sn0.8Pb0.2Br1.8I1.2,0,0,0.2,0.8,0.2,0.8,0,1.8,1.2
Cs0.2EA0.8Sn0.8Pb0.2Br2.1I0.9,0,0,0.2,0.8,0.2,0.8,0,2.1,0.9
Cs0.2EA0.8Sn0.8Pb0.2Br2.4I0.6,0,0,0.2,0.8,0.2,0.8,0,2.4,0.6
Cs0.2EA0.8Sn0.8Pb0.2Br2.7I0.3,0,0,0.2,0.8,0.2,0.8,0,2.7,0.3
Cs0.2EA0.8Sn0.7Pb0.3Cl0.3Br2.7,0,0,0.2,0.8,0.3,0.7,0.3,2.7,0
Cs0.2EA0.8Sn0.7Pb0.3Cl0.6Br2.4,0,0,0.2,0.8,0.3,0.7,0.6,2.4,0
Cs0.2EA0.8Sn0.7Pb0.3Cl0.9Br2.1,0,0,0.2,0.8,0.3,0.7,0.9,2.1,0
Cs0.2EA0.8Sn0.7Pb0.3Cl1.2Br1.8,0,0,0.2,0.8,0.3,0.7,1.2,1.8,0
Cs0.2EA0.8Sn0.7Pb0.3Cl1.5Br1.5,0,0,0.2,0.8,0.3,0.7,1.5,1.5,0
Cs0.2EA0.8Sn0.7Pb0.3Cl1.8Br1.2,0,0,0.2,0.8,0.3,0.7,1.8,1.2,0
Cs0.2EA0.8Sn0.7Pb0.3Cl2.1Br0.9,0,0,0.2,0.8,0.3,0.7,2.1,0.9,0
Cs0.2EA0.8Sn0.7Pb0.3Cl2.4Br0.6,0,0,0.2,0.8,0.3,0.7,2.4,0.6,0
Cs0.2EA0.8Sn0.7Pb0.3Cl2.7Br0.3,0,0,0.2,0.8,0.3,0.7,2.7,0.3,0
Cs0.2EA0.8Sn0.7Pb0.3Cl0.3I2.7,0,0,0.2,0.8,0.3,0.7,0.3,0,2.7
Cs0.2EA0.8Sn0.7Pb0.3Cl0.6I2.4,0,0,0.2,0.8,0.3,0.7,0.6,0,2.4
Cs0.2EA0.8Sn0.7Pb0.3Cl0.9I2.1,0,0,0.2,0.8,0.3,0.7,0.9,0,2.1
Cs0.2EA0.8Sn0.7Pb0.3Cl1.2I1.8,0,0,0.2,0.8,0.3,0.7,1.2,0,1.8
Cs0.2EA0.8Sn0.7Pb0.3Cl1.5I1.5,0,0,0.2,0.8,0.3,0.7,1.5,0,1.5
Cs0.2EA0.8Sn0.7Pb0.3Cl1.8I1.2,0,0,0.2,0.8,0.3,0.7,1.8,0,1.2
Cs0.2EA0.8Sn0.7Pb0.3Cl2.1I0.9,0,0,0.2,0.8,0.3,0.7,2.1,0,0.9
Cs0.2EA0.8Sn0.7Pb0.3Cl2.4I0.6,0,0,0.2,0.8,0.3,0.7,2.4,0,0.6
Cs0.2EA0.8Sn0.7Pb0.3Cl2.7I0.3,0,0,0.2,0.8,0.3,0.7,2.7,0,0.3
Cs0.2EA0.8Sn0.7Pb0.3Br0.3I2.7,0,0,0.2,0.8,0.3,0.7,0,0.3,2.7
Cs0.2EA0.8Sn0.7Pb0.3Br0.6I2.4,0,0,0.2,0.8,0.3,0.7,0,0.6,2.4
Cs0.2EA0.8Sn0.7Pb0.3Br0.9I2.1,0,0,0.2,0.8,0.3,0.7,0,0.9,2.1
Cs0.2EA0.8Sn0.7Pb0.3Br1.2I1.8,0,0,0.2,0.8,0.3,0.7,0,1.2,1.8
Cs0.2EA0.8Sn0.7Pb0.3Br1.5I1.5,0,0,0.2,0.8,0.3,0.7,0,1.5,1.5
Cs0.2EA0.8Sn0.7Pb0.3Br1.8I1.2,0,0,0.2,0.8,0.3,0.7,0,1.8,1.2
Cs0.2EA0.8Sn0.7Pb0.3Br2.1I0.9,0,0,0.2,0.8,0.3,0.7,0,2.1,0.9
Cs0.2EA0.8Sn0.7Pb0.3Br2.4I0.6,0,0,0.2,0.8,0.3,0.7,0,2.4,0.6
Cs0.2EA0.8Sn0.7Pb0.3Br2.7I0.3,0,0,0.2,0.8,0.3,0.7,0,2.7,0.3
Cs0.2EA0.8Sn0.6Pb0.4Cl0.3Br2.7,0,0,0.2,0.8,0.4,0.6,0.3,2.7,0
Cs0.2EA0.8Sn0.6Pb0.4Cl0.6Br2.4,0,0,0.2,0.8,0.4,0.6,0.6,2.4,0
Cs0.2EA0.8Sn0.6Pb0.4Cl0.9Br2.1,0,0,0.2,0.8,0.4,0.6,0.9,2.1,0
Cs0.2EA0.8Sn0.6Pb0.4Cl1.2Br1.8,0,0,0.2,0.8,0.4,0.6,1.2,1.8,0
Cs0.2EA0.8Sn0.6Pb0.4Cl1.5Br1.5,0,0,0.2,0.8,0.4,0.6,1.5,1.5,0
Cs0.2EA0.8Sn0.6Pb0.4Cl1.8Br1.2,0,0,0.2,0.8,0.4,0.6,1.8,1.2,0
Cs0.2EA0.8Sn0.6Pb0.4Cl2.1Br0.9,0,0,0.2,0.8,0.4,0.6,2.1,0.9,0
Cs0.2EA0.8Sn0.6Pb0.4Cl2.4Br0.6,0,0,0.2,0.8,0.4,0.6,2.4,0.6,0
Cs0.2EA0.8Sn0.6Pb0.4Cl2.7Br0.3,0,0,0.2,0.8,0.4,0.6,2.7,0.3,0
Cs0.2EA0.8Sn0.6Pb0.4Cl0.3I2.7,0,0,0.2,0.8,0.4,0.6,0.3,0,2.7
Cs0.2EA0.8Sn0.6Pb0.4Cl0.6I2.4,0,0,0.2,0.8,0.4,0.6,0.6,0,2.4
Cs0.2EA0.8Sn0.6Pb0.4Cl0.9I2.1,0,0,0.2,0.8,0.4,0.6,0.9,0,2.1
Cs0.2EA0.8Sn0.6Pb0.4Cl1.2I1.8,0,0,0.2,0.8,0.4,0.6,1.2,0,1.8
Cs0.2EA0.8Sn0.6Pb0.4Cl1.5I1.5,0,0,0.2,0.8,0.4,0.6,1.5,0,1.5
Cs0.2EA0.8Sn0.6Pb0.4Cl1.8I1.2,0,0,0.2,0.8,0.4,0.6,1.8,0,1.2
Cs0.2EA0.8Sn0.6Pb0.4Cl2.1I0.9,0,0,0.2,0.8,0.4,0.6,2.1,0,0.9
Cs0.2EA0.8Sn0.6Pb0.4Cl2.4I0.6,0,0,0.2,0.8,0.4,0.6,2.4,0,0.6
Cs0.2EA0.8Sn0.6Pb0.4Cl2.7I0.3,0,0,0.2,0.8,0.4,0.6,2.7,0,0.3
Cs0.2EA0.8Sn0.6Pb0.4Br0.3I2.7,0,0,0.2,0.8,0.4,0.6,0,0.3,2.7
Cs0.2EA0.8Sn0.6Pb0.4Br0.6I2.4,0,0,0.2,0.8,0.4,0.6,0,0.6,2.4
Cs0.2EA0.8Sn0.6Pb0.4Br0.9I2.1,0,0,0.2,0.8,0.4,0.6,0,0.9,2.1
Cs0.2EA0.8Sn0.6Pb0.4Br1.2I1.8,0,0,0.2,0.8,0.4,0.6,0,1.2,1.8
Cs0.2EA0.8Sn0.6Pb0.4Br1.5I1.5,0,0,0.2,0.8,0.4,0.6,0,1.5,1.5
Cs0.2EA0.8Sn0.6Pb0.4Br1.8I1.2,0,0,0.2,0.8,0.4,0.6,0,1.8,1.2
Cs0.2EA0.8Sn0.6Pb0.4Br2.1I0.9,0,0,0.2,0.8,0.4,0.6,0,2.1,0.9
Cs0.2EA0.8Sn0.6Pb0.4Br2.4I0.6,0,0,0.2,0.8,0.4,0.6,0,2.4,0.6
Cs0.2EA0.8Sn0.6Pb0.4Br2.7I0.3,0,0,0.2,0.8,0.4,0.6,0,2.7,0.3
Cs0.2EA0.8Sn0.5Pb0.5Cl0.3Br2.7,0,0,0.2,0.8,0.5,0.5,0.3,2.7,0
Cs0.2EA0.8Sn0.5Pb0.5Cl0.6Br2.4,0,0,0.2,0.8,0.5,0.5,0.6,2.4,0
Cs0.2EA0.8Sn0.5Pb0.5Cl0.9Br2.1,0,0,0.2,0.8,0.5,0.5,0.9,2.1,0
Cs0.2EA0.8Sn0.5Pb0.5Cl1.2Br1.8,0,0,0.2,0.8,0.5,0.5,1.2,1.8,0
Cs0.2EA0.8Sn0.5Pb0.5Cl1.5Br1.5,0,0,0.2,0.8,0.5,0.5,1.5,1.5,0
Cs0.2EA0.8Sn0.5Pb0.5Cl1.8Br1.2,0,0,0.2,0.8,0.5,0.5,1.8,1.2,0
Cs0.2EA0.8Sn0.5Pb0.5Cl2.1Br0.9,0,0,0.2,0.8,0.5,0.5,2.1,0.9,0
Cs0.2EA0.8Sn0.5Pb0.5Cl2.4Br0.6,0,0,0.2,0.8,0.5,0.5,2.4,0.6,0
Cs0.2EA0.8Sn0.5Pb0.5Cl2.7Br0.3,0,0,0.2,0.8,0.5,0.5,2.7,0.3,0
Cs0.2EA0.8Sn0.5Pb0.5Cl0.3I2.7,0,0,0.2,0.8,0.5,0.5,0.3,0,2.7
Cs0.2EA0.8Sn0.5Pb0.5Cl0.6I2.4,0,0,0.2,0.8,0.5,0.5,0.6,0,2.4
Cs0.2EA0.8Sn0.5Pb0.5Cl0.9I2.1,0,0,0.2,0.8,0.5,0.5,0.9,0,2.1
Cs0.2EA0.8Sn0.5Pb0.5Cl1.2I1.8,0,0,0.2,0.8,0.5,0.5,1.2,0,1.8
Cs0.2EA0.8Sn0.5Pb0.5Cl1.5I1.5,0,0,0.2,0.8,0.5,0.5,1.5,0,1.5
Cs0.2EA0.8Sn0.5Pb0.5Cl1.8I1.2,0,0,0.2,0.8,0.5,0.5,1.8,0,1.2
Cs0.2EA0.8Sn0.5Pb0.5Cl2.1I0.9,0,0,0.2,0.8,0.5,0.5,2.1,0,0.9
Cs0.2EA0.8Sn0.5Pb0.5Cl2.4I0.6,0,0,0.2,0.8,0.5,0.5,2.4,0,0.6
Cs0.2EA0.8Sn0.5Pb0.5Cl2.7I0.3,0,0,0.2,0.8,0.5,0.5,2.7,0,0.3
Cs0.2EA0.8Sn0.5Pb0.5Br0.3I2.7,0,0,0.2,0.8,0.5,0.5,0,0.3,2.7
Cs0.2EA0.8Sn0.5Pb0.5Br0.6I2.4,0,0,0.2,0.8,0.5,0.5,0,0.6,2.4
Cs0.2EA0.8Sn0.5Pb0.5Br0.9I2.1,0,0,0.2,0.8,0.5,0.5,0,0.9,2.1
Cs0.2EA0.8Sn0.5Pb0.5Br1.2I1.8,0,0,0.2,0.8,0.5,0.5,0,1.2,1.8
Cs0.2EA0.8Sn0.5Pb0.5Br1.5I1.5,0,0,0.2,0.8,0.5,0.5,0,1.5,1.5
Cs0.2EA0.8Sn0.5Pb0.5Br1.8I1.2,0,0,0.2,0.8,0.5,0.5,0,1.8,1.2
Cs0.2EA0.8Sn0.5Pb0.5Br2.1I0.9,0,0,0.2,0.8,0.5,0.5,0,2.1,0.9
Cs0.2EA0.8Sn0.5Pb0.5Br2.4I0.6,0,0,0.2,0.8,0.5,0.5,0,2.4,0.6
Cs0.2EA0.8Sn0.5Pb0.5Br2.7I0.3,0,0,0.2,0.8,0.5,0.5,0,2.7,0.3
Cs0.2EA0.8Sn0.4Pb0.6Cl0.3Br2.7,0,0,0.2,0.8,0.6,0.4,0.3,2.7,0
Cs0.2EA0.8Sn0.4Pb0.6Cl0.6Br2.4,0,0,0.2,0.8,0.6,0.4,0.6,2.4,0
Cs0.2EA0.8Sn0.4Pb0.6Cl0.9Br2.1,0,0,0.2,0.8,0.6,0.4,0.9,2.1,0
Cs0.2EA0.8Sn0.4Pb0.6Cl1.2Br1.8,0,0,0.2,0.8,0.6,0.4,1.2,1.8,0
Cs0.2EA0.8Sn0.4Pb0.6Cl1.5Br1.5,0,0,0.2,0.8,0.6,0.4,1.5,1.5,0
Cs0.2EA0.8Sn0.4Pb0.6Cl1.8Br1.2,0,0,0.2,0.8,0.6,0.4,1.8,1.2,0
Cs0.2EA0.8Sn0.4Pb0.6Cl2.1Br0.9,0,0,0.2,0.8,0.6,0.4,2.1,0.9,0
Cs0.2EA0.8Sn0.4Pb0.6Cl2.4Br0.6,0,0,0.2,0.8,0.6,0.4,2.4,0.6,0
Cs0.2EA0.8Sn0.4Pb0.6Cl2.7Br0.3,0,0,0.2,0.8,0.6,0.4,2.7,0.3,0
Cs0.2EA0.8Sn0.4Pb0.6Cl0.3I2.7,0,0,0.2,0.8,0.6,0.4,0.3,0,2.7
Cs0.2EA0.8Sn0.4Pb0.6Cl0.6I2.4,0,0,0.2,0.8,0.6,0.4,0.6,0,2.4
Cs0.2EA0.8Sn0.4Pb0.6Cl0.9I2.1,0,0,0.2,0.8,0.6,0.4,0.9,0,2.1
Cs0.2EA0.8Sn0.4Pb0.6Cl1.2I1.8,0,0,0.2,0.8,0.6,0.4,1.2,0,1.8
Cs0.2EA0.8Sn0.4Pb0.6Cl1.5I1.5,0,0,0.2,0.8,0.6,0.4,1.5,0,1.5
Cs0.2EA0.8Sn0.4Pb0.6Cl1.8I1.2,0,0,0.2,0.8,0.6,0.4,1.8,0,1.2
Cs0.2EA0.8Sn0.4Pb0.6Cl2.1I0.9,0,0,0.2,0.8,0.6,0.4,2.1,0,0.9
Cs0.2EA0.8Sn0.4Pb0.6Cl2.4I0.6,0,0,0.2,0.8,0.6,0.4,2.4,0,0.6
Cs0.2EA0.8Sn0.4Pb0.6Cl2.7I0.3,0,0,0.2,0.8,0.6,0.4,2.7,0,0.3
Cs0.2EA0.8Sn0.4Pb0.6Br0.3I2.7,0,0,0.2,0.8,0.6,0.4,0,0.3,2.7
Cs0.2EA0.8Sn0.4Pb0.6Br0.6I2.4,0,0,0.2,0.8,0.6,0.4,0,0.6,2.4
Cs0.2EA0.8Sn0.4Pb0.6Br0.9I2.1,0,0,0.2,0.8,0.6,0.4,0,0.9,2.1
Cs0.2EA0.8Sn0.4Pb0.6Br1.2I1.8,0,0,0.2,0.8,0.6,0.4,0,1.2,1.8
Cs0.2EA0.8Sn0.4Pb0.6Br1.5I1.5,0,0,0.2,0.8,0.6,0.4,0,1.5,1.5
Cs0.2EA0.8Sn0.4Pb0.6Br1.8I1.2,0,0,0.2,0.8,0.6,0.4,0,1.8,1.2
Cs0.2EA0.8Sn0.4Pb0.6Br2.1I0.9,0,0,0.2,0.8,0.6,0.4,0,2.1,0.9
Cs0.2EA0.8Sn0.4Pb0.6Br2.4I0.6,0,0,0.2,0.8,0.6,0.4,0,2.4,0.6
Cs0.2EA0.8Sn0.4Pb0.6Br2.7I0.3,0,0,0.2,0.8,0.6,0.4,0,2.7,0.3
Cs0.2EA0.8Sn0.3Pb0.7Cl0.3Br2.7,0,0,0.2,0.8,0.7,0.3,0.3,2.7,0
Cs0.2EA0.8Sn0.3Pb0.7Cl0.6Br2.4,0,0,0.2,0.8,0.7,0.3,0.6,2.4,0
Cs0.2EA0.8Sn0.3Pb0.7Cl0.9Br2.1,0,0,0.2,0.8,0.7,0.3,0.9,2.1,0
Cs0.2EA0.8Sn0.3Pb0.7Cl1.2Br1.8,0,0,0.2,0.8,0.7,0.3,1.2,1.8,0
Cs0.2EA0.8Sn0.3Pb0.7Cl1.5Br1.5,0,0,0.2,0.8,0.7,0.3,1.5,1.5,0
Cs0.2EA0.8Sn0.3Pb0.7Cl1.8Br1.2,0,0,0.2,0.8,0.7,0.3,1.8,1.2,0
Cs0.2EA0.8Sn0.3Pb0.7Cl2.1Br0.9,0,0,0.2,0.8,0.7,0.3,2.1,0.9,0
Cs0.2EA0.8Sn0.3Pb0.7Cl2.4Br0.6,0,0,0.2,0.8,0.7,0.3,2.4,0.6,0
Cs0.2EA0.8Sn0.3Pb0.7Cl2.7Br0.3,0,0,0.2,0.8,0.7,0.3,2.7,0.3,0
Cs0.2EA0.8Sn0.3Pb0.7Cl0.3I2.7,0,0,0.2,0.8,0.7,0.3,0.3,0,2.7
Cs0.2EA0.8Sn0.3Pb0.7Cl0.6I2.4,0,0,0.2,0.8,0.7,0.3,0.6,0,2.4
Cs0.2EA0.8Sn0.3Pb0.7Cl0.9I2.1,0,0,0.2,0.8,0.7,0.3,0.9,0,2.1
Cs0.2EA0.8Sn0.3Pb0.7Cl1.2I1.8,0,0,0.2,0.8,0.7,0.3,1.2,0,1.8
Cs0.2EA0.8Sn0.3Pb0.7Cl1.5I1.5,0,0,0.2,0.8,0.7,0.3,1.5,0,1.5
Cs0.2EA0.8Sn0.3Pb0.7Cl1.8I1.2,0,0,0.2,0.8,0.7,0.3,1.8,0,1.2
Cs0.2EA0.8Sn0.3Pb0.7Cl2.1I0.9,0,0,0.2,0.8,0.7,0.3,2.1,0,0.9
Cs0.2EA0.8Sn0.3Pb0.7Cl2.4I0.6,0,0,0.2,0.8,0.7,0.3,2.4,0,0.6
Cs0.2EA0.8Sn0.3Pb0.7Cl2.7I0.3,0,0,0.2,0.8,0.7,0.3,2.7,0,0.3
Cs0.2EA0.8Sn0.3Pb0.7Br0.3I2.7,0,0,0.2,0.8,0.7,0.3,0,0.3,2.7
Cs0.2EA0.8Sn0.3Pb0.7Br0.6I2.4,0,0,0.2,0.8,0.7,0.3,0,0.6,2.4
Cs0.2EA0.8Sn0.3Pb0.7Br0.9I2.1,0,0,0.2,0.8,0.7,0.3,0,0.9,2.1
Cs0.2EA0.8Sn0.3Pb0.7Br1.2I1.8,0,0,0.2,0.8,0.7,0.3,0,1.2,1.8
Cs0.2EA0.8Sn0.3Pb0.7Br1.5I1.5,0,0,0.2,0.8,0.7,0.3,0,1.5,1.5
Cs0.2EA0.8Sn0.3Pb0.7Br1.8I1.2,0,0,0.2,0.8,0.7,0.3,0,1.8,1.2
Cs0.2EA0.8Sn0.3Pb0.7Br2.1I0.9,0,0,0.2,0.8,0.7,0.3,0,2.1,0.9
Cs0.2EA0.8Sn0.3Pb0.7Br2.4I0.6,0,0,0.2,0.8,0.7,0.3,0,2.4,0.6
Cs0.2EA0.8Sn0.3Pb0.7Br2.7I0.3,0,0,0.2,0.8,0.7,0.3,0,2.7,0.3
Cs0.2EA0.8Sn0.2Pb0.8Cl0.3Br2.7,0,0,0.2,0.8,0.8,0.2,0.3,2.7,0
Cs0.2EA0.8Sn0.2Pb0.8Cl0.6Br2.4,0,0,0.2,0.8,0.8,0.2,0.6,2.4,0
Cs0.2EA0.8Sn0.2Pb0.8Cl0.9Br2.1,0,0,0.2,0.8,0.8,0.2,0.9,2.1,0
Cs0.2EA0.8Sn0.2Pb0.8Cl1.2Br1.8,0,0,0.2,0.8,0.8,0.2,1.2,1.8,0
Cs0.2EA0.8Sn0.2Pb0.8Cl1.5Br1.5,0,0,0.2,0.8,0.8,0.2,1.5,1.5,0
Cs0.2EA0.8Sn0.2Pb0.8Cl1.8Br1.2,0,0,0.2,0.8,0.8,0.2,1.8,1.2,0
Cs0.2EA0.8Sn0.2Pb0.8Cl2.1Br0.9,0,0,0.2,0.8,0.8,0.2,2.1,0.9,0
Cs0.2EA0.8Sn0.2Pb0.8Cl2.4Br0.6,0,0,0.2,0.8,0.8,0.2,2.4,0.6,0
Cs0.2EA0.8Sn0.2Pb0.8Cl2.7Br0.3,0,0,0.2,0.8,0.8,0.2,2.7,0.3,0
Cs0.2EA0.8Sn0.2Pb0.8Cl0.3I2.7,0,0,0.2,0.8,0.8,0.2,0.3,0,2.7
Cs0.2EA0.8Sn0.2Pb0.8Cl0.6I2.4,0,0,0.2,0.8,0.8,0.2,0.6,0,2.4
Cs0.2EA0.8Sn0.2Pb0.8Cl0.9I2.1,0,0,0.2,0.8,0.8,0.2,0.9,0,2.1
Cs0.2EA0.8Sn0.2Pb0.8Cl1.2I1.8,0,0,0.2,0.8,0.8,0.2,1.2,0,1.8
Cs0.2EA0.8Sn0.2Pb0.8Cl1.5I1.5,0,0,0.2,0.8,0.8,0.2,1.5,0,1.5
Cs0.2EA0.8Sn0.2Pb0.8Cl1.8I1.2,0,0,0.2,0.8,0.8,0.2,1.8,0,1.2
Cs0.2EA0.8Sn0.2Pb0.8Cl2.1I0.9,0,0,0.2,0.8,0.8,0.2,2.1,0,0.9
Cs0.2EA0.8Sn0.2Pb0.8Cl2.4I0.6,0,0,0.2,0.8,0.8,0.2,2.4,0,0.6
Cs0.2EA0.8Sn0.2Pb0.8Cl2.7I0.3,0,0,0.2,0.8,0.8,0.2,2.7,0,0.3
Cs0.2EA0.8Sn0.2Pb0.8Br0.3I2.7,0,0,0.2,0.8,0.8,0.2,0,0.3,2.7
Cs0.2EA0.8Sn0.2Pb0.8Br0.6I2.4,0,0,0.2,0.8,0.8,0.2,0,0.6,2.4
Cs0.2EA0.8Sn0.2Pb0.8Br0.9I2.1,0,0,0.2,0.8,0.8,0.2,0,0.9,2.1
Cs0.2EA0.8Sn0.2Pb0.8Br1.2I1.8,0,0,0.2,0.8,0.8,0.2,0,1.2,1.8
Cs0.2EA0.8Sn0.2Pb0.8Br1.5I1.5,0,0,0.2,0.8,0.8,0.2,0,1.5,1.5
Cs0.2EA0.8Sn0.2Pb0.8Br1.8I1.2,0,0,0.2,0.8,0.8,0.2,0,1.8,1.2
Cs0.2EA0.8Sn0.2Pb0.8Br2.1I0.9,0,0,0.2,0.8,0.8,0.2,0,2.1,0.9
Cs0.2EA0.8Sn0.2Pb0.8Br2.4I0.6,0,0,0.2,0.8,0.8,0.2,0,2.4,0.6
Cs0.2EA0.8Sn0.2Pb0.8Br2.7I0.3,0,0,0.2,0.8,0.8,0.2,0,2.7,0.3
Cs0.2EA0.8Sn0.1Pb0.9Cl0.3Br2.7,0,0,0.2,0.8,0.9,0.1,0.3,2.7,0
Cs0.2EA0.8Sn0.1Pb0.9Cl0.6Br2.4,0,0,0.2,0.8,0.9,0.1,0.6,2.4,0
Cs0.2EA0.8Sn0.1Pb0.9Cl0.9Br2.1,0,0,0.2,0.8,0.9,0.1,0.9,2.1,0
Cs0.2EA0.8Sn0.1Pb0.9Cl1.2Br1.8,0,0,0.2,0.8,0.9,0.1,1.2,1.8,0
Cs0.2EA0.8Sn0.1Pb0.9Cl1.5Br1.5,0,0,0.2,0.8,0.9,0.1,1.5,1.5,0
Cs0.2EA0.8Sn0.1Pb0.9Cl1.8Br1.2,0,0,0.2,0.8,0.9,0.1,1.8,1.2,0
Cs0.2EA0.8Sn0.1Pb0.9Cl2.1Br0.9,0,0,0.2,0.8,0.9,0.1,2.1,0.9,0
Cs0.2EA0.8Sn0.1Pb0.9Cl2.4Br0.6,0,0,0.2,0.8,0.9,0.1,2.4,0.6,0
Cs0.2EA0.8Sn0.1Pb0.9Cl2.7Br0.3,0,0,0.2,0.8,0.9,0.1,2.7,0.3,0
Cs0.2EA0.8Sn0.1Pb0.9Cl0.3I2.7,0,0,0.2,0.8,0.9,0.1,0.3,0,2.7
Cs0.2EA0.8Sn0.1Pb0.9Cl0.6I2.4,0,0,0.2,0.8,0.9,0.1,0.6,0,2.4
Cs0.2EA0.8Sn0.1Pb0.9Cl0.9I2.1,0,0,0.2,0.8,0.9,0.1,0.9,0,2.1
Cs0.2EA0.8Sn0.1Pb0.9Cl1.2I1.8,0,0,0.2,0.8,0.9,0.1,1.2,0,1.8
Cs0.2EA0.8Sn0.1Pb0.9Cl1.5I1.5,0,0,0.2,0.8,0.9,0.1,1.5,0,1.5
Cs0.2EA0.8Sn0.1Pb0.9Cl1.8I1.2,0,0,0.2,0.8,0.9,0.1,1.8,0,1.2
Cs0.2EA0.8Sn0.1Pb0.9Cl2.1I0.9,0,0,0.2,0.8,0.9,0.1,2.1,0,0.9
Cs0.2EA0.8Sn0.1Pb0.9Cl2.4I0.6,0,0,0.2,0.8,0.9,0.1,2.4,0,0.6
Cs0.2EA0.8Sn0.1Pb0.9Cl2.7I0.3,0,0,0.2,0.8,0.9,0.1,2.7,0,0.3
Cs0.2EA0.8Sn0.1Pb0.9Br0.3I2.7,0,0,0.2,0.8,0.9,0.1,0,0.3,2.7
Cs0.2EA0.8Sn0.1Pb0.9Br0.6I2.4,0,0,0.2,0.8,0.9,0.1,0,0.6,2.4
Cs0.2EA0.8Sn0.1Pb0.9Br0.9I2.1,0,0,0.2,0.8,0.9,0.1,0,0.9,2.1
Cs0.2EA0.8Sn0.1Pb0.9Br1.2I1.8,0,0,0.2,0.8,0.9,0.1,0,1.2,1.8
Cs0.2EA0.8Sn0.1Pb0.9Br1.5I1.5,0,0,0.2,0.8,0.9,0.1,0,1.5,1.5
Cs0.2EA0.8Sn0.1Pb0.9Br1.8I1.2,0,0,0.2,0.8,0.9,0.1,0,1.8,1.2
Cs0.2EA0.8Sn0.1Pb0.9Br2.1I0.9,0,0,0.2,0.8,0.9,0.1,0,2.1,0.9
Cs0.2EA0.8Sn0.1Pb0.9Br2.4I0.6,0,0,0.2,0.8,0.9,0.1,0,2.4,0.6
Cs0.2EA0.8Sn0.1Pb0.9Br2.7I0.3,0,0,0.2,0.8,0.9,0.1,0,2.7,0.3
Cs0.3EA0.7Sn0.9Pb0.1Cl0.3Br2.7,0,0,0.3,0.7,0.1,0.9,0.3,2.7,0
Cs0.3EA0.7Sn0.9Pb0.1Cl0.6Br2.4,0,0,0.3,0.7,0.1,0.9,0.6,2.4,0
Cs0.3EA0.7Sn0.9Pb0.1Cl0.9Br2.1,0,0,0.3,0.7,0.1,0.9,0.9,2.1,0
Cs0.3EA0.7Sn0.9Pb0.1Cl1.2Br1.8,0,0,0.3,0.7,0.1,0.9,1.2,1.8,0
Cs0.3EA0.7Sn0.9Pb0.1Cl1.5Br1.5,0,0,0.3,0.7,0.1,0.9,1.5,1.5,0
Cs0.3EA0.7Sn0.9Pb0.1Cl1.8Br1.2,0,0,0.3,0.7,0.1,0.9,1.8,1.2,0
Cs0.3EA0.7Sn0.9Pb0.1Cl2.1Br0.9,0,0,0.3,0.7,0.1,0.9,2.1,0.9,0
Cs0.3EA0.7Sn0.9Pb0.1Cl2.4Br0.6,0,0,0.3,0.7,0.1,0.9,2.4,0.6,0
Cs0.3EA0.7Sn0.9Pb0.1Cl2.7Br0.3,0,0,0.3,0.7,0.1,0.9,2.7,0.3,0
Cs0.3EA0.7Sn0.9Pb0.1Cl0.3I2.7,0,0,0.3,0.7,0.1,0.9,0.3,0,2.7
Cs0.3EA0.7Sn0.9Pb0.1Cl0.6I2.4,0,0,0.3,0.7,0.1,0.9,0.6,0,2.4
Cs0.3EA0.7Sn0.9Pb0.1Cl0.9I2.1,0,0,0.3,0.7,0.1,0.9,0.9,0,2.1
Cs0.3EA0.7Sn0.9Pb0.1Cl1.2I1.8,0,0,0.3,0.7,0.1,0.9,1.2,0,1.8
Cs0.3EA0.7Sn0.9Pb0.1Cl1.5I1.5,0,0,0.3,0.7,0.1,0.9,1.5,0,1.5
Cs0.3EA0.7Sn0.9Pb0.1Cl1.8I1.2,0,0,0.3,0.7,0.1,0.9,1.8,0,1.2
Cs0.3EA0.7Sn0.9Pb0.1Cl2.1I0.9,0,0,0.3,0.7,0.1,0.9,2.1,0,0.9
Cs0.3EA0.7Sn0.9Pb0.1Cl2.4I0.6,0,0,0.3,0.7,0.1,0.9,2.4,0,0.6
Cs0.3EA0.7Sn0.9Pb0.1Cl2.7I0.3,0,0,0.3,0.7,0.1,0.9,2.7,0,0.3
Cs0.3EA0.7Sn0.9Pb0.1Br0.3I2.7,0,0,0.3,0.7,0.1,0.9,0,0.3,2.7
Cs0.3EA0.7Sn0.9Pb0.1Br0.6I2.4,0,0,0.3,0.7,0.1,0.9,0,0.6,2.4
Cs0.3EA0.7Sn0.9Pb0.1Br0.9I2.1,0,0,0.3,0.7,0.1,0.9,0,0.9,2.1
Cs0.3EA0.7Sn0.9Pb0.1Br1.2I1.8,0,0,0.3,0.7,0.1,0.9,0,1.2,1.8
Cs0.3EA0.7Sn0.9Pb0.1Br1.5I1.5,0,0,0.3,0.7,0.1,0.9,0,1.5,1.5
Cs0.3EA0.7Sn0.9Pb0.1Br1.8I1.2,0,0,0.3,0.7,0.1,0.9,0,1.8,1.2
Cs0.3EA0.7Sn0.9Pb0.1Br2.1I0.9,0,0,0.3,0.7,0.1,0.9,0,2.1,0.9
Cs0.3EA0.7Sn0.9Pb0.1Br2.4I0.6,0,0,0.3,0.7,0.1,0.9,0,2.4,0.6
Cs0.3EA0.7Sn0.9Pb0.1Br2.7I0.3,0,0,0.3,0.7,0.1,0.9,0,2.7,0.3
Cs0.3EA0.7Sn0.8Pb0.2Cl0.3Br2.7,0,0,0.3,0.7,0.2,0.8,0.3,2.7,0
Cs0.3EA0.7Sn0.8Pb0.2Cl0.6Br2.4,0,0,0.3,0.7,0.2,0.8,0.6,2.4,0
Cs0.3EA0.7Sn0.8Pb0.2Cl0.9Br2.1,0,0,0.3,0.7,0.2,0.8,0.9,2.1,0
Cs0.3EA0.7Sn0.8Pb0.2Cl1.2Br1.8,0,0,0.3,0.7,0.2,0.8,1.2,1.8,0
Cs0.3EA0.7Sn0.8Pb0.2Cl1.5Br1.5,0,0,0.3,0.7,0.2,0.8,1.5,1.5,0
Cs0.3EA0.7Sn0.8Pb0.2Cl1.8Br1.2,0,0,0.3,0.7,0.2,0.8,1.8,1.2,0
Cs0.3EA0.7Sn0.8Pb0.2Cl2.1Br0.9,0,0,0.3,0.7,0.2,0.8,2.1,0.9,0
Cs0.3EA0.7Sn0.8Pb0.2Cl2.4Br0.6,0,0,0.3,0.7,0.2,0.8,2.4,0.6,0
Cs0.3EA0.7Sn0.8Pb0.2Cl2.7Br0.3,0,0,0.3,0.7,0.2,0.8,2.7,0.3,0
Cs0.3EA0.7Sn0.8Pb0.2Cl0.3I2.7,0,0,0.3,0.7,0.2,0.8,0.3,0,2.7
Cs0.3EA0.7Sn0.8Pb0.2Cl0.6I2.4,0,0,0.3,0.7,0.2,0.8,0.6,0,2.4
Cs0.3EA0.7Sn0.8Pb0.2Cl0.9I2.1,0,0,0.3,0.7,0.2,0.8,0.9,0,2.1
Cs0.3EA0.7Sn0.8Pb0.2Cl1.2I1.8,0,0,0.3,0.7,0.2,0.8,1.2,0,1.8
Cs0.3EA0.7Sn0.8Pb0.2Cl1.5I1.5,0,0,0.3,0.7,0.2,0.8,1.5,0,1.5
Cs0.3EA0.7Sn0.8Pb0.2Cl1.8I1.2,0,0,0.3,0.7,0.2,0.8,1.8,0,1.2
Cs0.3EA0.7Sn0.8Pb0.2Cl2.1I0.9,0,0,0.3,0.7,0.2,0.8,2.1,0,0.9
Cs0.3EA0.7Sn0.8Pb0.2Cl2.4I0.6,0,0,0.3,0.7,0.2,0.8,2.4,0,0.6
Cs0.3EA0.7Sn0.8Pb0.2Cl2.7I0.3,0,0,0.3,0.7,0.2,0.8,2.7,0,0.3
Cs0.3EA0.7Sn0.8Pb0.2Br0.3I2.7,0,0,0.3,0.7,0.2,0.8,0,0.3,2.7
Cs0.3EA0.7Sn0.8Pb0.2Br0.6I2.4,0,0,0.3,0.7,0.2,0.8,0,0.6,2.4
Cs0.3EA0.7Sn0.8Pb0.2Br0.9I2.1,0,0,0.3,0.7,0.2,0.8,0,0.9,2.1
Cs0.3EA0.7Sn0.8Pb0.2Br1.2I1.8,0,0,0.3,0.7,0.2,0.8,0,1.2,1.8
Cs0.3EA0.7Sn0.8Pb0.2Br1.5I1.5,0,0,0.3,0.7,0.2,0.8,0,1.5,1.5
Cs0.3EA0.7Sn0.8Pb0.2Br1.8I1.2,0,0,0.3,0.7,0.2,0.8,0,1.8,1.2
Cs0.3EA0.7Sn0.8Pb0.2Br2.1I0.9,0,0,0.3,0.7,0.2,0.8,0,2.1,0.9
Cs0.3EA0.7Sn0.8Pb0.2Br2.4I0.6,0,0,0.3,0.7,0.2,0.8,0,2.4,0.6
Cs0.3EA0.7Sn0.8Pb0.2Br2.7I0.3,0,0,0.3,0.7,0.2,0.8,0,2.7,0.3
Cs0.3EA0.7Sn0.7Pb0.3Cl0.3Br2.7,0,0,0.3,0.7,0.3,0.7,0.3,2.7,0
Cs0.3EA0.7Sn0.7Pb0.3Cl0.6Br2.4,0,0,0.3,0.7,0.3,0.7,0.6,2.4,0
Cs0.3EA0.7Sn0.7Pb0.3Cl0.9Br2.1,0,0,0.3,0.7,0.3,0.7,0.9,2.1,0
Cs0.3EA0.7Sn0.7Pb0.3Cl1.2Br1.8,0,0,0.3,0.7,0.3,0.7,1.2,1.8,0
Cs0.3EA0.7Sn0.7Pb0.3Cl1.5Br1.5,0,0,0.3,0.7,0.3,0.7,1.5,1.5,0
Cs0.3EA0.7Sn0.7Pb0.3Cl1.8Br1.2,0,0,0.3,0.7,0.3,0.7,1.8,1.2,0
Cs0.3EA0.7Sn0.7Pb0.3Cl2.1Br0.9,0,0,0.3,0.7,0.3,0.7,2.1,0.9,0
Cs0.3EA0.7Sn0.7Pb0.3Cl2.4Br0.6,0,0,0.3,0.7,0.3,0.7,2.4,0.6,0
Cs0.3EA0.7Sn0.7Pb0.3Cl2.7Br0.3,0,0,0.3,0.7,0.3,0.7,2.7,0.3,0
Cs0.3EA0.7Sn0.7Pb0.3Cl0.3I2.7,0,0,0.3,0.7,0.3,0.7,0.3,0,2.7
Cs0.3EA0.7Sn0.7Pb0.3Cl0.6I2.4,0,0,0.3,0.7,0.3,0.7,0.6,0,2.4
Cs0.3EA0.7Sn0.7Pb0.3Cl0.9I2.1,0,0,0.3,0.7,0.3,0.7,0.9,0,2.1
Cs0.3EA0.7Sn0.7Pb0.3Cl1.2I1.8,0,0,0.3,0.7,0.3,0.7,1.2,0,1.8
Cs0.3EA0.7Sn0.7Pb0.3Cl1.5I1.5,0,0,0.3,0.7,0.3,0.7,1.5,0,1.5
Cs0.3EA0.7Sn0.7Pb0.3Cl1.8I1.2,0,0,0.3,0.7,0.3,0.7,1.8,0,1.2
Cs0.3EA0.7Sn0.7Pb0.3Cl2.1I0.9,0,0,0.3,0.7,0.3,0.7,2.1,0,0.9
Cs0.3EA0.7Sn0.7Pb0.3Cl2.4I0.6,0,0,0.3,0.7,0.3,0.7,2.4,0,0.6
Cs0.3EA0.7Sn0.7Pb0.3Cl2.7I0.3,0,0,0.3,0.7,0.3,0.7,2.7,0,0.3
Cs0.3EA0.7Sn0.7Pb0.3Br0.3I2.7,0,0,0.3,0.7,0.3,0.7,0,0.3,2.7
Cs0.3EA0.7Sn0.7Pb0.3Br0.6I2.4,0,0,0.3,0.7,0.3,0.7,0,0.6,2.4
Cs0.3EA0.7Sn0.7Pb0.3Br0.9I2.1,0,0,0.3,0.7,0.3,0.7,0,0.9,2.1
Cs0.3EA0.7Sn0.7Pb0.3Br1.2I1.8,0,0,0.3,0.7,0.3,0.7,0,1.2,1.8
Cs0.3EA0.7Sn0.7Pb0.3Br1.5I1.5,0,0,0.3,0.7,0.3,0.7,0,1.5,1.5
Cs0.3EA0.7Sn0.7Pb0.3Br1.8I1.2,0,0,0.3,0.7,0.3,0.7,0,1.8,1.2
Cs0.3EA0.7Sn0.7Pb0.3Br2.1I0.9,0,0,0.3,0.7,0.3,0.7,0,2.1,0.9
Cs0.3EA0.7Sn0.7Pb0.3Br2.4I0.6,0,0,0.3,0.7,0.3,0.7,0,2.4,0.6
Cs0.3EA0.7Sn0.7Pb0.3Br2.7I0.3,0,0,0.3,0.7,0.3,0.7,0,2.7,0.3
Cs0.3EA0.7Sn0.6Pb0.4Cl0.3Br2.7,0,0,0.3,0.7,0.4,0.6,0.3,2.7,0
Cs0.3EA0.7Sn0.6Pb0.4Cl0.6Br2.4,0,0,0.3,0.7,0.4,0.6,0.6,2.4,0
Cs0.3EA0.7Sn0.6Pb0.4Cl0.9Br2.1,0,0,0.3,0.7,0.4,0.6,0.9,2.1,0
Cs0.3EA0.7Sn0.6Pb0.4Cl1.2Br1.8,0,0,0.3,0.7,0.4,0.6,1.2,1.8,0
Cs0.3EA0.7Sn0.6Pb0.4Cl1.5Br1.5,0,0,0.3,0.7,0.4,0.6,1.5,1.5,0
Cs0.3EA0.7Sn0.6Pb0.4Cl1.8Br1.2,0,0,0.3,0.7,0.4,0.6,1.8,1.2,0
Cs0.3EA0.7Sn0.6Pb0.4Cl2.1Br0.9,0,0,0.3,0.7,0.4,0.6,2.1,0.9,0
Cs0.3EA0.7Sn0.6Pb0.4Cl2.4Br0.6,0,0,0.3,0.7,0.4,0.6,2.4,0.6,0
Cs0.3EA0.7Sn0.6Pb0.4Cl2.7Br0.3,0,0,0.3,0.7,0.4,0.6,2.7,0.3,0
Cs0.3EA0.7Sn0.6Pb0.4Cl0.3I2.7,0,0,0.3,0.7,0.4,0.6,0.3,0,2.7
Cs0.3EA0.7Sn0.6Pb0.4Cl0.6I2.4,0,0,0.3,0.7,0.4,0.6,0.6,0,2.4
Cs0.3EA0.7Sn0.6Pb0.4Cl0.9I2.1,0,0,0.3,0.7,0.4,0.6,0.9,0,2.1
Cs0.3EA0.7Sn0.6Pb0.4Cl1.2I1.8,0,0,0.3,0.7,0.4,0.6,1.2,0,1.8
Cs0.3EA0.7Sn0.6Pb0.4Cl1.5I1.5,0,0,0.3,0.7,0.4,0.6,1.5,0,1.5
Cs0.3EA0.7Sn0.6Pb0.4Cl1.8I1.2,0,0,0.3,0.7,0.4,0.6,1.8,0,1.2
Cs0.3EA0.7Sn0.6Pb0.4Cl2.1I0.9,0,0,0.3,0.7,0.4,0.6,2.1,0,0.9
Cs0.3EA0.7Sn0.6Pb0.4Cl2.4I0.6,0,0,0.3,0.7,0.4,0.6,2.4,0,0.6
Cs0.3EA0.7Sn0.6Pb0.4Cl2.7I0.3,0,0,0.3,0.7,0.4,0.6,2.7,0,0.3
Cs0.3EA0.7Sn0.6Pb0.4Br0.3I2.7,0,0,0.3,0.7,0.4,0.6,0,0.3,2.7
Cs0.3EA0.7Sn0.6Pb0.4Br0.6I2.4,0,0,0.3,0.7,0.4,0.6,0,0.6,2.4
Cs0.3EA0.7Sn0.6Pb0.4Br0.9I2.1,0,0,0.3,0.7,0.4,0.6,0,0.9,2.1
Cs0.3EA0.7Sn0.6Pb0.4Br1.2I1.8,0,0,0.3,0.7,0.4,0.6,0,1.2,1.8
Cs0.3EA0.7Sn0.6Pb0.4Br1.5I1.5,0,0,0.3,0.7,0.4,0.6,0,1.5,1.5
Cs0.3EA0.7Sn0.6Pb0.4Br1.8I1.2,0,0,0.3,0.7,0.4,0.6,0,1.8,1.2
Cs0.3EA0.7Sn0.6Pb0.4Br2.1I0.9,0,0,0.3,0.7,0.4,0.6,0,2.1,0.9
Cs0.3EA0.7Sn0.6Pb0.4Br2.4I0.6,0,0,0.3,0.7,0.4,0.6,0,2.4,0.6
Cs0.3EA0.7Sn0.6Pb0.4Br2.7I0.3,0,0,0.3,0.7,0.4,0.6,0,2.7,0.3
Cs0.3EA0.7Sn0.5Pb0.5Cl0.3Br2.7,0,0,0.3,0.7,0.5,0.5,0.3,2.7,0
Cs0.3EA0.7Sn0.5Pb0.5Cl0.6Br2.4,0,0,0.3,0.7,0.5,0.5,0.6,2.4,0
Cs0.3EA0.7Sn0.5Pb0.5Cl0.9Br2.1,0,0,0.3,0.7,0.5,0.5,0.9,2.1,0
Cs0.3EA0.7Sn0.5Pb0.5Cl1.2Br1.8,0,0,0.3,0.7,0.5,0.5,1.2,1.8,0
Cs0.3EA0.7Sn0.5Pb0.5Cl1.5Br1.5,0,0,0.3,0.7,0.5,0.5,1.5,1.5,0
Cs0.3EA0.7Sn0.5Pb0.5Cl1.8Br1.2,0,0,0.3,0.7,0.5,0.5,1.8,1.2,0
Cs0.3EA0.7Sn0.5Pb0.5Cl2.1Br0.9,0,0,0.3,0.7,0.5,0.5,2.1,0.9,0
Cs0.3EA0.7Sn0.5Pb0.5Cl2.4Br0.6,0,0,0.3,0.7,0.5,0.5,2.4,0.6,0
Cs0.3EA0.7Sn0.5Pb0.5Cl2.7Br0.3,0,0,0.3,0.7,0.5,0.5,2.7,0.3,0
Cs0.3EA0.7Sn0.5Pb0.5Cl0.3I2.7,0,0,0.3,0.7,0.5,0.5,0.3,0,2.7
Cs0.3EA0.7Sn0.5Pb0.5Cl0.6I2.4,0,0,0.3,0.7,0.5,0.5,0.6,0,2.4
Cs0.3EA0.7Sn0.5Pb0.5Cl0.9I2.1,0,0,0.3,0.7,0.5,0.5,0.9,0,2.1
Cs0.3EA0.7Sn0.5Pb0.5Cl1.2I1.8,0,0,0.3,0.7,0.5,0.5,1.2,0,1.8
Cs0.3EA0.7Sn0.5Pb0.5Cl1.5I1.5,0,0,0.3,0.7,0.5,0.5,1.5,0,1.5
Cs0.3EA0.7Sn0.5Pb0.5Cl1.8I1.2,0,0,0.3,0.7,0.5,0.5,1.8,0,1.2
Cs0.3EA0.7Sn0.5Pb0.5Cl2.1I0.9,0,0,0.3,0.7,0.5,0.5,2.1,0,0.9
Cs0.3EA0.7Sn0.5Pb0.5Cl2.4I0.6,0,0,0.3,0.7,0.5,0.5,2.4,0,0.6
Cs0.3EA0.7Sn0.5Pb0.5Cl2.7I0.3,0,0,0.3,0.7,0.5,0.5,2.7,0,0.3
Cs0.3EA0.7Sn0.5Pb0.5Br0.3I2.7,0,0,0.3,0.7,0.5,0.5,0,0.3,2.7
Cs0.3EA0.7Sn0.5Pb0.5Br0.6I2.4,0,0,0.3,0.7,0.5,0.5,0,0.6,2.4
Cs0.3EA0.7Sn0.5Pb0.5Br0.9I2.1,0,0,0.3,0.7,0.5,0.5,0,0.9,2.1
Cs0.3EA0.7Sn0.5Pb0.5Br1.2I1.8,0,0,0.3,0.7,0.5,0.5,0,1.2,1.8
Cs0.3EA0.7Sn0.5Pb0.5Br1.5I1.5,0,0,0.3,0.7,0.5,0.5,0,1.5,1.5
Cs0.3EA0.7Sn0.5Pb0.5Br1.8I1.2,0,0,0.3,0.7,0.5,0.5,0,1.8,1.2
Cs0.3EA0.7Sn0.5Pb0.5Br2.1I0.9,0,0,0.3,0.7,0.5,0.5,0,2.1,0.9
Cs0.3EA0.7Sn0.5Pb0.5Br2.4I0.6,0,0,0.3,0.7,0.5,0.5,0,2.4,0.6
Cs0.3EA0.7Sn0.5Pb0.5Br2.7I0.3,0,0,0.3,0.7,0.5,0.5,0,2.7,0.3
Cs0.3EA0.7Sn0.4Pb0.6Cl0.3Br2.7,0,0,0.3,0.7,0.6,0.4,0.3,2.7,0
Cs0.3EA0.7Sn0.4Pb0.6Cl0.6Br2.4,0,0,0.3,0.7,0.6,0.4,0.6,2.4,0
Cs0.3EA0.7Sn0.4Pb0.6Cl0.9Br2.1,0,0,0.3,0.7,0.6,0.4,0.9,2.1,0
Cs0.3EA0.7Sn0.4Pb0.6Cl1.2Br1.8,0,0,0.3,0.7,0.6,0.4,1.2,1.8,0
Cs0.3EA0.7Sn0.4Pb0.6Cl1.5Br1.5,0,0,0.3,0.7,0.6,0.4,1.5,1.5,0
Cs0.3EA0.7Sn0.4Pb0.6Cl1.8Br1.2,0,0,0.3,0.7,0.6,0.4,1.8,1.2,0
Cs0.3EA0.7Sn0.4Pb0.6Cl2.1Br0.9,0,0,0.3,0.7,0.6,0.4,2.1,0.9,0
Cs0.3EA0.7Sn0.4Pb0.6Cl2.4Br0.6,0,0,0.3,0.7,0.6,0.4,2.4,0.6,0
Cs0.3EA0.7Sn0.4Pb0.6Cl2.7Br0.3,0,0,0.3,0.7,0.6,0.4,2.7,0.3,0
Cs0.3EA0.7Sn0.4Pb0.6Cl0.3I2.7,0,0,0.3,0.7,0.6,0.4,0.3,0,2.7
Cs0.3EA0.7Sn0.4Pb0.6Cl0.6I2.4,0,0,0.3,0.7,0.6,0.4,0.6,0,2.4
Cs0.3EA0.7Sn0.4Pb0.6Cl0.9I2.1,0,0,0.3,0.7,0.6,0.4,0.9,0,2.1
Cs0.3EA0.7Sn0.4Pb0.6Cl1.2I1.8,0,0,0.3,0.7,0.6,0.4,1.2,0,1.8
Cs0.3EA0.7Sn0.4Pb0.6Cl1.5I1.5,0,0,0.3,0.7,0.6,0.4,1.5,0,1.5
Cs0.3EA0.7Sn0.4Pb0.6Cl1.8I1.2,0,0,0.3,0.7,0.6,0.4,1.8,0,1.2
Cs0.3EA0.7Sn0.4Pb0.6Cl2.1I0.9,0,0,0.3,0.7,0.6,0.4,2.1,0,0.9
Cs0.3EA0.7Sn0.4Pb0.6Cl2.4I0.6,0,0,0.3,0.7,0.6,0.4,2.4,0,0.6
Cs0.3EA0.7Sn0.4Pb0.6Cl2.7I0.3,0,0,0.3,0.7,0.6,0.4,2.7,0,0.3
Cs0.3EA0.7Sn0.4Pb0.6Br0.3I2.7,0,0,0.3,0.7,0.6,0.4,0,0.3,2.7
Cs0.3EA0.7Sn0.4Pb0.6Br0.6I2.4,0,0,0.3,0.7,0.6,0.4,0,0.6,2.4
Cs0.3EA0.7Sn0.4Pb0.6Br0.9I2.1,0,0,0.3,0.7,0.6,0.4,0,0.9,2.1
Cs0.3EA0.7Sn0.4Pb0.6Br1.2I1.8,0,0,0.3,0.7,0.6,0.4,0,1.2,1.8
Cs0.3EA0.7Sn0.4Pb0.6Br1.5I1.5,0,0,0.3,0.7,0.6,0.4,0,1.5,1.5
Cs0.3EA0.7Sn0.4Pb0.6Br1.8I1.2,0,0,0.3,0.7,0.6,0.4,0,1.8,1.2
Cs0.3EA0.7Sn0.4Pb0.6Br2.1I0.9,0,0,0.3,0.7,0.6,0.4,0,2.1,0.9
Cs0.3EA0.7Sn0.4Pb0.6Br2.4I0.6,0,0,0.3,0.7,0.6,0.4,0,2.4,0.6
Cs0.3EA0.7Sn0.4Pb0.6Br2.7I0.3,0,0,0.3,0.7,0.6,0.4,0,2.7,0.3
Cs0.3EA0.7Sn0.3Pb0.7Cl0.3Br2.7,0,0,0.3,0.7,0.7,0.3,0.3,2.7,0
Cs0.3EA0.7Sn0.3Pb0.7Cl0.6Br2.4,0,0,0.3,0.7,0.7,0.3,0.6,2.4,0
Cs0.3EA0.7Sn0.3Pb0.7Cl0.9Br2.1,0,0,0.3,0.7,0.7,0.3,0.9,2.1,0
Cs0.3EA0.7Sn0.3Pb0.7Cl1.2Br1.8,0,0,0.3,0.7,0.7,0.3,1.2,1.8,0
Cs0.3EA0.7Sn0.3Pb0.7Cl1.5Br1.5,0,0,0.3,0.7,0.7,0.3,1.5,1.5,0
Cs0.3EA0.7Sn0.3Pb0.7Cl1.8Br1.2,0,0,0.3,0.7,0.7,0.3,1.8,1.2,0
Cs0.3EA0.7Sn0.3Pb0.7Cl2.1Br0.9,0,0,0.3,0.7,0.7,0.3,2.1,0.9,0
Cs0.3EA0.7Sn0.3Pb0.7Cl2.4Br0.6,0,0,0.3,0.7,0.7,0.3,2.4,0.6,0
Cs0.3EA0.7Sn0.3Pb0.7Cl2.7Br0.3,0,0,0.3,0.7,0.7,0.3,2.7,0.3,0
Cs0.3EA0.7Sn0.3Pb0.7Cl0.3I2.7,0,0,0.3,0.7,0.7,0.3,0.3,0,2.7
Cs0.3EA0.7Sn0.3Pb0.7Cl0.6I2.4,0,0,0.3,0.7,0.7,0.3,0.6,0,2.4
Cs0.3EA0.7Sn0.3Pb0.7Cl0.9I2.1,0,0,0.3,0.7,0.7,0.3,0.9,0,2.1
Cs0.3EA0.7Sn0.3Pb0.7Cl1.2I1.8,0,0,0.3,0.7,0.7,0.3,1.2,0,1.8
Cs0.3EA0.7Sn0.3Pb0.7Cl1.5I1.5,0,0,0.3,0.7,0.7,0.3,1.5,0,1.5
Cs0.3EA0.7Sn0.3Pb0.7Cl1.8I1.2,0,0,0.3,0.7,0.7,0.3,1.8,0,1.2
Cs0.3EA0.7Sn0.3Pb0.7Cl2.1I0.9,0,0,0.3,0.7,0.7,0.3,2.1,0,0.9
Cs0.3EA0.7Sn0.3Pb0.7Cl2.4I0.6,0,0,0.3,0.7,0.7,0.3,2.4,0,0.6
Cs0.3EA0.7Sn0.3Pb0.7Cl2.7I0.3,0,0,0.3,0.7,0.7,0.3,2.7,0,0.3
Cs0.3EA0.7Sn0.3Pb0.7Br0.3I2.7,0,0,0.3,0.7,0.7,0.3,0,0.3,2.7
Cs0.3EA0.7Sn0.3Pb0.7Br0.6I2.4,0,0,0.3,0.7,0.7,0.3,0,0.6,2.4
Cs0.3EA0.7Sn0.3Pb0.7Br0.9I2.1,0,0,0.3,0.7,0.7,0.3,0,0.9,2.1
Cs0.3EA0.7Sn0.3Pb0.7Br1.2I1.8,0,0,0.3,0.7,0.7,0.3,0,1.2,1.8
Cs0.3EA0.7Sn0.3Pb0.7Br1.5I1.5,0,0,0.3,0.7,0.7,0.3,0,1.5,1.5
Cs0.3EA0.7Sn0.3Pb0.7Br1.8I1.2,0,0,0.3,0.7,0.7,0.3,0,1.8,1.2
Cs0.3EA0.7Sn0.3Pb0.7Br2.1I0.9,0,0,0.3,0.7,0.7,0.3,0,2.1,0.9
Cs0.3EA0.7Sn0.3Pb0.7Br2.4I0.6,0,0,0.3,0.7,0.7,0.3,0,2.4,0.6
Cs0.3EA0.7Sn0.3Pb0.7Br2.7I0.3,0,0,0.3,0.7,0.7,0.3,0,2.7,0.3
Cs0.3EA0.7Sn0.2Pb0.8Cl0.3Br2.7,0,0,0.3,0.7,0.8,0.2,0.3,2.7,0
Cs0.3EA0.7Sn0.2Pb0.8Cl0.6Br2.4,0,0,0.3,0.7,0.8,0.2,0.6,2.4,0
Cs0.3EA0.7Sn0.2Pb0.8Cl0.9Br2.1,0,0,0.3,0.7,0.8,0.2,0.9,2.1,0
Cs0.3EA0.7Sn0.2Pb0.8Cl1.2Br1.8,0,0,0.3,0.7,0.8,0.2,1.2,1.8,0
Cs0.3EA0.7Sn0.2Pb0.8Cl1.5Br1.5,0,0,0.3,0.7,0.8,0.2,1.5,1.5,0
Cs0.3EA0.7Sn0.2Pb0.8Cl1.8Br1.2,0,0,0.3,0.7,0.8,0.2,1.8,1.2,0
Cs0.3EA0.7Sn0.2Pb0.8Cl2.1Br0.9,0,0,0.3,0.7,0.8,0.2,2.1,0.9,0
Cs0.3EA0.7Sn0.2Pb0.8Cl2.4Br0.6,0,0,0.3,0.7,0.8,0.2,2.4,0.6,0
Cs0.3EA0.7Sn0.2Pb0.8Cl2.7Br0.3,0,0,0.3,0.7,0.8,0.2,2.7,0.3,0
Cs0.3EA0.7Sn0.2Pb0.8Cl0.3I2.7,0,0,0.3,0.7,0.8,0.2,0.3,0,2.7
Cs0.3EA0.7Sn0.2Pb0.8Cl0.6I2.4,0,0,0.3,0.7,0.8,0.2,0.6,0,2.4
Cs0.3EA0.7Sn0.2Pb0.8Cl0.9I2.1,0,0,0.3,0.7,0.8,0.2,0.9,0,2.1
Cs0.3EA0.7Sn0.2Pb0.8Cl1.2I1.8,0,0,0.3,0.7,0.8,0.2,1.2,0,1.8
Cs0.3EA0.7Sn0.2Pb0.8Cl1.5I1.5,0,0,0.3,0.7,0.8,0.2,1.5,0,1.5
Cs0.3EA0.7Sn0.2Pb0.8Cl1.8I1.2,0,0,0.3,0.7,0.8,0.2,1.8,0,1.2
Cs0.3EA0.7Sn0.2Pb0.8Cl2.1I0.9,0,0,0.3,0.7,0.8,0.2,2.1,0,0.9
Cs0.3EA0.7Sn0.2Pb0.8Cl2.4I0.6,0,0,0.3,0.7,0.8,0.2,2.4,0,0.6
Cs0.3EA0.7Sn0.2Pb0.8Cl2.7I0.3,0,0,0.3,0.7,0.8,0.2,2.7,0,0.3
Cs0.3EA0.7Sn0.2Pb0.8Br0.3I2.7,0,0,0.3,0.7,0.8,0.2,0,0.3,2.7
Cs0.3EA0.7Sn0.2Pb0.8Br0.6I2.4,0,0,0.3,0.7,0.8,0.2,0,0.6,2.4
Cs0.3EA0.7Sn0.2Pb0.8Br0.9I2.1,0,0,0.3,0.7,0.8,0.2,0,0.9,2.1
Cs0.3EA0.7Sn0.2Pb0.8Br1.2I1.8,0,0,0.3,0.7,0.8,0.2,0,1.2,1.8
Cs0.3EA0.7Sn0.2Pb0.8Br1.5I1.5,0,0,0.3,0.7,0.8,0.2,0,1.5,1.5
Cs0.3EA0.7Sn0.2Pb0.8Br1.8I1.2,0,0,0.3,0.7,0.8,0.2,0,1.8,1.2
Cs0.3EA0.7Sn0.2Pb0.8Br2.1I0.9,0,0,0.3,0.7,0.8,0.2,0,2.1,0.9
Cs0.3EA0.7Sn0.2Pb0.8Br2.4I0.6,0,0,0.3,0.7,0.8,0.2,0,2.4,0.6
Cs0.3EA0.7Sn0.2Pb0.8Br2.7I0.3,0,0,0.3,0.7,0.8,0.2,0,2.7,0.3
Cs0.3EA0.7Sn0.1Pb0.9Cl0.3Br2.7,0,0,0.3,0.7,0.9,0.1,0.3,2.7,0
Cs0.3EA0.7Sn0.1Pb0.9Cl0.6Br2.4,0,0,0.3,0.7,0.9,0.1,0.6,2.4,0
Cs0.3EA0.7Sn0.1Pb0.9Cl0.9Br2.1,0,0,0.3,0.7,0.9,0.1,0.9,2.1,0
Cs0.3EA0.7Sn0.1Pb0.9Cl1.2Br1.8,0,0,0.3,0.7,0.9,0.1,1.2,1.8,0
Cs0.3EA0.7Sn0.1Pb0.9Cl1.5Br1.5,0,0,0.3,0.7,0.9,0.1,1.5,1.5,0
Cs0.3EA0.7Sn0.1Pb0.9Cl1.8Br1.2,0,0,0.3,0.7,0.9,0.1,1.8,1.2,0
Cs0.3EA0.7Sn0.1Pb0.9Cl2.1Br0.9,0,0,0.3,0.7,0.9,0.1,2.1,0.9,0
Cs0.3EA0.7Sn0.1Pb0.9Cl2.4Br0.6,0,0,0.3,0.7,0.9,0.1,2.4,0.6,0
Cs0.3EA0.7Sn0.1Pb0.9Cl2.7Br0.3,0,0,0.3,0.7,0.9,0.1,2.7,0.3,0
Cs0.3EA0.7Sn0.1Pb0.9Cl0.3I2.7,0,0,0.3,0.7,0.9,0.1,0.3,0,2.7
Cs0.3EA0.7Sn0.1Pb0.9Cl0.6I2.4,0,0,0.3,0.7,0.9,0.1,0.6,0,2.4
Cs0.3EA0.7Sn0.1Pb0.9Cl0.9I2.1,0,0,0.3,0.7,0.9,0.1,0.9,0,2.1
Cs0.3EA0.7Sn0.1Pb0.9Cl1.2I1.8,0,0,0.3,0.7,0.9,0.1,1.2,0,1.8
Cs0.3EA0.7Sn0.1Pb0.9Cl1.5I1.5,0,0,0.3,0.7,0.9,0.1,1.5,0,1.5
Cs0.3EA0.7Sn0.1Pb0.9Cl1.8I1.2,0,0,0.3,0.7,0.9,0.1,1.8,0,1.2
Cs0.3EA0.7Sn0.1Pb0.9Cl2.1I0.9,0,0,0.3,0.7,0.9,0.1,2.1,0,0.9
Cs0.3EA0.7Sn0.1Pb0.9Cl2.4I0.6,0,0,0.3,0.7,0.9,0.1,2.4,0,0.6
Cs0.3EA0.7Sn0.1Pb0.9Cl2.7I0.3,0,0,0.3,0.7,0.9,0.1,2.7,0,0.3
Cs0.3EA0.7Sn0.1Pb0.9Br0.3I2.7,0,0,0.3,0.7,0.9,0.1,0,0.3,2.7
Cs0.3EA0.7Sn0.1Pb0.9Br0.6I2.4,0,0,0.3,0.7,0.9,0.1,0,0.6,2.4
Cs0.3EA0.7Sn0.1Pb0.9Br0.9I2.1,0,0,0.3,0.7,0.9,0.1,0,0.9,2.1
Cs0.3EA0.7Sn0.1Pb0.9Br1.2I1.8,0,0,0.3,0.7,0.9,0.1,0,1.2,1.8
Cs0.3EA0.7Sn0.1Pb0.9Br1.5I1.5,0,0,0.3,0.7,0.9,0.1,0,1.5,1.5
Cs0.3EA0.7Sn0.1Pb0.9Br1.8I1.2,0,0,0.3,0.7,0.9,0.1,0,1.8,1.2
Cs0.3EA0.7Sn0.1Pb0.9Br2.1I0.9,0,0,0.3,0.7,0.9,0.1,0,2.1,0.9
Cs0.3EA0.7Sn0.1Pb0.9Br2.4I0.6,0,0,0.3,0.7,0.9,0.1,0,2.4,0.6
Cs0.3EA0.7Sn0.1Pb0.9Br2.7I0.3,0,0,0.3,0.7,0.9,0.1,0,2.7,0.3
Cs0.4EA0.6Sn0.9Pb0.1Cl0.3Br2.7,0,0,0.4,0.6,0.1,0.9,0.3,2.7,0
Cs0.4EA0.6Sn0.9Pb0.1Cl0.6Br2.4,0,0,0.4,0.6,0.1,0.9,0.6,2.4,0
Cs0.4EA0.6Sn0.9Pb0.1Cl0.9Br2.1,0,0,0.4,0.6,0.1,0.9,0.9,2.1,0
Cs0.4EA0.6Sn0.9Pb0.1Cl1.2Br1.8,0,0,0.4,0.6,0.1,0.9,1.2,1.8,0
Cs0.4EA0.6Sn0.9Pb0.1Cl1.5Br1.5,0,0,0.4,0.6,0.1,0.9,1.5,1.5,0
Cs0.4EA0.6Sn0.9Pb0.1Cl1.8Br1.2,0,0,0.4,0.6,0.1,0.9,1.8,1.2,0
Cs0.4EA0.6Sn0.9Pb0.1Cl2.1Br0.9,0,0,0.4,0.6,0.1,0.9,2.1,0.9,0
Cs0.4EA0.6Sn0.9Pb0.1Cl2.4Br0.6,0,0,0.4,0.6,0.1,0.9,2.4,0.6,0
Cs0.4EA0.6Sn0.9Pb0.1Cl2.7Br0.3,0,0,0.4,0.6,0.1,0.9,2.7,0.3,0
Cs0.4EA0.6Sn0.9Pb0.1Cl0.3I2.7,0,0,0.4,0.6,0.1,0.9,0.3,0,2.7
Cs0.4EA0.6Sn0.9Pb0.1Cl0.6I2.4,0,0,0.4,0.6,0.1,0.9,0.6,0,2.4
Cs0.4EA0.6Sn0.9Pb0.1Cl0.9I2.1,0,0,0.4,0.6,0.1,0.9,0.9,0,2.1
Cs0.4EA0.6Sn0.9Pb0.1Cl1.2I1.8,0,0,0.4,0.6,0.1,0.9,1.2,0,1.8
Cs0.4EA0.6Sn0.9Pb0.1Cl1.5I1.5,0,0,0.4,0.6,0.1,0.9,1.5,0,1.5
Cs0.4EA0.6Sn0.9Pb0.1Cl1.8I1.2,0,0,0.4,0.6,0.1,0.9,1.8,0,1.2
Cs0.4EA0.6Sn0.9Pb0.1Cl2.1I0.9,0,0,0.4,0.6,0.1,0.9,2.1,0,0.9
Cs0.4EA0.6Sn0.9Pb0.1Cl2.4I0.6,0,0,0.4,0.6,0.1,0.9,2.4,0,0.6
Cs0.4EA0.6Sn0.9Pb0.1Cl2.7I0.3,0,0,0.4,0.6,0.1,0.9,2.7,0,0.3
Cs0.4EA0.6Sn0.9Pb0.1Br0.3I2.7,0,0,0.4,0.6,0.1,0.9,0,0.3,2.7
Cs0.4EA0.6Sn0.9Pb0.1Br0.6I2.4,0,0,0.4,0.6,0.1,0.9,0,0.6,2.4
Cs0.4EA0.6Sn0.9Pb0.1Br0.9I2.1,0,0,0.4,0.6,0.1,0.9,0,0.9,2.1
Cs0.4EA0.6Sn0.9Pb0.1Br1.2I1.8,0,0,0.4,0.6,0.1,0.9,0,1.2,1.8
Cs0.4EA0.6Sn0.9Pb0.1Br1.5I1.5,0,0,0.4,0.6,0.1,0.9,0,1.5,1.5
Cs0.4EA0.6Sn0.9Pb0.1Br1.8I1.2,0,0,0.4,0.6,0.1,0.9,0,1.8,1.2
Cs0.4EA0.6Sn0.9Pb0.1Br2.1I0.9,0,0,0.4,0.6,0.1,0.9,0,2.1,0.9
Cs0.4EA0.6Sn0.9Pb0.1Br2.4I0.6,0,0,0.4,0.6,0.1,0.9,0,2.4,0.6
Cs0.4EA0.6Sn0.9Pb0.1Br2.7I0.3,0,0,0.4,0.6,0.1,0.9,0,2.7,0.3
Cs0.4EA0.6Sn0.8Pb0.2Cl0.3Br2.7,0,0,0.4,0.6,0.2,0.8,0.3,2.7,0
Cs0.4EA0.6Sn0.8Pb0.2Cl0.6Br2.4,0,0,0.4,0.6,0.2,0.8,0.6,2.4,0
Cs0.4EA0.6Sn0.8Pb0.2Cl0.9Br2.1,0,0,0.4,0.6,0.2,0.8,0.9,2.1,0
Cs0.4EA0.6Sn0.8Pb0.2Cl1.2Br1.8,0,0,0.4,0.6,0.2,0.8,1.2,1.8,0
Cs0.4EA0.6Sn0.8Pb0.2Cl1.5Br1.5,0,0,0.4,0.6,0.2,0.8,1.5,1.5,0
Cs0.4EA0.6Sn0.8Pb0.2Cl1.8Br1.2,0,0,0.4,0.6,0.2,0.8,1.8,1.2,0
Cs0.4EA0.6Sn0.8Pb0.2Cl2.1Br0.9,0,0,0.4,0.6,0.2,0.8,2.1,0.9,0
Cs0.4EA0.6Sn0.8Pb0.2Cl2.4Br0.6,0,0,0.4,0.6,0.2,0.8,2.4,0.6,0
Cs0.4EA0.6Sn0.8Pb0.2Cl2.7Br0.3,0,0,0.4,0.6,0.2,0.8,2.7,0.3,0
Cs0.4EA0.6Sn0.8Pb0.2Cl0.3I2.7,0,0,0.4,0.6,0.2,0.8,0.3,0,2.7
Cs0.4EA0.6Sn0.8Pb0.2Cl0.6I2.4,0,0,0.4,0.6,0.2,0.8,0.6,0,2.4
Cs0.4EA0.6Sn0.8Pb0.2Cl0.9I2.1,0,0,0.4,0.6,0.2,0.8,0.9,0,2.1
Cs0.4EA0.6Sn0.8Pb0.2Cl1.2I1.8,0,0,0.4,0.6,0.2,0.8,1.2,0,1.8
Cs0.4EA0.6Sn0.8Pb0.2Cl1.5I1.5,0,0,0.4,0.6,0.2,0.8,1.5,0,1.5
Cs0.4EA0.6Sn0.8Pb0.2Cl1.8I1.2,0,0,0.4,0.6,0.2,0.8,1.8,0,1.2
Cs0.4EA0.6Sn0.8Pb0.2Cl2.1I0.9,0,0,0.4,0.6,0.2,0.8,2.1,0,0.9
Cs0.4EA0.6Sn0.8Pb0.2Cl2.4I0.6,0,0,0.4,0.6,0.2,0.8,2.4,0,0.6
Cs0.4EA0.6Sn0.8Pb0.2Cl2.7I0.3,0,0,0.4,0.6,0.2,0.8,2.7,0,0.3
Cs0.4EA0.6Sn0.8Pb0.2Br0.3I2.7,0,0,0.4,0.6,0.2,0.8,0,0.3,2.7
Cs0.4EA0.6Sn0.8Pb0.2Br0.6I2.4,0,0,0.4,0.6,0.2,0.8,0,0.6,2.4
Cs0.4EA0.6Sn0.8Pb0.2Br0.9I2.1,0,0,0.4,0.6,0.2,0.8,0,0.9,2.1
Cs0.4EA0.6Sn0.8Pb0.2Br1.2I1.8,0,0,0.4,0.6,0.2,0.8,0,1.2,1.8
Cs0.4EA0.6Sn0.8Pb0.2Br1.5I1.5,0,0,0.4,0.6,0.2,0.8,0,1.5,1.5
Cs0.4EA0.6Sn0.8Pb0.2Br1.8I1.2,0,0,0.4,0.6,0.2,0.8,0,1.8,1.2
Cs0.4EA0.6Sn0.8Pb0.2Br2.1I0.9,0,0,0.4,0.6,0.2,0.8,0,2.1,0.9
Cs0.4EA0.6Sn0.8Pb0.2Br2.4I0.6,0,0,0.4,0.6,0.2,0.8,0,2.4,0.6
Cs0.4EA0.6Sn0.8Pb0.2Br2.7I0.3,0,0,0.4,0.6,0.2,0.8,0,2.7,0.3
Cs0.4EA0.6Sn0.7Pb0.3Cl0.3Br2.7,0,0,0.4,0.6,0.3,0.7,0.3,2.7,0
Cs0.4EA0.6Sn0.7Pb0.3Cl0.6Br2.4,0,0,0.4,0.6,0.3,0.7,0.6,2.4,0
Cs0.4EA0.6Sn0.7Pb0.3Cl0.9Br2.1,0,0,0.4,0.6,0.3,0.7,0.9,2.1,0
Cs0.4EA0.6Sn0.7Pb0.3Cl1.2Br1.8,0,0,0.4,0.6,0.3,0.7,1.2,1.8,0
Cs0.4EA0.6Sn0.7Pb0.3Cl1.5Br1.5,0,0,0.4,0.6,0.3,0.7,1.5,1.5,0
Cs0.4EA0.6Sn0.7Pb0.3Cl1.8Br1.2,0,0,0.4,0.6,0.3,0.7,1.8,1.2,0
Cs0.4EA0.6Sn0.7Pb0.3Cl2.1Br0.9,0,0,0.4,0.6,0.3,0.7,2.1,0.9,0
Cs0.4EA0.6Sn0.7Pb0.3Cl2.4Br0.6,0,0,0.4,0.6,0.3,0.7,2.4,0.6,0
Cs0.4EA0.6Sn0.7Pb0.3Cl2.7Br0.3,0,0,0.4,0.6,0.3,0.7,2.7,0.3,0
Cs0.4EA0.6Sn0.7Pb0.3Cl0.3I2.7,0,0,0.4,0.6,0.3,0.7,0.3,0,2.7
Cs0.4EA0.6Sn0.7Pb0.3Cl0.6I2.4,0,0,0.4,0.6,0.3,0.7,0.6,0,2.4
Cs0.4EA0.6Sn0.7Pb0.3Cl0.9I2.1,0,0,0.4,0.6,0.3,0.7,0.9,0,2.1
Cs0.4EA0.6Sn0.7Pb0.3Cl1.2I1.8,0,0,0.4,0.6,0.3,0.7,1.2,0,1.8
Cs0.4EA0.6Sn0.7Pb0.3Cl1.5I1.5,0,0,0.4,0.6,0.3,0.7,1.5,0,1.5
Cs0.4EA0.6Sn0.7Pb0.3Cl1.8I1.2,0,0,0.4,0.6,0.3,0.7,1.8,0,1.2
Cs0.4EA0.6Sn0.7Pb0.3Cl2.1I0.9,0,0,0.4,0.6,0.3,0.7,2.1,0,0.9
Cs0.4EA0.6Sn0.7Pb0.3Cl2.4I0.6,0,0,0.4,0.6,0.3,0.7,2.4,0,0.6
Cs0.4EA0.6Sn0.7Pb0.3Cl2.7I0.3,0,0,0.4,0.6,0.3,0.7,2.7,0,0.3
Cs0.4EA0.6Sn0.7Pb0.3Br0.3I2.7,0,0,0.4,0.6,0.3,0.7,0,0.3,2.7
Cs0.4EA0.6Sn0.7Pb0.3Br0.6I2.4,0,0,0.4,0.6,0.3,0.7,0,0.6,2.4
Cs0.4EA0.6Sn0.7Pb0.3Br0.9I2.1,0,0,0.4,0.6,0.3,0.7,0,0.9,2.1
Cs0.4EA0.6Sn0.7Pb0.3Br1.2I1.8,0,0,0.4,0.6,0.3,0.7,0,1.2,1.8
Cs0.4EA0.6Sn0.7Pb0.3Br1.5I1.5,0,0,0.4,0.6,0.3,0.7,0,1.5,1.5
Cs0.4EA0.6Sn0.7Pb0.3Br1.8I1.2,0,0,0.4,0.6,0.3,0.7,0,1.8,1.2
Cs0.4EA0.6Sn0.7Pb0.3Br2.1I0.9,0,0,0.4,0.6,0.3,0.7,0,2.1,0.9
Cs0.4EA0.6Sn0.7Pb0.3Br2.4I0.6,0,0,0.4,0.6,0.3,0.7,0,2.4,0.6
Cs0.4EA0.6Sn0.7Pb0.3Br2.7I0.3,0,0,0.4,0.6,0.3,0.7,0,2.7,0.3
Cs0.4EA0.6Sn0.6Pb0.4Cl0.3Br2.7,0,0,0.4,0.6,0.4,0.6,0.3,2.7,0
Cs0.4EA0.6Sn0.6Pb0.4Cl0.6Br2.4,0,0,0.4,0.6,0.4,0.6,0.6,2.4,0
Cs0.4EA0.6Sn0.6Pb0.4Cl0.9Br2.1,0,0,0.4,0.6,0.4,0.6,0.9,2.1,0
Cs0.4EA0.6Sn0.6Pb0.4Cl1.2Br1.8,0,0,0.4,0.6,0.4,0.6,1.2,1.8,0
Cs0.4EA0.6Sn0.6Pb0.4Cl1.5Br1.5,0,0,0.4,0.6,0.4,0.6,1.5,1.5,0
Cs0.4EA0.6Sn0.6Pb0.4Cl1.8Br1.2,0,0,0.4,0.6,0.4,0.6,1.8,1.2,0
Cs0.4EA0.6Sn0.6Pb0.4Cl2.1Br0.9,0,0,0.4,0.6,0.4,0.6,2.1,0.9,0
Cs0.4EA0.6Sn0.6Pb0.4Cl2.4Br0.6,0,0,0.4,0.6,0.4,0.6,2.4,0.6,0
Cs0.4EA0.6Sn0.6Pb0.4Cl2.7Br0.3,0,0,0.4,0.6,0.4,0.6,2.7,0.3,0
Cs0.4EA0.6Sn0.6Pb0.4Cl0.3I2.7,0,0,0.4,0.6,0.4,0.6,0.3,0,2.7
Cs0.4EA0.6Sn0.6Pb0.4Cl0.6I2.4,0,0,0.4,0.6,0.4,0.6,0.6,0,2.4
Cs0.4EA0.6Sn0.6Pb0.4Cl0.9I2.1,0,0,0.4,0.6,0.4,0.6,0.9,0,2.1
Cs0.4EA0.6Sn0.6Pb0.4Cl1.2I1.8,0,0,0.4,0.6,0.4,0.6,1.2,0,1.8
Cs0.4EA0.6Sn0.6Pb0.4Cl1.5I1.5,0,0,0.4,0.6,0.4,0.6,1.5,0,1.5
Cs0.4EA0.6Sn0.6Pb0.4Cl1.8I1.2,0,0,0.4,0.6,0.4,0.6,1.8,0,1.2
Cs0.4EA0.6Sn0.6Pb0.4Cl2.1I0.9,0,0,0.4,0.6,0.4,0.6,2.1,0,0.9
Cs0.4EA0.6Sn0.6Pb0.4Cl2.4I0.6,0,0,0.4,0.6,0.4,0.6,2.4,0,0.6
Cs0.4EA0.6Sn0.6Pb0.4Cl2.7I0.3,0,0,0.4,0.6,0.4,0.6,2.7,0,0.3
Cs0.4EA0.6Sn0.6Pb0.4Br0.3I2.7,0,0,0.4,0.6,0.4,0.6,0,0.3,2.7
Cs0.4EA0.6Sn0.6Pb0.4Br0.6I2.4,0,0,0.4,0.6,0.4,0.6,0,0.6,2.4
Cs0.4EA0.6Sn0.6Pb0.4Br0.9I2.1,0,0,0.4,0.6,0.4,0.6,0,0.9,2.1
Cs0.4EA0.6Sn0.6Pb0.4Br1.2I1.8,0,0,0.4,0.6,0.4,0.6,0,1.2,1.8
Cs0.4EA0.6Sn0.6Pb0.4Br1.5I1.5,0,0,0.4,0.6,0.4,0.6,0,1.5,1.5
Cs0.4EA0.6Sn0.6Pb0.4Br1.8I1.2,0,0,0.4,0.6,0.4,0.6,0,1.8,1.2
Cs0.4EA0.6Sn0.6Pb0.4Br2.1I0.9,0,0,0.4,0.6,0.4,0.6,0,2.1,0.9
Cs0.4EA0.6Sn0.6Pb0.4Br2.4I0.6,0,0,0.4,0.6,0.4,0.6,0,2.4,0.6
Cs0.4EA0.6Sn0.6Pb0.4Br2.7I0.3,0,0,0.4,0.6,0.4,0.6,0,2.7,0.3
Cs0.4EA0.6Sn0.5Pb0.5Cl0.3Br2.7,0,0,0.4,0.6,0.5,0.5,0.3,2.7,0
Cs0.4EA0.6Sn0.5Pb0.5Cl0.6Br2.4,0,0,0.4,0.6,0.5,0.5,0.6,2.4,0
Cs0.4EA0.6Sn0.5Pb0.5Cl0.9Br2.1,0,0,0.4,0.6,0.5,0.5,0.9,2.1,0
Cs0.4EA0.6Sn0.5Pb0.5Cl1.2Br1.8,0,0,0.4,0.6,0.5,0.5,1.2,1.8,0
Cs0.4EA0.6Sn0.5Pb0.5Cl1.5Br1.5,0,0,0.4,0.6,0.5,0.5,1.5,1.5,0
Cs0.4EA0.6Sn0.5Pb0.5Cl1.8Br1.2,0,0,0.4,0.6,0.5,0.5,1.8,1.2,0
Cs0.4EA0.6Sn0.5Pb0.5Cl2.1Br0.9,0,0,0.4,0.6,0.5,0.5,2.1,0.9,0
Cs0.4EA0.6Sn0.5Pb0.5Cl2.4Br0.6,0,0,0.4,0.6,0.5,0.5,2.4,0.6,0
Cs0.4EA0.6Sn0.5Pb0.5Cl2.7Br0.3,0,0,0.4,0.6,0.5,0.5,2.7,0.3,0
Cs0.4EA0.6Sn0.5Pb0.5Cl0.3I2.7,0,0,0.4,0.6,0.5,0.5,0.3,0,2.7
Cs0.4EA0.6Sn0.5Pb0.5Cl0.6I2.4,0,0,0.4,0.6,0.5,0.5,0.6,0,2.4
Cs0.4EA0.6Sn0.5Pb0.5Cl0.9I2.1,0,0,0.4,0.6,0.5,0.5,0.9,0,2.1
Cs0.4EA0.6Sn0.5Pb0.5Cl1.2I1.8,0,0,0.4,0.6,0.5,0.5,1.2,0,1.8
Cs0.4EA0.6Sn0.5Pb0.5Cl1.5I1.5,0,0,0.4,0.6,0.5,0.5,1.5,0,1.5
Cs0.4EA0.6Sn0.5Pb0.5Cl1.8I1.2,0,0,0.4,0.6,0.5,0.5,1.8,0,1.2
Cs0.4EA0.6Sn0.5Pb0.5Cl2.1I0.9,0,0,0.4,0.6,0.5,0.5,2.1,0,0.9
Cs0.4EA0.6Sn0.5Pb0.5Cl2.4I0.6,0,0,0.4,0.6,0.5,0.5,2.4,0,0.6
Cs0.4EA0.6Sn0.5Pb0.5Cl2.7I0.3,0,0,0.4,0.6,0.5,0.5,2.7,0,0.3
Cs0.4EA0.6Sn0.5Pb0.5Br0.3I2.7,0,0,0.4,0.6,0.5,0.5,0,0.3,2.7
Cs0.4EA0.6Sn0.5Pb0.5Br0.6I2.4,0,0,0.4,0.6,0.5,0.5,0,0.6,2.4
Cs0.4EA0.6Sn0.5Pb0.5Br0.9I2.1,0,0,0.4,0.6,0.5,0.5,0,0.9,2.1
Cs0.4EA0.6Sn0.5Pb0.5Br1.2I1.8,0,0,0.4,0.6,0.5,0.5,0,1.2,1.8
Cs0.4EA0.6Sn0.5Pb0.5Br1.5I1.5,0,0,0.4,0.6,0.5,0.5,0,1.5,1.5
Cs0.4EA0.6Sn0.5Pb0.5Br1.8I1.2,0,0,0.4,0.6,0.5,0.5,0,1.8,1.2
Cs0.4EA0.6Sn0.5Pb0.5Br2.1I0.9,0,0,0.4,0.6,0.5,0.5,0,2.1,0.9
Cs0.4EA0.6Sn0.5Pb0.5Br2.4I0.6,0,0,0.4,0.6,0.5,0.5,0,2.4,0.6
Cs0.4EA0.6Sn0.5Pb0.5Br2.7I0.3,0,0,0.4,0.6,0.5,0.5,0,2.7,0.3
Cs0.4EA0.6Sn0.4Pb0.6Cl0.3Br2.7,0,0,0.4,0.6,0.6,0.4,0.3,2.7,0
Cs0.4EA0.6Sn0.4Pb0.6Cl0.6Br2.4,0,0,0.4,0.6,0.6,0.4,0.6,2.4,0
Cs0.4EA0.6Sn0.4Pb0.6Cl0.9Br2.1,0,0,0.4,0.6,0.6,0.4,0.9,2.1,0
Cs0.4EA0.6Sn0.4Pb0.6Cl1.2Br1.8,0,0,0.4,0.6,0.6,0.4,1.2,1.8,0
Cs0.4EA0.6Sn0.4Pb0.6Cl1.5Br1.5,0,0,0.4,0.6,0.6,0.4,1.5,1.5,0
Cs0.4EA0.6Sn0.4Pb0.6Cl1.8Br1.2,0,0,0.4,0.6,0.6,0.4,1.8,1.2,0
Cs0.4EA0.6Sn0.4Pb0.6Cl2.1Br0.9,0,0,0.4,0.6,0.6,0.4,2.1,0.9,0
Cs0.4EA0.6Sn0.4Pb0.6Cl2.4Br0.6,0,0,0.4,0.6,0.6,0.4,2.4,0.6,0
Cs0.4EA0.6Sn0.4Pb0.6Cl2.7Br0.3,0,0,0.4,0.6,0.6,0.4,2.7,0.3,0
Cs0.4EA0.6Sn0.4Pb0.6Cl0.3I2.7,0,0,0.4,0.6,0.6,0.4,0.3,0,2.7
Cs0.4EA0.6Sn0.4Pb0.6Cl0.6I2.4,0,0,0.4,0.6,0.6,0.4,0.6,0,2.4
Cs0.4EA0.6Sn0.4Pb0.6Cl0.9I2.1,0,0,0.4,0.6,0.6,0.4,0.9,0,2.1
Cs0.4EA0.6Sn0.4Pb0.6Cl1.2I1.8,0,0,0.4,0.6,0.6,0.4,1.2,0,1.8
Cs0.4EA0.6Sn0.4Pb0.6Cl1.5I1.5,0,0,0.4,0.6,0.6,0.4,1.5,0,1.5
Cs0.4EA0.6Sn0.4Pb0.6Cl1.8I1.2,0,0,0.4,0.6,0.6,0.4,1.8,0,1.2
Cs0.4EA0.6Sn0.4Pb0.6Cl2.1I0.9,0,0,0.4,0.6,0.6,0.4,2.1,0,0.9
Cs0.4EA0.6Sn0.4Pb0.6Cl2.4I0.6,0,0,0.4,0.6,0.6,0.4,2.4,0,0.6
Cs0.4EA0.6Sn0.4Pb0.6Cl2.7I0.3,0,0,0.4,0.6,0.6,0.4,2.7,0,0.3
Cs0.4EA0.6Sn0.4Pb0.6Br0.3I2.7,0,0,0.4,0.6,0.6,0.4,0,0.3,2.7
Cs0.4EA0.6Sn0.4Pb0.6Br0.6I2.4,0,0,0.4,0.6,0.6,0.4,0,0.6,2.4
Cs0.4EA0.6Sn0.4Pb0.6Br0.9I2.1,0,0,0.4,0.6,0.6,0.4,0,0.9,2.1
Cs0.4EA0.6Sn0.4Pb0.6Br1.2I1.8,0,0,0.4,0.6,0.6,0.4,0,1.2,1.8
Cs0.4EA0.6Sn0.4Pb0.6Br1.5I1.5,0,0,0.4,0.6,0.6,0.4,0,1.5,1.5
Cs0.4EA0.6Sn0.4Pb0.6Br1.8I1.2,0,0,0.4,0.6,0.6,0.4,0,1.8,1.2
Cs0.4EA0.6Sn0.4Pb0.6Br2.1I0.9,0,0,0.4,0.6,0.6,0.4,0,2.1,0.9
Cs0.4EA0.6Sn0.4Pb0.6Br2.4I0.6,0,0,0.4,0.6,0.6,0.4,0,2.4,0.6
Cs0.4EA0.6Sn0.4Pb0.6Br2.7I0.3,0,0,0.4,0.6,0.6,0.4,0,2.7,0.3
Cs0.4EA0.6Sn0.3Pb0.7Cl0.3Br2.7,0,0,0.4,0.6,0.7,0.3,0.3,2.7,0
Cs0.4EA0.6Sn0.3Pb0.7Cl0.6Br2.4,0,0,0.4,0.6,0.7,0.3,0.6,2.4,0
Cs0.4EA0.6Sn0.3Pb0.7Cl0.9Br2.1,0,0,0.4,0.6,0.7,0.3,0.9,2.1,0
Cs0.4EA0.6Sn0.3Pb0.7Cl1.2Br1.8,0,0,0.4,0.6,0.7,0.3,1.2,1.8,0
Cs0.4EA0.6Sn0.3Pb0.7Cl1.5Br1.5,0,0,0.4,0.6,0.7,0.3,1.5,1.5,0
Cs0.4EA0.6Sn0.3Pb0.7Cl1.8Br1.2,0,0,0.4,0.6,0.7,0.3,1.8,1.2,0
Cs0.4EA0.6Sn0.3Pb0.7Cl2.1Br0.9,0,0,0.4,0.6,0.7,0.3,2.1,0.9,0
Cs0.4EA0.6Sn0.3Pb0.7Cl2.4Br0.6,0,0,0.4,0.6,0.7,0.3,2.4,0.6,0
Cs0.4EA0.6Sn0.3Pb0.7Cl2.7Br0.3,0,0,0.4,0.6,0.7,0.3,2.7,0.3,0
Cs0.4EA0.6Sn0.3Pb0.7Cl0.3I2.7,0,0,0.4,0.6,0.7,0.3,0.3,0,2.7
Cs0.4EA0.6Sn0.3Pb0.7Cl0.6I2.4,0,0,0.4,0.6,0.7,0.3,0.6,0,2.4
Cs0.4EA0.6Sn0.3Pb0.7Cl0.9I2.1,0,0,0.4,0.6,0.7,0.3,0.9,0,2.1
Cs0.4EA0.6Sn0.3Pb0.7Cl1.2I1.8,0,0,0.4,0.6,0.7,0.3,1.2,0,1.8
Cs0.4EA0.6Sn0.3Pb0.7Cl1.5I1.5,0,0,0.4,0.6,0.7,0.3,1.5,0,1.5
Cs0.4EA0.6Sn0.3Pb0.7Cl1.8I1.2,0,0,0.4,0.6,0.7,0.3,1.8,0,1.2
Cs0.4EA0.6Sn0.3Pb0.7Cl2.1I0.9,0,0,0.4,0.6,0.7,0.3,2.1,0,0.9
Cs0.4EA0.6Sn0.3Pb0.7Cl2.4I0.6,0,0,0.4,0.6,0.7,0.3,2.4,0,0.6
Cs0.4EA0.6Sn0.3Pb0.7Cl2.7I0.3,0,0,0.4,0.6,0.7,0.3,2.7,0,0.3
Cs0.4EA0.6Sn0.3Pb0.7Br0.3I2.7,0,0,0.4,0.6,0.7,0.3,0,0.3,2.7
Cs0.4EA0.6Sn0.3Pb0.7Br0.6I2.4,0,0,0.4,0.6,0.7,0.3,0,0.6,2.4
Cs0.4EA0.6Sn0.3Pb0.7Br0.9I2.1,0,0,0.4,0.6,0.7,0.3,0,0.9,2.1
Cs0.4EA0.6Sn0.3Pb0.7Br1.2I1.8,0,0,0.4,0.6,0.7,0.3,0,1.2,1.8
Cs0.4EA0.6Sn0.3Pb0.7Br1.5I1.5,0,0,0.4,0.6,0.7,0.3,0,1.5,1.5
Cs0.4EA0.6Sn0.3Pb0.7Br1.8I1.2,0,0,0.4,0.6,0.7,0.3,0,1.8,1.2
Cs0.4EA0.6Sn0.3Pb0.7Br2.1I0.9,0,0,0.4,0.6,0.7,0.3,0,2.1,0.9
Cs0.4EA0.6Sn0.3Pb0.7Br2.4I0.6,0,0,0.4,0.6,0.7,0.3,0,2.4,0.6
Cs0.4EA0.6Sn0.3Pb0.7Br2.7I0.3,0,0,0.4,0.6,0.7,0.3,0,2.7,0.3
Cs0.4EA0.6Sn0.2Pb0.8Cl0.3Br2.7,0,0,0.4,0.6,0.8,0.2,0.3,2.7,0
Cs0.4EA0.6Sn0.2Pb0.8Cl0.6Br2.4,0,0,0.4,0.6,0.8,0.2,0.6,2.4,0
Cs0.4EA0.6Sn0.2Pb0.8Cl0.9Br2.1,0,0,0.4,0.6,0.8,0.2,0.9,2.1,0
Cs0.4EA0.6Sn0.2Pb0.8Cl1.2Br1.8,0,0,0.4,0.6,0.8,0.2,1.2,1.8,0
Cs0.4EA0.6Sn0.2Pb0.8Cl1.5Br1.5,0,0,0.4,0.6,0.8,0.2,1.5,1.5,0
Cs0.4EA0.6Sn0.2Pb0.8Cl1.8Br1.2,0,0,0.4,0.6,0.8,0.2,1.8,1.2,0
Cs0.4EA0.6Sn0.2Pb0.8Cl2.1Br0.9,0,0,0.4,0.6,0.8,0.2,2.1,0.9,0
Cs0.4EA0.6Sn0.2Pb0.8Cl2.4Br0.6,0,0,0.4,0.6,0.8,0.2,2.4,0.6,0
Cs0.4EA0.6Sn0.2Pb0.8Cl2.7Br0.3,0,0,0.4,0.6,0.8,0.2,2.7,0.3,0
Cs0.4EA0.6Sn0.2Pb0.8Cl0.3I2.7,0,0,0.4,0.6,0.8,0.2,0.3,0,2.7
Cs0.4EA0.6Sn0.2Pb0.8Cl0.6I2.4,0,0,0.4,0.6,0.8,0.2,0.6,0,2.4
Cs0.4EA0.6Sn0.2Pb0.8Cl0.9I2.1,0,0,0.4,0.6,0.8,0.2,0.9,0,2.1
Cs0.4EA0.6Sn0.2Pb0.8Cl1.2I1.8,0,0,0.4,0.6,0.8,0.2,1.2,0,1.8
Cs0.4EA0.6Sn0.2Pb0.8Cl1.5I1.5,0,0,0.4,0.6,0.8,0.2,1.5,0,1.5
Cs0.4EA0.6Sn0.2Pb0.8Cl1.8I1.2,0,0,0.4,0.6,0.8,0.2,1.8,0,1.2
Cs0.4EA0.6Sn0.2Pb0.8Cl2.1I0.9,0,0,0.4,0.6,0.8,0.2,2.1,0,0.9
Cs0.4EA0.6Sn0.2Pb0.8Cl2.4I0.6,0,0,0.4,0.6,0.8,0.2,2.4,0,0.6
Cs0.4EA0.6Sn0.2Pb0.8Cl2.7I0.3,0,0,0.4,0.6,0.8,0.2,2.7,0,0.3
Cs0.4EA0.6Sn0.2Pb0.8Br0.3I2.7,0,0,0.4,0.6,0.8,0.2,0,0.3,2.7
Cs0.4EA0.6Sn0.2Pb0.8Br0.6I2.4,0,0,0.4,0.6,0.8,0.2,0,0.6,2.4
Cs0.4EA0.6Sn0.2Pb0.8Br0.9I2.1,0,0,0.4,0.6,0.8,0.2,0,0.9,2.1
Cs0.4EA0.6Sn0.2Pb0.8Br1.2I1.8,0,0,0.4,0.6,0.8,0.2,0,1.2,1.8
Cs0.4EA0.6Sn0.2Pb0.8Br1.5I1.5,0,0,0.4,0.6,0.8,0.2,0,1.5,1.5
Cs0.4EA0.6Sn0.2Pb0.8Br1.8I1.2,0,0,0.4,0.6,0.8,0.2,0,1.8,1.2
Cs0.4EA0.6Sn0.2Pb0.8Br2.1I0.9,0,0,0.4,0.6,0.8,0.2,0,2.1,0.9
Cs0.4EA0.6Sn0.2Pb0.8Br2.4I0.6,0,0,0.4,0.6,0.8,0.2,0,2.4,0.6
Cs0.4EA0.6Sn0.2Pb0.8Br2.7I0.3,0,0,0.4,0.6,0.8,0.2,0,2.7,0.3
Cs0.4EA0.6Sn0.1Pb0.9Cl0.3Br2.7,0,0,0.4,0.6,0.9,0.1,0.3,2.7,0
Cs0.4EA0.6Sn0.1Pb0.9Cl0.6Br2.4,0,0,0.4,0.6,0.9,0.1,0.6,2.4,0
Cs0.4EA0.6Sn0.1Pb0.9Cl0.9Br2.1,0,0,0.4,0.6,0.9,0.1,0.9,2.1,0
Cs0.4EA0.6Sn0.1Pb0.9Cl1.2Br1.8,0,0,0.4,0.6,0.9,0.1,1.2,1.8,0
Cs0.4EA0.6Sn0.1Pb0.9Cl1.5Br1.5,0,0,0.4,0.6,0.9,0.1,1.5,1.5,0
Cs0.4EA0.6Sn0.1Pb0.9Cl1.8Br1.2,0,0,0.4,0.6,0.9,0.1,1.8,1.2,0
Cs0.4EA0.6Sn0.1Pb0.9Cl2.1Br0.9,0,0,0.4,0.6,0.9,0.1,2.1,0.9,0
Cs0.4EA0.6Sn0.1Pb0.9Cl2.4Br0.6,0,0,0.4,0.6,0.9,0.1,2.4,0.6,0
Cs0.4EA0.6Sn0.1Pb0.9Cl2.7Br0.3,0,0,0.4,0.6,0.9,0.1,2.7,0.3,0
Cs0.4EA0.6Sn0.1Pb0.9Cl0.3I2.7,0,0,0.4,0.6,0.9,0.1,0.3,0,2.7
Cs0.4EA0.6Sn0.1Pb0.9Cl0.6I2.4,0,0,0.4,0.6,0.9,0.1,0.6,0,2.4
Cs0.4EA0.6Sn0.1Pb0.9Cl0.9I2.1,0,0,0.4,0.6,0.9,0.1,0.9,0,2.1
Cs0.4EA0.6Sn0.1Pb0.9Cl1.2I1.8,0,0,0.4,0.6,0.9,0.1,1.2,0,1.8
Cs0.4EA0.6Sn0.1Pb0.9Cl1.5I1.5,0,0,0.4,0.6,0.9,0.1,1.5,0,1.5
Cs0.4EA0.6Sn0.1Pb0.9Cl1.8I1.2,0,0,0.4,0.6,0.9,0.1,1.8,0,1.2
Cs0.4EA0.6Sn0.1Pb0.9Cl2.1I0.9,0,0,0.4,0.6,0.9,0.1,2.1,0,0.9
Cs0.4EA0.6Sn0.1Pb0.9Cl2.4I0.6,0,0,0.4,0.6,0.9,0.1,2.4,0,0.6
Cs0.4EA0.6Sn0.1Pb0.9Cl2.7I0.3,0,0,0.4,0.6,0.9,0.1,2.7,0,0.3
Cs0.4EA0.6Sn0.1Pb0.9Br0.3I2.7,0,0,0.4,0.6,0.9,0.1,0,0.3,2.7
Cs0.4EA0.6Sn0.1Pb0.9Br0.6I2.4,0,0,0.4,0.6,0.9,0.1,0,0.6,2.4
Cs0.4EA0.6Sn0.1Pb0.9Br0.9I2.1,0,0,0.4,0.6,0.9,0.1,0,0.9,2.1
Cs0.4EA0.6Sn0.1Pb0.9Br1.2I1.8,0,0,0.4,0.6,0.9,0.1,0,1.2,1.8
Cs0.4EA0.6Sn0.1Pb0.9Br1.5I1.5,0,0,0.4,0.6,0.9,0.1,0,1.5,1.5
Cs0.4EA0.6Sn0.1Pb0.9Br1.8I1.2,0,0,0.4,0.6,0.9,0.1,0,1.8,1.2
Cs0.4EA0.6Sn0.1Pb0.9Br2.1I0.9,0,0,0.4,0.6,0.9,0.1,0,2.1,0.9
Cs0.4EA0.6Sn0.1Pb0.9Br2.4I0.6,0,0,0.4,0.6,0.9,0.1,0,2.4,0.6
Cs0.4EA0.6Sn0.1Pb0.9Br2.7I0.3,0,0,0.4,0.6,0.9,0.1,0,2.7,0.3
Cs0.5EA0.5Sn0.9Pb0.1Cl0.3Br2.7,0,0,0.5,0.5,0.1,0.9,0.3,2.7,0
Cs0.5EA0.5Sn0.9Pb0.1Cl0.6Br2.4,0,0,0.5,0.5,0.1,0.9,0.6,2.4,0
Cs0.5EA0.5Sn0.9Pb0.1Cl0.9Br2.1,0,0,0.5,0.5,0.1,0.9,0.9,2.1,0
Cs0.5EA0.5Sn0.9Pb0.1Cl1.2Br1.8,0,0,0.5,0.5,0.1,0.9,1.2,1.8,0
Cs0.5EA0.5Sn0.9Pb0.1Cl1.5Br1.5,0,0,0.5,0.5,0.1,0.9,1.5,1.5,0
Cs0.5EA0.5Sn0.9Pb0.1Cl1.8Br1.2,0,0,0.5,0.5,0.1,0.9,1.8,1.2,0
Cs0.5EA0.5Sn0.9Pb0.1Cl2.1Br0.9,0,0,0.5,0.5,0.1,0.9,2.1,0.9,0
Cs0.5EA0.5Sn0.9Pb0.1Cl2.4Br0.6,0,0,0.5,0.5,0.1,0.9,2.4,0.6,0
Cs0.5EA0.5Sn0.9Pb0.1Cl2.7Br0.3,0,0,0.5,0.5,0.1,0.9,2.7,0.3,0
Cs0.5EA0.5Sn0.9Pb0.1Cl0.3I2.7,0,0,0.5,0.5,0.1,0.9,0.3,0,2.7
Cs0.5EA0.5Sn0.9Pb0.1Cl0.6I2.4,0,0,0.5,0.5,0.1,0.9,0.6,0,2.4
Cs0.5EA0.5Sn0.9Pb0.1Cl0.9I2.1,0,0,0.5,0.5,0.1,0.9,0.9,0,2.1
Cs0.5EA0.5Sn0.9Pb0.1Cl1.2I1.8,0,0,0.5,0.5,0.1,0.9,1.2,0,1.8
Cs0.5EA0.5Sn0.9Pb0.1Cl1.5I1.5,0,0,0.5,0.5,0.1,0.9,1.5,0,1.5
Cs0.5EA0.5Sn0.9Pb0.1Cl1.8I1.2,0,0,0.5,0.5,0.1,0.9,1.8,0,1.2
Cs0.5EA0.5Sn0.9Pb0.1Cl2.1I0.9,0,0,0.5,0.5,0.1,0.9,2.1,0,0.9
Cs0.5EA0.5Sn0.9Pb0.1Cl2.4I0.6,0,0,0.5,0.5,0.1,0.9,2.4,0,0.6
Cs0.5EA0.5Sn0.9Pb0.1Cl2.7I0.3,0,0,0.5,0.5,0.1,0.9,2.7,0,0.3
Cs0.5EA0.5Sn0.9Pb0.1Br0.3I2.7,0,0,0.5,0.5,0.1,0.9,0,0.3,2.7
Cs0.5EA0.5Sn0.9Pb0.1Br0.6I2.4,0,0,0.5,0.5,0.1,0.9,0,0.6,2.4
Cs0.5EA0.5Sn0.9Pb0.1Br0.9I2.1,0,0,0.5,0.5,0.1,0.9,0,0.9,2.1
Cs0.5EA0.5Sn0.9Pb0.1Br1.2I1.8,0,0,0.5,0.5,0.1,0.9,0,1.2,1.8
Cs0.5EA0.5Sn0.9Pb0.1Br1.5I1.5,0,0,0.5,0.5,0.1,0.9,0,1.5,1.5
Cs0.5EA0.5Sn0.9Pb0.1Br1.8I1.2,0,0,0.5,0.5,0.1,0.9,0,1.8,1.2
Cs0.5EA0.5Sn0.9Pb0.1Br2.1I0.9,0,0,0.5,0.5,0.1,0.9,0,2.1,0.9
Cs0.5EA0.5Sn0.9Pb0.1Br2.4I0.6,0,0,0.5,0.5,0.1,0.9,0,2.4,0.6
Cs0.5EA0.5Sn0.9Pb0.1Br2.7I0.3,0,0,0.5,0.5,0.1,0.9,0,2.7,0.3
Cs0.5EA0.5Sn0.8Pb0.2Cl0.3Br2.7,0,0,0.5,0.5,0.2,0.8,0.3,2.7,0
Cs0.5EA0.5Sn0.8Pb0.2Cl0.6Br2.4,0,0,0.5,0.5,0.2,0.8,0.6,2.4,0
Cs0.5EA0.5Sn0.8Pb0.2Cl0.9Br2.1,0,0,0.5,0.5,0.2,0.8,0.9,2.1,0
Cs0.5EA0.5Sn0.8Pb0.2Cl1.2Br1.8,0,0,0.5,0.5,0.2,0.8,1.2,1.8,0
Cs0.5EA0.5Sn0.8Pb0.2Cl1.5Br1.5,0,0,0.5,0.5,0.2,0.8,1.5,1.5,0
Cs0.5EA0.5Sn0.8Pb0.2Cl1.8Br1.2,0,0,0.5,0.5,0.2,0.8,1.8,1.2,0
Cs0.5EA0.5Sn0.8Pb0.2Cl2.1Br0.9,0,0,0.5,0.5,0.2,0.8,2.1,0.9,0
Cs0.5EA0.5Sn0.8Pb0.2Cl2.4Br0.6,0,0,0.5,0.5,0.2,0.8,2.4,0.6,0
Cs0.5EA0.5Sn0.8Pb0.2Cl2.7Br0.3,0,0,0.5,0.5,0.2,0.8,2.7,0.3,0
Cs0.5EA0.5Sn0.8Pb0.2Cl0.3I2.7,0,0,0.5,0.5,0.2,0.8,0.3,0,2.7
Cs0.5EA0.5Sn0.8Pb0.2Cl0.6I2.4,0,0,0.5,0.5,0.2,0.8,0.6,0,2.4
Cs0.5EA0.5Sn0.8Pb0.2Cl0.9I2.1,0,0,0.5,0.5,0.2,0.8,0.9,0,2.1
Cs0.5EA0.5Sn0.8Pb0.2Cl1.2I1.8,0,0,0.5,0.5,0.2,0.8,1.2,0,1.8
Cs0.5EA0.5Sn0.8Pb0.2Cl1.5I1.5,0,0,0.5,0.5,0.2,0.8,1.5,0,1.5
Cs0.5EA0.5Sn0.8Pb0.2Cl1.8I1.2,0,0,0.5,0.5,0.2,0.8,1.8,0,1.2
Cs0.5EA0.5Sn0.8Pb0.2Cl2.1I0.9,0,0,0.5,0.5,0.2,0.8,2.1,0,0.9
Cs0.5EA0.5Sn0.8Pb0.2Cl2.4I0.6,0,0,0.5,0.5,0.2,0.8,2.4,0,0.6
Cs0.5EA0.5Sn0.8Pb0.2Cl2.7I0.3,0,0,0.5,0.5,0.2,0.8,2.7,0,0.3
Cs0.5EA0.5Sn0.8Pb0.2Br0.3I2.7,0,0,0.5,0.5,0.2,0.8,0,0.3,2.7
Cs0.5EA0.5Sn0.8Pb0.2Br0.6I2.4,0,0,0.5,0.5,0.2,0.8,0,0.6,2.4
Cs0.5EA0.5Sn0.8Pb0.2Br0.9I2.1,0,0,0.5,0.5,0.2,0.8,0,0.9,2.1
Cs0.5EA0.5Sn0.8Pb0.2Br1.2I1.8,0,0,0.5,0.5,0.2,0.8,0,1.2,1.8
Cs0.5EA0.5Sn0.8Pb0.2Br1.5I1.5,0,0,0.5,0.5,0.2,0.8,0,1.5,1.5
Cs0.5EA0.5Sn0.8Pb0.2Br1.8I1.2,0,0,0.5,0.5,0.2,0.8,0,1.8,1.2
Cs0.5EA0.5Sn0.8Pb0.2Br2.1I0.9,0,0,0.5,0.5,0.2,0.8,0,2.1,0.9
Cs0.5EA0.5Sn0.8Pb0.2Br2.4I0.6,0,0,0.5,0.5,0.2,0.8,0,2.4,0.6
Cs0.5EA0.5Sn0.8Pb0.2Br2.7I0.3,0,0,0.5,0.5,0.2,0.8,0,2.7,0.3
Cs0.5EA0.5Sn0.7Pb0.3Cl0.3Br2.7,0,0,0.5,0.5,0.3,0.7,0.3,2.7,0
Cs0.5EA0.5Sn0.7Pb0.3Cl0.6Br2.4,0,0,0.5,0.5,0.3,0.7,0.6,2.4,0
Cs0.5EA0.5Sn0.7Pb0.3Cl0.9Br2.1,0,0,0.5,0.5,0.3,0.7,0.9,2.1,0
Cs0.5EA0.5Sn0.7Pb0.3Cl1.2Br1.8,0,0,0.5,0.5,0.3,0.7,1.2,1.8,0
Cs0.5EA0.5Sn0.7Pb0.3Cl1.5Br1.5,0,0,0.5,0.5,0.3,0.7,1.5,1.5,0
Cs0.5EA0.5Sn0.7Pb0.3Cl1.8Br1.2,0,0,0.5,0.5,0.3,0.7,1.8,1.2,0
Cs0.5EA0.5Sn0.7Pb0.3Cl2.1Br0.9,0,0,0.5,0.5,0.3,0.7,2.1,0.9,0
Cs0.5EA0.5Sn0.7Pb0.3Cl2.4Br0.6,0,0,0.5,0.5,0.3,0.7,2.4,0.6,0
Cs0.5EA0.5Sn0.7Pb0.3Cl2.7Br0.3,0,0,0.5,0.5,0.3,0.7,2.7,0.3,0
Cs0.5EA0.5Sn0.7Pb0.3Cl0.3I2.7,0,0,0.5,0.5,0.3,0.7,0.3,0,2.7
Cs0.5EA0.5Sn0.7Pb0.3Cl0.6I2.4,0,0,0.5,0.5,0.3,0.7,0.6,0,2.4
Cs0.5EA0.5Sn0.7Pb0.3Cl0.9I2.1,0,0,0.5,0.5,0.3,0.7,0.9,0,2.1
Cs0.5EA0.5Sn0.7Pb0.3Cl1.2I1.8,0,0,0.5,0.5,0.3,0.7,1.2,0,1.8
Cs0.5EA0.5Sn0.7Pb0.3Cl1.5I1.5,0,0,0.5,0.5,0.3,0.7,1.5,0,1.5
Cs0.5EA0.5Sn0.7Pb0.3Cl1.8I1.2,0,0,0.5,0.5,0.3,0.7,1.8,0,1.2
Cs0.5EA0.5Sn0.7Pb0.3Cl2.1I0.9,0,0,0.5,0.5,0.3,0.7,2.1,0,0.9
Cs0.5EA0.5Sn0.7Pb0.3Cl2.4I0.6,0,0,0.5,0.5,0.3,0.7,2.4,0,0.6
Cs0.5EA0.5Sn0.7Pb0.3Cl2.7I0.3,0,0,0.5,0.5,0.3,0.7,2.7,0,0.3
Cs0.5EA0.5Sn0.7Pb0.3Br0.3I2.7,0,0,0.5,0.5,0.3,0.7,0,0.3,2.7
Cs0.5EA0.5Sn0.7Pb0.3Br0.6I2.4,0,0,0.5,0.5,0.3,0.7,0,0.6,2.4
Cs0.5EA0.5Sn0.7Pb0.3Br0.9I2.1,0,0,0.5,0.5,0.3,0.7,0,0.9,2.1
Cs0.5EA0.5Sn0.7Pb0.3Br1.2I1.8,0,0,0.5,0.5,0.3,0.7,0,1.2,1.8
Cs0.5EA0.5Sn0.7Pb0.3Br1.5I1.5,0,0,0.5,0.5,0.3,0.7,0,1.5,1.5
Cs0.5EA0.5Sn0.7Pb0.3Br1.8I1.2,0,0,0.5,0.5,0.3,0.7,0,1.8,1.2
Cs0.5EA0.5Sn0.7Pb0.3Br2.1I0.9,0,0,0.5,0.5,0.3,0.7,0,2.1,0.9
Cs0.5EA0.5Sn0.7Pb0.3Br2.4I0.6,0,0,0.5,0.5,0.3,0.7,0,2.4,0.6
Cs0.5EA0.5Sn0.7Pb0.3Br2.7I0.3,0,0,0.5,0.5,0.3,0.7,0,2.7,0.3
Cs0.5EA0.5Sn0.6Pb0.4Cl0.3Br2.7,0,0,0.5,0.5,0.4,0.6,0.3,2.7,0
Cs0.5EA0.5Sn0.6Pb0.4Cl0.6Br2.4,0,0,0.5,0.5,0.4,0.6,0.6,2.4,0
Cs0.5EA0.5Sn0.6Pb0.4Cl0.9Br2.1,0,0,0.5,0.5,0.4,0.6,0.9,2.1,0
Cs0.5EA0.5Sn0.6Pb0.4Cl1.2Br1.8,0,0,0.5,0.5,0.4,0.6,1.2,1.8,0
Cs0.5EA0.5Sn0.6Pb0.4Cl1.5Br1.5,0,0,0.5,0.5,0.4,0.6,1.5,1.5,0
Cs0.5EA0.5Sn0.6Pb0.4Cl1.8Br1.2,0,0,0.5,0.5,0.4,0.6,1.8,1.2,0
Cs0.5EA0.5Sn0.6Pb0.4Cl2.1Br0.9,0,0,0.5,0.5,0.4,0.6,2.1,0.9,0
Cs0.5EA0.5Sn0.6Pb0.4Cl2.4Br0.6,0,0,0.5,0.5,0.4,0.6,2.4,0.6,0
Cs0.5EA0.5Sn0.6Pb0.4Cl2.7Br0.3,0,0,0.5,0.5,0.4,0.6,2.7,0.3,0
Cs0.5EA0.5Sn0.6Pb0.4Cl0.3I2.7,0,0,0.5,0.5,0.4,0.6,0.3,0,2.7
Cs0.5EA0.5Sn0.6Pb0.4Cl0.6I2.4,0,0,0.5,0.5,0.4,0.6,0.6,0,2.4
Cs0.5EA0.5Sn0.6Pb0.4Cl0.9I2.1,0,0,0.5,0.5,0.4,0.6,0.9,0,2.1
Cs0.5EA0.5Sn0.6Pb0.4Cl1.2I1.8,0,0,0.5,0.5,0.4,0.6,1.2,0,1.8
Cs0.5EA0.5Sn0.6Pb0.4Cl1.5I1.5,0,0,0.5,0.5,0.4,0.6,1.5,0,1.5
Cs0.5EA0.5Sn0.6Pb0.4Cl1.8I1.2,0,0,0.5,0.5,0.4,0.6,1.8,0,1.2
Cs0.5EA0.5Sn0.6Pb0.4Cl2.1I0.9,0,0,0.5,0.5,0.4,0.6,2.1,0,0.9
Cs0.5EA0.5Sn0.6Pb0.4Cl2.4I0.6,0,0,0.5,0.5,0.4,0.6,2.4,0,0.6
Cs0.5EA0.5Sn0.6Pb0.4Cl2.7I0.3,0,0,0.5,0.5,0.4,0.6,2.7,0,0.3
Cs0.5EA0.5Sn0.6Pb0.4Br0.3I2.7,0,0,0.5,0.5,0.4,0.6,0,0.3,2.7
Cs0.5EA0.5Sn0.6Pb0.4Br0.6I2.4,0,0,0.5,0.5,0.4,0.6,0,0.6,2.4
Cs0.5EA0.5Sn0.6Pb0.4Br0.9I2.1,0,0,0.5,0.5,0.4,0.6,0,0.9,2.1
Cs0.5EA0.5Sn0.6Pb0.4Br1.2I1.8,0,0,0.5,0.5,0.4,0.6,0,1.2,1.8
Cs0.5EA0.5Sn0.6Pb0.4Br1.5I1.5,0,0,0.5,0.5,0.4,0.6,0,1.5,1.5
Cs0.5EA0.5Sn0.6Pb0.4Br1.8I1.2,0,0,0.5,0.5,0.4,0.6,0,1.8,1.2
Cs0.5EA0.5Sn0.6Pb0.4Br2.1I0.9,0,0,0.5,0.5,0.4,0.6,0,2.1,0.9
Cs0.5EA0.5Sn0.6Pb0.4Br2.4I0.6,0,0,0.5,0.5,0.4,0.6,0,2.4,0.6
Cs0.5EA0.5Sn0.6Pb0.4Br2.7I0.3,0,0,0.5,0.5,0.4,0.6,0,2.7,0.3
Cs0.5EA0.5Sn0.5Pb0.5Cl0.3Br2.7,0,0,0.5,0.5,0.5,0.5,0.3,2.7,0
Cs0.5EA0.5Sn0.5Pb0.5Cl0.6Br2.4,0,0,0.5,0.5,0.5,0.5,0.6,2.4,0
Cs0.5EA0.5Sn0.5Pb0.5Cl0.9Br2.1,0,0,0.5,0.5,0.5,0.5,0.9,2.1,0
Cs0.5EA0.5Sn0.5Pb0.5Cl1.2Br1.8,0,0,0.5,0.5,0.5,0.5,1.2,1.8,0
Cs0.5EA0.5Sn0.5Pb0.5Cl1.5Br1.5,0,0,0.5,0.5,0.5,0.5,1.5,1.5,0
Cs0.5EA0.5Sn0.5Pb0.5Cl1.8Br1.2,0,0,0.5,0.5,0.5,0.5,1.8,1.2,0
Cs0.5EA0.5Sn0.5Pb0.5Cl2.1Br0.9,0,0,0.5,0.5,0.5,0.5,2.1,0.9,0
Cs0.5EA0.5Sn0.5Pb0.5Cl2.4Br0.6,0,0,0.5,0.5,0.5,0.5,2.4,0.6,0
Cs0.5EA0.5Sn0.5Pb0.5Cl2.7Br0.3,0,0,0.5,0.5,0.5,0.5,2.7,0.3,0
Cs0.5EA0.5Sn0.5Pb0.5Cl0.3I2.7,0,0,0.5,0.5,0.5,0.5,0.3,0,2.7
Cs0.5EA0.5Sn0.5Pb0.5Cl0.6I2.4,0,0,0.5,0.5,0.5,0.5,0.6,0,2.4
Cs0.5EA0.5Sn0.5Pb0.5Cl0.9I2.1,0,0,0.5,0.5,0.5,0.5,0.9,0,2.1
Cs0.5EA0.5Sn0.5Pb0.5Cl1.2I1.8,0,0,0.5,0.5,0.5,0.5,1.2,0,1.8
Cs0.5EA0.5Sn0.5Pb0.5Cl1.5I1.5,0,0,0.5,0.5,0.5,0.5,1.5,0,1.5
Cs0.5EA0.5Sn0.5Pb0.5Cl1.8I1.2,0,0,0.5,0.5,0.5,0.5,1.8,0,1.2
Cs0.5EA0.5Sn0.5Pb0.5Cl2.1I0.9,0,0,0.5,0.5,0.5,0.5,2.1,0,0.9
Cs0.5EA0.5Sn0.5Pb0.5Cl2.4I0.6,0,0,0.5,0.5,0.5,0.5,2.4,0,0.6
Cs0.5EA0.5Sn0.5Pb0.5Cl2.7I0.3,0,0,0.5,0.5,0.5,0.5,2.7,0,0.3
Cs0.5EA0.5Sn0.5Pb0.5Br0.3I2.7,0,0,0.5,0.5,0.5,0.5,0,0.3,2.7
Cs0.5EA0.5Sn0.5Pb0.5Br0.6I2.4,0,0,0.5,0.5,0.5,0.5,0,0.6,2.4
Cs0.5EA0.5Sn0.5Pb0.5Br0.9I2.1,0,0,0.5,0.5,0.5,0.5,0,0.9,2.1
Cs0.5EA0.5Sn0.5Pb0.5Br1.2I1.8,0,0,0.5,0.5,0.5,0.5,0,1.2,1.8
Cs0.5EA0.5Sn0.5Pb0.5Br1.5I1.5,0,0,0.5,0.5,0.5,0.5,0,1.5,1.5
Cs0.5EA0.5Sn0.5Pb0.5Br1.8I1.2,0,0,0.5,0.5,0.5,0.5,0,1.8,1.2
Cs0.5EA0.5Sn0.5Pb0.5Br2.1I0.9,0,0,0.5,0.5,0.5,0.5,0,2.1,0.9
Cs0.5EA0.5Sn0.5Pb0.5Br2.4I0.6,0,0,0.5,0.5,0.5,0.5,0,2.4,0.6
Cs0.5EA0.5Sn0.5Pb0.5Br2.7I0.3,0,0,0.5,0.5,0.5,0.5,0,2.7,0.3
Cs0.5EA0.5Sn0.4Pb0.6Cl0.3Br2.7,0,0,0.5,0.5,0.6,0.4,0.3,2.7,0
Cs0.5EA0.5Sn0.4Pb0.6Cl0.6Br2.4,0,0,0.5,0.5,0.6,0.4,0.6,2.4,0
Cs0.5EA0.5Sn0.4Pb0.6Cl0.9Br2.1,0,0,0.5,0.5,0.6,0.4,0.9,2.1,0
Cs0.5EA0.5Sn0.4Pb0.6Cl1.2Br1.8,0,0,0.5,0.5,0.6,0.4,1.2,1.8,0
Cs0.5EA0.5Sn0.4Pb0.6Cl1.5Br1.5,0,0,0.5,0.5,0.6,0.4,1.5,1.5,0
Cs0.5EA0.5Sn0.4Pb0.6Cl1.8Br1.2,0,0,0.5,0.5,0.6,0.4,1.8,1.2,0
Cs0.5EA0.5Sn0.4Pb0.6Cl2.1Br0.9,0,0,0.5,0.5,0.6,0.4,2.1,0.9,0
Cs0.5EA0.5Sn0.4Pb0.6Cl2.4Br0.6,0,0,0.5,0.5,0.6,0.4,2.4,0.6,0
Cs0.5EA0.5Sn0.4Pb0.6Cl2.7Br0.3,0,0,0.5,0.5,0.6,0.4,2.7,0.3,0
Cs0.5EA0.5Sn0.4Pb0.6Cl0.3I2.7,0,0,0.5,0.5,0.6,0.4,0.3,0,2.7
Cs0.5EA0.5Sn0.4Pb0.6Cl0.6I2.4,0,0,0.5,0.5,0.6,0.4,0.6,0,2.4
Cs0.5EA0.5Sn0.4Pb0.6Cl0.9I2.1,0,0,0.5,0.5,0.6,0.4,0.9,0,2.1
Cs0.5EA0.5Sn0.4Pb0.6Cl1.2I1.8,0,0,0.5,0.5,0.6,0.4,1.2,0,1.8
Cs0.5EA0.5Sn0.4Pb0.6Cl1.5I1.5,0,0,0.5,0.5,0.6,0.4,1.5,0,1.5
Cs0.5EA0.5Sn0.4Pb0.6Cl1.8I1.2,0,0,0.5,0.5,0.6,0.4,1.8,0,1.2
Cs0.5EA0.5Sn0.4Pb0.6Cl2.1I0.9,0,0,0.5,0.5,0.6,0.4,2.1,0,0.9
Cs0.5EA0.5Sn0.4Pb0.6Cl2.4I0.6,0,0,0.5,0.5,0.6,0.4,2.4,0,0.6
Cs0.5EA0.5Sn0.4Pb0.6Cl2.7I0.3,0,0,0.5,0.5,0.6,0.4,2.7,0,0.3
Cs0.5EA0.5Sn0.4Pb0.6Br0.3I2.7,0,0,0.5,0.5,0.6,0.4,0,0.3,2.7
Cs0.5EA0.5Sn0.4Pb0.6Br0.6I2.4,0,0,0.5,0.5,0.6,0.4,0,0.6,2.4
Cs0.5EA0.5Sn0.4Pb0.6Br0.9I2.1,0,0,0.5,0.5,0.6,0.4,0,0.9,2.1
Cs0.5EA0.5Sn0.4Pb0.6Br1.2I1.8,0,0,0.5,0.5,0.6,0.4,0,1.2,1.8
Cs0.5EA0.5Sn0.4Pb0.6Br1.5I1.5,0,0,0.5,0.5,0.6,0.4,0,1.5,1.5
Cs0.5EA0.5Sn0.4Pb0.6Br1.8I1.2,0,0,0.5,0.5,0.6,0.4,0,1.8,1.2
Cs0.5EA0.5Sn0.4Pb0.6Br2.1I0.9,0,0,0.5,0.5,0.6,0.4,0,2.1,0.9
Cs0.5EA0.5Sn0.4Pb0.6Br2.4I0.6,0,0,0.5,0.5,0.6,0.4,0,2.4,0.6
Cs0.5EA0.5Sn0.4Pb0.6Br2.7I0.3,0,0,0.5,0.5,0.6,0.4,0,2.7,0.3
Cs0.5EA0.5Sn0.3Pb0.7Cl0.3Br2.7,0,0,0.5,0.5,0.7,0.3,0.3,2.7,0
Cs0.5EA0.5Sn0.3Pb0.7Cl0.6Br2.4,0,0,0.5,0.5,0.7,0.3,0.6,2.4,0
Cs0.5EA0.5Sn0.3Pb0.7Cl0.9Br2.1,0,0,0.5,0.5,0.7,0.3,0.9,2.1,0
Cs0.5EA0.5Sn0.3Pb0.7Cl1.2Br1.8,0,0,0.5,0.5,0.7,0.3,1.2,1.8,0
Cs0.5EA0.5Sn0.3Pb0.7Cl1.5Br1.5,0,0,0.5,0.5,0.7,0.3,1.5,1.5,0
Cs0.5EA0.5Sn0.3Pb0.7Cl1.8Br1.2,0,0,0.5,0.5,0.7,0.3,1.8,1.2,0
Cs0.5EA0.5Sn0.3Pb0.7Cl2.1Br0.9,0,0,0.5,0.5,0.7,0.3,2.1,0.9,0
Cs0.5EA0.5Sn0.3Pb0.7Cl2.4Br0.6,0,0,0.5,0.5,0.7,0.3,2.4,0.6,0
Cs0.5EA0.5Sn0.3Pb0.7Cl2.7Br0.3,0,0,0.5,0.5,0.7,0.3,2.7,0.3,0
Cs0.5EA0.5Sn0.3Pb0.7Cl0.3I2.7,0,0,0.5,0.5,0.7,0.3,0.3,0,2.7
Cs0.5EA0.5Sn0.3Pb0.7Cl0.6I2.4,0,0,0.5,0.5,0.7,0.3,0.6,0,2.4
Cs0.5EA0.5Sn0.3Pb0.7Cl0.9I2.1,0,0,0.5,0.5,0.7,0.3,0.9,0,2.1
Cs0.5EA0.5Sn0.3Pb0.7Cl1.2I1.8,0,0,0.5,0.5,0.7,0.3,1.2,0,1.8
Cs0.5EA0.5Sn0.3Pb0.7Cl1.5I1.5,0,0,0.5,0.5,0.7,0.3,1.5,0,1.5
Cs0.5EA0.5Sn0.3Pb0.7Cl1.8I1.2,0,0,0.5,0.5,0.7,0.3,1.8,0,1.2
Cs0.5EA0.5Sn0.3Pb0.7Cl2.1I0.9,0,0,0.5,0.5,0.7,0.3,2.1,0,0.9
Cs0.5EA0.5Sn0.3Pb0.7Cl2.4I0.6,0,0,0.5,0.5,0.7,0.3,2.4,0,0.6
Cs0.5EA0.5Sn0.3Pb0.7Cl2.7I0.3,0,0,0.5,0.5,0.7,0.3,2.7,0,0.3
Cs0.5EA0.5Sn0.3Pb0.7Br0.3I2.7,0,0,0.5,0.5,0.7,0.3,0,0.3,2.7
Cs0.5EA0.5Sn0.3Pb0.7Br0.6I2.4,0,0,0.5,0.5,0.7,0.3,0,0.6,2.4
Cs0.5EA0.5Sn0.3Pb0.7Br0.9I2.1,0,0,0.5,0.5,0.7,0.3,0,0.9,2.1
Cs0.5EA0.5Sn0.3Pb0.7Br1.2I1.8,0,0,0.5,0.5,0.7,0.3,0,1.2,1.8
Cs0.5EA0.5Sn0.3Pb0.7Br1.5I1.5,0,0,0.5,0.5,0.7,0.3,0,1.5,1.5
Cs0.5EA0.5Sn0.3Pb0.7Br1.8I1.2,0,0,0.5,0.5,0.7,0.3,0,1.8,1.2
Cs0.5EA0.5Sn0.3Pb0.7Br2.1I0.9,0,0,0.5,0.5,0.7,0.3,0,2.1,0.9
Cs0.5EA0.5Sn0.3Pb0.7Br2.4I0.6,0,0,0.5,0.5,0.7,0.3,0,2.4,0.6
Cs0.5EA0.5Sn0.3Pb0.7Br2.7I0.3,0,0,0.5,0.5,0.7,0.3,0,2.7,0.3
Cs0.5EA0.5Sn0.2Pb0.8Cl0.3Br2.7,0,0,0.5,0.5,0.8,0.2,0.3,2.7,0
Cs0.5EA0.5Sn0.2Pb0.8Cl0.6Br2.4,0,0,0.5,0.5,0.8,0.2,0.6,2.4,0
Cs0.5EA0.5Sn0.2Pb0.8Cl0.9Br2.1,0,0,0.5,0.5,0.8,0.2,0.9,2.1,0
Cs0.5EA0.5Sn0.2Pb0.8Cl1.2Br1.8,0,0,0.5,0.5,0.8,0.2,1.2,1.8,0
Cs0.5EA0.5Sn0.2Pb0.8Cl1.5Br1.5,0,0,0.5,0.5,0.8,0.2,1.5,1.5,0
Cs0.5EA0.5Sn0.2Pb0.8Cl1.8Br1.2,0,0,0.5,0.5,0.8,0.2,1.8,1.2,0
Cs0.5EA0.5Sn0.2Pb0.8Cl2.1Br0.9,0,0,0.5,0.5,0.8,0.2,2.1,0.9,0
Cs0.5EA0.5Sn0.2Pb0.8Cl2.4Br0.6,0,0,0.5,0.5,0.8,0.2,2.4,0.6,0
Cs0.5EA0.5Sn0.2Pb0.8Cl2.7Br0.3,0,0,0.5,0.5,0.8,0.2,2.7,0.3,0
Cs0.5EA0.5Sn0.2Pb0.8Cl0.3I2.7,0,0,0.5,0.5,0.8,0.2,0.3,0,2.7
Cs0.5EA0.5Sn0.2Pb0.8Cl0.6I2.4,0,0,0.5,0.5,0.8,0.2,0.6,0,2.4
Cs0.5EA0.5Sn0.2Pb0.8Cl0.9I2.1,0,0,0.5,0.5,0.8,0.2,0.9,0,2.1
Cs0.5EA0.5Sn0.2Pb0.8Cl1.2I1.8,0,0,0.5,0.5,0.8,0.2,1.2,0,1.8
Cs0.5EA0.5Sn0.2Pb0.8Cl1.5I1.5,0,0,0.5,0.5,0.8,0.2,1.5,0,1.5
Cs0.5EA0.5Sn0.2Pb0.8Cl1.8I1.2,0,0,0.5,0.5,0.8,0.2,1.8,0,1.2
Cs0.5EA0.5Sn0.2Pb0.8Cl2.1I0.9,0,0,0.5,0.5,0.8,0.2,2.1,0,0.9
Cs0.5EA0.5Sn0.2Pb0.8Cl2.4I0.6,0,0,0.5,0.5,0.8,0.2,2.4,0,0.6
Cs0.5EA0.5Sn0.2Pb0.8Cl2.7I0.3,0,0,0.5,0.5,0.8,0.2,2.7,0,0.3
Cs0.5EA0.5Sn0.2Pb0.8Br0.3I2.7,0,0,0.5,0.5,0.8,0.2,0,0.3,2.7
Cs0.5EA0.5Sn0.2Pb0.8Br0.6I2.4,0,0,0.5,0.5,0.8,0.2,0,0.6,2.4
Cs0.5EA0.5Sn0.2Pb0.8Br0.9I2.1,0,0,0.5,0.5,0.8,0.2,0,0.9,2.1
Cs0.5EA0.5Sn0.2Pb0.8Br1.2I1.8,0,0,0.5,0.5,0.8,0.2,0,1.2,1.8
Cs0.5EA0.5Sn0.2Pb0.8Br1.5I1.5,0,0,0.5,0.5,0.8,0.2,0,1.5,1.5
Cs0.5EA0.5Sn0.2Pb0.8Br1.8I1.2,0,0,0.5,0.5,0.8,0.2,0,1.8,1.2
Cs0.5EA0.5Sn0.2Pb0.8Br2.1I0.9,0,0,0.5,0.5,0.8,0.2,0,2.1,0.9
Cs0.5EA0.5Sn0.2Pb0.8Br2.4I0.6,0,0,0.5,0.5,0.8,0.2,0,2.4,0.6
Cs0.5EA0.5Sn0.2Pb0.8Br2.7I0.3,0,0,0.5,0.5,0.8,0.2,0,2.7,0.3
Cs0.5EA0.5Sn0.1Pb0.9Cl0.3Br2.7,0,0,0.5,0.5,0.9,0.1,0.3,2.7,0
Cs0.5EA0.5Sn0.1Pb0.9Cl0.6Br2.4,0,0,0.5,0.5,0.9,0.1,0.6,2.4,0
Cs0.5EA0.5Sn0.1Pb0.9Cl0.9Br2.1,0,0,0.5,0.5,0.9,0.1,0.9,2.1,0
Cs0.5EA0.5Sn0.1Pb0.9Cl1.2Br1.8,0,0,0.5,0.5,0.9,0.1,1.2,1.8,0
Cs0.5EA0.5Sn0.1Pb0.9Cl1.5Br1.5,0,0,0.5,0.5,0.9,0.1,1.5,1.5,0
Cs0.5EA0.5Sn0.1Pb0.9Cl1.8Br1.2,0,0,0.5,0.5,0.9,0.1,1.8,1.2,0
Cs0.5EA0.5Sn0.1Pb0.9Cl2.1Br0.9,0,0,0.5,0.5,0.9,0.1,2.1,0.9,0
Cs0.5EA0.5Sn0.1Pb0.9Cl2.4Br0.6,0,0,0.5,0.5,0.9,0.1,2.4,0.6,0
Cs0.5EA0.5Sn0.1Pb0.9Cl2.7Br0.3,0,0,0.5,0.5,0.9,0.1,2.7,0.3,0
Cs0.5EA0.5Sn0.1Pb0.9Cl0.3I2.7,0,0,0.5,0.5,0.9,0.1,0.3,0,2.7
Cs0.5EA0.5Sn0.1Pb0.9Cl0.6I2.4,0,0,0.5,0.5,0.9,0.1,0.6,0,2.4
Cs0.5EA0.5Sn0.1Pb0.9Cl0.9I2.1,0,0,0.5,0.5,0.9,0.1,0.9,0,2.1
Cs0.5EA0.5Sn0.1Pb0.9Cl1.2I1.8,0,0,0.5,0.5,0.9,0.1,1.2,0,1.8
Cs0.5EA0.5Sn0.1Pb0.9Cl1.5I1.5,0,0,0.5,0.5,0.9,0.1,1.5,0,1.5
Cs0.5EA0.5Sn0.1Pb0.9Cl1.8I1.2,0,0,0.5,0.5,0.9,0.1,1.8,0,1.2
Cs0.5EA0.5Sn0.1Pb0.9Cl2.1I0.9,0,0,0.5,0.5,0.9,0.1,2.1,0,0.9
Cs0.5EA0.5Sn0.1Pb0.9Cl2.4I0.6,0,0,0.5,0.5,0.9,0.1,2.4,0,0.6
Cs0.5EA0.5Sn0.1Pb0.9Cl2.7I0.3,0,0,0.5,0.5,0.9,0.1,2.7,0,0.3
Cs0.5EA0.5Sn0.1Pb0.9Br0.3I2.7,0,0,0.5,0.5,0.9,0.1,0,0.3,2.7
Cs0.5EA0.5Sn0.1Pb0.9Br0.6I2.4,0,0,0.5,0.5,0.9,0.1,0,0.6,2.4
Cs0.5EA0.5Sn0.1Pb0.9Br0.9I2.1,0,0,0.5,0.5,0.9,0.1,0,0.9,2.1
Cs0.5EA0.5Sn0.1Pb0.9Br1.2I1.8,0,0,0.5,0.5,0.9,0.1,0,1.2,1.8
Cs0.5EA0.5Sn0.1Pb0.9Br1.5I1.5,0,0,0.5,0.5,0.9,0.1,0,1.5,1.5
Cs0.5EA0.5Sn0.1Pb0.9Br1.8I1.2,0,0,0.5,0.5,0.9,0.1,0,1.8,1.2
Cs0.5EA0.5Sn0.1Pb0.9Br2.1I0.9,0,0,0.5,0.5,0.9,0.1,0,2.1,0.9
Cs0.5EA0.5Sn0.1Pb0.9Br2.4I0.6,0,0,0.5,0.5,0.9,0.1,0,2.4,0.6
Cs0.5EA0.5Sn0.1Pb0.9Br2.7I0.3,0,0,0.5,0.5,0.9,0.1,0,2.7,0.3
Cs0.6EA0.4Sn0.9Pb0.1Cl0.3Br2.7,0,0,0.6,0.4,0.1,0.9,0.3,2.7,0
Cs0.6EA0.4Sn0.9Pb0.1Cl0.6Br2.4,0,0,0.6,0.4,0.1,0.9,0.6,2.4,0
Cs0.6EA0.4Sn0.9Pb0.1Cl0.9Br2.1,0,0,0.6,0.4,0.1,0.9,0.9,2.1,0
Cs0.6EA0.4Sn0.9Pb0.1Cl1.2Br1.8,0,0,0.6,0.4,0.1,0.9,1.2,1.8,0
Cs0.6EA0.4Sn0.9Pb0.1Cl1.5Br1.5,0,0,0.6,0.4,0.1,0.9,1.5,1.5,0
Cs0.6EA0.4Sn0.9Pb0.1Cl1.8Br1.2,0,0,0.6,0.4,0.1,0.9,1.8,1.2,0
Cs0.6EA0.4Sn0.9Pb0.1Cl2.1Br0.9,0,0,0.6,0.4,0.1,0.9,2.1,0.9,0
Cs0.6EA0.4Sn0.9Pb0.1Cl2.4Br0.6,0,0,0.6,0.4,0.1,0.9,2.4,0.6,0
Cs0.6EA0.4Sn0.9Pb0.1Cl2.7Br0.3,0,0,0.6,0.4,0.1,0.9,2.7,0.3,0
Cs0.6EA0.4Sn0.9Pb0.1Cl0.3I2.7,0,0,0.6,0.4,0.1,0.9,0.3,0,2.7
Cs0.6EA0.4Sn0.9Pb0.1Cl0.6I2.4,0,0,0.6,0.4,0.1,0.9,0.6,0,2.4
Cs0.6EA0.4Sn0.9Pb0.1Cl0.9I2.1,0,0,0.6,0.4,0.1,0.9,0.9,0,2.1
Cs0.6EA0.4Sn0.9Pb0.1Cl1.2I1.8,0,0,0.6,0.4,0.1,0.9,1.2,0,1.8
Cs0.6EA0.4Sn0.9Pb0.1Cl1.5I1.5,0,0,0.6,0.4,0.1,0.9,1.5,0,1.5
Cs0.6EA0.4Sn0.9Pb0.1Cl1.8I1.2,0,0,0.6,0.4,0.1,0.9,1.8,0,1.2
Cs0.6EA0.4Sn0.9Pb0.1Cl2.1I0.9,0,0,0.6,0.4,0.1,0.9,2.1,0,0.9
Cs0.6EA0.4Sn0.9Pb0.1Cl2.4I0.6,0,0,0.6,0.4,0.1,0.9,2.4,0,0.6
Cs0.6EA0.4Sn0.9Pb0.1Cl2.7I0.3,0,0,0.6,0.4,0.1,0.9,2.7,0,0.3
Cs0.6EA0.4Sn0.9Pb0.1Br0.3I2.7,0,0,0.6,0.4,0.1,0.9,0,0.3,2.7
Cs0.6EA0.4Sn0.9Pb0.1Br0.6I2.4,0,0,0.6,0.4,0.1,0.9,0,0.6,2.4
Cs0.6EA0.4Sn0.9Pb0.1Br0.9I2.1,0,0,0.6,0.4,0.1,0.9,0,0.9,2.1
Cs0.6EA0.4Sn0.9Pb0.1Br1.2I1.8,0,0,0.6,0.4,0.1,0.9,0,1.2,1.8
Cs0.6EA0.4Sn0.9Pb0.1Br1.5I1.5,0,0,0.6,0.4,0.1,0.9,0,1.5,1.5
Cs0.6EA0.4Sn0.9Pb0.1Br1.8I1.2,0,0,0.6,0.4,0.1,0.9,0,1.8,1.2
Cs0.6EA0.4Sn0.9Pb0.1Br2.1I0.9,0,0,0.6,0.4,0.1,0.9,0,2.1,0.9
Cs0.6EA0.4Sn0.9Pb0.1Br2.4I0.6,0,0,0.6,0.4,0.1,0.9,0,2.4,0.6
Cs0.6EA0.4Sn0.9Pb0.1Br2.7I0.3,0,0,0.6,0.4,0.1,0.9,0,2.7,0.3
Cs0.6EA0.4Sn0.8Pb0.2Cl0.3Br2.7,0,0,0.6,0.4,0.2,0.8,0.3,2.7,0
Cs0.6EA0.4Sn0.8Pb0.2Cl0.6Br2.4,0,0,0.6,0.4,0.2,0.8,0.6,2.4,0
Cs0.6EA0.4Sn0.8Pb0.2Cl0.9Br2.1,0,0,0.6,0.4,0.2,0.8,0.9,2.1,0
Cs0.6EA0.4Sn0.8Pb0.2Cl1.2Br1.8,0,0,0.6,0.4,0.2,0.8,1.2,1.8,0
Cs0.6EA0.4Sn0.8Pb0.2Cl1.5Br1.5,0,0,0.6,0.4,0.2,0.8,1.5,1.5,0
Cs0.6EA0.4Sn0.8Pb0.2Cl1.8Br1.2,0,0,0.6,0.4,0.2,0.8,1.8,1.2,0
Cs0.6EA0.4Sn0.8Pb0.2Cl2.1Br0.9,0,0,0.6,0.4,0.2,0.8,2.1,0.9,0
Cs0.6EA0.4Sn0.8Pb0.2Cl2.4Br0.6,0,0,0.6,0.4,0.2,0.8,2.4,0.6,0
Cs0.6EA0.4Sn0.8Pb0.2Cl2.7Br0.3,0,0,0.6,0.4,0.2,0.8,2.7,0.3,0
Cs0.6EA0.4Sn0.8Pb0.2Cl0.3I2.7,0,0,0.6,0.4,0.2,0.8,0.3,0,2.7
Cs0.6EA0.4Sn0.8Pb0.2Cl0.6I2.4,0,0,0.6,0.4,0.2,0.8,0.6,0,2.4
Cs0.6EA0.4Sn0.8Pb0.2Cl0.9I2.1,0,0,0.6,0.4,0.2,0.8,0.9,0,2.1
Cs0.6EA0.4Sn0.8Pb0.2Cl1.2I1.8,0,0,0.6,0.4,0.2,0.8,1.2,0,1.8
Cs0.6EA0.4Sn0.8Pb0.2Cl1.5I1.5,0,0,0.6,0.4,0.2,0.8,1.5,0,1.5
Cs0.6EA0.4Sn0.8Pb0.2Cl1.8I1.2,0,0,0.6,0.4,0.2,0.8,1.8,0,1.2
Cs0.6EA0.4Sn0.8Pb0.2Cl2.1I0.9,0,0,0.6,0.4,0.2,0.8,2.1,0,0.9
Cs0.6EA0.4Sn0.8Pb0.2Cl2.4I0.6,0,0,0.6,0.4,0.2,0.8,2.4,0,0.6
Cs0.6EA0.4Sn0.8Pb0.2Cl2.7I0.3,0,0,0.6,0.4,0.2,0.8,2.7,0,0.3
Cs0.6EA0.4Sn0.8Pb0.2Br0.3I2.7,0,0,0.6,0.4,0.2,0.8,0,0.3,2.7
Cs0.6EA0.4Sn0.8Pb0.2Br0.6I2.4,0,0,0.6,0.4,0.2,0.8,0,0.6,2.4
Cs0.6EA0.4Sn0.8Pb0.2Br0.9I2.1,0,0,0.6,0.4,0.2,0.8,0,0.9,2.1
Cs0.6EA0.4Sn0.8Pb0.2Br1.2I1.8,0,0,0.6,0.4,0.2,0.8,0,1.2,1.8
Cs0.6EA0.4Sn0.8Pb0.2Br1.5I1.5,0,0,0.6,0.4,0.2,0.8,0,1.5,1.5
Cs0.6EA0.4Sn0.8Pb0.2Br1.8I1.2,0,0,0.6,0.4,0.2,0.8,0,1.8,1.2
Cs0.6EA0.4Sn0.8Pb0.2Br2.1I0.9,0,0,0.6,0.4,0.2,0.8,0,2.1,0.9
Cs0.6EA0.4Sn0.8Pb0.2Br2.4I0.6,0,0,0.6,0.4,0.2,0.8,0,2.4,0.6
Cs0.6EA0.4Sn0.8Pb0.2Br2.7I0.3,0,0,0.6,0.4,0.2,0.8,0,2.7,0.3
Cs0.6EA0.4Sn0.7Pb0.3Cl0.3Br2.7,0,0,0.6,0.4,0.3,0.7,0.3,2.7,0
Cs0.6EA0.4Sn0.7Pb0.3Cl0.6Br2.4,0,0,0.6,0.4,0.3,0.7,0.6,2.4,0
Cs0.6EA0.4Sn0.7Pb0.3Cl0.9Br2.1,0,0,0.6,0.4,0.3,0.7,0.9,2.1,0
Cs0.6EA0.4Sn0.7Pb0.3Cl1.2Br1.8,0,0,0.6,0.4,0.3,0.7,1.2,1.8,0
Cs0.6EA0.4Sn0.7Pb0.3Cl1.5Br1.5,0,0,0.6,0.4,0.3,0.7,1.5,1.5,0
Cs0.6EA0.4Sn0.7Pb0.3Cl1.8Br1.2,0,0,0.6,0.4,0.3,0.7,1.8,1.2,0
Cs0.6EA0.4Sn0.7Pb0.3Cl2.1Br0.9,0,0,0.6,0.4,0.3,0.7,2.1,0.9,0
Cs0.6EA0.4Sn0.7Pb0.3Cl2.4Br0.6,0,0,0.6,0.4,0.3,0.7,2.4,0.6,0
Cs0.6EA0.4Sn0.7Pb0.3Cl2.7Br0.3,0,0,0.6,0.4,0.3,0.7,2.7,0.3,0
Cs0.6EA0.4Sn0.7Pb0.3Cl0.3I2.7,0,0,0.6,0.4,0.3,0.7,0.3,0,2.7
Cs0.6EA0.4Sn0.7Pb0.3Cl0.6I2.4,0,0,0.6,0.4,0.3,0.7,0.6,0,2.4
Cs0.6EA0.4Sn0.7Pb0.3Cl0.9I2.1,0,0,0.6,0.4,0.3,0.7,0.9,0,2.1
Cs0.6EA0.4Sn0.7Pb0.3Cl1.2I1.8,0,0,0.6,0.4,0.3,0.7,1.2,0,1.8
Cs0.6EA0.4Sn0.7Pb0.3Cl1.5I1.5,0,0,0.6,0.4,0.3,0.7,1.5,0,1.5
Cs0.6EA0.4Sn0.7Pb0.3Cl1.8I1.2,0,0,0.6,0.4,0.3,0.7,1.8,0,1.2
Cs0.6EA0.4Sn0.7Pb0.3Cl2.1I0.9,0,0,0.6,0.4,0.3,0.7,2.1,0,0.9
Cs0.6EA0.4Sn0.7Pb0.3Cl2.4I0.6,0,0,0.6,0.4,0.3,0.7,2.4,0,0.6
Cs0.6EA0.4Sn0.7Pb0.3Cl2.7I0.3,0,0,0.6,0.4,0.3,0.7,2.7,0,0.3
Cs0.6EA0.4Sn0.7Pb0.3Br0.3I2.7,0,0,0.6,0.4,0.3,0.7,0,0.3,2.7
Cs0.6EA0.4Sn0.7Pb0.3Br0.6I2.4,0,0,0.6,0.4,0.3,0.7,0,0.6,2.4
Cs0.6EA0.4Sn0.7Pb0.3Br0.9I2.1,0,0,0.6,0.4,0.3,0.7,0,0.9,2.1
Cs0.6EA0.4Sn0.7Pb0.3Br1.2I1.8,0,0,0.6,0.4,0.3,0.7,0,1.2,1.8
Cs0.6EA0.4Sn0.7Pb0.3Br1.5I1.5,0,0,0.6,0.4,0.3,0.7,0,1.5,1.5
Cs0.6EA0.4Sn0.7Pb0.3Br1.8I1.2,0,0,0.6,0.4,0.3,0.7,0,1.8,1.2
Cs0.6EA0.4Sn0.7Pb0.3Br2.1I0.9,0,0,0.6,0.4,0.3,0.7,0,2.1,0.9
Cs0.6EA0.4Sn0.7Pb0.3Br2.4I0.6,0,0,0.6,0.4,0.3,0.7,0,2.4,0.6
Cs0.6EA0.4Sn0.7Pb0.3Br2.7I0.3,0,0,0.6,0.4,0.3,0.7,0,2.7,0.3
Cs0.6EA0.4Sn0.6Pb0.4Cl0.3Br2.7,0,0,0.6,0.4,0.4,0.6,0.3,2.7,0
Cs0.6EA0.4Sn0.6Pb0.4Cl0.6Br2.4,0,0,0.6,0.4,0.4,0.6,0.6,2.4,0
Cs0.6EA0.4Sn0.6Pb0.4Cl0.9Br2.1,0,0,0.6,0.4,0.4,0.6,0.9,2.1,0
Cs0.6EA0.4Sn0.6Pb0.4Cl1.2Br1.8,0,0,0.6,0.4,0.4,0.6,1.2,1.8,0
Cs0.6EA0.4Sn0.6Pb0.4Cl1.5Br1.5,0,0,0.6,0.4,0.4,0.6,1.5,1.5,0
Cs0.6EA0.4Sn0.6Pb0.4Cl1.8Br1.2,0,0,0.6,0.4,0.4,0.6,1.8,1.2,0
Cs0.6EA0.4Sn0.6Pb0.4Cl2.1Br0.9,0,0,0.6,0.4,0.4,0.6,2.1,0.9,0
Cs0.6EA0.4Sn0.6Pb0.4Cl2.4Br0.6,0,0,0.6,0.4,0.4,0.6,2.4,0.6,0
Cs0.6EA0.4Sn0.6Pb0.4Cl2.7Br0.3,0,0,0.6,0.4,0.4,0.6,2.7,0.3,0
Cs0.6EA0.4Sn0.6Pb0.4Cl0.3I2.7,0,0,0.6,0.4,0.4,0.6,0.3,0,2.7
Cs0.6EA0.4Sn0.6Pb0.4Cl0.6I2.4,0,0,0.6,0.4,0.4,0.6,0.6,0,2.4
Cs0.6EA0.4Sn0.6Pb0.4Cl0.9I2.1,0,0,0.6,0.4,0.4,0.6,0.9,0,2.1
Cs0.6EA0.4Sn0.6Pb0.4Cl1.2I1.8,0,0,0.6,0.4,0.4,0.6,1.2,0,1.8
Cs0.6EA0.4Sn0.6Pb0.4Cl1.5I1.5,0,0,0.6,0.4,0.4,0.6,1.5,0,1.5
Cs0.6EA0.4Sn0.6Pb0.4Cl1.8I1.2,0,0,0.6,0.4,0.4,0.6,1.8,0,1.2
Cs0.6EA0.4Sn0.6Pb0.4Cl2.1I0.9,0,0,0.6,0.4,0.4,0.6,2.1,0,0.9
Cs0.6EA0.4Sn0.6Pb0.4Cl2.4I0.6,0,0,0.6,0.4,0.4,0.6,2.4,0,0.6
Cs0.6EA0.4Sn0.6Pb0.4Cl2.7I0.3,0,0,0.6,0.4,0.4,0.6,2.7,0,0.3
Cs0.6EA0.4Sn0.6Pb0.4Br0.3I2.7,0,0,0.6,0.4,0.4,0.6,0,0.3,2.7
Cs0.6EA0.4Sn0.6Pb0.4Br0.6I2.4,0,0,0.6,0.4,0.4,0.6,0,0.6,2.4
Cs0.6EA0.4Sn0.6Pb0.4Br0.9I2.1,0,0,0.6,0.4,0.4,0.6,0,0.9,2.1
Cs0.6EA0.4Sn0.6Pb0.4Br1.2I1.8,0,0,0.6,0.4,0.4,0.6,0,1.2,1.8
Cs0.6EA0.4Sn0.6Pb0.4Br1.5I1.5,0,0,0.6,0.4,0.4,0.6,0,1.5,1.5
Cs0.6EA0.4Sn0.6Pb0.4Br1.8I1.2,0,0,0.6,0.4,0.4,0.6,0,1.8,1.2
Cs0.6EA0.4Sn0.6Pb0.4Br2.1I0.9,0,0,0.6,0.4,0.4,0.6,0,2.1,0.9
Cs0.6EA0.4Sn0.6Pb0.4Br2.4I0.6,0,0,0.6,0.4,0.4,0.6,0,2.4,0.6
Cs0.6EA0.4Sn0.6Pb0.4Br2.7I0.3,0,0,0.6,0.4,0.4,0.6,0,2.7,0.3
Cs0.6EA0.4Sn0.5Pb0.5Cl0.3Br2.7,0,0,0.6,0.4,0.5,0.5,0.3,2.7,0
Cs0.6EA0.4Sn0.5Pb0.5Cl0.6Br2.4,0,0,0.6,0.4,0.5,0.5,0.6,2.4,0
Cs0.6EA0.4Sn0.5Pb0.5Cl0.9Br2.1,0,0,0.6,0.4,0.5,0.5,0.9,2.1,0
Cs0.6EA0.4Sn0.5Pb0.5Cl1.2Br1.8,0,0,0.6,0.4,0.5,0.5,1.2,1.8,0
Cs0.6EA0.4Sn0.5Pb0.5Cl1.5Br1.5,0,0,0.6,0.4,0.5,0.5,1.5,1.5,0
Cs0.6EA0.4Sn0.5Pb0.5Cl1.8Br1.2,0,0,0.6,0.4,0.5,0.5,1.8,1.2,0
Cs0.6EA0.4Sn0.5Pb0.5Cl2.1Br0.9,0,0,0.6,0.4,0.5,0.5,2.1,0.9,0
Cs0.6EA0.4Sn0.5Pb0.5Cl2.4Br0.6,0,0,0.6,0.4,0.5,0.5,2.4,0.6,0
Cs0.6EA0.4Sn0.5Pb0.5Cl2.7Br0.3,0,0,0.6,0.4,0.5,0.5,2.7,0.3,0
Cs0.6EA0.4Sn0.5Pb0.5Cl0.3I2.7,0,0,0.6,0.4,0.5,0.5,0.3,0,2.7
Cs0.6EA0.4Sn0.5Pb0.5Cl0.6I2.4,0,0,0.6,0.4,0.5,0.5,0.6,0,2.4
Cs0.6EA0.4Sn0.5Pb0.5Cl0.9I2.1,0,0,0.6,0.4,0.5,0.5,0.9,0,2.1
Cs0.6EA0.4Sn0.5Pb0.5Cl1.2I1.8,0,0,0.6,0.4,0.5,0.5,1.2,0,1.8
Cs0.6EA0.4Sn0.5Pb0.5Cl1.5I1.5,0,0,0.6,0.4,0.5,0.5,1.5,0,1.5
Cs0.6EA0.4Sn0.5Pb0.5Cl1.8I1.2,0,0,0.6,0.4,0.5,0.5,1.8,0,1.2
Cs0.6EA0.4Sn0.5Pb0.5Cl2.1I0.9,0,0,0.6,0.4,0.5,0.5,2.1,0,0.9
Cs0.6EA0.4Sn0.5Pb0.5Cl2.4I0.6,0,0,0.6,0.4,0.5,0.5,2.4,0,0.6
Cs0.6EA0.4Sn0.5Pb0.5Cl2.7I0.3,0,0,0.6,0.4,0.5,0.5,2.7,0,0.3
Cs0.6EA0.4Sn0.5Pb0.5Br0.3I2.7,0,0,0.6,0.4,0.5,0.5,0,0.3,2.7
Cs0.6EA0.4Sn0.5Pb0.5Br0.6I2.4,0,0,0.6,0.4,0.5,0.5,0,0.6,2.4
Cs0.6EA0.4Sn0.5Pb0.5Br0.9I2.1,0,0,0.6,0.4,0.5,0.5,0,0.9,2.1
Cs0.6EA0.4Sn0.5Pb0.5Br1.2I1.8,0,0,0.6,0.4,0.5,0.5,0,1.2,1.8
Cs0.6EA0.4Sn0.5Pb0.5Br1.5I1.5,0,0,0.6,0.4,0.5,0.5,0,1.5,1.5
Cs0.6EA0.4Sn0.5Pb0.5Br1.8I1.2,0,0,0.6,0.4,0.5,0.5,0,1.8,1.2
Cs0.6EA0.4Sn0.5Pb0.5Br2.1I0.9,0,0,0.6,0.4,0.5,0.5,0,2.1,0.9
Cs0.6EA0.4Sn0.5Pb0.5Br2.4I0.6,0,0,0.6,0.4,0.5,0.5,0,2.4,0.6
Cs0.6EA0.4Sn0.5Pb0.5Br2.7I0.3,0,0,0.6,0.4,0.5,0.5,0,2.7,0.3
Cs0.6EA0.4Sn0.4Pb0.6Cl0.3Br2.7,0,0,0.6,0.4,0.6,0.4,0.3,2.7,0
Cs0.6EA0.4Sn0.4Pb0.6Cl0.6Br2.4,0,0,0.6,0.4,0.6,0.4,0.6,2.4,0
Cs0.6EA0.4Sn0.4Pb0.6Cl0.9Br2.1,0,0,0.6,0.4,0.6,0.4,0.9,2.1,0
Cs0.6EA0.4Sn0.4Pb0.6Cl1.2Br1.8,0,0,0.6,0.4,0.6,0.4,1.2,1.8,0
Cs0.6EA0.4Sn0.4Pb0.6Cl1.5Br1.5,0,0,0.6,0.4,0.6,0.4,1.5,1.5,0
Cs0.6EA0.4Sn0.4Pb0.6Cl1.8Br1.2,0,0,0.6,0.4,0.6,0.4,1.8,1.2,0
Cs0.6EA0.4Sn0.4Pb0.6Cl2.1Br0.9,0,0,0.6,0.4,0.6,0.4,2.1,0.9,0
Cs0.6EA0.4Sn0.4Pb0.6Cl2.4Br0.6,0,0,0.6,0.4,0.6,0.4,2.4,0.6,0
Cs0.6EA0.4Sn0.4Pb0.6Cl2.7Br0.3,0,0,0.6,0.4,0.6,0.4,2.7,0.3,0
Cs0.6EA0.4Sn0.4Pb0.6Cl0.3I2.7,0,0,0.6,0.4,0.6,0.4,0.3,0,2.7
Cs0.6EA0.4Sn0.4Pb0.6Cl0.6I2.4,0,0,0.6,0.4,0.6,0.4,0.6,0,2.4
Cs0.6EA0.4Sn0.4Pb0.6Cl0.9I2.1,0,0,0.6,0.4,0.6,0.4,0.9,0,2.1
Cs0.6EA0.4Sn0.4Pb0.6Cl1.2I1.8,0,0,0.6,0.4,0.6,0.4,1.2,0,1.8
Cs0.6EA0.4Sn0.4Pb0.6Cl1.5I1.5,0,0,0.6,0.4,0.6,0.4,1.5,0,1.5
Cs0.6EA0.4Sn0.4Pb0.6Cl1.8I1.2,0,0,0.6,0.4,0.6,0.4,1.8,0,1.2
Cs0.6EA0.4Sn0.4Pb0.6Cl2.1I0.9,0,0,0.6,0.4,0.6,0.4,2.1,0,0.9
Cs0.6EA0.4Sn0.4Pb0.6Cl2.4I0.6,0,0,0.6,0.4,0.6,0.4,2.4,0,0.6
Cs0.6EA0.4Sn0.4Pb0.6Cl2.7I0.3,0,0,0.6,0.4,0.6,0.4,2.7,0,0.3
Cs0.6EA0.4Sn0.4Pb0.6Br0.3I2.7,0,0,0.6,0.4,0.6,0.4,0,0.3,2.7
Cs0.6EA0.4Sn0.4Pb0.6Br0.6I2.4,0,0,0.6,0.4,0.6,0.4,0,0.6,2.4
Cs0.6EA0.4Sn0.4Pb0.6Br0.9I2.1,0,0,0.6,0.4,0.6,0.4,0,0.9,2.1
Cs0.6EA0.4Sn0.4Pb0.6Br1.2I1.8,0,0,0.6,0.4,0.6,0.4,0,1.2,1.8
Cs0.6EA0.4Sn0.4Pb0.6Br1.5I1.5,0,0,0.6,0.4,0.6,0.4,0,1.5,1.5
Cs0.6EA0.4Sn0.4Pb0.6Br1.8I1.2,0,0,0.6,0.4,0.6,0.4,0,1.8,1.2
Cs0.6EA0.4Sn0.4Pb0.6Br2.1I0.9,0,0,0.6,0.4,0.6,0.4,0,2.1,0.9
Cs0.6EA0.4Sn0.4Pb0.6Br2.4I0.6,0,0,0.6,0.4,0.6,0.4,0,2.4,0.6
Cs0.6EA0.4Sn0.4Pb0.6Br2.7I0.3,0,0,0.6,0.4,0.6,0.4,0,2.7,0.3
Cs0.6EA0.4Sn0.3Pb0.7Cl0.3Br2.7,0,0,0.6,0.4,0.7,0.3,0.3,2.7,0
Cs0.6EA0.4Sn0.3Pb0.7Cl0.6Br2.4,0,0,0.6,0.4,0.7,0.3,0.6,2.4,0
Cs0.6EA0.4Sn0.3Pb0.7Cl0.9Br2.1,0,0,0.6,0.4,0.7,0.3,0.9,2.1,0
Cs0.6EA0.4Sn0.3Pb0.7Cl1.2Br1.8,0,0,0.6,0.4,0.7,0.3,1.2,1.8,0
Cs0.6EA0.4Sn0.3Pb0.7Cl1.5Br1.5,0,0,0.6,0.4,0.7,0.3,1.5,1.5,0
Cs0.6EA0.4Sn0.3Pb0.7Cl1.8Br1.2,0,0,0.6,0.4,0.7,0.3,1.8,1.2,0
Cs0.6EA0.4Sn0.3Pb0.7Cl2.1Br0.9,0,0,0.6,0.4,0.7,0.3,2.1,0.9,0
Cs0.6EA0.4Sn0.3Pb0.7Cl2.4Br0.6,0,0,0.6,0.4,0.7,0.3,2.4,0.6,0
Cs0.6EA0.4Sn0.3Pb0.7Cl2.7Br0.3,0,0,0.6,0.4,0.7,0.3,2.7,0.3,0
Cs0.6EA0.4Sn0.3Pb0.7Cl0.3I2.7,0,0,0.6,0.4,0.7,0.3,0.3,0,2.7
Cs0.6EA0.4Sn0.3Pb0.7Cl0.6I2.4,0,0,0.6,0.4,0.7,0.3,0.6,0,2.4
Cs0.6EA0.4Sn0.3Pb0.7Cl0.9I2.1,0,0,0.6,0.4,0.7,0.3,0.9,0,2.1
Cs0.6EA0.4Sn0.3Pb0.7Cl1.2I1.8,0,0,0.6,0.4,0.7,0.3,1.2,0,1.8
Cs0.6EA0.4Sn0.3Pb0.7Cl1.5I1.5,0,0,0.6,0.4,0.7,0.3,1.5,0,1.5
Cs0.6EA0.4Sn0.3Pb0.7Cl1.8I1.2,0,0,0.6,0.4,0.7,0.3,1.8,0,1.2
Cs0.6EA0.4Sn0.3Pb0.7Cl2.1I0.9,0,0,0.6,0.4,0.7,0.3,2.1,0,0.9
Cs0.6EA0.4Sn0.3Pb0.7Cl2.4I0.6,0,0,0.6,0.4,0.7,0.3,2.4,0,0.6
Cs0.6EA0.4Sn0.3Pb0.7Cl2.7I0.3,0,0,0.6,0.4,0.7,0.3,2.7,0,0.3
Cs0.6EA0.4Sn0.3Pb0.7Br0.3I2.7,0,0,0.6,0.4,0.7,0.3,0,0.3,2.7
Cs0.6EA0.4Sn0.3Pb0.7Br0.6I2.4,0,0,0.6,0.4,0.7,0.3,0,0.6,2.4
Cs0.6EA0.4Sn0.3Pb0.7Br0.9I2.1,0,0,0.6,0.4,0.7,0.3,0,0.9,2.1
Cs0.6EA0.4Sn0.3Pb0.7Br1.2I1.8,0,0,0.6,0.4,0.7,0.3,0,1.2,1.8
Cs0.6EA0.4Sn0.3Pb0.7Br1.5I1.5,0,0,0.6,0.4,0.7,0.3,0,1.5,1.5
Cs0.6EA0.4Sn0.3Pb0.7Br1.8I1.2,0,0,0.6,0.4,0.7,0.3,0,1.8,1.2
Cs0.6EA0.4Sn0.3Pb0.7Br2.1I0.9,0,0,0.6,0.4,0.7,0.3,0,2.1,0.9
Cs0.6EA0.4Sn0.3Pb0.7Br2.4I0.6,0,0,0.6,0.4,0.7,0.3,0,2.4,0.6
Cs0.6EA0.4Sn0.3Pb0.7Br2.7I0.3,0,0,0.6,0.4,0.7,0.3,0,2.7,0.3
Cs0.6EA0.4Sn0.2Pb0.8Cl0.3Br2.7,0,0,0.6,0.4,0.8,0.2,0.3,2.7,0
Cs0.6EA0.4Sn0.2Pb0.8Cl0.6Br2.4,0,0,0.6,0.4,0.8,0.2,0.6,2.4,0
Cs0.6EA0.4Sn0.2Pb0.8Cl0.9Br2.1,0,0,0.6,0.4,0.8,0.2,0.9,2.1,0
Cs0.6EA0.4Sn0.2Pb0.8Cl1.2Br1.8,0,0,0.6,0.4,0.8,0.2,1.2,1.8,0
Cs0.6EA0.4Sn0.2Pb0.8Cl1.5Br1.5,0,0,0.6,0.4,0.8,0.2,1.5,1.5,0
Cs0.6EA0.4Sn0.2Pb0.8Cl1.8Br1.2,0,0,0.6,0.4,0.8,0.2,1.8,1.2,0
Cs0.6EA0.4Sn0.2Pb0.8Cl2.1Br0.9,0,0,0.6,0.4,0.8,0.2,2.1,0.9,0
Cs0.6EA0.4Sn0.2Pb0.8Cl2.4Br0.6,0,0,0.6,0.4,0.8,0.2,2.4,0.6,0
Cs0.6EA0.4Sn0.2Pb0.8Cl2.7Br0.3,0,0,0.6,0.4,0.8,0.2,2.7,0.3,0
Cs0.6EA0.4Sn0.2Pb0.8Cl0.3I2.7,0,0,0.6,0.4,0.8,0.2,0.3,0,2.7
Cs0.6EA0.4Sn0.2Pb0.8Cl0.6I2.4,0,0,0.6,0.4,0.8,0.2,0.6,0,2.4
Cs0.6EA0.4Sn0.2Pb0.8Cl0.9I2.1,0,0,0.6,0.4,0.8,0.2,0.9,0,2.1
Cs0.6EA0.4Sn0.2Pb0.8Cl1.2I1.8,0,0,0.6,0.4,0.8,0.2,1.2,0,1.8
Cs0.6EA0.4Sn0.2Pb0.8Cl1.5I1.5,0,0,0.6,0.4,0.8,0.2,1.5,0,1.5
Cs0.6EA0.4Sn0.2Pb0.8Cl1.8I1.2,0,0,0.6,0.4,0.8,0.2,1.8,0,1.2
Cs0.6EA0.4Sn0.2Pb0.8Cl2.1I0.9,0,0,0.6,0.4,0.8,0.2,2.1,0,0.9
Cs0.6EA0.4Sn0.2Pb0.8Cl2.4I0.6,0,0,0.6,0.4,0.8,0.2,2.4,0,0.6
Cs0.6EA0.4Sn0.2Pb0.8Cl2.7I0.3,0,0,0.6,0.4,0.8,0.2,2.7,0,0.3
Cs0.6EA0.4Sn0.2Pb0.8Br0.3I2.7,0,0,0.6,0.4,0.8,0.2,0,0.3,2.7
Cs0.6EA0.4Sn0.2Pb0.8Br0.6I2.4,0,0,0.6,0.4,0.8,0.2,0,0.6,2.4
Cs0.6EA0.4Sn0.2Pb0.8Br0.9I2.1,0,0,0.6,0.4,0.8,0.2,0,0.9,2.1
Cs0.6EA0.4Sn0.2Pb0.8Br1.2I1.8,0,0,0.6,0.4,0.8,0.2,0,1.2,1.8
Cs0.6EA0.4Sn0.2Pb0.8Br1.5I1.5,0,0,0.6,0.4,0.8,0.2,0,1.5,1.5
Cs0.6EA0.4Sn0.2Pb0.8Br1.8I1.2,0,0,0.6,0.4,0.8,0.2,0,1.8,1.2
Cs0.6EA0.4Sn0.2Pb0.8Br2.1I0.9,0,0,0.6,0.4,0.8,0.2,0,2.1,0.9
Cs0.6EA0.4Sn0.2Pb0.8Br2.4I0.6,0,0,0.6,0.4,0.8,0.2,0,2.4,0.6
Cs0.6EA0.4Sn0.2Pb0.8Br2.7I0.3,0,0,0.6,0.4,0.8,0.2,0,2.7,0.3
Cs0.6EA0.4Sn0.1Pb0.9Cl0.3Br2.7,0,0,0.6,0.4,0.9,0.1,0.3,2.7,0
Cs0.6EA0.4Sn0.1Pb0.9Cl0.6Br2.4,0,0,0.6,0.4,0.9,0.1,0.6,2.4,0
Cs0.6EA0.4Sn0.1Pb0.9Cl0.9Br2.1,0,0,0.6,0.4,0.9,0.1,0.9,2.1,0
Cs0.6EA0.4Sn0.1Pb0.9Cl1.2Br1.8,0,0,0.6,0.4,0.9,0.1,1.2,1.8,0
Cs0.6EA0.4Sn0.1Pb0.9Cl1.5Br1.5,0,0,0.6,0.4,0.9,0.1,1.5,1.5,0
Cs0.6EA0.4Sn0.1Pb0.9Cl1.8Br1.2,0,0,0.6,0.4,0.9,0.1,1.8,1.2,0
Cs0.6EA0.4Sn0.1Pb0.9Cl2.1Br0.9,0,0,0.6,0.4,0.9,0.1,2.1,0.9,0
Cs0.6EA0.4Sn0.1Pb0.9Cl2.4Br0.6,0,0,0.6,0.4,0.9,0.1,2.4,0.6,0
Cs0.6EA0.4Sn0.1Pb0.9Cl2.7Br0.3,0,0,0.6,0.4,0.9,0.1,2.7,0.3,0
Cs0.6EA0.4Sn0.1Pb0.9Cl0.3I2.7,0,0,0.6,0.4,0.9,0.1,0.3,0,2.7
Cs0.6EA0.4Sn0.1Pb0.9Cl0.6I2.4,0,0,0.6,0.4,0.9,0.1,0.6,0,2.4
Cs0.6EA0.4Sn0.1Pb0.9Cl0.9I2.1,0,0,0.6,0.4,0.9,0.1,0.9,0,2.1
Cs0.6EA0.4Sn0.1Pb0.9Cl1.2I1.8,0,0,0.6,0.4,0.9,0.1,1.2,0,1.8
Cs0.6EA0.4Sn0.1Pb0.9Cl1.5I1.5,0,0,0.6,0.4,0.9,0.1,1.5,0,1.5
Cs0.6EA0.4Sn0.1Pb0.9Cl1.8I1.2,0,0,0.6,0.4,0.9,0.1,1.8,0,1.2
Cs0.6EA0.4Sn0.1Pb0.9Cl2.1I0.9,0,0,0.6,0.4,0.9,0.1,2.1,0,0.9
Cs0.6EA0.4Sn0.1Pb0.9Cl2.4I0.6,0,0,0.6,0.4,0.9,0.1,2.4,0,0.6
Cs0.6EA0.4Sn0.1Pb0.9Cl2.7I0.3,0,0,0.6,0.4,0.9,0.1,2.7,0,0.3
Cs0.6EA0.4Sn0.1Pb0.9Br0.3I2.7,0,0,0.6,0.4,0.9,0.1,0,0.3,2.7
Cs0.6EA0.4Sn0.1Pb0.9Br0.6I2.4,0,0,0.6,0.4,0.9,0.1,0,0.6,2.4
Cs0.6EA0.4Sn0.1Pb0.9Br0.9I2.1,0,0,0.6,0.4,0.9,0.1,0,0.9,2.1
Cs0.6EA0.4Sn0.1Pb0.9Br1.2I1.8,0,0,0.6,0.4,0.9,0.1,0,1.2,1.8
Cs0.6EA0.4Sn0.1Pb0.9Br1.5I1.5,0,0,0.6,0.4,0.9,0.1,0,1.5,1.5
Cs0.6EA0.4Sn0.1Pb0.9Br1.8I1.2,0,0,0.6,0.4,0.9,0.1,0,1.8,1.2
Cs0.6EA0.4Sn0.1Pb0.9Br2.1I0.9,0,0,0.6,0.4,0.9,0.1,0,2.1,0.9
Cs0.6EA0.4Sn0.1Pb0.9Br2.4I0.6,0,0,0.6,0.4,0.9,0.1,0,2.4,0.6
Cs0.6EA0.4Sn0.1Pb0.9Br2.7I0.3,0,0,0.6,0.4,0.9,0.1,0,2.7,0.3
Cs0.7EA0.3Sn0.9Pb0.1Cl0.3Br2.7,0,0,0.7,0.3,0.1,0.9,0.3,2.7,0
Cs0.7EA0.3Sn0.9Pb0.1Cl0.6Br2.4,0,0,0.7,0.3,0.1,0.9,0.6,2.4,0
Cs0.7EA0.3Sn0.9Pb0.1Cl0.9Br2.1,0,0,0.7,0.3,0.1,0.9,0.9,2.1,0
Cs0.7EA0.3Sn0.9Pb0.1Cl1.2Br1.8,0,0,0.7,0.3,0.1,0.9,1.2,1.8,0
Cs0.7EA0.3Sn0.9Pb0.1Cl1.5Br1.5,0,0,0.7,0.3,0.1,0.9,1.5,1.5,0
Cs0.7EA0.3Sn0.9Pb0.1Cl1.8Br1.2,0,0,0.7,0.3,0.1,0.9,1.8,1.2,0
Cs0.7EA0.3Sn0.9Pb0.1Cl2.1Br0.9,0,0,0.7,0.3,0.1,0.9,2.1,0.9,0
Cs0.7EA0.3Sn0.9Pb0.1Cl2.4Br0.6,0,0,0.7,0.3,0.1,0.9,2.4,0.6,0
Cs0.7EA0.3Sn0.9Pb0.1Cl2.7Br0.3,0,0,0.7,0.3,0.1,0.9,2.7,0.3,0
Cs0.7EA0.3Sn0.9Pb0.1Cl0.3I2.7,0,0,0.7,0.3,0.1,0.9,0.3,0,2.7
Cs0.7EA0.3Sn0.9Pb0.1Cl0.6I2.4,0,0,0.7,0.3,0.1,0.9,0.6,0,2.4
Cs0.7EA0.3Sn0.9Pb0.1Cl0.9I2.1,0,0,0.7,0.3,0.1,0.9,0.9,0,2.1
Cs0.7EA0.3Sn0.9Pb0.1Cl1.2I1.8,0,0,0.7,0.3,0.1,0.9,1.2,0,1.8
Cs0.7EA0.3Sn0.9Pb0.1Cl1.5I1.5,0,0,0.7,0.3,0.1,0.9,1.5,0,1.5
Cs0.7EA0.3Sn0.9Pb0.1Cl1.8I1.2,0,0,0.7,0.3,0.1,0.9,1.8,0,1.2
Cs0.7EA0.3Sn0.9Pb0.1Cl2.1I0.9,0,0,0.7,0.3,0.1,0.9,2.1,0,0.9
Cs0.7EA0.3Sn0.9Pb0.1Cl2.4I0.6,0,0,0.7,0.3,0.1,0.9,2.4,0,0.6
Cs0.7EA0.3Sn0.9Pb0.1Cl2.7I0.3,0,0,0.7,0.3,0.1,0.9,2.7,0,0.3
Cs0.7EA0.3Sn0.9Pb0.1Br0.3I2.7,0,0,0.7,0.3,0.1,0.9,0,0.3,2.7
Cs0.7EA0.3Sn0.9Pb0.1Br0.6I2.4,0,0,0.7,0.3,0.1,0.9,0,0.6,2.4
Cs0.7EA0.3Sn0.9Pb0.1Br0.9I2.1,0,0,0.7,0.3,0.1,0.9,0,0.9,2.1
Cs0.7EA0.3Sn0.9Pb0.1Br1.2I1.8,0,0,0.7,0.3,0.1,0.9,0,1.2,1.8
Cs0.7EA0.3Sn0.9Pb0.1Br1.5I1.5,0,0,0.7,0.3,0.1,0.9,0,1.5,1.5
Cs0.7EA0.3Sn0.9Pb0.1Br1.8I1.2,0,0,0.7,0.3,0.1,0.9,0,1.8,1.2
Cs0.7EA0.3Sn0.9Pb0.1Br2.1I0.9,0,0,0.7,0.3,0.1,0.9,0,2.1,0.9
Cs0.7EA0.3Sn0.9Pb0.1Br2.4I0.6,0,0,0.7,0.3,0.1,0.9,0,2.4,0.6
Cs0.7EA0.3Sn0.9Pb0.1Br2.7I0.3,0,0,0.7,0.3,0.1,0.9,0,2.7,0.3
Cs0.7EA0.3Sn0.8Pb0.2Cl0.3Br2.7,0,0,0.7,0.3,0.2,0.8,0.3,2.7,0
Cs0.7EA0.3Sn0.8Pb0.2Cl0.6Br2.4,0,0,0.7,0.3,0.2,0.8,0.6,2.4,0
Cs0.7EA0.3Sn0.8Pb0.2Cl0.9Br2.1,0,0,0.7,0.3,0.2,0.8,0.9,2.1,0
Cs0.7EA0.3Sn0.8Pb0.2Cl1.2Br1.8,0,0,0.7,0.3,0.2,0.8,1.2,1.8,0
Cs0.7EA0.3Sn0.8Pb0.2Cl1.5Br1.5,0,0,0.7,0.3,0.2,0.8,1.5,1.5,0
Cs0.7EA0.3Sn0.8Pb0.2Cl1.8Br1.2,0,0,0.7,0.3,0.2,0.8,1.8,1.2,0
Cs0.7EA0.3Sn0.8Pb0.2Cl2.1Br0.9,0,0,0.7,0.3,0.2,0.8,2.1,0.9,0
Cs0.7EA0.3Sn0.8Pb0.2Cl2.4Br0.6,0,0,0.7,0.3,0.2,0.8,2.4,0.6,0
Cs0.7EA0.3Sn0.8Pb0.2Cl2.7Br0.3,0,0,0.7,0.3,0.2,0.8,2.7,0.3,0
Cs0.7EA0.3Sn0.8Pb0.2Cl0.3I2.7,0,0,0.7,0.3,0.2,0.8,0.3,0,2.7
Cs0.7EA0.3Sn0.8Pb0.2Cl0.6I2.4,0,0,0.7,0.3,0.2,0.8,0.6,0,2.4
Cs0.7EA0.3Sn0.8Pb0.2Cl0.9I2.1,0,0,0.7,0.3,0.2,0.8,0.9,0,2.1
Cs0.7EA0.3Sn0.8Pb0.2Cl1.2I1.8,0,0,0.7,0.3,0.2,0.8,1.2,0,1.8
Cs0.7EA0.3Sn0.8Pb0.2Cl1.5I1.5,0,0,0.7,0.3,0.2,0.8,1.5,0,1.5
Cs0.7EA0.3Sn0.8Pb0.2Cl1.8I1.2,0,0,0.7,0.3,0.2,0.8,1.8,0,1.2
Cs0.7EA0.3Sn0.8Pb0.2Cl2.1I0.9,0,0,0.7,0.3,0.2,0.8,2.1,0,0.9
Cs0.7EA0.3Sn0.8Pb0.2Cl2.4I0.6,0,0,0.7,0.3,0.2,0.8,2.4,0,0.6
Cs0.7EA0.3Sn0.8Pb0.2Cl2.7I0.3,0,0,0.7,0.3,0.2,0.8,2.7,0,0.3
Cs0.7EA0.3Sn0.8Pb0.2Br0.3I2.7,0,0,0.7,0.3,0.2,0.8,0,0.3,2.7
Cs0.7EA0.3Sn0.8Pb0.2Br0.6I2.4,0,0,0.7,0.3,0.2,0.8,0,0.6,2.4
Cs0.7EA0.3Sn0.8Pb0.2Br0.9I2.1,0,0,0.7,0.3,0.2,0.8,0,0.9,2.1
Cs0.7EA0.3Sn0.8Pb0.2Br1.2I1.8,0,0,0.7,0.3,0.2,0.8,0,1.2,1.8
Cs0.7EA0.3Sn0.8Pb0.2Br1.5I1.5,0,0,0.7,0.3,0.2,0.8,0,1.5,1.5
Cs0.7EA0.3Sn0.8Pb0.2Br1.8I1.2,0,0,0.7,0.3,0.2,0.8,0,1.8,1.2
Cs0.7EA0.3Sn0.8Pb0.2Br2.1I0.9,0,0,0.7,0.3,0.2,0.8,0,2.1,0.9
Cs0.7EA0.3Sn0.8Pb0.2Br2.4I0.6,0,0,0.7,0.3,0.2,0.8,0,2.4,0.6
Cs0.7EA0.3Sn0.8Pb0.2Br2.7I0.3,0,0,0.7,0.3,0.2,0.8,0,2.7,0.3
Cs0.7EA0.3Sn0.7Pb0.3Cl0.3Br2.7,0,0,0.7,0.3,0.3,0.7,0.3,2.7,0
Cs0.7EA0.3Sn0.7Pb0.3Cl0.6Br2.4,0,0,0.7,0.3,0.3,0.7,0.6,2.4,0
Cs0.7EA0.3Sn0.7Pb0.3Cl0.9Br2.1,0,0,0.7,0.3,0.3,0.7,0.9,2.1,0
Cs0.7EA0.3Sn0.7Pb0.3Cl1.2Br1.8,0,0,0.7,0.3,0.3,0.7,1.2,1.8,0
Cs0.7EA0.3Sn0.7Pb0.3Cl1.5Br1.5,0,0,0.7,0.3,0.3,0.7,1.5,1.5,0
Cs0.7EA0.3Sn0.7Pb0.3Cl1.8Br1.2,0,0,0.7,0.3,0.3,0.7,1.8,1.2,0
Cs0.7EA0.3Sn0.7Pb0.3Cl2.1Br0.9,0,0,0.7,0.3,0.3,0.7,2.1,0.9,0
Cs0.7EA0.3Sn0.7Pb0.3Cl2.4Br0.6,0,0,0.7,0.3,0.3,0.7,2.4,0.6,0
Cs0.7EA0.3Sn0.7Pb0.3Cl2.7Br0.3,0,0,0.7,0.3,0.3,0.7,2.7,0.3,0
Cs0.7EA0.3Sn0.7Pb0.3Cl0.3I2.7,0,0,0.7,0.3,0.3,0.7,0.3,0,2.7
Cs0.7EA0.3Sn0.7Pb0.3Cl0.6I2.4,0,0,0.7,0.3,0.3,0.7,0.6,0,2.4
Cs0.7EA0.3Sn0.7Pb0.3Cl0.9I2.1,0,0,0.7,0.3,0.3,0.7,0.9,0,2.1
Cs0.7EA0.3Sn0.7Pb0.3Cl1.2I1.8,0,0,0.7,0.3,0.3,0.7,1.2,0,1.8
Cs0.7EA0.3Sn0.7Pb0.3Cl1.5I1.5,0,0,0.7,0.3,0.3,0.7,1.5,0,1.5
Cs0.7EA0.3Sn0.7Pb0.3Cl1.8I1.2,0,0,0.7,0.3,0.3,0.7,1.8,0,1.2
Cs0.7EA0.3Sn0.7Pb0.3Cl2.1I0.9,0,0,0.7,0.3,0.3,0.7,2.1,0,0.9
Cs0.7EA0.3Sn0.7Pb0.3Cl2.4I0.6,0,0,0.7,0.3,0.3,0.7,2.4,0,0.6
Cs0.7EA0.3Sn0.7Pb0.3Cl2.7I0.3,0,0,0.7,0.3,0.3,0.7,2.7,0,0.3
Cs0.7EA0.3Sn0.7Pb0.3Br0.3I2.7,0,0,0.7,0.3,0.3,0.7,0,0.3,2.7
Cs0.7EA0.3Sn0.7Pb0.3Br0.6I2.4,0,0,0.7,0.3,0.3,0.7,0,0.6,2.4
Cs0.7EA0.3Sn0.7Pb0.3Br0.9I2.1,0,0,0.7,0.3,0.3,0.7,0,0.9,2.1
Cs0.7EA0.3Sn0.7Pb0.3Br1.2I1.8,0,0,0.7,0.3,0.3,0.7,0,1.2,1.8
Cs0.7EA0.3Sn0.7Pb0.3Br1.5I1.5,0,0,0.7,0.3,0.3,0.7,0,1.5,1.5
Cs0.7EA0.3Sn0.7Pb0.3Br1.8I1.2,0,0,0.7,0.3,0.3,0.7,0,1.8,1.2
Cs0.7EA0.3Sn0.7Pb0.3Br2.1I0.9,0,0,0.7,0.3,0.3,0.7,0,2.1,0.9
Cs0.7EA0.3Sn0.7Pb0.3Br2.4I0.6,0,0,0.7,0.3,0.3,0.7,0,2.4,0.6
Cs0.7EA0.3Sn0.7Pb0.3Br2.7I0.3,0,0,0.7,0.3,0.3,0.7,0,2.7,0.3
Cs0.7EA0.3Sn0.6Pb0.4Cl0.3Br2.7,0,0,0.7,0.3,0.4,0.6,0.3,2.7,0
Cs0.7EA0.3Sn0.6Pb0.4Cl0.6Br2.4,0,0,0.7,0.3,0.4,0.6,0.6,2.4,0
Cs0.7EA0.3Sn0.6Pb0.4Cl0.9Br2.1,0,0,0.7,0.3,0.4,0.6,0.9,2.1,0
Cs0.7EA0.3Sn0.6Pb0.4Cl1.2Br1.8,0,0,0.7,0.3,0.4,0.6,1.2,1.8,0
Cs0.7EA0.3Sn0.6Pb0.4Cl1.5Br1.5,0,0,0.7,0.3,0.4,0.6,1.5,1.5,0
Cs0.7EA0.3Sn0.6Pb0.4Cl1.8Br1.2,0,0,0.7,0.3,0.4,0.6,1.8,1.2,0
Cs0.7EA0.3Sn0.6Pb0.4Cl2.1Br0.9,0,0,0.7,0.3,0.4,0.6,2.1,0.9,0
Cs0.7EA0.3Sn0.6Pb0.4Cl2.4Br0.6,0,0,0.7,0.3,0.4,0.6,2.4,0.6,0
Cs0.7EA0.3Sn0.6Pb0.4Cl2.7Br0.3,0,0,0.7,0.3,0.4,0.6,2.7,0.3,0
Cs0.7EA0.3Sn0.6Pb0.4Cl0.3I2.7,0,0,0.7,0.3,0.4,0.6,0.3,0,2.7
Cs0.7EA0.3Sn0.6Pb0.4Cl0.6I2.4,0,0,0.7,0.3,0.4,0.6,0.6,0,2.4
Cs0.7EA0.3Sn0.6Pb0.4Cl0.9I2.1,0,0,0.7,0.3,0.4,0.6,0.9,0,2.1
Cs0.7EA0.3Sn0.6Pb0.4Cl1.2I1.8,0,0,0.7,0.3,0.4,0.6,1.2,0,1.8
Cs0.7EA0.3Sn0.6Pb0.4Cl1.5I1.5,0,0,0.7,0.3,0.4,0.6,1.5,0,1.5
Cs0.7EA0.3Sn0.6Pb0.4Cl1.8I1.2,0,0,0.7,0.3,0.4,0.6,1.8,0,1.2
Cs0.7EA0.3Sn0.6Pb0.4Cl2.1I0.9,0,0,0.7,0.3,0.4,0.6,2.1,0,0.9
Cs0.7EA0.3Sn0.6Pb0.4Cl2.4I0.6,0,0,0.7,0.3,0.4,0.6,2.4,0,0.6
Cs0.7EA0.3Sn0.6Pb0.4Cl2.7I0.3,0,0,0.7,0.3,0.4,0.6,2.7,0,0.3
Cs0.7EA0.3Sn0.6Pb0.4Br0.3I2.7,0,0,0.7,0.3,0.4,0.6,0,0.3,2.7
Cs0.7EA0.3Sn0.6Pb0.4Br0.6I2.4,0,0,0.7,0.3,0.4,0.6,0,0.6,2.4
Cs0.7EA0.3Sn0.6Pb0.4Br0.9I2.1,0,0,0.7,0.3,0.4,0.6,0,0.9,2.1
Cs0.7EA0.3Sn0.6Pb0.4Br1.2I1.8,0,0,0.7,0.3,0.4,0.6,0,1.2,1.8
Cs0.7EA0.3Sn0.6Pb0.4Br1.5I1.5,0,0,0.7,0.3,0.4,0.6,0,1.5,1.5
Cs0.7EA0.3Sn0.6Pb0.4Br1.8I1.2,0,0,0.7,0.3,0.4,0.6,0,1.8,1.2
Cs0.7EA0.3Sn0.6Pb0.4Br2.1I0.9,0,0,0.7,0.3,0.4,0.6,0,2.1,0.9
Cs0.7EA0.3Sn0.6Pb0.4Br2.4I0.6,0,0,0.7,0.3,0.4,0.6,0,2.4,0.6
Cs0.7EA0.3Sn0.6Pb0.4Br2.7I0.3,0,0,0.7,0.3,0.4,0.6,0,2.7,0.3
Cs0.7EA0.3Sn0.5Pb0.5Cl0.3Br2.7,0,0,0.7,0.3,0.5,0.5,0.3,2.7,0
Cs0.7EA0.3Sn0.5Pb0.5Cl0.6Br2.4,0,0,0.7,0.3,0.5,0.5,0.6,2.4,0
Cs0.7EA0.3Sn0.5Pb0.5Cl0.9Br2.1,0,0,0.7,0.3,0.5,0.5,0.9,2.1,0
Cs0.7EA0.3Sn0.5Pb0.5Cl1.2Br1.8,0,0,0.7,0.3,0.5,0.5,1.2,1.8,0
Cs0.7EA0.3Sn0.5Pb0.5Cl1.5Br1.5,0,0,0.7,0.3,0.5,0.5,1.5,1.5,0
Cs0.7EA0.3Sn0.5Pb0.5Cl1.8Br1.2,0,0,0.7,0.3,0.5,0.5,1.8,1.2,0
Cs0.7EA0.3Sn0.5Pb0.5Cl2.1Br0.9,0,0,0.7,0.3,0.5,0.5,2.1,0.9,0
Cs0.7EA0.3Sn0.5Pb0.5Cl2.4Br0.6,0,0,0.7,0.3,0.5,0.5,2.4,0.6,0
Cs0.7EA0.3Sn0.5Pb0.5Cl2.7Br0.3,0,0,0.7,0.3,0.5,0.5,2.7,0.3,0
Cs0.7EA0.3Sn0.5Pb0.5Cl0.3I2.7,0,0,0.7,0.3,0.5,0.5,0.3,0,2.7
Cs0.7EA0.3Sn0.5Pb0.5Cl0.6I2.4,0,0,0.7,0.3,0.5,0.5,0.6,0,2.4
Cs0.7EA0.3Sn0.5Pb0.5Cl0.9I2.1,0,0,0.7,0.3,0.5,0.5,0.9,0,2.1
Cs0.7EA0.3Sn0.5Pb0.5Cl1.2I1.8,0,0,0.7,0.3,0.5,0.5,1.2,0,1.8
Cs0.7EA0.3Sn0.5Pb0.5Cl1.5I1.5,0,0,0.7,0.3,0.5,0.5,1.5,0,1.5
Cs0.7EA0.3Sn0.5Pb0.5Cl1.8I1.2,0,0,0.7,0.3,0.5,0.5,1.8,0,1.2
Cs0.7EA0.3Sn0.5Pb0.5Cl2.1I0.9,0,0,0.7,0.3,0.5,0.5,2.1,0,0.9
Cs0.7EA0.3Sn0.5Pb0.5Cl2.4I0.6,0,0,0.7,0.3,0.5,0.5,2.4,0,0.6
Cs0.7EA0.3Sn0.5Pb0.5Cl2.7I0.3,0,0,0.7,0.3,0.5,0.5,2.7,0,0.3
Cs0.7EA0.3Sn0.5Pb0.5Br0.3I2.7,0,0,0.7,0.3,0.5,0.5,0,0.3,2.7
Cs0.7EA0.3Sn0.5Pb0.5Br0.6I2.4,0,0,0.7,0.3,0.5,0.5,0,0.6,2.4
Cs0.7EA0.3Sn0.5Pb0.5Br0.9I2.1,0,0,0.7,0.3,0.5,0.5,0,0.9,2.1
Cs0.7EA0.3Sn0.5Pb0.5Br1.2I1.8,0,0,0.7,0.3,0.5,0.5,0,1.2,1.8
Cs0.7EA0.3Sn0.5Pb0.5Br1.5I1.5,0,0,0.7,0.3,0.5,0.5,0,1.5,1.5
Cs0.7EA0.3Sn0.5Pb0.5Br1.8I1.2,0,0,0.7,0.3,0.5,0.5,0,1.8,1.2
Cs0.7EA0.3Sn0.5Pb0.5Br2.1I0.9,0,0,0.7,0.3,0.5,0.5,0,2.1,0.9
Cs0.7EA0.3Sn0.5Pb0.5Br2.4I0.6,0,0,0.7,0.3,0.5,0.5,0,2.4,0.6
Cs0.7EA0.3Sn0.5Pb0.5Br2.7I0.3,0,0,0.7,0.3,0.5,0.5,0,2.7,0.3
Cs0.7EA0.3Sn0.4Pb0.6Cl0.3Br2.7,0,0,0.7,0.3,0.6,0.4,0.3,2.7,0
Cs0.7EA0.3Sn0.4Pb0.6Cl0.6Br2.4,0,0,0.7,0.3,0.6,0.4,0.6,2.4,0
Cs0.7EA0.3Sn0.4Pb0.6Cl0.9Br2.1,0,0,0.7,0.3,0.6,0.4,0.9,2.1,0
Cs0.7EA0.3Sn0.4Pb0.6Cl1.2Br1.8,0,0,0.7,0.3,0.6,0.4,1.2,1.8,0
Cs0.7EA0.3Sn0.4Pb0.6Cl1.5Br1.5,0,0,0.7,0.3,0.6,0.4,1.5,1.5,0
Cs0.7EA0.3Sn0.4Pb0.6Cl1.8Br1.2,0,0,0.7,0.3,0.6,0.4,1.8,1.2,0
Cs0.7EA0.3Sn0.4Pb0.6Cl2.1Br0.9,0,0,0.7,0.3,0.6,0.4,2.1,0.9,0
Cs0.7EA0.3Sn0.4Pb0.6Cl2.4Br0.6,0,0,0.7,0.3,0.6,0.4,2.4,0.6,0
Cs0.7EA0.3Sn0.4Pb0.6Cl2.7Br0.3,0,0,0.7,0.3,0.6,0.4,2.7,0.3,0
Cs0.7EA0.3Sn0.4Pb0.6Cl0.3I2.7,0,0,0.7,0.3,0.6,0.4,0.3,0,2.7
Cs0.7EA0.3Sn0.4Pb0.6Cl0.6I2.4,0,0,0.7,0.3,0.6,0.4,0.6,0,2.4
Cs0.7EA0.3Sn0.4Pb0.6Cl0.9I2.1,0,0,0.7,0.3,0.6,0.4,0.9,0,2.1
Cs0.7EA0.3Sn0.4Pb0.6Cl1.2I1.8,0,0,0.7,0.3,0.6,0.4,1.2,0,1.8
Cs0.7EA0.3Sn0.4Pb0.6Cl1.5I1.5,0,0,0.7,0.3,0.6,0.4,1.5,0,1.5
Cs0.7EA0.3Sn0.4Pb0.6Cl1.8I1.2,0,0,0.7,0.3,0.6,0.4,1.8,0,1.2
Cs0.7EA0.3Sn0.4Pb0.6Cl2.1I0.9,0,0,0.7,0.3,0.6,0.4,2.1,0,0.9
Cs0.7EA0.3Sn0.4Pb0.6Cl2.4I0.6,0,0,0.7,0.3,0.6,0.4,2.4,0,0.6
Cs0.7EA0.3Sn0.4Pb0.6Cl2.7I0.3,0,0,0.7,0.3,0.6,0.4,2.7,0,0.3
Cs0.7EA0.3Sn0.4Pb0.6Br0.3I2.7,0,0,0.7,0.3,0.6,0.4,0,0.3,2.7
Cs0.7EA0.3Sn0.4Pb0.6Br0.6I2.4,0,0,0.7,0.3,0.6,0.4,0,0.6,2.4
Cs0.7EA0.3Sn0.4Pb0.6Br0.9I2.1,0,0,0.7,0.3,0.6,0.4,0,0.9,2.1
Cs0.7EA0.3Sn0.4Pb0.6Br1.2I1.8,0,0,0.7,0.3,0.6,0.4,0,1.2,1.8
Cs0.7EA0.3Sn0.4Pb0.6Br1.5I1.5,0,0,0.7,0.3,0.6,0.4,0,1.5,1.5
Cs0.7EA0.3Sn0.4Pb0.6Br1.8I1.2,0,0,0.7,0.3,0.6,0.4,0,1.8,1.2
Cs0.7EA0.3Sn0.4Pb0.6Br2.1I0.9,0,0,0.7,0.3,0.6,0.4,0,2.1,0.9
Cs0.7EA0.3Sn0.4Pb0.6Br2.4I0.6,0,0,0.7,0.3,0.6,0.4,0,2.4,0.6
Cs0.7EA0.3Sn0.4Pb0.6Br2.7I0.3,0,0,0.7,0.3,0.6,0.4,0,2.7,0.3
Cs0.7EA0.3Sn0.3Pb0.7Cl0.3Br2.7,0,0,0.7,0.3,0.7,0.3,0.3,2.7,0
Cs0.7EA0.3Sn0.3Pb0.7Cl0.6Br2.4,0,0,0.7,0.3,0.7,0.3,0.6,2.4,0
Cs0.7EA0.3Sn0.3Pb0.7Cl0.9Br2.1,0,0,0.7,0.3,0.7,0.3,0.9,2.1,0
Cs0.7EA0.3Sn0.3Pb0.7Cl1.2Br1.8,0,0,0.7,0.3,0.7,0.3,1.2,1.8,0
Cs0.7EA0.3Sn0.3Pb0.7Cl1.5Br1.5,0,0,0.7,0.3,0.7,0.3,1.5,1.5,0
Cs0.7EA0.3Sn0.3Pb0.7Cl1.8Br1.2,0,0,0.7,0.3,0.7,0.3,1.8,1.2,0
Cs0.7EA0.3Sn0.3Pb0.7Cl2.1Br0.9,0,0,0.7,0.3,0.7,0.3,2.1,0.9,0
Cs0.7EA0.3Sn0.3Pb0.7Cl2.4Br0.6,0,0,0.7,0.3,0.7,0.3,2.4,0.6,0
Cs0.7EA0.3Sn0.3Pb0.7Cl2.7Br0.3,0,0,0.7,0.3,0.7,0.3,2.7,0.3,0
Cs0.7EA0.3Sn0.3Pb0.7Cl0.3I2.7,0,0,0.7,0.3,0.7,0.3,0.3,0,2.7
Cs0.7EA0.3Sn0.3Pb0.7Cl0.6I2.4,0,0,0.7,0.3,0.7,0.3,0.6,0,2.4
Cs0.7EA0.3Sn0.3Pb0.7Cl0.9I2.1,0,0,0.7,0.3,0.7,0.3,0.9,0,2.1
Cs0.7EA0.3Sn0.3Pb0.7Cl1.2I1.8,0,0,0.7,0.3,0.7,0.3,1.2,0,1.8
Cs0.7EA0.3Sn0.3Pb0.7Cl1.5I1.5,0,0,0.7,0.3,0.7,0.3,1.5,0,1.5
Cs0.7EA0.3Sn0.3Pb0.7Cl1.8I1.2,0,0,0.7,0.3,0.7,0.3,1.8,0,1.2
Cs0.7EA0.3Sn0.3Pb0.7Cl2.1I0.9,0,0,0.7,0.3,0.7,0.3,2.1,0,0.9
Cs0.7EA0.3Sn0.3Pb0.7Cl2.4I0.6,0,0,0.7,0.3,0.7,0.3,2.4,0,0.6
Cs0.7EA0.3Sn0.3Pb0.7Cl2.7I0.3,0,0,0.7,0.3,0.7,0.3,2.7,0,0.3
Cs0.7EA0.3Sn0.3Pb0.7Br0.3I2.7,0,0,0.7,0.3,0.7,0.3,0,0.3,2.7
Cs0.7EA0.3Sn0.3Pb0.7Br0.6I2.4,0,0,0.7,0.3,0.7,0.3,0,0.6,2.4
Cs0.7EA0.3Sn0.3Pb0.7Br0.9I2.1,0,0,0.7,0.3,0.7,0.3,0,0.9,2.1
Cs0.7EA0.3Sn0.3Pb0.7Br1.2I1.8,0,0,0.7,0.3,0.7,0.3,0,1.2,1.8
Cs0.7EA0.3Sn0.3Pb0.7Br1.5I1.5,0,0,0.7,0.3,0.7,0.3,0,1.5,1.5
Cs0.7EA0.3Sn0.3Pb0.7Br1.8I1.2,0,0,0.7,0.3,0.7,0.3,0,1.8,1.2
Cs0.7EA0.3Sn0.3Pb0.7Br2.1I0.9,0,0,0.7,0.3,0.7,0.3,0,2.1,0.9
Cs0.7EA0.3Sn0.3Pb0.7Br2.4I0.6,0,0,0.7,0.3,0.7,0.3,0,2.4,0.6
Cs0.7EA0.3Sn0.3Pb0.7Br2.7I0.3,0,0,0.7,0.3,0.7,0.3,0,2.7,0.3
Cs0.7EA0.3Sn0.2Pb0.8Cl0.3Br2.7,0,0,0.7,0.3,0.8,0.2,0.3,2.7,0
Cs0.7EA0.3Sn0.2Pb0.8Cl0.6Br2.4,0,0,0.7,0.3,0.8,0.2,0.6,2.4,0
Cs0.7EA0.3Sn0.2Pb0.8Cl0.9Br2.1,0,0,0.7,0.3,0.8,0.2,0.9,2.1,0
Cs0.7EA0.3Sn0.2Pb0.8Cl1.2Br1.8,0,0,0.7,0.3,0.8,0.2,1.2,1.8,0
Cs0.7EA0.3Sn0.2Pb0.8Cl1.5Br1.5,0,0,0.7,0.3,0.8,0.2,1.5,1.5,0
Cs0.7EA0.3Sn0.2Pb0.8Cl1.8Br1.2,0,0,0.7,0.3,0.8,0.2,1.8,1.2,0
Cs0.7EA0.3Sn0.2Pb0.8Cl2.1Br0.9,0,0,0.7,0.3,0.8,0.2,2.1,0.9,0
Cs0.7EA0.3Sn0.2Pb0.8Cl2.4Br0.6,0,0,0.7,0.3,0.8,0.2,2.4,0.6,0
Cs0.7EA0.3Sn0.2Pb0.8Cl2.7Br0.3,0,0,0.7,0.3,0.8,0.2,2.7,0.3,0
Cs0.7EA0.3Sn0.2Pb0.8Cl0.3I2.7,0,0,0.7,0.3,0.8,0.2,0.3,0,2.7
Cs0.7EA0.3Sn0.2Pb0.8Cl0.6I2.4,0,0,0.7,0.3,0.8,0.2,0.6,0,2.4
Cs0.7EA0.3Sn0.2Pb0.8Cl0.9I2.1,0,0,0.7,0.3,0.8,0.2,0.9,0,2.1
Cs0.7EA0.3Sn0.2Pb0.8Cl1.2I1.8,0,0,0.7,0.3,0.8,0.2,1.2,0,1.8
Cs0.7EA0.3Sn0.2Pb0.8Cl1.5I1.5,0,0,0.7,0.3,0.8,0.2,1.5,0,1.5
Cs0.7EA0.3Sn0.2Pb0.8Cl1.8I1.2,0,0,0.7,0.3,0.8,0.2,1.8,0,1.2
Cs0.7EA0.3Sn0.2Pb0.8Cl2.1I0.9,0,0,0.7,0.3,0.8,0.2,2.1,0,0.9
Cs0.7EA0.3Sn0.2Pb0.8Cl2.4I0.6,0,0,0.7,0.3,0.8,0.2,2.4,0,0.6
Cs0.7EA0.3Sn0.2Pb0.8Cl2.7I0.3,0,0,0.7,0.3,0.8,0.2,2.7,0,0.3
Cs0.7EA0.3Sn0.2Pb0.8Br0.3I2.7,0,0,0.7,0.3,0.8,0.2,0,0.3,2.7
Cs0.7EA0.3Sn0.2Pb0.8Br0.6I2.4,0,0,0.7,0.3,0.8,0.2,0,0.6,2.4
Cs0.7EA0.3Sn0.2Pb0.8Br0.9I2.1,0,0,0.7,0.3,0.8,0.2,0,0.9,2.1
Cs0.7EA0.3Sn0.2Pb0.8Br1.2I1.8,0,0,0.7,0.3,0.8,0.2,0,1.2,1.8
Cs0.7EA0.3Sn0.2Pb0.8Br1.5I1.5,0,0,0.7,0.3,0.8,0.2,0,1.5,1.5
Cs0.7EA0.3Sn0.2Pb0.8Br1.8I1.2,0,0,0.7,0.3,0.8,0.2,0,1.8,1.2
Cs0.7EA0.3Sn0.2Pb0.8Br2.1I0.9,0,0,0.7,0.3,0.8,0.2,0,2.1,0.9
Cs0.7EA0.3Sn0.2Pb0.8Br2.4I0.6,0,0,0.7,0.3,0.8,0.2,0,2.4,0.6
Cs0.7EA0.3Sn0.2Pb0.8Br2.7I0.3,0,0,0.7,0.3,0.8,0.2,0,2.7,0.3
Cs0.7EA0.3Sn0.1Pb0.9Cl0.3Br2.7,0,0,0.7,0.3,0.9,0.1,0.3,2.7,0
Cs0.7EA0.3Sn0.1Pb0.9Cl0.6Br2.4,0,0,0.7,0.3,0.9,0.1,0.6,2.4,0
Cs0.7EA0.3Sn0.1Pb0.9Cl0.9Br2.1,0,0,0.7,0.3,0.9,0.1,0.9,2.1,0
Cs0.7EA0.3Sn0.1Pb0.9Cl1.2Br1.8,0,0,0.7,0.3,0.9,0.1,1.2,1.8,0
Cs0.7EA0.3Sn0.1Pb0.9Cl1.5Br1.5,0,0,0.7,0.3,0.9,0.1,1.5,1.5,0
Cs0.7EA0.3Sn0.1Pb0.9Cl1.8Br1.2,0,0,0.7,0.3,0.9,0.1,1.8,1.2,0
Cs0.7EA0.3Sn0.1Pb0.9Cl2.1Br0.9,0,0,0.7,0.3,0.9,0.1,2.1,0.9,0
Cs0.7EA0.3Sn0.1Pb0.9Cl2.4Br0.6,0,0,0.7,0.3,0.9,0.1,2.4,0.6,0
Cs0.7EA0.3Sn0.1Pb0.9Cl2.7Br0.3,0,0,0.7,0.3,0.9,0.1,2.7,0.3,0
Cs0.7EA0.3Sn0.1Pb0.9Cl0.3I2.7,0,0,0.7,0.3,0.9,0.1,0.3,0,2.7
Cs0.7EA0.3Sn0.1Pb0.9Cl0.6I2.4,0,0,0.7,0.3,0.9,0.1,0.6,0,2.4
Cs0.7EA0.3Sn0.1Pb0.9Cl0.9I2.1,0,0,0.7,0.3,0.9,0.1,0.9,0,2.1
Cs0.7EA0.3Sn0.1Pb0.9Cl1.2I1.8,0,0,0.7,0.3,0.9,0.1,1.2,0,1.8
Cs0.7EA0.3Sn0.1Pb0.9Cl1.5I1.5,0,0,0.7,0.3,0.9,0.1,1.5,0,1.5
Cs0.7EA0.3Sn0.1Pb0.9Cl1.8I1.2,0,0,0.7,0.3,0.9,0.1,1.8,0,1.2
Cs0.7EA0.3Sn0.1Pb0.9Cl2.1I0.9,0,0,0.7,0.3,0.9,0.1,2.1,0,0.9
Cs0.7EA0.3Sn0.1Pb0.9Cl2.4I0.6,0,0,0.7,0.3,0.9,0.1,2.4,0,0.6
Cs0.7EA0.3Sn0.1Pb0.9Cl2.7I0.3,0,0,0.7,0.3,0.9,0.1,2.7,0,0.3
Cs0.7EA0.3Sn0.1Pb0.9Br0.3I2.7,0,0,0.7,0.3,0.9,0.1,0,0.3,2.7
Cs0.7EA0.3Sn0.1Pb0.9Br0.6I2.4,0,0,0.7,0.3,0.9,0.1,0,0.6,2.4
Cs0.7EA0.3Sn0.1Pb0.9Br0.9I2.1,0,0,0.7,0.3,0.9,0.1,0,0.9,2.1
Cs0.7EA0.3Sn0.1Pb0.9Br1.2I1.8,0,0,0.7,0.3,0.9,0.1,0,1.2,1.8
Cs0.7EA0.3Sn0.1Pb0.9Br1.5I1.5,0,0,0.7,0.3,0.9,0.1,0,1.5,1.5
Cs0.7EA0.3Sn0.1Pb0.9Br1.8I1.2,0,0,0.7,0.3,0.9,0.1,0,1.8,1.2
Cs0.7EA0.3Sn0.1Pb0.9Br2.1I0.9,0,0,0.7,0.3,0.9,0.1,0,2.1,0.9
Cs0.7EA0.3Sn0.1Pb0.9Br2.4I0.6,0,0,0.7,0.3,0.9,0.1,0,2.4,0.6
Cs0.7EA0.3Sn0.1Pb0.9Br2.7I0.3,0,0,0.7,0.3,0.9,0.1,0,2.7,0.3
Cs0.8EA0.2Sn0.9Pb0.1Cl0.3Br2.7,0,0,0.8,0.2,0.1,0.9,0.3,2.7,0
Cs0.8EA0.2Sn0.9Pb0.1Cl0.6Br2.4,0,0,0.8,0.2,0.1,0.9,0.6,2.4,0
Cs0.8EA0.2Sn0.9Pb0.1Cl0.9Br2.1,0,0,0.8,0.2,0.1,0.9,0.9,2.1,0
Cs0.8EA0.2Sn0.9Pb0.1Cl1.2Br1.8,0,0,0.8,0.2,0.1,0.9,1.2,1.8,0
Cs0.8EA0.2Sn0.9Pb0.1Cl1.5Br1.5,0,0,0.8,0.2,0.1,0.9,1.5,1.5,0
Cs0.8EA0.2Sn0.9Pb0.1Cl1.8Br1.2,0,0,0.8,0.2,0.1,0.9,1.8,1.2,0
Cs0.8EA0.2Sn0.9Pb0.1Cl2.1Br0.9,0,0,0.8,0.2,0.1,0.9,2.1,0.9,0
Cs0.8EA0.2Sn0.9Pb0.1Cl2.4Br0.6,0,0,0.8,0.2,0.1,0.9,2.4,0.6,0
Cs0.8EA0.2Sn0.9Pb0.1Cl2.7Br0.3,0,0,0.8,0.2,0.1,0.9,2.7,0.3,0
Cs0.8EA0.2Sn0.9Pb0.1Cl0.3I2.7,0,0,0.8,0.2,0.1,0.9,0.3,0,2.7
Cs0.8EA0.2Sn0.9Pb0.1Cl0.6I2.4,0,0,0.8,0.2,0.1,0.9,0.6,0,2.4
Cs0.8EA0.2Sn0.9Pb0.1Cl0.9I2.1,0,0,0.8,0.2,0.1,0.9,0.9,0,2.1
Cs0.8EA0.2Sn0.9Pb0.1Cl1.2I1.8,0,0,0.8,0.2,0.1,0.9,1.2,0,1.8
Cs0.8EA0.2Sn0.9Pb0.1Cl1.5I1.5,0,0,0.8,0.2,0.1,0.9,1.5,0,1.5
Cs0.8EA0.2Sn0.9Pb0.1Cl1.8I1.2,0,0,0.8,0.2,0.1,0.9,1.8,0,1.2
Cs0.8EA0.2Sn0.9Pb0.1Cl2.1I0.9,0,0,0.8,0.2,0.1,0.9,2.1,0,0.9
Cs0.8EA0.2Sn0.9Pb0.1Cl2.4I0.6,0,0,0.8,0.2,0.1,0.9,2.4,0,0.6
Cs0.8EA0.2Sn0.9Pb0.1Cl2.7I0.3,0,0,0.8,0.2,0.1,0.9,2.7,0,0.3
Cs0.8EA0.2Sn0.9Pb0.1Br0.3I2.7,0,0,0.8,0.2,0.1,0.9,0,0.3,2.7
Cs0.8EA0.2Sn0.9Pb0.1Br0.6I2.4,0,0,0.8,0.2,0.1,0.9,0,0.6,2.4
Cs0.8EA0.2Sn0.9Pb0.1Br0.9I2.1,0,0,0.8,0.2,0.1,0.9,0,0.9,2.1
Cs0.8EA0.2Sn0.9Pb0.1Br1.2I1.8,0,0,0.8,0.2,0.1,0.9,0,1.2,1.8
Cs0.8EA0.2Sn0.9Pb0.1Br1.5I1.5,0,0,0.8,0.2,0.1,0.9,0,1.5,1.5
Cs0.8EA0.2Sn0.9Pb0.1Br1.8I1.2,0,0,0.8,0.2,0.1,0.9,0,1.8,1.2
Cs0.8EA0.2Sn0.9Pb0.1Br2.1I0.9,0,0,0.8,0.2,0.1,0.9,0,2.1,0.9
Cs0.8EA0.2Sn0.9Pb0.1Br2.4I0.6,0,0,0.8,0.2,0.1,0.9,0,2.4,0.6
Cs0.8EA0.2Sn0.9Pb0.1Br2.7I0.3,0,0,0.8,0.2,0.1,0.9,0,2.7,0.3
Cs0.8EA0.2Sn0.8Pb0.2Cl0.3Br2.7,0,0,0.8,0.2,0.2,0.8,0.3,2.7,0
Cs0.8EA0.2Sn0.8Pb0.2Cl0.6Br2.4,0,0,0.8,0.2,0.2,0.8,0.6,2.4,0
Cs0.8EA0.2Sn0.8Pb0.2Cl0.9Br2.1,0,0,0.8,0.2,0.2,0.8,0.9,2.1,0
Cs0.8EA0.2Sn0.8Pb0.2Cl1.2Br1.8,0,0,0.8,0.2,0.2,0.8,1.2,1.8,0
Cs0.8EA0.2Sn0.8Pb0.2Cl1.5Br1.5,0,0,0.8,0.2,0.2,0.8,1.5,1.5,0
Cs0.8EA0.2Sn0.8Pb0.2Cl1.8Br1.2,0,0,0.8,0.2,0.2,0.8,1.8,1.2,0
Cs0.8EA0.2Sn0.8Pb0.2Cl2.1Br0.9,0,0,0.8,0.2,0.2,0.8,2.1,0.9,0
Cs0.8EA0.2Sn0.8Pb0.2Cl2.4Br0.6,0,0,0.8,0.2,0.2,0.8,2.4,0.6,0
Cs0.8EA0.2Sn0.8Pb0.2Cl2.7Br0.3,0,0,0.8,0.2,0.2,0.8,2.7,0.3,0
Cs0.8EA0.2Sn0.8Pb0.2Cl0.3I2.7,0,0,0.8,0.2,0.2,0.8,0.3,0,2.7
Cs0.8EA0.2Sn0.8Pb0.2Cl0.6I2.4,0,0,0.8,0.2,0.2,0.8,0.6,0,2.4
Cs0.8EA0.2Sn0.8Pb0.2Cl0.9I2.1,0,0,0.8,0.2,0.2,0.8,0.9,0,2.1
Cs0.8EA0.2Sn0.8Pb0.2Cl1.2I1.8,0,0,0.8,0.2,0.2,0.8,1.2,0,1.8
Cs0.8EA0.2Sn0.8Pb0.2Cl1.5I1.5,0,0,0.8,0.2,0.2,0.8,1.5,0,1.5
Cs0.8EA0.2Sn0.8Pb0.2Cl1.8I1.2,0,0,0.8,0.2,0.2,0.8,1.8,0,1.2
Cs0.8EA0.2Sn0.8Pb0.2Cl2.1I0.9,0,0,0.8,0.2,0.2,0.8,2.1,0,0.9
Cs0.8EA0.2Sn0.8Pb0.2Cl2.4I0.6,0,0,0.8,0.2,0.2,0.8,2.4,0,0.6
Cs0.8EA0.2Sn0.8Pb0.2Cl2.7I0.3,0,0,0.8,0.2,0.2,0.8,2.7,0,0.3
Cs0.8EA0.2Sn0.8Pb0.2Br0.3I2.7,0,0,0.8,0.2,0.2,0.8,0,0.3,2.7
Cs0.8EA0.2Sn0.8Pb0.2Br0.6I2.4,0,0,0.8,0.2,0.2,0.8,0,0.6,2.4
Cs0.8EA0.2Sn0.8Pb0.2Br0.9I2.1,0,0,0.8,0.2,0.2,0.8,0,0.9,2.1
Cs0.8EA0.2Sn0.8Pb0.2Br1.2I1.8,0,0,0.8,0.2,0.2,0.8,0,1.2,1.8
Cs0.8EA0.2Sn0.8Pb0.2Br1.5I1.5,0,0,0.8,0.2,0.2,0.8,0,1.5,1.5
Cs0.8EA0.2Sn0.8Pb0.2Br1.8I1.2,0,0,0.8,0.2,0.2,0.8,0,1.8,1.2
Cs0.8EA0.2Sn0.8Pb0.2Br2.1I0.9,0,0,0.8,0.2,0.2,0.8,0,2.1,0.9
Cs0.8EA0.2Sn0.8Pb0.2Br2.4I0.6,0,0,0.8,0.2,0.2,0.8,0,2.4,0.6
Cs0.8EA0.2Sn0.8Pb0.2Br2.7I0.3,0,0,0.8,0.2,0.2,0.8,0,2.7,0.3
Cs0.8EA0.2Sn0.7Pb0.3Cl0.3Br2.7,0,0,0.8,0.2,0.3,0.7,0.3,2.7,0
Cs0.8EA0.2Sn0.7Pb0.3Cl0.6Br2.4,0,0,0.8,0.2,0.3,0.7,0.6,2.4,0
Cs0.8EA0.2Sn0.7Pb0.3Cl0.9Br2.1,0,0,0.8,0.2,0.3,0.7,0.9,2.1,0
Cs0.8EA0.2Sn0.7Pb0.3Cl1.2Br1.8,0,0,0.8,0.2,0.3,0.7,1.2,1.8,0
Cs0.8EA0.2Sn0.7Pb0.3Cl1.5Br1.5,0,0,0.8,0.2,0.3,0.7,1.5,1.5,0
Cs0.8EA0.2Sn0.7Pb0.3Cl1.8Br1.2,0,0,0.8,0.2,0.3,0.7,1.8,1.2,0
Cs0.8EA0.2Sn0.7Pb0.3Cl2.1Br0.9,0,0,0.8,0.2,0.3,0.7,2.1,0.9,0
Cs0.8EA0.2Sn0.7Pb0.3Cl2.4Br0.6,0,0,0.8,0.2,0.3,0.7,2.4,0.6,0
Cs0.8EA0.2Sn0.7Pb0.3Cl2.7Br0.3,0,0,0.8,0.2,0.3,0.7,2.7,0.3,0
Cs0.8EA0.2Sn0.7Pb0.3Cl0.3I2.7,0,0,0.8,0.2,0.3,0.7,0.3,0,2.7
Cs0.8EA0.2Sn0.7Pb0.3Cl0.6I2.4,0,0,0.8,0.2,0.3,0.7,0.6,0,2.4
Cs0.8EA0.2Sn0.7Pb0.3Cl0.9I2.1,0,0,0.8,0.2,0.3,0.7,0.9,0,2.1
Cs0.8EA0.2Sn0.7Pb0.3Cl1.2I1.8,0,0,0.8,0.2,0.3,0.7,1.2,0,1.8
Cs0.8EA0.2Sn0.7Pb0.3Cl1.5I1.5,0,0,0.8,0.2,0.3,0.7,1.5,0,1.5
Cs0.8EA0.2Sn0.7Pb0.3Cl1.8I1.2,0,0,0.8,0.2,0.3,0.7,1.8,0,1.2
Cs0.8EA0.2Sn0.7Pb0.3Cl2.1I0.9,0,0,0.8,0.2,0.3,0.7,2.1,0,0.9
Cs0.8EA0.2Sn0.7Pb0.3Cl2.4I0.6,0,0,0.8,0.2,0.3,0.7,2.4,0,0.6
Cs0.8EA0.2Sn0.7Pb0.3Cl2.7I0.3,0,0,0.8,0.2,0.3,0.7,2.7,0,0.3
Cs0.8EA0.2Sn0.7Pb0.3Br0.3I2.7,0,0,0.8,0.2,0.3,0.7,0,0.3,2.7
Cs0.8EA0.2Sn0.7Pb0.3Br0.6I2.4,0,0,0.8,0.2,0.3,0.7,0,0.6,2.4
Cs0.8EA0.2Sn0.7Pb0.3Br0.9I2.1,0,0,0.8,0.2,0.3,0.7,0,0.9,2.1
Cs0.8EA0.2Sn0.7Pb0.3Br1.2I1.8,0,0,0.8,0.2,0.3,0.7,0,1.2,1.8
Cs0.8EA0.2Sn0.7Pb0.3Br1.5I1.5,0,0,0.8,0.2,0.3,0.7,0,1.5,1.5
Cs0.8EA0.2Sn0.7Pb0.3Br1.8I1.2,0,0,0.8,0.2,0.3,0.7,0,1.8,1.2
Cs0.8EA0.2Sn0.7Pb0.3Br2.1I0.9,0,0,0.8,0.2,0.3,0.7,0,2.1,0.9
Cs0.8EA0.2Sn0.7Pb0.3Br2.4I0.6,0,0,0.8,0.2,0.3,0.7,0,2.4,0.6
Cs0.8EA0.2Sn0.7Pb0.3Br2.7I0.3,0,0,0.8,0.2,0.3,0.7,0,2.7,0.3
Cs0.8EA0.2Sn0.6Pb0.4Cl0.3Br2.7,0,0,0.8,0.2,0.4,0.6,0.3,2.7,0
Cs0.8EA0.2Sn0.6Pb0.4Cl0.6Br2.4,0,0,0.8,0.2,0.4,0.6,0.6,2.4,0
Cs0.8EA0.2Sn0.6Pb0.4Cl0.9Br2.1,0,0,0.8,0.2,0.4,0.6,0.9,2.1,0
Cs0.8EA0.2Sn0.6Pb0.4Cl1.2Br1.8,0,0,0.8,0.2,0.4,0.6,1.2,1.8,0
Cs0.8EA0.2Sn0.6Pb0.4Cl1.5Br1.5,0,0,0.8,0.2,0.4,0.6,1.5,1.5,0
Cs0.8EA0.2Sn0.6Pb0.4Cl1.8Br1.2,0,0,0.8,0.2,0.4,0.6,1.8,1.2,0
Cs0.8EA0.2Sn0.6Pb0.4Cl2.1Br0.9,0,0,0.8,0.2,0.4,0.6,2.1,0.9,0
Cs0.8EA0.2Sn0.6Pb0.4Cl2.4Br0.6,0,0,0.8,0.2,0.4,0.6,2.4,0.6,0
Cs0.8EA0.2Sn0.6Pb0.4Cl2.7Br0.3,0,0,0.8,0.2,0.4,0.6,2.7,0.3,0
Cs0.8EA0.2Sn0.6Pb0.4Cl0.3I2.7,0,0,0.8,0.2,0.4,0.6,0.3,0,2.7
Cs0.8EA0.2Sn0.6Pb0.4Cl0.6I2.4,0,0,0.8,0.2,0.4,0.6,0.6,0,2.4
Cs0.8EA0.2Sn0.6Pb0.4Cl0.9I2.1,0,0,0.8,0.2,0.4,0.6,0.9,0,2.1
Cs0.8EA0.2Sn0.6Pb0.4Cl1.2I1.8,0,0,0.8,0.2,0.4,0.6,1.2,0,1.8
Cs0.8EA0.2Sn0.6Pb0.4Cl1.5I1.5,0,0,0.8,0.2,0.4,0.6,1.5,0,1.5
Cs0.8EA0.2Sn0.6Pb0.4Cl1.8I1.2,0,0,0.8,0.2,0.4,0.6,1.8,0,1.2
Cs0.8EA0.2Sn0.6Pb0.4Cl2.1I0.9,0,0,0.8,0.2,0.4,0.6,2.1,0,0.9
Cs0.8EA0.2Sn0.6Pb0.4Cl2.4I0.6,0,0,0.8,0.2,0.4,0.6,2.4,0,0.6
Cs0.8EA0.2Sn0.6Pb0.4Cl2.7I0.3,0,0,0.8,0.2,0.4,0.6,2.7,0,0.3
Cs0.8EA0.2Sn0.6Pb0.4Br0.3I2.7,0,0,0.8,0.2,0.4,0.6,0,0.3,2.7
Cs0.8EA0.2Sn0.6Pb0.4Br0.6I2.4,0,0,0.8,0.2,0.4,0.6,0,0.6,2.4
Cs0.8EA0.2Sn0.6Pb0.4Br0.9I2.1,0,0,0.8,0.2,0.4,0.6,0,0.9,2.1
Cs0.8EA0.2Sn0.6Pb0.4Br1.2I1.8,0,0,0.8,0.2,0.4,0.6,0,1.2,1.8
Cs0.8EA0.2Sn0.6Pb0.4Br1.5I1.5,0,0,0.8,0.2,0.4,0.6,0,1.5,1.5
Cs0.8EA0.2Sn0.6Pb0.4Br1.8I1.2,0,0,0.8,0.2,0.4,0.6,0,1.8,1.2
Cs0.8EA0.2Sn0.6Pb0.4Br2.1I0.9,0,0,0.8,0.2,0.4,0.6,0,2.1,0.9
Cs0.8EA0.2Sn0.6Pb0.4Br2.4I0.6,0,0,0.8,0.2,0.4,0.6,0,2.4,0.6
Cs0.8EA0.2Sn0.6Pb0.4Br2.7I0.3,0,0,0.8,0.2,0.4,0.6,0,2.7,0.3
Cs0.8EA0.2Sn0.5Pb0.5Cl0.3Br2.7,0,0,0.8,0.2,0.5,0.5,0.3,2.7,0
Cs0.8EA0.2Sn0.5Pb0.5Cl0.6Br2.4,0,0,0.8,0.2,0.5,0.5,0.6,2.4,0
Cs0.8EA0.2Sn0.5Pb0.5Cl0.9Br2.1,0,0,0.8,0.2,0.5,0.5,0.9,2.1,0
Cs0.8EA0.2Sn0.5Pb0.5Cl1.2Br1.8,0,0,0.8,0.2,0.5,0.5,1.2,1.8,0
Cs0.8EA0.2Sn0.5Pb0.5Cl1.5Br1.5,0,0,0.8,0.2,0.5,0.5,1.5,1.5,0
Cs0.8EA0.2Sn0.5Pb0.5Cl1.8Br1.2,0,0,0.8,0.2,0.5,0.5,1.8,1.2,0
Cs0.8EA0.2Sn0.5Pb0.5Cl2.1Br0.9,0,0,0.8,0.2,0.5,0.5,2.1,0.9,0
Cs0.8EA0.2Sn0.5Pb0.5Cl2.4Br0.6,0,0,0.8,0.2,0.5,0.5,2.4,0.6,0
Cs0.8EA0.2Sn0.5Pb0.5Cl2.7Br0.3,0,0,0.8,0.2,0.5,0.5,2.7,0.3,0
Cs0.8EA0.2Sn0.5Pb0.5Cl0.3I2.7,0,0,0.8,0.2,0.5,0.5,0.3,0,2.7
Cs0.8EA0.2Sn0.5Pb0.5Cl0.6I2.4,0,0,0.8,0.2,0.5,0.5,0.6,0,2.4
Cs0.8EA0.2Sn0.5Pb0.5Cl0.9I2.1,0,0,0.8,0.2,0.5,0.5,0.9,0,2.1
Cs0.8EA0.2Sn0.5Pb0.5Cl1.2I1.8,0,0,0.8,0.2,0.5,0.5,1.2,0,1.8
Cs0.8EA0.2Sn0.5Pb0.5Cl1.5I1.5,0,0,0.8,0.2,0.5,0.5,1.5,0,1.5
Cs0.8EA0.2Sn0.5Pb0.5Cl1.8I1.2,0,0,0.8,0.2,0.5,0.5,1.8,0,1.2
Cs0.8EA0.2Sn0.5Pb0.5Cl2.1I0.9,0,0,0.8,0.2,0.5,0.5,2.1,0,0.9
Cs0.8EA0.2Sn0.5Pb0.5Cl2.4I0.6,0,0,0.8,0.2,0.5,0.5,2.4,0,0.6
Cs0.8EA0.2Sn0.5Pb0.5Cl2.7I0.3,0,0,0.8,0.2,0.5,0.5,2.7,0,0.3
Cs0.8EA0.2Sn0.5Pb0.5Br0.3I2.7,0,0,0.8,0.2,0.5,0.5,0,0.3,2.7
Cs0.8EA0.2Sn0.5Pb0.5Br0.6I2.4,0,0,0.8,0.2,0.5,0.5,0,0.6,2.4
Cs0.8EA0.2Sn0.5Pb0.5Br0.9I2.1,0,0,0.8,0.2,0.5,0.5,0,0.9,2.1
Cs0.8EA0.2Sn0.5Pb0.5Br1.2I1.8,0,0,0.8,0.2,0.5,0.5,0,1.2,1.8
Cs0.8EA0.2Sn0.5Pb0.5Br1.5I1.5,0,0,0.8,0.2,0.5,0.5,0,1.5,1.5
Cs0.8EA0.2Sn0.5Pb0.5Br1.8I1.2,0,0,0.8,0.2,0.5,0.5,0,1.8,1.2
Cs0.8EA0.2Sn0.5Pb0.5Br2.1I0.9,0,0,0.8,0.2,0.5,0.5,0,2.1,0.9
Cs0.8EA0.2Sn0.5Pb0.5Br2.4I0.6,0,0,0.8,0.2,0.5,0.5,0,2.4,0.6
Cs0.8EA0.2Sn0.5Pb0.5Br2.7I0.3,0,0,0.8,0.2,0.5,0.5,0,2.7,0.3
Cs0.8EA0.2Sn0.4Pb0.6Cl0.3Br2.7,0,0,0.8,0.2,0.6,0.4,0.3,2.7,0
Cs0.8EA0.2Sn0.4Pb0.6Cl0.6Br2.4,0,0,0.8,0.2,0.6,0.4,0.6,2.4,0
Cs0.8EA0.2Sn0.4Pb0.6Cl0.9Br2.1,0,0,0.8,0.2,0.6,0.4,0.9,2.1,0
Cs0.8EA0.2Sn0.4Pb0.6Cl1.2Br1.8,0,0,0.8,0.2,0.6,0.4,1.2,1.8,0
Cs0.8EA0.2Sn0.4Pb0.6Cl1.5Br1.5,0,0,0.8,0.2,0.6,0.4,1.5,1.5,0
Cs0.8EA0.2Sn0.4Pb0.6Cl1.8Br1.2,0,0,0.8,0.2,0.6,0.4,1.8,1.2,0
Cs0.8EA0.2Sn0.4Pb0.6Cl2.1Br0.9,0,0,0.8,0.2,0.6,0.4,2.1,0.9,0
Cs0.8EA0.2Sn0.4Pb0.6Cl2.4Br0.6,0,0,0.8,0.2,0.6,0.4,2.4,0.6,0
Cs0.8EA0.2Sn0.4Pb0.6Cl2.7Br0.3,0,0,0.8,0.2,0.6,0.4,2.7,0.3,0
Cs0.8EA0.2Sn0.4Pb0.6Cl0.3I2.7,0,0,0.8,0.2,0.6,0.4,0.3,0,2.7
Cs0.8EA0.2Sn0.4Pb0.6Cl0.6I2.4,0,0,0.8,0.2,0.6,0.4,0.6,0,2.4
Cs0.8EA0.2Sn0.4Pb0.6Cl0.9I2.1,0,0,0.8,0.2,0.6,0.4,0.9,0,2.1
Cs0.8EA0.2Sn0.4Pb0.6Cl1.2I1.8,0,0,0.8,0.2,0.6,0.4,1.2,0,1.8
Cs0.8EA0.2Sn0.4Pb0.6Cl1.5I1.5,0,0,0.8,0.2,0.6,0.4,1.5,0,1.5
Cs0.8EA0.2Sn0.4Pb0.6Cl1.8I1.2,0,0,0.8,0.2,0.6,0.4,1.8,0,1.2
Cs0.8EA0.2Sn0.4Pb0.6Cl2.1I0.9,0,0,0.8,0.2,0.6,0.4,2.1,0,0.9
Cs0.8EA0.2Sn0.4Pb0.6Cl2.4I0.6,0,0,0.8,0.2,0.6,0.4,2.4,0,0.6
Cs0.8EA0.2Sn0.4Pb0.6Cl2.7I0.3,0,0,0.8,0.2,0.6,0.4,2.7,0,0.3
Cs0.8EA0.2Sn0.4Pb0.6Br0.3I2.7,0,0,0.8,0.2,0.6,0.4,0,0.3,2.7
Cs0.8EA0.2Sn0.4Pb0.6Br0.6I2.4,0,0,0.8,0.2,0.6,0.4,0,0.6,2.4
Cs0.8EA0.2Sn0.4Pb0.6Br0.9I2.1,0,0,0.8,0.2,0.6,0.4,0,0.9,2.1
Cs0.8EA0.2Sn0.4Pb0.6Br1.2I1.8,0,0,0.8,0.2,0.6,0.4,0,1.2,1.8
Cs0.8EA0.2Sn0.4Pb0.6Br1.5I1.5,0,0,0.8,0.2,0.6,0.4,0,1.5,1.5
Cs0.8EA0.2Sn0.4Pb0.6Br1.8I1.2,0,0,0.8,0.2,0.6,0.4,0,1.8,1.2
Cs0.8EA0.2Sn0.4Pb0.6Br2.1I0.9,0,0,0.8,0.2,0.6,0.4,0,2.1,0.9
Cs0.8EA0.2Sn0.4Pb0.6Br2.4I0.6,0,0,0.8,0.2,0.6,0.4,0,2.4,0.6
Cs0.8EA0.2Sn0.4Pb0.6Br2.7I0.3,0,0,0.8,0.2,0.6,0.4,0,2.7,0.3
Cs0.8EA0.2Sn0.3Pb0.7Cl0.3Br2.7,0,0,0.8,0.2,0.7,0.3,0.3,2.7,0
Cs0.8EA0.2Sn0.3Pb0.7Cl0.6Br2.4,0,0,0.8,0.2,0.7,0.3,0.6,2.4,0
Cs0.8EA0.2Sn0.3Pb0.7Cl0.9Br2.1,0,0,0.8,0.2,0.7,0.3,0.9,2.1,0
Cs0.8EA0.2Sn0.3Pb0.7Cl1.2Br1.8,0,0,0.8,0.2,0.7,0.3,1.2,1.8,0
Cs0.8EA0.2Sn0.3Pb0.7Cl1.5Br1.5,0,0,0.8,0.2,0.7,0.3,1.5,1.5,0
Cs0.8EA0.2Sn0.3Pb0.7Cl1.8Br1.2,0,0,0.8,0.2,0.7,0.3,1.8,1.2,0
Cs0.8EA0.2Sn0.3Pb0.7Cl2.1Br0.9,0,0,0.8,0.2,0.7,0.3,2.1,0.9,0
Cs0.8EA0.2Sn0.3Pb0.7Cl2.4Br0.6,0,0,0.8,0.2,0.7,0.3,2.4,0.6,0
Cs0.8EA0.2Sn0.3Pb0.7Cl2.7Br0.3,0,0,0.8,0.2,0.7,0.3,2.7,0.3,0
Cs0.8EA0.2Sn0.3Pb0.7Cl0.3I2.7,0,0,0.8,0.2,0.7,0.3,0.3,0,2.7
Cs0.8EA0.2Sn0.3Pb0.7Cl0.6I2.4,0,0,0.8,0.2,0.7,0.3,0.6,0,2.4
Cs0.8EA0.2Sn0.3Pb0.7Cl0.9I2.1,0,0,0.8,0.2,0.7,0.3,0.9,0,2.1
Cs0.8EA0.2Sn0.3Pb0.7Cl1.2I1.8,0,0,0.8,0.2,0.7,0.3,1.2,0,1.8
Cs0.8EA0.2Sn0.3Pb0.7Cl1.5I1.5,0,0,0.8,0.2,0.7,0.3,1.5,0,1.5
Cs0.8EA0.2Sn0.3Pb0.7Cl1.8I1.2,0,0,0.8,0.2,0.7,0.3,1.8,0,1.2
Cs0.8EA0.2Sn0.3Pb0.7Cl2.1I0.9,0,0,0.8,0.2,0.7,0.3,2.1,0,0.9
Cs0.8EA0.2Sn0.3Pb0.7Cl2.4I0.6,0,0,0.8,0.2,0.7,0.3,2.4,0,0.6
Cs0.8EA0.2Sn0.3Pb0.7Cl2.7I0.3,0,0,0.8,0.2,0.7,0.3,2.7,0,0.3
Cs0.8EA0.2Sn0.3Pb0.7Br0.3I2.7,0,0,0.8,0.2,0.7,0.3,0,0.3,2.7
Cs0.8EA0.2Sn0.3Pb0.7Br0.6I2.4,0,0,0.8,0.2,0.7,0.3,0,0.6,2.4
Cs0.8EA0.2Sn0.3Pb0.7Br0.9I2.1,0,0,0.8,0.2,0.7,0.3,0,0.9,2.1
Cs0.8EA0.2Sn0.3Pb0.7Br1.2I1.8,0,0,0.8,0.2,0.7,0.3,0,1.2,1.8
Cs0.8EA0.2Sn0.3Pb0.7Br1.5I1.5,0,0,0.8,0.2,0.7,0.3,0,1.5,1.5
Cs0.8EA0.2Sn0.3Pb0.7Br1.8I1.2,0,0,0.8,0.2,0.7,0.3,0,1.8,1.2
Cs0.8EA0.2Sn0.3Pb0.7Br2.1I0.9,0,0,0.8,0.2,0.7,0.3,0,2.1,0.9
Cs0.8EA0.2Sn0.3Pb0.7Br2.4I0.6,0,0,0.8,0.2,0.7,0.3,0,2.4,0.6
Cs0.8EA0.2Sn0.3Pb0.7Br2.7I0.3,0,0,0.8,0.2,0.7,0.3,0,2.7,0.3
Cs0.8EA0.2Sn0.2Pb0.8Cl0.3Br2.7,0,0,0.8,0.2,0.8,0.2,0.3,2.7,0
Cs0.8EA0.2Sn0.2Pb0.8Cl0.6Br2.4,0,0,0.8,0.2,0.8,0.2,0.6,2.4,0
Cs0.8EA0.2Sn0.2Pb0.8Cl0.9Br2.1,0,0,0.8,0.2,0.8,0.2,0.9,2.1,0
Cs0.8EA0.2Sn0.2Pb0.8Cl1.2Br1.8,0,0,0.8,0.2,0.8,0.2,1.2,1.8,0
Cs0.8EA0.2Sn0.2Pb0.8Cl1.5Br1.5,0,0,0.8,0.2,0.8,0.2,1.5,1.5,0
Cs0.8EA0.2Sn0.2Pb0.8Cl1.8Br1.2,0,0,0.8,0.2,0.8,0.2,1.8,1.2,0
Cs0.8EA0.2Sn0.2Pb0.8Cl2.1Br0.9,0,0,0.8,0.2,0.8,0.2,2.1,0.9,0
Cs0.8EA0.2Sn0.2Pb0.8Cl2.4Br0.6,0,0,0.8,0.2,0.8,0.2,2.4,0.6,0
Cs0.8EA0.2Sn0.2Pb0.8Cl2.7Br0.3,0,0,0.8,0.2,0.8,0.2,2.7,0.3,0
Cs0.8EA0.2Sn0.2Pb0.8Cl0.3I2.7,0,0,0.8,0.2,0.8,0.2,0.3,0,2.7
Cs0.8EA0.2Sn0.2Pb0.8Cl0.6I2.4,0,0,0.8,0.2,0.8,0.2,0.6,0,2.4
Cs0.8EA0.2Sn0.2Pb0.8Cl0.9I2.1,0,0,0.8,0.2,0.8,0.2,0.9,0,2.1
Cs0.8EA0.2Sn0.2Pb0.8Cl1.2I1.8,0,0,0.8,0.2,0.8,0.2,1.2,0,1.8
Cs0.8EA0.2Sn0.2Pb0.8Cl1.5I1.5,0,0,0.8,0.2,0.8,0.2,1.5,0,1.5
Cs0.8EA0.2Sn0.2Pb0.8Cl1.8I1.2,0,0,0.8,0.2,0.8,0.2,1.8,0,1.2
Cs0.8EA0.2Sn0.2Pb0.8Cl2.1I0.9,0,0,0.8,0.2,0.8,0.2,2.1,0,0.9
Cs0.8EA0.2Sn0.2Pb0.8Cl2.4I0.6,0,0,0.8,0.2,0.8,0.2,2.4,0,0.6
Cs0.8EA0.2Sn0.2Pb0.8Cl2.7I0.3,0,0,0.8,0.2,0.8,0.2,2.7,0,0.3
Cs0.8EA0.2Sn0.2Pb0.8Br0.3I2.7,0,0,0.8,0.2,0.8,0.2,0,0.3,2.7
Cs0.8EA0.2Sn0.2Pb0.8Br0.6I2.4,0,0,0.8,0.2,0.8,0.2,0,0.6,2.4
Cs0.8EA0.2Sn0.2Pb0.8Br0.9I2.1,0,0,0.8,0.2,0.8,0.2,0,0.9,2.1
Cs0.8EA0.2Sn0.2Pb0.8Br1.2I1.8,0,0,0.8,0.2,0.8,0.2,0,1.2,1.8
Cs0.8EA0.2Sn0.2Pb0.8Br1.5I1.5,0,0,0.8,0.2,0.8,0.2,0,1.5,1.5
Cs0.8EA0.2Sn0.2Pb0.8Br1.8I1.2,0,0,0.8,0.2,0.8,0.2,0,1.8,1.2
Cs0.8EA0.2Sn0.2Pb0.8Br2.1I0.9,0,0,0.8,0.2,0.8,0.2,0,2.1,0.9
Cs0.8EA0.2Sn0.2Pb0.8Br2.4I0.6,0,0,0.8,0.2,0.8,0.2,0,2.4,0.6
Cs0.8EA0.2Sn0.2Pb0.8Br2.7I0.3,0,0,0.8,0.2,0.8,0.2,0,2.7,0.3
Cs0.8EA0.2Sn0.1Pb0.9Cl0.3Br2.7,0,0,0.8,0.2,0.9,0.1,0.3,2.7,0
Cs0.8EA0.2Sn0.1Pb0.9Cl0.6Br2.4,0,0,0.8,0.2,0.9,0.1,0.6,2.4,0
Cs0.8EA0.2Sn0.1Pb0.9Cl0.9Br2.1,0,0,0.8,0.2,0.9,0.1,0.9,2.1,0
Cs0.8EA0.2Sn0.1Pb0.9Cl1.2Br1.8,0,0,0.8,0.2,0.9,0.1,1.2,1.8,0
Cs0.8EA0.2Sn0.1Pb0.9Cl1.5Br1.5,0,0,0.8,0.2,0.9,0.1,1.5,1.5,0
Cs0.8EA0.2Sn0.1Pb0.9Cl1.8Br1.2,0,0,0.8,0.2,0.9,0.1,1.8,1.2,0
Cs0.8EA0.2Sn0.1Pb0.9Cl2.1Br0.9,0,0,0.8,0.2,0.9,0.1,2.1,0.9,0
Cs0.8EA0.2Sn0.1Pb0.9Cl2.4Br0.6,0,0,0.8,0.2,0.9,0.1,2.4,0.6,0
Cs0.8EA0.2Sn0.1Pb0.9Cl2.7Br0.3,0,0,0.8,0.2,0.9,0.1,2.7,0.3,0
Cs0.8EA0.2Sn0.1Pb0.9Cl0.3I2.7,0,0,0.8,0.2,0.9,0.1,0.3,0,2.7
Cs0.8EA0.2Sn0.1Pb0.9Cl0.6I2.4,0,0,0.8,0.2,0.9,0.1,0.6,0,2.4
Cs0.8EA0.2Sn0.1Pb0.9Cl0.9I2.1,0,0,0.8,0.2,0.9,0.1,0.9,0,2.1
Cs0.8EA0.2Sn0.1Pb0.9Cl1.2I1.8,0,0,0.8,0.2,0.9,0.1,1.2,0,1.8
Cs0.8EA0.2Sn0.1Pb0.9Cl1.5I1.5,0,0,0.8,0.2,0.9,0.1,1.5,0,1.5
Cs0.8EA0.2Sn0.1Pb0.9Cl1.8I1.2,0,0,0.8,0.2,0.9,0.1,1.8,0,1.2
Cs0.8EA0.2Sn0.1Pb0.9Cl2.1I0.9,0,0,0.8,0.2,0.9,0.1,2.1,0,0.9
Cs0.8EA0.2Sn0.1Pb0.9Cl2.4I0.6,0,0,0.8,0.2,0.9,0.1,2.4,0,0.6
Cs0.8EA0.2Sn0.1Pb0.9Cl2.7I0.3,0,0,0.8,0.2,0.9,0.1,2.7,0,0.3
Cs0.8EA0.2Sn0.1Pb0.9Br0.3I2.7,0,0,0.8,0.2,0.9,0.1,0,0.3,2.7
Cs0.8EA0.2Sn0.1Pb0.9Br0.6I2.4,0,0,0.8,0.2,0.9,0.1,0,0.6,2.4
Cs0.8EA0.2Sn0.1Pb0.9Br0.9I2.1,0,0,0.8,0.2,0.9,0.1,0,0.9,2.1
Cs0.8EA0.2Sn0.1Pb0.9Br1.2I1.8,0,0,0.8,0.2,0.9,0.1,0,1.2,1.8
Cs0.8EA0.2Sn0.1Pb0.9Br1.5I1.5,0,0,0.8,0.2,0.9,0.1,0,1.5,1.5
Cs0.8EA0.2Sn0.1Pb0.9Br1.8I1.2,0,0,0.8,0.2,0.9,0.1,0,1.8,1.2
Cs0.8EA0.2Sn0.1Pb0.9Br2.1I0.9,0,0,0.8,0.2,0.9,0.1,0,2.1,0.9
Cs0.8EA0.2Sn0.1Pb0.9Br2.4I0.6,0,0,0.8,0.2,0.9,0.1,0,2.4,0.6
Cs0.8EA0.2Sn0.1Pb0.9Br2.7I0.3,0,0,0.8,0.2,0.9,0.1,0,2.7,0.3
Cs0.9EA0.1Sn0.9Pb0.1Cl0.3Br2.7,0,0,0.9,0.1,0.1,0.9,0.3,2.7,0
Cs0.9EA0.1Sn0.9Pb0.1Cl0.6Br2.4,0,0,0.9,0.1,0.1,0.9,0.6,2.4,0
Cs0.9EA0.1Sn0.9Pb0.1Cl0.9Br2.1,0,0,0.9,0.1,0.1,0.9,0.9,2.1,0
Cs0.9EA0.1Sn0.9Pb0.1Cl1.2Br1.8,0,0,0.9,0.1,0.1,0.9,1.2,1.8,0
Cs0.9EA0.1Sn0.9Pb0.1Cl1.5Br1.5,0,0,0.9,0.1,0.1,0.9,1.5,1.5,0
Cs0.9EA0.1Sn0.9Pb0.1Cl1.8Br1.2,0,0,0.9,0.1,0.1,0.9,1.8,1.2,0
Cs0.9EA0.1Sn0.9Pb0.1Cl2.1Br0.9,0,0,0.9,0.1,0.1,0.9,2.1,0.9,0
Cs0.9EA0.1Sn0.9Pb0.1Cl2.4Br0.6,0,0,0.9,0.1,0.1,0.9,2.4,0.6,0
Cs0.9EA0.1Sn0.9Pb0.1Cl2.7Br0.3,0,0,0.9,0.1,0.1,0.9,2.7,0.3,0
Cs0.9EA0.1Sn0.9Pb0.1Cl0.3I2.7,0,0,0.9,0.1,0.1,0.9,0.3,0,2.7
Cs0.9EA0.1Sn0.9Pb0.1Cl0.6I2.4,0,0,0.9,0.1,0.1,0.9,0.6,0,2.4
Cs0.9EA0.1Sn0.9Pb0.1Cl0.9I2.1,0,0,0.9,0.1,0.1,0.9,0.9,0,2.1
Cs0.9EA0.1Sn0.9Pb0.1Cl1.2I1.8,0,0,0.9,0.1,0.1,0.9,1.2,0,1.8
Cs0.9EA0.1Sn0.9Pb0.1Cl1.5I1.5,0,0,0.9,0.1,0.1,0.9,1.5,0,1.5
Cs0.9EA0.1Sn0.9Pb0.1Cl1.8I1.2,0,0,0.9,0.1,0.1,0.9,1.8,0,1.2
Cs0.9EA0.1Sn0.9Pb0.1Cl2.1I0.9,0,0,0.9,0.1,0.1,0.9,2.1,0,0.9
Cs0.9EA0.1Sn0.9Pb0.1Cl2.4I0.6,0,0,0.9,0.1,0.1,0.9,2.4,0,0.6
Cs0.9EA0.1Sn0.9Pb0.1Cl2.7I0.3,0,0,0.9,0.1,0.1,0.9,2.7,0,0.3
Cs0.9EA0.1Sn0.9Pb0.1Br0.3I2.7,0,0,0.9,0.1,0.1,0.9,0,0.3,2.7
Cs0.9EA0.1Sn0.9Pb0.1Br0.6I2.4,0,0,0.9,0.1,0.1,0.9,0,0.6,2.4
Cs0.9EA0.1Sn0.9Pb0.1Br0.9I2.1,0,0,0.9,0.1,0.1,0.9,0,0.9,2.1
Cs0.9EA0.1Sn0.9Pb0.1Br1.2I1.8,0,0,0.9,0.1,0.1,0.9,0,1.2,1.8
Cs0.9EA0.1Sn0.9Pb0.1Br1.5I1.5,0,0,0.9,0.1,0.1,0.9,0,1.5,1.5
Cs0.9EA0.1Sn0.9Pb0.1Br1.8I1.2,0,0,0.9,0.1,0.1,0.9,0,1.8,1.2
Cs0.9EA0.1Sn0.9Pb0.1Br2.1I0.9,0,0,0.9,0.1,0.1,0.9,0,2.1,0.9
Cs0.9EA0.1Sn0.9Pb0.1Br2.4I0.6,0,0,0.9,0.1,0.1,0.9,0,2.4,0.6
Cs0.9EA0.1Sn0.9Pb0.1Br2.7I0.3,0,0,0.9,0.1,0.1,0.9,0,2.7,0.3
Cs0.9EA0.1Sn0.8Pb0.2Cl0.3Br2.7,0,0,0.9,0.1,0.2,0.8,0.3,2.7,0
Cs0.9EA0.1Sn0.8Pb0.2Cl0.6Br2.4,0,0,0.9,0.1,0.2,0.8,0.6,2.4,0
Cs0.9EA0.1Sn0.8Pb0.2Cl0.9Br2.1,0,0,0.9,0.1,0.2,0.8,0.9,2.1,0
Cs0.9EA0.1Sn0.8Pb0.2Cl1.2Br1.8,0,0,0.9,0.1,0.2,0.8,1.2,1.8,0
Cs0.9EA0.1Sn0.8Pb0.2Cl1.5Br1.5,0,0,0.9,0.1,0.2,0.8,1.5,1.5,0
Cs0.9EA0.1Sn0.8Pb0.2Cl1.8Br1.2,0,0,0.9,0.1,0.2,0.8,1.8,1.2,0
Cs0.9EA0.1Sn0.8Pb0.2Cl2.1Br0.9,0,0,0.9,0.1,0.2,0.8,2.1,0.9,0
Cs0.9EA0.1Sn0.8Pb0.2Cl2.4Br0.6,0,0,0.9,0.1,0.2,0.8,2.4,0.6,0
Cs0.9EA0.1Sn0.8Pb0.2Cl2.7Br0.3,0,0,0.9,0.1,0.2,0.8,2.7,0.3,0
Cs0.9EA0.1Sn0.8Pb0.2Cl0.3I2.7,0,0,0.9,0.1,0.2,0.8,0.3,0,2.7
Cs0.9EA0.1Sn0.8Pb0.2Cl0.6I2.4,0,0,0.9,0.1,0.2,0.8,0.6,0,2.4
Cs0.9EA0.1Sn0.8Pb0.2Cl0.9I2.1,0,0,0.9,0.1,0.2,0.8,0.9,0,2.1
Cs0.9EA0.1Sn0.8Pb0.2Cl1.2I1.8,0,0,0.9,0.1,0.2,0.8,1.2,0,1.8
Cs0.9EA0.1Sn0.8Pb0.2Cl1.5I1.5,0,0,0.9,0.1,0.2,0.8,1.5,0,1.5
Cs0.9EA0.1Sn0.8Pb0.2Cl1.8I1.2,0,0,0.9,0.1,0.2,0.8,1.8,0,1.2
Cs0.9EA0.1Sn0.8Pb0.2Cl2.1I0.9,0,0,0.9,0.1,0.2,0.8,2.1,0,0.9
Cs0.9EA0.1Sn0.8Pb0.2Cl2.4I0.6,0,0,0.9,0.1,0.2,0.8,2.4,0,0.6
Cs0.9EA0.1Sn0.8Pb0.2Cl2.7I0.3,0,0,0.9,0.1,0.2,0.8,2.7,0,0.3
Cs0.9EA0.1Sn0.8Pb0.2Br0.3I2.7,0,0,0.9,0.1,0.2,0.8,0,0.3,2.7
Cs0.9EA0.1Sn0.8Pb0.2Br0.6I2.4,0,0,0.9,0.1,0.2,0.8,0,0.6,2.4
Cs0.9EA0.1Sn0.8Pb0.2Br0.9I2.1,0,0,0.9,0.1,0.2,0.8,0,0.9,2.1
Cs0.9EA0.1Sn0.8Pb0.2Br1.2I1.8,0,0,0.9,0.1,0.2,0.8,0,1.2,1.8
Cs0.9EA0.1Sn0.8Pb0.2Br1.5I1.5,0,0,0.9,0.1,0.2,0.8,0,1.5,1.5
Cs0.9EA0.1Sn0.8Pb0.2Br1.8I1.2,0,0,0.9,0.1,0.2,0.8,0,1.8,1.2
Cs0.9EA0.1Sn0.8Pb0.2Br2.1I0.9,0,0,0.9,0.1,0.2,0.8,0,2.1,0.9
Cs0.9EA0.1Sn0.8Pb0.2Br2.4I0.6,0,0,0.9,0.1,0.2,0.8,0,2.4,0.6
Cs0.9EA0.1Sn0.8Pb0.2Br2.7I0.3,0,0,0.9,0.1,0.2,0.8,0,2.7,0.3
Cs0.9EA0.1Sn0.7Pb0.3Cl0.3Br2.7,0,0,0.9,0.1,0.3,0.7,0.3,2.7,0
Cs0.9EA0.1Sn0.7Pb0.3Cl0.6Br2.4,0,0,0.9,0.1,0.3,0.7,0.6,2.4,0
Cs0.9EA0.1Sn0.7Pb0.3Cl0.9Br2.1,0,0,0.9,0.1,0.3,0.7,0.9,2.1,0
Cs0.9EA0.1Sn0.7Pb0.3Cl1.2Br1.8,0,0,0.9,0.1,0.3,0.7,1.2,1.8,0
Cs0.9EA0.1Sn0.7Pb0.3Cl1.5Br1.5,0,0,0.9,0.1,0.3,0.7,1.5,1.5,0
Cs0.9EA0.1Sn0.7Pb0.3Cl1.8Br1.2,0,0,0.9,0.1,0.3,0.7,1.8,1.2,0
Cs0.9EA0.1Sn0.7Pb0.3Cl2.1Br0.9,0,0,0.9,0.1,0.3,0.7,2.1,0.9,0
Cs0.9EA0.1Sn0.7Pb0.3Cl2.4Br0.6,0,0,0.9,0.1,0.3,0.7,2.4,0.6,0
Cs0.9EA0.1Sn0.7Pb0.3Cl2.7Br0.3,0,0,0.9,0.1,0.3,0.7,2.7,0.3,0
Cs0.9EA0.1Sn0.7Pb0.3Cl0.3I2.7,0,0,0.9,0.1,0.3,0.7,0.3,0,2.7
Cs0.9EA0.1Sn0.7Pb0.3Cl0.6I2.4,0,0,0.9,0.1,0.3,0.7,0.6,0,2.4
Cs0.9EA0.1Sn0.7Pb0.3Cl0.9I2.1,0,0,0.9,0.1,0.3,0.7,0.9,0,2.1
Cs0.9EA0.1Sn0.7Pb0.3Cl1.2I1.8,0,0,0.9,0.1,0.3,0.7,1.2,0,1.8
Cs0.9EA0.1Sn0.7Pb0.3Cl1.5I1.5,0,0,0.9,0.1,0.3,0.7,1.5,0,1.5
Cs0.9EA0.1Sn0.7Pb0.3Cl1.8I1.2,0,0,0.9,0.1,0.3,0.7,1.8,0,1.2
Cs0.9EA0.1Sn0.7Pb0.3Cl2.1I0.9,0,0,0.9,0.1,0.3,0.7,2.1,0,0.9
Cs0.9EA0.1Sn0.7Pb0.3Cl2.4I0.6,0,0,0.9,0.1,0.3,0.7,2.4,0,0.6
Cs0.9EA0.1Sn0.7Pb0.3Cl2.7I0.3,0,0,0.9,0.1,0.3,0.7,2.7,0,0.3
Cs0.9EA0.1Sn0.7Pb0.3Br0.3I2.7,0,0,0.9,0.1,0.3,0.7,0,0.3,2.7
Cs0.9EA0.1Sn0.7Pb0.3Br0.6I2.4,0,0,0.9,0.1,0.3,0.7,0,0.6,2.4
Cs0.9EA0.1Sn0.7Pb0.3Br0.9I2.1,0,0,0.9,0.1,0.3,0.7,0,0.9,2.1
Cs0.9EA0.1Sn0.7Pb0.3Br1.2I1.8,0,0,0.9,0.1,0.3,0.7,0,1.2,1.8
Cs0.9EA0.1Sn0.7Pb0.3Br1.5I1.5,0,0,0.9,0.1,0.3,0.7,0,1.5,1.5
Cs0.9EA0.1Sn0.7Pb0.3Br1.8I1.2,0,0,0.9,0.1,0.3,0.7,0,1.8,1.2
Cs0.9EA0.1Sn0.7Pb0.3Br2.1I0.9,0,0,0.9,0.1,0.3,0.7,0,2.1,0.9
Cs0.9EA0.1Sn0.7Pb0.3Br2.4I0.6,0,0,0.9,0.1,0.3,0.7,0,2.4,0.6
Cs0.9EA0.1Sn0.7Pb0.3Br2.7I0.3,0,0,0.9,0.1,0.3,0.7,0,2.7,0.3
Cs0.9EA0.1Sn0.6Pb0.4Cl0.3Br2.7,0,0,0.9,0.1,0.4,0.6,0.3,2.7,0
Cs0.9EA0.1Sn0.6Pb0.4Cl0.6Br2.4,0,0,0.9,0.1,0.4,0.6,0.6,2.4,0
Cs0.9EA0.1Sn0.6Pb0.4Cl0.9Br2.1,0,0,0.9,0.1,0.4,0.6,0.9,2.1,0
Cs0.9EA0.1Sn0.6Pb0.4Cl1.2Br1.8,0,0,0.9,0.1,0.4,0.6,1.2,1.8,0
Cs0.9EA0.1Sn0.6Pb0.4Cl1.5Br1.5,0,0,0.9,0.1,0.4,0.6,1.5,1.5,0
Cs0.9EA0.1Sn0.6Pb0.4Cl1.8Br1.2,0,0,0.9,0.1,0.4,0.6,1.8,1.2,0
Cs0.9EA0.1Sn0.6Pb0.4Cl2.1Br0.9,0,0,0.9,0.1,0.4,0.6,2.1,0.9,0
Cs0.9EA0.1Sn0.6Pb0.4Cl2.4Br0.6,0,0,0.9,0.1,0.4,0.6,2.4,0.6,0
Cs0.9EA0.1Sn0.6Pb0.4Cl2.7Br0.3,0,0,0.9,0.1,0.4,0.6,2.7,0.3,0
Cs0.9EA0.1Sn0.6Pb0.4Cl0.3I2.7,0,0,0.9,0.1,0.4,0.6,0.3,0,2.7
Cs0.9EA0.1Sn0.6Pb0.4Cl0.6I2.4,0,0,0.9,0.1,0.4,0.6,0.6,0,2.4
Cs0.9EA0.1Sn0.6Pb0.4Cl0.9I2.1,0,0,0.9,0.1,0.4,0.6,0.9,0,2.1
Cs0.9EA0.1Sn0.6Pb0.4Cl1.2I1.8,0,0,0.9,0.1,0.4,0.6,1.2,0,1.8
Cs0.9EA0.1Sn0.6Pb0.4Cl1.5I1.5,0,0,0.9,0.1,0.4,0.6,1.5,0,1.5
Cs0.9EA0.1Sn0.6Pb0.4Cl1.8I1.2,0,0,0.9,0.1,0.4,0.6,1.8,0,1.2
Cs0.9EA0.1Sn0.6Pb0.4Cl2.1I0.9,0,0,0.9,0.1,0.4,0.6,2.1,0,0.9
Cs0.9EA0.1Sn0.6Pb0.4Cl2.4I0.6,0,0,0.9,0.1,0.4,0.6,2.4,0,0.6
Cs0.9EA0.1Sn0.6Pb0.4Cl2.7I0.3,0,0,0.9,0.1,0.4,0.6,2.7,0,0.3
Cs0.9EA0.1Sn0.6Pb0.4Br0.3I2.7,0,0,0.9,0.1,0.4,0.6,0,0.3,2.7
Cs0.9EA0.1Sn0.6Pb0.4Br0.6I2.4,0,0,0.9,0.1,0.4,0.6,0,0.6,2.4
Cs0.9EA0.1Sn0.6Pb0.4Br0.9I2.1,0,0,0.9,0.1,0.4,0.6,0,0.9,2.1
Cs0.9EA0.1Sn0.6Pb0.4Br1.2I1.8,0,0,0.9,0.1,0.4,0.6,0,1.2,1.8
Cs0.9EA0.1Sn0.6Pb0.4Br1.5I1.5,0,0,0.9,0.1,0.4,0.6,0,1.5,1.5
Cs0.9EA0.1Sn0.6Pb0.4Br1.8I1.2,0,0,0.9,0.1,0.4,0.6,0,1.8,1.2
Cs0.9EA0.1Sn0.6Pb0.4Br2.1I0.9,0,0,0.9,0.1,0.4,0.6,0,2.1,0.9
Cs0.9EA0.1Sn0.6Pb0.4Br2.4I0.6,0,0,0.9,0.1,0.4,0.6,0,2.4,0.6
Cs0.9EA0.1Sn0.6Pb0.4Br2.7I0.3,0,0,0.9,0.1,0.4,0.6,0,2.7,0.3
Cs0.9EA0.1Sn0.5Pb0.5Cl0.3Br2.7,0,0,0.9,0.1,0.5,0.5,0.3,2.7,0
Cs0.9EA0.1Sn0.5Pb0.5Cl0.6Br2.4,0,0,0.9,0.1,0.5,0.5,0.6,2.4,0
Cs0.9EA0.1Sn0.5Pb0.5Cl0.9Br2.1,0,0,0.9,0.1,0.5,0.5,0.9,2.1,0
Cs0.9EA0.1Sn0.5Pb0.5Cl1.2Br1.8,0,0,0.9,0.1,0.5,0.5,1.2,1.8,0
Cs0.9EA0.1Sn0.5Pb0.5Cl1.5Br1.5,0,0,0.9,0.1,0.5,0.5,1.5,1.5,0
Cs0.9EA0.1Sn0.5Pb0.5Cl1.8Br1.2,0,0,0.9,0.1,0.5,0.5,1.8,1.2,0
Cs0.9EA0.1Sn0.5Pb0.5Cl2.1Br0.9,0,0,0.9,0.1,0.5,0.5,2.1,0.9,0
Cs0.9EA0.1Sn0.5Pb0.5Cl2.4Br0.6,0,0,0.9,0.1,0.5,0.5,2.4,0.6,0
Cs0.9EA0.1Sn0.5Pb0.5Cl2.7Br0.3,0,0,0.9,0.1,0.5,0.5,2.7,0.3,0
Cs0.9EA0.1Sn0.5Pb0.5Cl0.3I2.7,0,0,0.9,0.1,0.5,0.5,0.3,0,2.7
Cs0.9EA0.1Sn0.5Pb0.5Cl0.6I2.4,0,0,0.9,0.1,0.5,0.5,0.6,0,2.4
Cs0.9EA0.1Sn0.5Pb0.5Cl0.9I2.1,0,0,0.9,0.1,0.5,0.5,0.9,0,2.1
Cs0.9EA0.1Sn0.5Pb0.5Cl1.2I1.8,0,0,0.9,0.1,0.5,0.5,1.2,0,1.8
Cs0.9EA0.1Sn0.5Pb0.5Cl1.5I1.5,0,0,0.9,0.1,0.5,0.5,1.5,0,1.5
Cs0.9EA0.1Sn0.5Pb0.5Cl1.8I1.2,0,0,0.9,0.1,0.5,0.5,1.8,0,1.2
Cs0.9EA0.1Sn0.5Pb0.5Cl2.1I0.9,0,0,0.9,0.1,0.5,0.5,2.1,0,0.9
Cs0.9EA0.1Sn0.5Pb0.5Cl2.4I0.6,0,0,0.9,0.1,0.5,0.5,2.4,0,0.6
Cs0.9EA0.1Sn0.5Pb0.5Cl2.7I0.3,0,0,0.9,0.1,0.5,0.5,2.7,0,0.3
Cs0.9EA0.1Sn0.5Pb0.5Br0.3I2.7,0,0,0.9,0.1,0.5,0.5,0,0.3,2.7
Cs0.9EA0.1Sn0.5Pb0.5Br0.6I2.4,0,0,0.9,0.1,0.5,0.5,0,0.6,2.4
Cs0.9EA0.1Sn0.5Pb0.5Br0.9I2.1,0,0,0.9,0.1,0.5,0.5,0,0.9,2.1
Cs0.9EA0.1Sn0.5Pb0.5Br1.2I1.8,0,0,0.9,0.1,0.5,0.5,0,1.2,1.8
Cs0.9EA0.1Sn0.5Pb0.5Br1.5I1.5,0,0,0.9,0.1,0.5,0.5,0,1.5,1.5
Cs0.9EA0.1Sn0.5Pb0.5Br1.8I1.2,0,0,0.9,0.1,0.5,0.5,0,1.8,1.2
Cs0.9EA0.1Sn0.5Pb0.5Br2.1I0.9,0,0,0.9,0.1,0.5,0.5,0,2.1,0.9
Cs0.9EA0.1Sn0.5Pb0.5Br2.4I0.6,0,0,0.9,0.1,0.5,0.5,0,2.4,0.6
Cs0.9EA0.1Sn0.5Pb0.5Br2.7I0.3,0,0,0.9,0.1,0.5,0.5,0,2.7,0.3
Cs0.9EA0.1Sn0.4Pb0.6Cl0.3Br2.7,0,0,0.9,0.1,0.6,0.4,0.3,2.7,0
Cs0.9EA0.1Sn0.4Pb0.6Cl0.6Br2.4,0,0,0.9,0.1,0.6,0.4,0.6,2.4,0
Cs0.9EA0.1Sn0.4Pb0.6Cl0.9Br2.1,0,0,0.9,0.1,0.6,0.4,0.9,2.1,0
Cs0.9EA0.1Sn0.4Pb0.6Cl1.2Br1.8,0,0,0.9,0.1,0.6,0.4,1.2,1.8,0
Cs0.9EA0.1Sn0.4Pb0.6Cl1.5Br1.5,0,0,0.9,0.1,0.6,0.4,1.5,1.5,0
Cs0.9EA0.1Sn0.4Pb0.6Cl1.8Br1.2,0,0,0.9,0.1,0.6,0.4,1.8,1.2,0
Cs0.9EA0.1Sn0.4Pb0.6Cl2.1Br0.9,0,0,0.9,0.1,0.6,0.4,2.1,0.9,0
Cs0.9EA0.1Sn0.4Pb0.6Cl2.4Br0.6,0,0,0.9,0.1,0.6,0.4,2.4,0.6,0
Cs0.9EA0.1Sn0.4Pb0.6Cl2.7Br0.3,0,0,0.9,0.1,0.6,0.4,2.7,0.3,0
Cs0.9EA0.1Sn0.4Pb0.6Cl0.3I2.7,0,0,0.9,0.1,0.6,0.4,0.3,0,2.7
Cs0.9EA0.1Sn0.4Pb0.6Cl0.6I2.4,0,0,0.9,0.1,0.6,0.4,0.6,0,2.4
Cs0.9EA0.1Sn0.4Pb0.6Cl0.9I2.1,0,0,0.9,0.1,0.6,0.4,0.9,0,2.1
Cs0.9EA0.1Sn0.4Pb0.6Cl1.2I1.8,0,0,0.9,0.1,0.6,0.4,1.2,0,1.8
Cs0.9EA0.1Sn0.4Pb0.6Cl1.5I1.5,0,0,0.9,0.1,0.6,0.4,1.5,0,1.5
Cs0.9EA0.1Sn0.4Pb0.6Cl1.8I1.2,0,0,0.9,0.1,0.6,0.4,1.8,0,1.2
Cs0.9EA0.1Sn0.4Pb0.6Cl2.1I0.9,0,0,0.9,0.1,0.6,0.4,2.1,0,0.9
Cs0.9EA0.1Sn0.4Pb0.6Cl2.4I0.6,0,0,0.9,0.1,0.6,0.4,2.4,0,0.6
Cs0.9EA0.1Sn0.4Pb0.6Cl2.7I0.3,0,0,0.9,0.1,0.6,0.4,2.7,0,0.3
Cs0.9EA0.1Sn0.4Pb0.6Br0.3I2.7,0,0,0.9,0.1,0.6,0.4,0,0.3,2.7
Cs0.9EA0.1Sn0.4Pb0.6Br0.6I2.4,0,0,0.9,0.1,0.6,0.4,0,0.6,2.4
Cs0.9EA0.1Sn0.4Pb0.6Br0.9I2.1,0,0,0.9,0.1,0.6,0.4,0,0.9,2.1
Cs0.9EA0.1Sn0.4Pb0.6Br1.2I1.8,0,0,0.9,0.1,0.6,0.4,0,1.2,1.8
Cs0.9EA0.1Sn0.4Pb0.6Br1.5I1.5,0,0,0.9,0.1,0.6,0.4,0,1.5,1.5
Cs0.9EA0.1Sn0.4Pb0.6Br1.8I1.2,0,0,0.9,0.1,0.6,0.4,0,1.8,1.2
Cs0.9EA0.1Sn0.4Pb0.6Br2.1I0.9,0,0,0.9,0.1,0.6,0.4,0,2.1,0.9
Cs0.9EA0.1Sn0.4Pb0.6Br2.4I0.6,0,0,0.9,0.1,0.6,0.4,0,2.4,0.6
Cs0.9EA0.1Sn0.4Pb0.6Br2.7I0.3,0,0,0.9,0.1,0.6,0.4,0,2.7,0.3
Cs0.9EA0.1Sn0.3Pb0.7Cl0.3Br2.7,0,0,0.9,0.1,0.7,0.3,0.3,2.7,0
Cs0.9EA0.1Sn0.3Pb0.7Cl0.6Br2.4,0,0,0.9,0.1,0.7,0.3,0.6,2.4,0
Cs0.9EA0.1Sn0.3Pb0.7Cl0.9Br2.1,0,0,0.9,0.1,0.7,0.3,0.9,2.1,0
Cs0.9EA0.1Sn0.3Pb0.7Cl1.2Br1.8,0,0,0.9,0.1,0.7,0.3,1.2,1.8,0
Cs0.9EA0.1Sn0.3Pb0.7Cl1.5Br1.5,0,0,0.9,0.1,0.7,0.3,1.5,1.5,0
Cs0.9EA0.1Sn0.3Pb0.7Cl1.8Br1.2,0,0,0.9,0.1,0.7,0.3,1.8,1.2,0
Cs0.9EA0.1Sn0.3Pb0.7Cl2.1Br0.9,0,0,0.9,0.1,0.7,0.3,2.1,0.9,0
Cs0.9EA0.1Sn0.3Pb0.7Cl2.4Br0.6,0,0,0.9,0.1,0.7,0.3,2.4,0.6,0
Cs0.9EA0.1Sn0.3Pb0.7Cl2.7Br0.3,0,0,0.9,0.1,0.7,0.3,2.7,0.3,0
Cs0.9EA0.1Sn0.3Pb0.7Cl0.3I2.7,0,0,0.9,0.1,0.7,0.3,0.3,0,2.7
Cs0.9EA0.1Sn0.3Pb0.7Cl0.6I2.4,0,0,0.9,0.1,0.7,0.3,0.6,0,2.4
Cs0.9EA0.1Sn0.3Pb0.7Cl0.9I2.1,0,0,0.9,0.1,0.7,0.3,0.9,0,2.1
Cs0.9EA0.1Sn0.3Pb0.7Cl1.2I1.8,0,0,0.9,0.1,0.7,0.3,1.2,0,1.8
Cs0.9EA0.1Sn0.3Pb0.7Cl1.5I1.5,0,0,0.9,0.1,0.7,0.3,1.5,0,1.5
Cs0.9EA0.1Sn0.3Pb0.7Cl1.8I1.2,0,0,0.9,0.1,0.7,0.3,1.8,0,1.2
Cs0.9EA0.1Sn0.3Pb0.7Cl2.1I0.9,0,0,0.9,0.1,0.7,0.3,2.1,0,0.9
Cs0.9EA0.1Sn0.3Pb0.7Cl2.4I0.6,0,0,0.9,0.1,0.7,0.3,2.4,0,0.6
Cs0.9EA0.1Sn0.3Pb0.7Cl2.7I0.3,0,0,0.9,0.1,0.7,0.3,2.7,0,0.3
Cs0.9EA0.1Sn0.3Pb0.7Br0.3I2.7,0,0,0.9,0.1,0.7,0.3,0,0.3,2.7
Cs0.9EA0.1Sn0.3Pb0.7Br0.6I2.4,0,0,0.9,0.1,0.7,0.3,0,0.6,2.4
Cs0.9EA0.1Sn0.3Pb0.7Br0.9I2.1,0,0,0.9,0.1,0.7,0.3,0,0.9,2.1
Cs0.9EA0.1Sn0.3Pb0.7Br1.2I1.8,0,0,0.9,0.1,0.7,0.3,0,1.2,1.8
Cs0.9EA0.1Sn0.3Pb0.7Br1.5I1.5,0,0,0.9,0.1,0.7,0.3,0,1.5,1.5
Cs0.9EA0.1Sn0.3Pb0.7Br1.8I1.2,0,0,0.9,0.1,0.7,0.3,0,1.8,1.2
Cs0.9EA0.1Sn0.3Pb0.7Br2.1I0.9,0,0,0.9,0.1,0.7,0.3,0,2.1,0.9
Cs0.9EA0.1Sn0.3Pb0.7Br2.4I0.6,0,0,0.9,0.1,0.7,0.3,0,2.4,0.6
Cs0.9EA0.1Sn0.3Pb0.7Br2.7I0.3,0,0,0.9,0.1,0.7,0.3,0,2.7,0.3
Cs0.9EA0.1Sn0.2Pb0.8Cl0.3Br2.7,0,0,0.9,0.1,0.8,0.2,0.3,2.7,0
Cs0.9EA0.1Sn0.2Pb0.8Cl0.6Br2.4,0,0,0.9,0.1,0.8,0.2,0.6,2.4,0
Cs0.9EA0.1Sn0.2Pb0.8Cl0.9Br2.1,0,0,0.9,0.1,0.8,0.2,0.9,2.1,0
Cs0.9EA0.1Sn0.2Pb0.8Cl1.2Br1.8,0,0,0.9,0.1,0.8,0.2,1.2,1.8,0
Cs0.9EA0.1Sn0.2Pb0.8Cl1.5Br1.5,0,0,0.9,0.1,0.8,0.2,1.5,1.5,0
Cs0.9EA0.1Sn0.2Pb0.8Cl1.8Br1.2,0,0,0.9,0.1,0.8,0.2,1.8,1.2,0
Cs0.9EA0.1Sn0.2Pb0.8Cl2.1Br0.9,0,0,0.9,0.1,0.8,0.2,2.1,0.9,0
Cs0.9EA0.1Sn0.2Pb0.8Cl2.4Br0.6,0,0,0.9,0.1,0.8,0.2,2.4,0.6,0
Cs0.9EA0.1Sn0.2Pb0.8Cl2.7Br0.3,0,0,0.9,0.1,0.8,0.2,2.7,0.3,0
Cs0.9EA0.1Sn0.2Pb0.8Cl0.3I2.7,0,0,0.9,0.1,0.8,0.2,0.3,0,2.7
Cs0.9EA0.1Sn0.2Pb0.8Cl0.6I2.4,0,0,0.9,0.1,0.8,0.2,0.6,0,2.4
Cs0.9EA0.1Sn0.2Pb0.8Cl0.9I2.1,0,0,0.9,0.1,0.8,0.2,0.9,0,2.1
Cs0.9EA0.1Sn0.2Pb0.8Cl1.2I1.8,0,0,0.9,0.1,0.8,0.2,1.2,0,1.8
Cs0.9EA0.1Sn0.2Pb0.8Cl1.5I1.5,0,0,0.9,0.1,0.8,0.2,1.5,0,1.5
Cs0.9EA0.1Sn0.2Pb0.8Cl1.8I1.2,0,0,0.9,0.1,0.8,0.2,1.8,0,1.2
Cs0.9EA0.1Sn0.2Pb0.8Cl2.1I0.9,0,0,0.9,0.1,0.8,0.2,2.1,0,0.9
Cs0.9EA0.1Sn0.2Pb0.8Cl2.4I0.6,0,0,0.9,0.1,0.8,0.2,2.4,0,0.6
Cs0.9EA0.1Sn0.2Pb0.8Cl2.7I0.3,0,0,0.9,0.1,0.8,0.2,2.7,0,0.3
Cs0.9EA0.1Sn0.2Pb0.8Br0.3I2.7,0,0,0.9,0.1,0.8,0.2,0,0.3,2.7
Cs0.9EA0.1Sn0.2Pb0.8Br0.6I2.4,0,0,0.9,0.1,0.8,0.2,0,0.6,2.4
Cs0.9EA0.1Sn0.2Pb0.8Br0.9I2.1,0,0,0.9,0.1,0.8,0.2,0,0.9,2.1
Cs0.9EA0.1Sn0.2Pb0.8Br1.2I1.8,0,0,0.9,0.1,0.8,0.2,0,1.2,1.8
Cs0.9EA0.1Sn0.2Pb0.8Br1.5I1.5,0,0,0.9,0.1,0.8,0.2,0,1.5,1.5
Cs0.9EA0.1Sn0.2Pb0.8Br1.8I1.2,0,0,0.9,0.1,0.8,0.2,0,1.8,1.2
Cs0.9EA0.1Sn0.2Pb0.8Br2.1I0.9,0,0,0.9,0.1,0.8,0.2,0,2.1,0.9
Cs0.9EA0.1Sn0.2Pb0.8Br2.4I0.6,0,0,0.9,0.1,0.8,0.2,0,2.4,0.6
Cs0.9EA0.1Sn0.2Pb0.8Br2.7I0.3,0,0,0.9,0.1,0.8,0.2,0,2.7,0.3
Cs0.9EA0.1Sn0.1Pb0.9Cl0.3Br2.7,0,0,0.9,0.1,0.9,0.1,0.3,2.7,0
Cs0.9EA0.1Sn0.1Pb0.9Cl0.6Br2.4,0,0,0.9,0.1,0.9,0.1,0.6,2.4,0
Cs0.9EA0.1Sn0.1Pb0.9Cl0.9Br2.1,0,0,0.9,0.1,0.9,0.1,0.9,2.1,0
Cs0.9EA0.1Sn0.1Pb0.9Cl1.2Br1.8,0,0,0.9,0.1,0.9,0.1,1.2,1.8,0
Cs0.9EA0.1Sn0.1Pb0.9Cl1.5Br1.5,0,0,0.9,0.1,0.9,0.1,1.5,1.5,0
Cs0.9EA0.1Sn0.1Pb0.9Cl1.8Br1.2,0,0,0.9,0.1,0.9,0.1,1.8,1.2,0
Cs0.9EA0.1Sn0.1Pb0.9Cl2.1Br0.9,0,0,0.9,0.1,0.9,0.1,2.1,0.9,0
Cs0.9EA0.1Sn0.1Pb0.9Cl2.4Br0.6,0,0,0.9,0.1,0.9,0.1,2.4,0.6,0
Cs0.9EA0.1Sn0.1Pb0.9Cl2.7Br0.3,0,0,0.9,0.1,0.9,0.1,2.7,0.3,0
Cs0.9EA0.1Sn0.1Pb0.9Cl0.3I2.7,0,0,0.9,0.1,0.9,0.1,0.3,0,2.7
Cs0.9EA0.1Sn0.1Pb0.9Cl0.6I2.4,0,0,0.9,0.1,0.9,0.1,0.6,0,2.4
Cs0.9EA0.1Sn0.1Pb0.9Cl0.9I2.1,0,0,0.9,0.1,0.9,0.1,0.9,0,2.1
Cs0.9EA0.1Sn0.1Pb0.9Cl1.2I1.8,0,0,0.9,0.1,0.9,0.1,1.2,0,1.8
Cs0.9EA0.1Sn0.1Pb0.9Cl1.5I1.5,0,0,0.9,0.1,0.9,0.1,1.5,0,1.5
Cs0.9EA0.1Sn0.1Pb0.9Cl1.8I1.2,0,0,0.9,0.1,0.9,0.1,1.8,0,1.2
Cs0.9EA0.1Sn0.1Pb0.9Cl2.1I0.9,0,0,0.9,0.1,0.9,0.1,2.1,0,0.9
Cs0.9EA0.1Sn0.1Pb0.9Cl2.4I0.6,0,0,0.9,0.1,0.9,0.1,2.4,0,0.6
Cs0.9EA0.1Sn0.1Pb0.9Cl2.7I0.3,0,0,0.9,0.1,0.9,0.1,2.7,0,0.3
Cs0.9EA0.1Sn0.1Pb0.9Br0.3I2.7,0,0,0.9,0.1,0.9,0.1,0,0.3,2.7
Cs0.9EA0.1Sn0.1Pb0.9Br0.6I2.4,0,0,0.9,0.1,0.9,0.1,0,0.6,2.4
Cs0.9EA0.1Sn0.1Pb0.9Br0.9I2.1,0,0,0.9,0.1,0.9,0.1,0,0.9,2.1
Cs0.9EA0.1Sn0.1Pb0.9Br1.2I1.8,0,0,0.9,0.1,0.9,0.1,0,1.2,1.8
Cs0.9EA0.1Sn0.1Pb0.9Br1.5I1.5,0,0,0.9,0.1,0.9,0.1,0,1.5,1.5
Cs0.9EA0.1Sn0.1Pb0.9Br1.8I1.2,0,0,0.9,0.1,0.9,0.1,0,1.8,1.2
Cs0.9EA0.1Sn0.1Pb0.9Br2.1I0.9,0,0,0.9,0.1,0.9,0.1,0,2.1,0.9
Cs0.9EA0.1Sn0.1Pb0.9Br2.4I0.6,0,0,0.9,0.1,0.9,0.1,0,2.4,0.6
Cs0.9EA0.1Sn0.1Pb0.9Br2.7I0.3,0,0,0.9,0.1,0.9,0.1,0,2.7,0.3